date,test_year,stock_code,name,sector,closing_price,shares,invested_krw,buy_price,sell_price,sell_date,market_cap,score,score_rank,rank_pos,forward_return_42d_lag1_close
20180102,2018,042670,HD현대인프라코어,특수목적용기계제조업,9080,220.0,1997600.0,7722.0,7433.0,20180307,1888617872040,0.5251629374748961,2.001491018595357,1.0,-0.037376352641876776
20180102,2018,000880,한화,기타화학제품제조업,43250,46.0,1989500.0,43015.0,41710.0,20180307,3241965288750,0.5321236441827202,1.9110419627398634,2.0,-0.030340207376258532
20180102,2018,036540,SFA반도체,반도체제조업,2345,852.0,1997940.0,2389.0,2574.0,20180307,330824643415,0.5291182076297332,1.8975395529125805,3.0,0.07770949467850508
20180102,2018,009150,삼성전기,전자부품제조업,101000,19.0,1919000.0,99965.0,91563.0,20180307,7544063296000,0.537648356902666,1.7648586530717403,4.0,-0.0840511330701087
20180102,2018,030520,한글과컴퓨터,소프트웨어개발및공급업,17850,112.0,1999200.0,17329.0,16379.0,20180307,412017466350,0.5208384875945861,1.4606305888197364,5.0,-0.054866694164968144
20180102,2018,048260,오스템임플란트,의료용기기제조업,59100,33.0,1950300.0,489284.0,446006.0,20180307,844285874700,0.5197899512818275,1.4478210039728132,6.0,-0.08845189489732097
20180102,2018,051910,LG화학,기초화학물질제조업,411000,4.0,1644000.0,410065.0,385440.0,20180307,29013452973000,0.5271788195529689,1.4164936248295192,7.0,-0.06005154577115701
20180102,2018,034730,SK,기타금융업,283000,7.0,1981000.0,280469.0,294030.0,20180307,19911964051000,0.5359840857393302,1.3869778963964394,8.0,0.04834861568937243
20180102,2018,034220,LG디스플레이,전자부품제조업,29850,67.0,1999950.0,28450.0,25531.0,20180307,10680798645000,0.5309457314408248,1.3836620422465393,9.0,-0.10262203023011085
20180102,2018,090430,아모레퍼시픽,기타화학제품제조업,312500,6.0,1875000.0,311822.0,282801.0,20180307,18268278125000,0.5242055856166717,1.3808151379075613,10.0,-0.09306880499048298
20180102,2018,214370,케어젠,기초의약물질및생물학적제제제조업,88300,22.0,1942600.0,13764.0,13735.0,20180307,948606900000,0.5231630399699103,1.3736599864683463,11.0,-0.002145466610271707
20180102,2018,052790,액토즈소프트,소프트웨어개발및공급업,17700,112.0,1982400.0,19606.0,23714.0,20180308,200552292600,0.519572273454957,1.3691577218448028,12.0,0.20952506017121197
20180102,2018,012330,현대모비스,자동차신품부품제조업,257000,7.0,1799000.0,255831.0,213936.0,20180307,25017372791000,0.5372526186608076,1.3148475731433678,13.0,-0.16375793756488
20180102,2018,145020,휴젤,기초의약물질및생물학적제제제조업,555000,3.0,1665000.0,190419.0,197556.0,20180307,2390776275000,0.5223584859225422,1.31330125848587,14.0,0.03748104463216895
20180102,2018,144960,뉴파워프라즈마,특수목적용기계제조업,26550,75.0,1991250.0,5509.0,5700.0,20180307,219046447350,0.5156583244120194,1.3037110200666637,15.0,0.03467100338460427
20180102,2018,168330,내츄럴엔도텍,자연과학및공학연구개발업,23750,84.0,1995000.0,46558.0,39768.0,20180307,480487200000,0.5175553711751599,1.292091995488159,16.0,-0.1458530780602728
20180102,2018,014820,동원시스템즈,플라스틱제품제조업,47150,42.0,1980300.0,47279.0,37609.0,20180713,1207912793650,0.5257345123146688,1.2346477245284024,17.0,-0.2045335497137999
20180102,2018,078930,GS,기타금융업,62500,32.0,2000000.0,61243.0,65934.0,20180307,5807211125000,0.5329543855648055,1.2297147193999314,18.0,0.0765846762675888
20180102,2018,023410,유진기업,"시멘트,석회,플라스터및그제품제조업",4840,413.0,1998920.0,4777.0,5949.0,20180307,365426630800,0.5301467497327921,1.212163925321794,19.0,0.24532145130756633
20180102,2018,161890,한국콜마,기타화학제품제조업,85000,23.0,1955000.0,85397.0,77085.0,20180307,1793879185000,0.5214892589357544,1.1989183687417255,20.0,-0.0973345436423273
20180102,2018,056190,에스에프에이,특수목적용기계제조업,37900,52.0,1970800.0,37963.0,35956.0,20180307,1360942004000,0.5141302309506093,1.1915262266194533,21.0,-0.052847897225350104
20180102,2018,036830,솔브레인홀딩스,기타화학제품제조업,65800,30.0,1974000.0,31416.0,27818.0,20180307,1144806231800,0.5209684490515709,1.164042727329327,22.0,-0.1145067247719066
20180102,2018,214320,이노션,광고업,73600,27.0,1987200.0,34880.0,29929.0,20180307,1472000000000,0.5245092343567224,1.1500528851708238,23.0,-0.14193951410942773
20180102,2018,099190,아이센스,의료용기기제조업,25200,79.0,1990800.0,12519.0,14099.0,20180307,346102797600,0.5156908123734251,1.1407108576416056,24.0,0.1262491518525064
20180102,2018,022100,포스코DX,"건축기술,엔지니어링및관련기술서비스업",8460,236.0,1996560.0,8505.0,7962.0,20180307,1286213807340,0.5226923720405754,1.1405809575074797,25.0,-0.0637717063700709
20180102,2018,095660,네오위즈,소프트웨어개발및공급업,12750,156.0,1989000.0,12666.0,14771.0,20180307,279416352000,0.5161994728227124,1.1255024554009465,26.0,0.16617415861576257
20180102,2018,122870,와이지엔터테인먼트,오디오물출판및원판녹음업,28600,69.0,1973400.0,28242.0,27344.0,20180307,520111277400,0.5230310167036348,1.116431297706953,27.0,-0.03178472631518692
20180102,2018,081660,미스토홀딩스,생활용품도매업,83300,24.0,1999200.0,17483.0,19863.0,20180307,1018177066200,0.5162498421223524,1.1120351143411642,28.0,0.13615214228576633
20180102,2018,111770,영원무역,상품종합도매업,31350,63.0,1975050.0,31500.0,27010.0,20180307,1389164521800,0.5290593230786418,1.10845900289425,29.0,-0.14254256763082673
20180102,2018,267260,HD현대일렉트릭,"전동기,발전기및전기변환ㆍ공급ㆍ제어장치제조업",115500,17.0,1963500.0,50578.0,36576.0,20180307,1178767936500,0.5187085278275783,1.1013770478197529,30.0,-0.2768530581288994
20180102,2018,000240,한국앤컴퍼니,기타금융업,19000,105.0,1995000.0,18369.0,19114.0,20180307,1767383287000,0.5304034208760819,1.0973013490183234,31.0,0.04057902208568476
20180102,2018,016250,SGC E&C,건물건설업,123900,16.0,1982400.0,31844.0,36859.0,20180316,346920000000,0.5220333477772857,1.094906951777716,32.0,0.15746153014441555
20180102,2018,079160,CJ CGV,"영화,비디오물,방송프로그램제작및배급업",75600,26.0,1965600.0,44866.0,42017.0,20180307,1599795262800,0.5269177121632824,1.0877891459211317,33.0,-0.06350091356007159
20180102,2018,005440,현대지에프홀딩스,종합소매업,14950,133.0,1988350.0,9738.0,9311.0,20180307,1460682005900,0.5268050441631567,1.086652322273004,34.0,-0.04381259984645569
20180102,2018,014680,한솔케미칼,기초화학물질제조업,71000,28.0,1988000.0,72319.0,71516.0,20180307,801958845000,0.5219747378275575,1.086529696588668,35.0,-0.011098377962475925
20180102,2018,006650,대한유화,기초화학물질제조업,269000,7.0,1883000.0,266534.0,294063.0,20180307,1748500000000,0.5219483757709849,1.0848582148168198,36.0,0.10328815638378641
20180102,2018,161390,한국타이어앤테크놀로지,고무제품제조업,55000,36.0,1980000.0,54021.0,55419.0,20180307,6813128795000,0.5296846324928512,1.0751105331814306,37.0,0.025890023704892684
20180102,2018,267270,HD건설기계,일반목적용기계제조업,178500,11.0,1963500.0,88905.0,88376.0,20180307,1762918657500,0.52238112743876,1.0686188275039876,38.0,-0.005951496710612458
20180102,2018,122990,와이솔,전자부품제조업,14450,138.0,1994100.0,14368.0,15069.0,20180307,331972320350,0.5251341668706411,1.05314249727747,39.0,0.04881605055881422
20180102,2018,010130,고려아연,1차비철금속제조업,499500,4.0,1998000.0,486671.0,506142.0,20180307,9425565000000,0.5325740306434688,1.0449504014258026,40.0,0.04000986868259737
20180102,2018,120110,코오롱인더,화학섬유제조업,87000,22.0,1914000.0,88382.0,67049.0,20180307,2218488342000,0.5215090081401214,1.0346059541179045,41.0,-0.24137568388580466
20180102,2018,017800,현대엘리베이터,일반목적용기계제조업,55500,36.0,1998000.0,37946.0,41748.0,20180307,1367104471500,0.5219090654010919,1.0306118874056656,42.0,0.10019953646098201
20180102,2018,004020,현대제철,1차철강제조업,57200,34.0,1944800.0,58748.0,50843.0,20180307,7633098902000,0.5350669875683463,1.0305668280484401,43.0,-0.1345578104327103
20180102,2018,060980,HL홀딩스,기타금융업,62500,32.0,2000000.0,62227.0,49481.0,20180307,675168187500,0.528970864260518,1.0229413821525284,44.0,-0.20482672748527142
20180102,2018,195870,해성디에스,전자부품제조업,16250,123.0,1998750.0,16663.0,18866.0,20180329,276250000000,0.5245411601263009,1.0194165845846164,45.0,0.13223215424485946
20180102,2018,011200,HMM,해상운송업,5010,399.0,1998990.0,4791.0,4272.0,20180323,1562147193270,0.5195268945927354,1.0174436562446905,46.0,-0.10841982783539916
20180102,2018,015750,성우하이텍,자동차신품부품제조업,6420,311.0,1996620.0,5952.0,6209.0,20180307,385200000000,0.5308019916934827,1.013228584725649,47.0,0.04329357015567159
20180102,2018,004370,농심,기타식품제조업,358500,5.0,1792500.0,348114.0,306641.0,20180307,2180627157000,0.5239474764838271,1.006218034173065,48.0,-0.11913677894309505
20180102,2018,140410,메지온,자연과학및공학연구개발업,42650,46.0,1961900.0,14449.0,13514.0,20180307,355799478850,0.5137954433525992,0.9959247120215651,49.0,-0.06465226360093168
20180102,2018,108670,LX하우시스,플라스틱제품제조업,96700,20.0,1934000.0,97674.0,79176.0,20180307,867173689000,0.5226673014750081,0.9767715244426209,50.0,-0.18938322322507029
20180306,2018,042670,HD현대인프라코어,특수목적용기계제조업,9260,215.0,1990900.0,7433.0,8626.0,20180508,1927401226060,0.5302487547331575,2.089257509035732,1.0,0.16045100732785533
20180306,2018,009150,삼성전기,전자부품제조업,92100,21.0,1934100.0,91563.0,115939.0,20180508,6879289401600,0.5353624511029458,1.9893418073740488,2.0,0.26622505007583985
20180306,2018,000880,한화,기타화학제품제조업,42200,47.0,1983400.0,41710.0,39210.0,20180508,3163258617000,0.5319388596016559,1.7197913644813518,3.0,-0.05994204823650684
20180306,2018,051910,LG화학,기초화학물질제조업,387500,5.0,1937500.0,385440.0,330956.0,20180508,27354532912500,0.533564057309567,1.6906827417381798,4.0,-0.14135619481973882
20180306,2018,034730,SK,기타금융업,295500,6.0,1773000.0,294030.0,299524.0,20180508,20791467763500,0.538462779161051,1.6882747940549858,5.0,0.018685034922420574
20180306,2018,009830,한화솔루션,기초화학물질제조업,30950,64.0,1980800.0,37248.0,33077.0,20180508,5100849661050,0.5333830229948036,1.6787574119526645,6.0,-0.11199631451348147
20180306,2018,003060,에이프로젠바이오로직스,의약품제조업,4200,476.0,1999200.0,24316.0,23168.0,20180508,363134020200,0.5275992326126464,1.5699842493868157,7.0,-0.04721136879811061
20180306,2018,046890,서울반도체,반도체제조업,23500,85.0,1997500.0,22754.0,18702.0,20180508,1370176900000,0.5266680359690333,1.5198253539992908,8.0,-0.17809321312137083
20180306,2018,034220,LG디스플레이,전자부품제조업,28550,70.0,1998500.0,25531.0,20639.0,20180508,10215638235000,0.5291876820788242,1.519023618150966,9.0,-0.1915913177859675
20180306,2018,048260,오스템임플란트,의료용기기제조업,52300,38.0,1987400.0,446006.0,431636.0,20180508,747142999100,0.5180587929445962,1.4733854450230346,10.0,-0.03221767383599894
20180306,2018,041140,넥슨지티,소프트웨어개발및공급업,11550,173.0,1998150.0,11514.0,10767.0,20180508,408561869100,0.5242403462081504,1.4617290026197094,11.0,-0.06491115294489991
20180306,2018,041960,코미팜,의약품제조업,40200,49.0,1969800.0,31376.0,27025.0,20180508,2218647607800,0.5257474422349934,1.460933121998537,12.0,-0.13867204003497613
20180306,2018,115160,휴맥스,영상및음향기기제조업,8510,235.0,1999850.0,7956.0,5070.0,20210728,203489400980,0.5239553387930451,1.4259671992773881,13.0,-0.3627045127686387
20180306,2018,091700,파트론,전자부품제조업,9290,215.0,1997350.0,9435.0,7977.0,20180508,503113048900,0.5275391367683792,1.3934576508683285,14.0,-0.1545088387505631
20180306,2018,012330,현대모비스,자동차신품부품제조업,219500,9.0,1975500.0,213936.0,234380.0,20180508,21366977928500,0.5380512657168596,1.3729514347777465,15.0,0.09555935187636866
20180306,2018,005440,현대지에프홀딩스,종합소매업,14250,140.0,1995000.0,9311.0,10101.0,20180508,1392288868500,0.5264321905772542,1.3267752419901686,16.0,0.0848229074947211
20180306,2018,004990,롯데지주,기타식품제조업,61900,32.0,1980800.0,60842.0,61036.0,20180508,4560977700000,0.530981583157687,1.3174151170174904,17.0,0.0031785462021380884
20180306,2018,099190,아이센스,의료용기기제조업,28700,69.0,1980300.0,14099.0,13046.0,20180508,394172630600,0.515747108040604,1.3136910286402317,18.0,-0.07473638128896398
20180306,2018,108670,LX하우시스,플라스틱제품제조업,81200,24.0,1948800.0,79176.0,77572.0,20180508,728174804000,0.5227466650258589,1.2977904822877158,19.0,-0.020267715490900895
20180306,2018,090430,아모레퍼시픽,기타화학제품제조업,278000,7.0,1946000.0,282801.0,347957.0,20180508,16251460220000,0.525085339617947,1.2956292779832228,20.0,0.23039507391797187
20180306,2018,000100,유한양행,의약품제조업,209000,9.0,1881000.0,31514.0,34351.0,20180508,2551754986000,0.5226498365878919,1.2785164769521147,21.0,0.09001809345768175
20180306,2018,011790,SKC,기타화학제품제조업,39450,50.0,1972500.0,38553.0,39359.0,20180508,1480738194750,0.5248039294123519,1.278212893373441,22.0,0.020909618506426586
20180306,2018,145020,휴젤,기초의약물질및생물학적제제제조업,582000,3.0,1746000.0,197556.0,161287.0,20180508,2507084310000,0.5272816509434342,1.2755019327547104,23.0,-0.18358726395590708
20180306,2018,030520,한글과컴퓨터,소프트웨어개발및공급업,16900,118.0,1994200.0,16379.0,15331.0,20180508,390089365900,0.5207572221997412,1.2690957351126133,24.0,-0.06395345862523061
20180306,2018,003550,LG,기타금융업,85800,23.0,1973400.0,81237.0,72416.0,20180508,14805401839800,0.5306062135979566,1.2584256521930897,25.0,-0.10858298189497628
20180306,2018,066570,LG전자,통신및방송장비제조업,106000,18.0,1908000.0,106828.0,94755.0,20180508,17346668284000,0.5215983630573331,1.2457245577193514,26.0,-0.11301585775385559
20180306,2018,183190,아세아시멘트,"시멘트,석회,플라스터및그제품제조업",108000,18.0,1944000.0,10588.0,15633.0,20180508,420747372000,0.5308161088916277,1.225884620793772,27.0,0.47650174046017235
20180306,2018,111770,영원무역,상품종합도매업,27850,71.0,1977350.0,27010.0,29864.0,20180508,1234074383800,0.5264910936408427,1.2059953428597183,28.0,0.10569564186016756
20180306,2018,182400,엔케이젠바이오텍코리아,기초의약물질및생물학적제제제조업,21450,93.0,1994850.0,18675.0,16356.0,20180508,522408036150,0.5262233039106021,1.205823420187462,29.0,-0.12418364424485162
20180306,2018,001060,JW중외제약,의약품제조업,41850,47.0,1966950.0,35321.0,33777.0,20180508,821816192250,0.5213286522127308,1.2007125055427301,30.0,-0.04370995631870955
20180306,2018,095340,ISC,전자부품제조업,17750,112.0,1988000.0,17033.0,16951.0,20200601,241444339500,0.5245881428611741,1.1686871201127287,31.0,-0.004797927360572052
20180306,2018,251270,넷마블,소프트웨어개발및공급업,144000,13.0,1872000.0,141924.0,134431.0,20180508,12243913920000,0.5187272189562435,1.1568269336284094,32.0,-0.05279514446837008
20180306,2018,096530,씨젠,의료용품및기타의약관련제품제조업,35750,55.0,1966250.0,17566.0,16232.0,20180508,937866215000,0.5258260561960405,1.132532097018365,33.0,-0.07597931915160039
20180306,2018,056190,에스에프에이,특수목적용기계제조업,36100,55.0,1985500.0,35956.0,33311.0,20180508,1296306236000,0.5164749542626473,1.1232451642180112,34.0,-0.07356496736051787
20180306,2018,096770,SK이노베이션,기타금융업,204500,9.0,1840500.0,200001.0,196639.0,20180508,18909207838000,0.5279868552359303,1.115115075185402,35.0,-0.016810399425504552
20180306,2018,214370,케어젠,기초의약물질및생물학적제제제조업,86000,23.0,1978000.0,13735.0,14645.0,20180508,923898000000,0.5248025648792981,1.1122860648810493,37.0,0.06630682045957448
20180306,2018,000240,한국앤컴퍼니,기타금융업,19450,102.0,1983900.0,19114.0,18315.0,20180508,1809242364850,0.5272035601426965,1.0722593615854594,41.0,-0.041797656656066495
20180306,2018,079160,CJ CGV,"영화,비디오물,방송프로그램제작및배급업",67200,29.0,1948800.0,42017.0,45847.0,20180508,1422040233600,0.5279475643176599,1.0614133053009804,44.0,0.09115092651823131
20180306,2018,168330,내츄럴엔도텍,자연과학및공학연구개발업,20500,97.0,1988500.0,39768.0,33771.0,20180508,414736320000,0.5261438903989153,1.0588231423789682,46.0,-0.15079574404446272
20180306,2018,004020,현대제철,1차철강제조업,51300,38.0,1949400.0,50843.0,61562.0,20180508,6845768770500,0.5363044798784427,1.0333562932779812,51.0,0.21082463791533468
20180306,2018,120110,코오롱인더,화학섬유제조업,68300,29.0,1980700.0,67049.0,67754.0,20180508,1752571648100,0.5251074874931606,1.0231623328098056,52.0,0.01051175992406761
20180306,2018,010130,고려아연,1차비철금속제조업,491500,4.0,1966000.0,506142.0,432326.0,20180508,9274605000000,0.5262186978855017,0.9571594788885355,60.0,-0.14584077290528719
20180306,2018,015750,성우하이텍,자동차신품부품제조업,6640,301.0,1998640.0,6209.0,4324.0,20180706,398400000000,0.528255306042568,0.9476687840282301,61.0,-0.3036682997166378
20180306,2018,214320,이노션,광고업,60600,33.0,1999800.0,29929.0,31835.0,20180508,1212000000000,0.5247269259065279,0.917518955589506,65.0,0.06369100427690988
20180306,2018,078930,GS,기타금융업,66200,30.0,1986000.0,65934.0,60237.0,20180508,6150998023600,0.524023109425318,0.8982502477277327,68.0,-0.08639633470418762
20180306,2018,122870,와이지엔터테인먼트,오디오물출판및원판녹음업,27700,72.0,1994400.0,27344.0,27244.0,20180508,503744139300,0.5223754899622122,0.890086717057857,70.0,-0.003655078472323381
20180306,2018,081660,미스토홀딩스,생활용품도매업,99300,20.0,1986000.0,19863.0,26568.0,20180511,1213745290200,0.5134143330438508,0.7678220070019003,82.0,0.3375735490542351
20180306,2018,004370,농심,기타식품제조업,305000,6.0,1830000.0,306641.0,319215.0,20180508,1855205810000,0.5196611965204605,0.7625815205266123,84.0,0.041003471809260006
20180306,2018,060980,HL홀딩스,기타금융업,51700,38.0,1964600.0,49481.0,52095.0,20180508,558499124700,0.5208252167915398,0.7232868501264736,87.0,0.05281669830878366
20180306,2018,161890,한국콜마,기타화학제품제조업,78100,25.0,1952500.0,77085.0,79180.0,20180508,1648258404100,0.5156728849797462,0.7130955715231274,89.0,0.027182657607929928
20180504,2018,039030,이오테크닉스,특수목적용기계제조업,68500,29.0,1986500.0,68070.0,68774.0,20180710,841222881000,0.5216314679946821,1.670098112156971,1.0,0.010339197445912385
20180504,2018,016250,SGC E&C,건물건설업,140000,14.0,1960000.0,37552.0,26230.0,20181012,392000000000,0.5354839079765943,1.6506182980221962,2.0,-0.30148953984566884
20180504,2018,012330,현대모비스,자동차신품부품제조업,235000,8.0,1880000.0,234380.0,204480.0,20180710,22875807805000,0.5389824359901623,1.5640088060377972,3.0,-0.12757003286555746
20180504,2018,139480,이마트,종합소매업,265500,7.0,1858500.0,262154.0,245537.0,20180710,7401029944500,0.5272842978403608,1.5611877822817393,4.0,-0.06338703031642168
20180504,2018,000880,한화,기타화학제품제조업,38500,51.0,1963500.0,39210.0,29103.0,20181012,2885911297500,0.5314096412644628,1.556053981568276,5.0,-0.2577589162820775
20180504,2018,000210,DL,토목건설업,88200,22.0,1940400.0,75773.0,67735.0,20180710,3069360000000,0.5308695492310506,1.4929863641379708,6.0,-0.10607953070881515
20180504,2018,031980,피에스케이홀딩스,특수목적용기계제조업,23600,84.0,1982400.0,19745.0,21609.0,20180710,479825854400,0.5193042862214354,1.4886820015454512,7.0,0.09444311170850184
20180504,2018,003670,포스코퓨처엠,"시멘트,석회,플라스터및그제품제조업",35100,56.0,1965600.0,32356.0,42952.0,20180710,2073357000000,0.5271711565813054,1.4860696096665054,8.0,0.3274812952573496
20180504,2018,140410,메지온,자연과학및공학연구개발업,55500,36.0,1998000.0,17282.0,19817.0,20180710,475582996500,0.5167267307404947,1.4804653046710052,9.0,0.146681704243655
20180504,2018,201490,미투온,소프트웨어개발및공급업,8480,235.0,1992800.0,8693.0,7091.0,20180710,264345089600,0.5255765792138877,1.4685918815271137,10.0,-0.18436126070219594
20180504,2018,018260,삼성에스디에스,"컴퓨터프로그래밍,시스템통합및관리업",218500,9.0,1966500.0,208816.0,204311.0,20180710,16907049300000,0.5282179876959293,1.44593980716376,11.0,-0.02157739698520378
20180504,2018,034730,SK,기타금융업,299000,6.0,1794000.0,299524.0,262934.0,20180710,21037728803000,0.5394014086500943,1.424959279762841,12.0,-0.12215984783836731
20180504,2018,091120,이엠텍,전자부품제조업,16500,121.0,1996500.0,15630.0,13143.0,20200630,250780431000,0.5253763741828121,1.3883209127750213,13.0,-0.15914959634689352
20180504,2018,020150,롯데에너지머티리얼즈,전자부품제조업,31850,62.0,1974700.0,31896.0,43637.0,20180710,1465100000000,0.5252575273628852,1.3814504635426679,14.0,0.36809469949934925
20180504,2018,051910,LG화학,기초화학물질제조업,341000,5.0,1705000.0,330956.0,326021.0,20180710,24071988963000,0.5334932489033793,1.364392265700969,15.0,-0.014910616840284496
20180504,2018,003550,LG,기타금융업,78400,25.0,1960000.0,72416.0,60842.0,20181012,13528479070400,0.5376817327226227,1.3438613865045232,16.0,-0.15983346239476948
20180504,2018,091700,파트론,전자부품제조업,8230,243.0,1999890.0,7977.0,8137.0,20180710,445707254300,0.5245864042916366,1.3426533212000256,17.0,0.02005197265762937
20180504,2018,018880,한온시스템,일반목적용기계제조업,11000,181.0,1991000.0,10128.0,9477.0,20180710,5871800000000,0.5246911493765886,1.3371070148624444,18.0,-0.06429395434005236
20180504,2018,041960,코미팜,의약품제조업,36050,55.0,1982750.0,27025.0,21490.0,20180710,1993225156650,0.5310267886600789,1.3269202057740253,19.0,-0.20482480394893288
20180504,2018,000660,SK하이닉스,반도체제조업,83000,24.0,1992000.0,83563.0,87379.0,20180710,60424196295000,0.513323424385332,1.311581790375894,20.0,0.04565857029410125
20180504,2018,098460,고영,특수목적용기계제조업,96700,20.0,1934000.0,18743.0,20471.0,20180710,1323624861700,0.516934222840969,1.303923043165006,21.0,0.0921592549978385
20180504,2018,009830,한화솔루션,기초화학물질제조업,28100,71.0,1995100.0,33077.0,25518.0,20180710,4631142987900,0.5319221128568643,1.2969748791603732,22.0,-0.22852399637115228
20180504,2018,007820,에스엠코어,일반목적용기계제조업,13100,152.0,1991200.0,13667.0,12365.0,20180711,262000000000,0.5240327964553413,1.2935305779186197,23.0,-0.09526843417129904
20180504,2018,017890,한국알콜,기타화학제품제조업,9400,212.0,1992800.0,9282.0,9491.0,20180717,203094144000,0.5265902045399491,1.285133914224578,24.0,0.022502679956286187
20180504,2018,004710,한솔테크닉스,전자부품제조업,12250,163.0,1996750.0,11673.0,9534.0,20180710,270846005500,0.5233800281935158,1.272913586116152,25.0,-0.1832430431794526
20180504,2018,144960,뉴파워프라즈마,특수목적용기계제조업,26450,75.0,1983750.0,5048.0,5798.0,20200825,218221413650,0.5163219554876654,1.256193569185928,26.0,0.14853210762545221
20180504,2018,168330,내츄럴엔도텍,자연과학및공학연구개발업,17150,116.0,1989400.0,33771.0,53268.0,20180710,346962336000,0.510954366030972,1.194351572083996,31.0,0.5773235905013421
20180504,2018,078930,GS,기타금융업,60500,33.0,1996500.0,60237.0,51357.0,20180710,5621380369000,0.5336455104000765,1.1535178910519017,32.0,-0.14741642254228682
20180504,2018,182400,엔케이젠바이오텍코리아,기초의약물질제조업,19100,104.0,1986400.0,16356.0,14902.0,20180710,471002581100,0.5284459591379139,1.1506332397832917,34.0,-0.08888083030544913
20180504,2018,003060,에이프로젠바이오로직스,의약품제조업,3980,502.0,1997960.0,23168.0,21577.0,20180710,345422671680,0.5276425910195588,1.144341385174706,36.0,-0.06867786138810583
20180504,2018,108670,LX하우시스,플라스틱제품제조업,81500,24.0,1956000.0,77572.0,68263.0,20180710,730865105000,0.5230511044335804,1.1215413137943495,41.0,-0.11999571611982685
20180504,2018,066570,LG전자,통신및방송장비제조업,99000,20.0,1980000.0,94755.0,78098.0,20180710,16201133586000,0.524337187318784,1.1012954940582536,46.0,-0.17578411567613628
20180504,2018,099190,아이센스,의료용기기제조업,27200,73.0,1985600.0,13046.0,11289.0,20180710,373652873600,0.518185460300977,1.0915719449139896,48.0,-0.13461553025936024
20180504,2018,251270,넷마블,소프트웨어개발및공급업,136000,14.0,1904000.0,134431.0,162888.0,20180710,11573754088000,0.5197272550783603,1.0890359441952158,49.0,0.21168375549385954
20180504,2018,096530,씨젠,의료용품및기타의약관련제품제조업,33750,59.0,1991250.0,16232.0,14398.0,20180710,885398175000,0.5261897005022911,1.068413726336673,51.0,-0.11294066100740596
20180504,2018,122870,와이지엔터테인먼트,오디오물출판및원판녹음업,27850,71.0,1977350.0,27244.0,47361.0,20190109,506471995650,0.5263009589424181,1.047464971244564,53.0,0.7383648517139083
20180504,2018,030520,한글과컴퓨터,소프트웨어개발및공급업,15500,129.0,1999500.0,15331.0,14528.0,20181012,357774270500,0.519079040112057,1.0469740181628628,54.0,-0.052387898695667734
20180504,2018,214370,케어젠,기초의약물질제조업,94900,21.0,1992900.0,14645.0,12307.0,20180710,1019510700000,0.5253581009918701,1.026007392599115,57.0,-0.15962964762553555
20180504,2018,111770,영원무역,상품종합도매업,31100,64.0,1990400.0,29864.0,39354.0,20190109,1378086654800,0.5187212725424042,1.0087926294890692,59.0,0.31777207282350606
20180504,2018,011790,SKC,기타화학제품제조업,40000,50.0,2000000.0,39359.0,39163.0,20181012,1501382200000,0.5215785689299636,1.003409568710661,60.0,-0.0049821105582108505
20180504,2018,090430,아모레퍼시픽,기타화학제품제조업,350000,5.0,1750000.0,347957.0,294362.0,20180710,20460471500000,0.5214675748449447,0.9971701414275671,61.0,-0.1540257845384616
20180504,2018,000240,한국앤컴퍼니,기타금융업,18350,108.0,1981800.0,18315.0,17507.0,20180913,1706920174550,0.530045855702461,0.98376241109748,63.0,-0.0441069505129259
20180504,2018,041140,넥슨지티,소프트웨어개발및공급업,11200,178.0,1993600.0,10767.0,8012.0,20180713,396181206400,0.5180926692586363,0.9829695442864643,64.0,-0.25583242280915985
20180504,2018,056190,에스에프에이,특수목적용기계제조업,33500,59.0,1976500.0,33311.0,33776.0,20180710,1202943460000,0.5125198804810199,0.9598017411438057,67.0,0.01395992197836926
20180504,2018,145020,휴젤,기초의약물질제조업,479700,4.0,1918800.0,161287.0,179882.0,20180710,2090630938500,0.5233754692634562,0.9459884451211129,70.0,0.11528708313719616
20180504,2018,120110,코오롱인더,화학섬유제조업,67700,29.0,1963300.0,67754.0,60266.0,20180710,1737179088900,0.5256911490972918,0.9082707595506074,77.0,-0.11051365528443524
20180504,2018,161890,한국콜마,기타화학제품제조업,80300,24.0,1927200.0,79180.0,78267.0,20180710,1694688218300,0.5192079297193725,0.870146332508351,83.0,-0.011536831941295733
20180504,2018,079160,CJ CGV,"영화,비디오물,방송프로그램제작및배급업",73400,27.0,1981800.0,45847.0,42003.0,20180710,1553240374200,0.5222401927889291,0.8605652436074324,86.0,-0.08383758809295994
20180504,2018,004370,농심,도시락및식사용조리식품제조업,326500,6.0,1959000.0,319215.0,300300.0,20180710,1985982613000,0.5182324574946284,0.8462747235760016,89.0,-0.05925309520610489
20180504,2018,034220,LG디스플레이,전자부품제조업,22850,87.0,1987950.0,20639.0,18099.0,20180710,8176088745000,0.5156000311875485,0.8231575514975341,90.0,-0.12310038152513458
20180709,2018,056190,에스에프에이,특수목적용기계제조업,34450,58.0,1998100.0,33776.0,38438.0,20180907,1237056782000,0.5244669837475182,1.7249086544972032,1.0,0.13801921180360965
20180709,2018,034730,SK,기타금융업,261000,7.0,1827000.0,262934.0,266954.0,20180907,18364037517000,0.5382518577045611,1.689920214603663,2.0,0.01529058093185931
20180709,2018,011070,LG이노텍,전자부품제조업,160500,12.0,1926000.0,157691.0,146663.0,20180907,3798570673500,0.5288790011481015,1.6390754309036297,3.0,-0.0699320385229174
20180709,2018,089030,테크윙,특수목적용기계제조업,14750,135.0,1991250.0,7398.0,7880.0,20180914,277709047000,0.5229671827474677,1.6296483562492654,4.0,0.06506586309031515
20180709,2018,090430,아모레퍼시픽,기타화학제품제조업,292500,6.0,1755000.0,294362.0,263402.0,20180907,17099108325000,0.5238584467100401,1.6282714829577452,5.0,-0.10517631607394584
20180709,2018,012330,현대모비스,자동차신품부품제조업,206000,9.0,1854000.0,204480.0,236434.0,20180907,20052835778000,0.5304613736347318,1.609434661216779,6.0,0.15626780300771315
20180709,2018,003670,포스코퓨처엠,"시멘트,석회,플라스터및그제품제조업",48700,41.0,1996700.0,42952.0,60969.0,20180907,2876709000000,0.5206500616473103,1.487811524165622,7.0,0.4194605084763472
20180709,2018,051910,LG화학,기초화학물질제조업,322500,6.0,1935000.0,326021.0,352445.0,20180907,22766030617500,0.5282763668999925,1.472375998349881,8.0,0.08105055452717558
20180709,2018,096770,SK이노베이션,기타금융업,193500,10.0,1935000.0,188815.0,95943.0,20200424,17892086634000,0.5339834024325136,1.4626100225293321,9.0,-0.49186767636695006
20180709,2018,028260,삼성물산,기타전문도매업,119000,16.0,1904000.0,118030.0,125004.0,20180907,22573115117000,0.5349765301225505,1.3996764942071196,10.0,0.05908914127947673
20180709,2018,004000,롯데정밀화학,기초화학물질제조업,57500,34.0,1955000.0,58094.0,57389.0,20180907,1483500000000,0.5270553382339204,1.3980719543987192,11.0,-0.012137308256141566
20180709,2018,145020,휴젤,기초의약물질및생물학적제제제조업,535300,3.0,1605900.0,179882.0,149715.0,20180907,2332947136500,0.5249179217650556,1.3431677715772206,12.0,-0.16770324983727802
20180709,2018,048260,오스템임플란트,의료용기기제조업,52500,38.0,1995000.0,445163.0,419823.0,20180907,750000142500,0.5197290351983442,1.3407954169993141,13.0,-0.05692223000624952
20180709,2018,007820,에스엠코어,일반목적용기계제조업,12450,160.0,1992000.0,12615.0,15172.0,20180907,249000000000,0.5225833200583305,1.3385489234150274,14.0,0.20274795266810086
20180709,2018,004490,세방전지,일차전지및축전지제조업,31400,63.0,1978200.0,31271.0,36528.0,20181008,439600000000,0.526321965173456,1.3097138580480279,15.0,0.16812996805077174
20180709,2018,005490,POSCO홀딩스,1차철강제조업,305000,6.0,1830000.0,309277.0,308316.0,20180907,26591984675000,0.5366904986116683,1.3045244866582744,16.0,-0.003107150213859766
20180709,2018,115960,연우,플라스틱제품제조업,25300,79.0,1998700.0,25742.0,29474.0,20190423,313669400000,0.5285960689900461,1.2947866109818256,17.0,0.14498895637039855
20180709,2018,011170,롯데케미칼,기초화학물질제조업,340000,5.0,1700000.0,325868.0,288694.0,20180907,11653642460000,0.5252821914362341,1.2901695101334496,18.0,-0.11407718809648493
20180709,2018,048530,인트론바이오,기초의약물질및생물학적제제제조업,40150,49.0,1967350.0,20229.0,20252.0,20181207,603794249300,0.5241076399919613,1.2885595837935915,19.0,0.001122124734258989
20180709,2018,241560,두산밥캣,기타금융업,31050,64.0,1987200.0,30864.0,36013.0,20180907,3112736604300,0.5305473850836829,1.279630065201866,20.0,0.166840387993203
20180709,2018,251270,넷마블,소프트웨어개발및공급업,160500,12.0,1926000.0,162888.0,112953.0,20180907,13673601529500,0.5189351326857353,1.2472111145327747,21.0,-0.30656020981962717
20180709,2018,096530,씨젠,의료용품및기타의약관련제품제조업,29350,68.0,1995800.0,14398.0,12007.0,20180907,769968487000,0.5173051740125334,1.2461934803845844,22.0,-0.16608046105641272
20180709,2018,214370,케어젠,기초의약물질및생물학적제제제조업,75900,26.0,1973400.0,12307.0,13656.0,20180907,815393700000,0.5234685515156018,1.2454888092973064,23.0,0.10953876484866165
20180709,2018,003060,에이프로젠바이오로직스,의약품제조업,3590,557.0,1999630.0,21577.0,22723.0,20180907,387297076460,0.523081621481103,1.244794676943943,24.0,0.05314610709095957
20180709,2018,140410,메지온,자연과학및공학연구개발업,55500,36.0,1998000.0,19817.0,38591.0,20190610,476725575000,0.5136445778891083,1.2342580352594432,25.0,0.9474096598626605
20180709,2018,185750,종근당,의약품제조업,101500,19.0,1928500.0,73428.0,78498.0,20181207,1002742454000,0.5227410367244001,1.224409205997936,26.0,0.0690539945464601
20180709,2018,000100,유한양행,의약품제조업,220500,9.0,1984500.0,33885.0,36960.0,20180907,2692162557000,0.5226999557517878,1.221950332084354,27.0,0.09074533668301976
20180709,2018,022100,포스코DX,"건축기술,엔지니어링및관련기술서비스업",7030,284.0,1996520.0,7105.0,7367.0,20180907,1068804144870,0.5240336822970089,1.203624880837103,28.0,0.036926052722249025
20180709,2018,046440,KG모빌리언스,소프트웨어개발및공급업,9140,218.0,1992520.0,9327.0,5574.0,20200410,273349586980,0.5182467013146329,1.2025979581058317,29.0,-0.4023097709383818
20180709,2018,102460,이연제약,의약품제조업,19700,101.0,1989700.0,19375.0,19612.0,20190325,330369000000,0.5221982437577181,1.191920698998652,30.0,0.012229720409398848
20180709,2018,079160,CJ CGV,"영화,비디오물,방송프로그램제작및배급업",65800,30.0,1974000.0,42003.0,32887.0,20180907,1392414395400,0.5230671472125008,1.1838956475187372,31.0,-0.2170282670730248
20180709,2018,181710,NHN,소프트웨어개발및공급업,67900,29.0,1969100.0,35272.0,31003.0,20180907,1328465197500,0.5179061097711349,1.1805262390564273,32.0,-0.12103744296270302
20180709,2018,091700,파트론,전자부품제조업,8030,249.0,1999470.0,8137.0,7618.0,20180907,434875972300,0.5224851463825511,1.1753077224731807,33.0,-0.06383364327572483
20180709,2018,028670,팬오션,해상운송업,4830,414.0,1999620.0,4851.0,5020.0,20180907,2581854349620,0.5289556083482043,1.1541668238563636,34.0,0.03492896230739517
20180709,2018,000210,DL,토목건설업,75200,26.0,1955200.0,67735.0,74316.0,20180907,2616960000000,0.5341949863341152,1.153460313694981,35.0,0.09715177311424372
20180709,2018,004990,롯데지주,기타식품제조업,52900,37.0,1957300.0,52749.0,47850.0,20180907,6166353937300,0.5310441243509005,1.1503346225665103,36.0,-0.09286458265341757
20180709,2018,009450,경동나비엔,가정용기기제조업,60000,33.0,1980000.0,60162.0,45069.0,20190610,764370600000,0.5165216509165913,1.1477981172557883,37.0,-0.2508633531977599
20180709,2018,139480,이마트,종합소매업,242000,8.0,1936000.0,245537.0,207490.0,20180907,6745948198000,0.5260785953873482,1.099067510449038,40.0,-0.15495352444983235
20180709,2018,098460,고영,특수목적용기계제조업,104000,19.0,1976000.0,20471.0,20331.0,20180907,1423546904000,0.5146072405589771,1.098664188226778,41.0,-0.006827069201541969
20180709,2018,018880,한온시스템,일반목적용기계제조업,10600,188.0,1992800.0,9477.0,11523.0,20180907,5658280000000,0.5187792238581395,1.0873942539378256,42.0,0.2158674041604398
20180709,2018,066570,LG전자,통신및방송장비제조업,77700,25.0,1942500.0,78098.0,74187.0,20180907,12715435147800,0.5193498023024453,0.9633930002494623,53.0,-0.05008453669229662
20180709,2018,018260,삼성에스디에스,"컴퓨터프로그래밍,시스템통합및관리업",201500,9.0,1813500.0,204311.0,242877.0,20180907,15591626700000,0.5220651351685168,0.9567532150129732,54.0,0.18876449712579335
20180709,2018,099190,아이센스,의료용기기제조업,22550,88.0,1984400.0,11289.0,10938.0,20180914,309774716900,0.5167460047514096,0.940126464607826,56.0,-0.031130357435594336
20180709,2018,034220,LG디스플레이,전자부품제조업,18850,106.0,1998100.0,18099.0,19438.0,20180907,6744825945000,0.5190366041040066,0.9251733968449104,57.0,0.07400164733689851
20180709,2018,078930,GS,기타금융업,51400,38.0,1953200.0,51357.0,51652.0,20180907,4775850429200,0.522083502710298,0.828898686900268,64.0,0.005737423577580669
20180709,2018,017890,한국알콜,기타화학제품제조업,9300,215.0,1999500.0,9611.0,10591.0,20200331,200933568000,0.5123131263814773,0.7481229745964033,68.0,0.10202004891732463
20180709,2018,161890,한국콜마,기타화학제품제조업,78200,25.0,1955000.0,78267.0,74792.0,20180907,1650368850200,0.5118530322836989,0.7130480591898862,73.0,-0.04438912759939895
20180709,2018,120110,코오롱인더,화학섬유제조업,60800,32.0,1945600.0,60266.0,68364.0,20180907,1561503721600,0.5128142571568508,0.7071067811865475,82.0,0.13437867750698862
20180709,2018,000660,SK하이닉스,반도체제조업,87600,22.0,1927200.0,87379.0,75976.0,20180907,63773007174000,0.5131467124841265,0.6944500263029246,87.0,-0.13049670827998838
20180709,2018,004370,농심,기타식품제조업,301000,6.0,1806000.0,300300.0,245877.0,20180907,1830875242000,0.5200916742624422,0.6726988674758358,89.0,-0.18122771357416545
20180906,2018,042670,HD현대인프라코어,특수목적용기계제조업,9270,215.0,1993050.0,7925.0,6994.0,20181113,1929586337820,0.5284368926048569,2.3118057900546183,1.0,-0.11738748320759307
20180906,2018,034730,SK,기타금융업,266000,7.0,1862000.0,266954.0,271967.0,20181113,18715839002000,0.536719265030973,1.73697626656974,2.0,0.018775858142928037
20180906,2018,011170,롯데케미칼,기초화학물질제조업,297500,6.0,1785000.0,288694.0,267244.0,20181113,10196937152500,0.5322997643618743,1.7265662943615268,3.0,-0.07429812369056188
20180906,2018,003550,LG,기타금융업,71300,28.0,1996400.0,67651.0,64440.0,20181113,12303323440300,0.5348628339842582,1.6412680312483896,4.0,-0.04746033216469836
20180906,2018,030520,한글과컴퓨터,소프트웨어개발및공급업,16900,118.0,1994200.0,16476.0,13481.0,20181113,390089365900,0.5189662664562578,1.6194147041986793,5.0,-0.1817791637009014
20180906,2018,012330,현대모비스,자동차신품부품제조업,231500,8.0,1852000.0,236434.0,186019.0,20181113,22535104284500,0.5324356671603798,1.6050831877111975,6.0,-0.21322867789796407
20180906,2018,000880,한화,기타화학제품제조업,31400,63.0,1978200.0,31349.0,29749.0,20181113,2353704279000,0.530888963792828,1.5876235337749427,7.0,-0.05103650856148012
20180906,2018,145020,휴젤,기초의약물질및생물학적제제제조업,460300,4.0,1841200.0,149715.0,101273.0,20181113,2006081761500,0.5286612198767829,1.5635339843848943,8.0,-0.32356023084208463
20180906,2018,181710,NHN,소프트웨어개발및공급업,59300,33.0,1956900.0,31003.0,27551.0,20181113,1160205982500,0.5174793191777517,1.5332802474174678,9.0,-0.1113485087546413
20180906,2018,108320,LX세미콘,반도체제조업,47050,42.0,1976100.0,45865.0,37962.0,20181113,765235315000,0.5206898287971716,1.5030984733881572,10.0,-0.17231519128009865
20180906,2018,093050,LF,봉제의복제조업,25500,78.0,1989000.0,25569.0,22728.0,20181113,745620000000,0.5215935051417445,1.459253798848271,11.0,-0.11111513509823212
20180906,2018,053800,안랩,소프트웨어개발및공급업,58700,34.0,1995800.0,57323.0,41006.0,20181113,587813288500,0.5160520332400725,1.4506017956051265,12.0,-0.28464217411868753
20180906,2018,160550,NEW,"영화,비디오물,방송프로그램제작및배급업",7450,268.0,1996600.0,7497.0,10113.0,20210302,204175489700,0.525827894434779,1.4291780476910603,13.0,0.34895934523200567
20180906,2018,005490,POSCO홀딩스,1차철강제조업,308500,6.0,1851000.0,308316.0,257277.0,20181113,26897138597500,0.5352468416468438,1.395465180453962,14.0,-0.16554281590650322
20180906,2018,034220,LG디스플레이,전자부품제조업,21450,93.0,1994850.0,19438.0,16762.0,20181113,7675146765000,0.5277505589360175,1.388623423608981,15.0,-0.13766386346978987
20180906,2018,016250,SGC E&C,건물건설업,118500,16.0,1896000.0,31597.0,21482.0,20181122,331800000000,0.5317655114168812,1.3860151531290488,16.0,-0.32011480500818357
20180906,2018,000210,DL,토목건설업,81700,24.0,1960800.0,74316.0,73584.0,20181113,2843160000000,0.5313158982539885,1.3662287132059328,17.0,-0.009849433569496635
20180906,2018,056190,에스에프에이,특수목적용기계제조업,38650,51.0,1971150.0,38438.0,41235.0,20181113,1387873574000,0.5122417171800147,1.3516619821549736,18.0,0.0727675447270959
20180906,2018,011070,LG이노텍,전자부품제조업,148000,13.0,1924000.0,146663.0,103628.0,20181113,3502731836000,0.5268338066515817,1.3400820224019512,19.0,-0.2934286460521178
20180906,2018,084990,헬릭스미스,자연과학및공학연구개발업,224500,8.0,1796000.0,121022.0,99855.0,20181113,3582180370000,0.5295912292695873,1.3118442812624929,20.0,-0.17490571315387515
20180906,2018,051910,LG화학,기초화학물질제조업,351000,5.0,1755000.0,352445.0,335740.0,20181113,24777912393000,0.5242419644693614,1.2775698444291046,21.0,-0.047398089820882894
20180906,2018,001040,CJ,기타금융업,133500,14.0,1869000.0,125779.0,113538.0,20181113,3895129233000,0.527553926708101,1.264457581559853,22.0,-0.09732696574784783
20180906,2018,000990,DB하이텍,반도체제조업,17850,112.0,1999200.0,17827.0,11914.0,20181113,792514795800,0.5178424435226824,1.2565332271092367,23.0,-0.3317103608989592
20180906,2018,028050,삼성E&A,"건축기술,엔지니어링및관련기술서비스업",16200,123.0,1992600.0,16280.0,18280.0,20181113,3175200000000,0.5307794015770843,1.2414498091181299,24.0,0.12282862598568434
20180906,2018,108670,LX하우시스,플라스틱제품제조업,67400,29.0,1954600.0,68143.0,50143.0,20181113,604420958000,0.5230448732375615,1.229579940060778,25.0,-0.26414638618960506
20180906,2018,047040,대우건설,건물건설업,5210,383.0,1995430.0,5206.0,4767.0,20181113,2165393943980,0.5290017824178572,1.2276194115082741,26.0,-0.08439512415372774
20180906,2018,170900,동아에스티,의약품제조업,102000,19.0,1938000.0,93207.0,85194.0,20181113,861274536000,0.5192266863081328,1.2270779960357003,27.0,-0.08596388799426602
20180906,2018,086450,동국제약,의약품제조업,65900,30.0,1977000.0,13309.0,11729.0,20181120,585982800000,0.5192061121811706,1.2261071805063566,28.0,-0.11870995630682146
20180906,2018,010120,LS ELECTRIC,"전동기,발전기및전기변환ㆍ공급ㆍ제어장치제조업",76000,26.0,1976000.0,76894.0,47045.0,20181113,2280000000000,0.5177056350244752,1.2213422964076888,29.0,-0.3881904981362577
20180906,2018,090430,아모레퍼시픽,기타화학제품제조업,261000,7.0,1827000.0,263402.0,153162.0,20181113,15257665890000,0.5235718679860004,1.213369811063861,30.0,-0.41852623216159435
20180906,2018,003240,태광산업,화학섬유제조업,1559000,1.0,1559000.0,1563091.0,1302870.0,20181113,1735790600000,0.5173371675885213,1.19195703802508,31.0,-0.16647875210525798
20180906,2018,007570,일양약품,의약품제조업,33500,59.0,1976500.0,37469.0,32999.0,20181113,638040464000,0.5184650430670994,1.19113892131467,32.0,-0.11929465693601782
20180906,2018,003850,보령,의약품제조업,10950,182.0,1992900.0,8131.0,7677.0,20181113,483990000000,0.5183843039701389,1.1873291475488916,33.0,-0.055834886611226264
20180906,2018,004990,롯데지주,기타식품제조업,47500,42.0,1995000.0,47850.0,49883.0,20181113,5536896257500,0.5226511011484113,1.1756791670409932,35.0,0.04248638123796411
20180906,2018,018260,삼성에스디에스,"컴퓨터프로그래밍,시스템통합및관리업",239000,8.0,1912000.0,242877.0,186693.0,20181113,18493294200000,0.5231198185837136,1.1525667768643806,37.0,-0.23132815601321466
20180906,2018,048260,오스템임플란트,의료용기기제조업,49300,40.0,1972000.0,419823.0,429922.0,20181113,704285848100,0.5169856938974403,1.1491105888998392,38.0,0.02405496310329136
20180906,2018,098460,고영,특수목적용기계제조업,103600,19.0,1968400.0,20331.0,15821.0,20181113,1418071723600,0.5086322043281932,1.1376691526055966,39.0,-0.22182769686360204
20180906,2018,028670,팬오션,해상운송업,5010,399.0,1998990.0,5020.0,4495.0,20181113,2678088992010,0.5319068319902333,1.125887951088018,40.0,-0.10462403618520277
20180906,2018,004000,롯데정밀화학,기초화학물질제조업,57000,35.0,1995000.0,57389.0,41755.0,20181113,1470600000000,0.5211460163509544,1.10505752929562,42.0,-0.27242151338046716
20180906,2018,003060,에이프로젠바이오로직스,의약품제조업,3915,510.0,1996650.0,22723.0,16152.0,20181113,422358789510,0.5159664142770786,1.0732380433881072,45.0,-0.28918123587009426
20180906,2018,161890,한국콜마,기타화학제품제조업,75200,26.0,1955200.0,74792.0,54292.0,20181113,1680471689600,0.5205757383542684,1.0601242204629577,47.0,-0.27410207944310705
20180906,2018,099190,아이센스,의료용기기제조업,21550,92.0,1982600.0,10913.0,10339.0,20181127,296037478900,0.5150072525348703,1.0591538753716354,48.0,-0.05267246536359915
20180906,2018,000100,유한양행,의약품제조업,238000,8.0,1904000.0,36960.0,36043.0,20181113,2905826252000,0.5150819659281772,1.031504258348635,50.0,-0.024818766257062586
20180906,2018,078930,GS,기타금융업,51100,39.0,1992900.0,51652.0,51661.0,20181113,4747975815800,0.5217777721960155,0.9666681450637122,57.0,0.0001696261008419242
20180906,2018,214370,케어젠,기초의약물질및생물학적제제제조업,84500,23.0,1943500.0,13656.0,12306.0,20181113,907783500000,0.5139498755060731,0.9337758654713794,59.0,-0.09880177165932669
20180906,2018,018880,한온시스템,일반목적용기계제조업,12500,160.0,2000000.0,11523.0,10040.0,20181113,6672500000000,0.5113860793371293,0.8816310979549491,64.0,-0.12870192901940547
20180906,2018,004490,세방전지,일차전지및축전지제조업,35450,56.0,1985200.0,35576.0,37937.0,20190211,496300000000,0.5223605074054334,0.8313336137504105,69.0,0.06637698459467933
20180906,2018,251270,넷마블,소프트웨어개발및공급업,114000,17.0,1938000.0,112953.0,122950.0,20181113,9714437154000,0.5050564219740908,0.8136585649586096,71.0,0.0885082438449658
20180906,2018,004370,농심,기타식품제조업,246500,8.0,1972000.0,245877.0,234887.0,20181113,1499371253000,0.5152820215200051,0.7896327386799304,72.0,-0.0446986256530556
20180906,2018,007820,에스엠코어,일반목적용기계제조업,13950,143.0,1994850.0,15172.0,10118.0,20181129,279000000000,0.5095757741239676,0.7104895911920929,80.0,-0.33312327370950456
20181112,2018,108320,LX세미콘,반도체제조업,38150,52.0,1983800.0,37962.0,35315.0,20190115,620483045000,0.5230751528044725,2.027193869413055,1.0,-0.06973011381293925
20181112,2018,011070,LG이노텍,전자부품제조업,109500,18.0,1971000.0,103628.0,90219.0,20190115,2591548216500,0.5368845301415455,1.9310019843710933,2.0,-0.1293980102544755
20181112,2018,012330,현대모비스,자동차신품부품제조업,186000,10.0,1860000.0,186019.0,201522.0,20190115,18105958518000,0.5375066952919214,1.7510551268550774,3.0,0.08333882376043267
20181112,2018,034730,SK,기타금융업,273500,7.0,1914500.0,271967.0,259931.0,20190115,19243541229500,0.5343404364118558,1.728813246433751,4.0,-0.04425459176598956
20181112,2018,042670,HD현대인프라코어,특수목적용기계제조업,8280,241.0,1995480.0,6994.0,7018.0,20190115,1723540465080,0.5235939432906326,1.7104350149104546,5.0,0.0033891075488805544
20181112,2018,051910,LG화학,기초화학물질제조업,333500,5.0,1667500.0,335740.0,356239.0,20190115,23542546390500,0.5289655662173046,1.6358126357312972,6.0,0.06105790196297778
20181112,2018,214370,케어젠,기초의약물질및생물학적제제제조업,75000,26.0,1950000.0,12306.0,16100.0,20210111,805725000000,0.5127933999995543,1.6275694719584766,7.0,0.3082584796299208
20181112,2018,030520,한글과컴퓨터,소프트웨어개발및공급업,13500,148.0,1998000.0,13481.0,13580.0,20190115,311609848500,0.5189261626060487,1.5596719944605175,8.0,0.0073279418306611
20181112,2018,014830,유니드,기초화학물질제조업,39350,50.0,1967500.0,45174.0,58018.0,20190524,349815322050,0.5259011516048332,1.4695331653176027,9.0,0.2843177031252475
20181112,2018,039840,디오,의료용기기제조업,26850,74.0,1986900.0,27338.0,27384.0,20190115,407352170550,0.5141331449004035,1.4683582592168998,10.0,0.0016989826219122595
20181112,2018,003410,쌍용양회,"시멘트,석회,플라스터및그제품제조업",5230,382.0,1997860.0,5786.0,6674.0,20190115,2635185681850,0.5261260881047438,1.4493659777349055,11.0,0.15349112783982144
20181112,2018,011790,SKC,기타화학제품제조업,35700,56.0,1999200.0,35111.0,38305.0,20190115,1339983613500,0.523821024912493,1.437164961426855,12.0,0.09098063345975693
20181112,2018,000210,DL,토목건설업,80900,24.0,1941600.0,73584.0,87762.0,20190115,2815320000000,0.5343673614119151,1.413718966271989,13.0,0.19267757285651133
20181112,2018,047040,대우건설,건물건설업,4765,419.0,1996535.0,4767.0,3832.0,20200529,1980441870070,0.5300703719567273,1.4128606924221043,14.0,-0.1960238784458519
20181112,2018,000240,한국앤컴퍼니,기타금융업,16200,123.0,1992600.0,16105.0,16007.0,20190117,1506926802600,0.5278919065880099,1.4090146294339092,15.0,-0.006103083172590673
20181112,2018,066570,LG전자,통신및방송장비제조업,71200,28.0,1993600.0,70085.0,65706.0,20190115,11651724356800,0.5236627129809652,1.3838586738449234,16.0,-0.06247902870950306
20181112,2018,003550,LG,기타금융업,69000,28.0,1932000.0,64440.0,69274.0,20190115,11906442039000,0.5271913076330402,1.3742701864381868,17.0,0.07500932708844332
20181112,2018,086450,동국제약,의약품제조업,51300,38.0,1949400.0,10289.0,11266.0,20190115,456159600000,0.5185006651005353,1.343189005036776,18.0,0.0950106468248233
20181112,2018,007310,오뚜기,기타식품제조업,659000,3.0,1977000.0,660502.0,783789.0,20190115,2375851183000,0.5236765342486909,1.332398435121685,19.0,0.18665633518588032
20181112,2018,028050,삼성E&A,"건축기술,엔지니어링및관련기술서비스업",18400,108.0,1987200.0,18280.0,17978.0,20190115,3606400000000,0.5232272199585767,1.316703865572524,20.0,-0.016494967685748207
20181112,2018,234080,JW생명과학,의약품제조업,21800,91.0,1983800.0,21832.0,20387.0,20190115,345193277200,0.5180122416602277,1.3122629243685593,21.0,-0.06615629949131319
20181112,2018,053210,스카이라이프,텔레비전방송업,11200,178.0,1993600.0,10696.0,9602.0,20200806,535606019200,0.52006611117456,1.278232639972692,22.0,-0.10229500375535383
20181112,2018,181710,NHN,소프트웨어개발및공급업,51400,38.0,1953200.0,27551.0,31148.0,20190115,1005642285000,0.5134648596403618,1.2534632562878159,23.0,0.13058752452681666
20181112,2018,007570,일양약품,의약품제조업,29050,68.0,1975400.0,32999.0,31147.0,20190115,553285835200,0.5170203567668454,1.2494585835142116,24.0,-0.056135178777592
20181112,2018,056190,에스에프에이,특수목적용기계제조업,41250,48.0,1980000.0,41235.0,37599.0,20190529,1481236350000,0.512587028116568,1.2125884256710746,25.0,-0.08817467446111615
20181112,2018,000880,한화,기타화학제품제조업,29400,68.0,1999200.0,29749.0,25046.0,20191128,2203786809000,0.5188452974676478,1.210012557347804,26.0,-0.15811029007533073
20181112,2018,003240,태광산업,화학섬유제조업,1330000,1.0,1330000.0,1302870.0,1306909.0,20190115,1480822000000,0.5212612847858318,1.1872138327943702,27.0,0.0030999537326503734
20181112,2018,002380,KCC,기타화학제품제조업,268000,7.0,1876000.0,235429.0,256016.0,20190115,2829145484000,0.5182076577112547,1.1809029637845256,28.0,0.08744277843099035
20181112,2018,005930,삼성전자,통신및방송장비제조업,45200,44.0,1988800.0,44424.0,41029.0,20190115,290153476440000,0.5195083871935966,1.154814170464416,29.0,-0.07642491625349546
20181112,2018,170900,동아에스티,의약품제조업,94000,21.0,1974000.0,85194.0,93204.0,20190115,793723592000,0.5151996119202309,1.1341723434287894,30.0,0.09401269679579571
20181112,2018,192080,더블유게임즈,소프트웨어개발및공급업,61400,32.0,1964800.0,51882.0,46390.0,20190115,1120384097200,0.5110680393922102,1.1190764060389826,31.0,-0.10586655286108304
20181112,2018,084990,헬릭스미스,자연과학및공학연구개발업,181000,11.0,1991000.0,99855.0,132908.0,20190115,2888083060000,0.5201048383247153,1.1152598380147152,32.0,0.3310171114934175
20181112,2018,005490,POSCO홀딩스,1차철강제조업,258000,7.0,1806000.0,257277.0,256793.0,20190115,22494203430000,0.5354765684297532,1.100319852409316,33.0,-0.001878526597219654
20181112,2018,003850,보령,의약품제조업,10200,196.0,1999200.0,7677.0,7291.0,20190115,450840000000,0.514264350101858,1.0749532723238242,35.0,-0.05019713728360309
20181112,2018,018880,한온시스템,일반목적용기계제조업,10250,195.0,1998750.0,10040.0,11016.0,20190115,5471450000000,0.5171060554157973,1.0736992042322062,36.0,0.09723853877676891
20181112,2018,078930,GS,기타금융업,50900,39.0,1985100.0,51661.0,51370.0,20190115,4729392740200,0.5207247305452728,1.0535765607773957,39.0,-0.005621014832886129
20181112,2018,004370,농심,기타식품제조업,232500,8.0,1860000.0,234887.0,287840.0,20190115,1414214265000,0.5186460683130054,1.0421927686381636,43.0,0.22543858154974128
20181112,2018,099190,아이센스,의료용기기제조업,24100,82.0,1976200.0,12043.0,12649.0,20190115,331067435800,0.5092527845638972,1.0053140007570063,47.0,0.05032144081440859
20181112,2018,093050,LF,봉제의복제조업,22900,87.0,1992300.0,22728.0,24926.0,20190115,669596000000,0.513419893113033,0.9752639716519673,50.0,0.09671624888081998
20181112,2018,004990,롯데지주,기타식품제조업,50300,39.0,1961700.0,49883.0,51116.0,20190115,5863281721100,0.5173986687967375,0.9702307649951676,51.0,0.024706559748891133
20181112,2018,028670,팬오션,해상운송업,4385,456.0,1999560.0,4495.0,4634.0,20190115,2344085972695,0.5264925970877022,0.947909580118212,52.0,0.03094055507135285
20181112,2018,161890,한국콜마,기타화학제품제조업,55900,35.0,1956500.0,54292.0,68680.0,20190115,1249180418200,0.5124576663393092,0.9184037859157026,55.0,0.265024340546157
20181112,2018,011170,롯데케미칼,기초화학물질제조업,286000,6.0,1716000.0,267244.0,256258.0,20190115,9802769834000,0.5156224472559724,0.9117961317217772,56.0,-0.04110717003602293
20181112,2018,098460,고영,특수목적용기계제조업,86000,23.0,1978000.0,15821.0,15562.0,20190115,1177163786000,0.505765946167059,0.9040685243378742,57.0,-0.016346473804782602
20181112,2018,053800,안랩,소프트웨어개발및공급업,41500,48.0,1992000.0,41006.0,46377.0,20190115,415574982500,0.5049241977988668,0.7745985417544409,63.0,0.13097480669583272
20181112,2018,010120,LS ELECTRIC,"전동기,발전기및전기변환ㆍ공급ㆍ제어장치제조업",47400,42.0,1990800.0,47045.0,51229.0,20190115,1422000000000,0.5108608957031332,0.7686030656542022,65.0,0.08894774749771894
20181112,2018,034220,LG디스플레이,전자부품제조업,18100,110.0,1991000.0,16762.0,18428.0,20190115,6476464170000,0.5128308754270967,0.7616863636475764,66.0,0.0993930148337474
20181112,2018,004490,세방전지,일차전지및축전지제조업,36550,54.0,1973700.0,38884.0,44846.0,20190313,511700000000,0.5135119242759852,0.7071067811865703,72.0,0.15334017797366162
20181112,2018,018260,삼성에스디에스,"컴퓨터프로그래밍,시스템통합및관리업",191000,10.0,1910000.0,186693.0,214741.0,20190115,14779159800000,0.5246002940556466,0.7071067811865481,78.0,0.15023728196205588
20181112,2018,108670,LX하우시스,플라스틱제품제조업,51000,39.0,1989000.0,50143.0,59168.0,20190115,457351170000,0.5110511398514617,0.7071067811865437,88.0,0.1799947384010594
20190102,2019,039560,다산네트웍스,통신및방송장비제조업,7270,275.0,1999250.0,7047.0,6999.0,20190403,212258947580,0.501956127857215,1.7093638698447677,1.0,-0.006872842139570734
20190102,2019,200130,콜마비앤에이치,기초의약물질및생물학적제제제조업,20100,99.0,1989900.0,19189.0,29933.0,20190308,593825515800,0.5018231234254975,1.5485328313732767,2.0,0.5598682920129914
20190102,2019,003240,태광산업,화학섬유제조업,1334000,1.0,1334000.0,1311898.0,1514335.0,20190308,1485275600000,0.501956127857215,1.4423799222698188,3.0,0.15430802515910536
20190102,2019,000100,유한양행,의약품제조업,209000,9.0,1881000.0,32939.0,41039.0,20190308,2551754986000,0.5018231234254975,1.3650795893151324,4.0,0.24591972875163037
20190102,2019,003850,보령,의약품제조업,10050,199.0,1999950.0,7405.0,7824.0,20190308,444210000000,0.5018231234254975,1.3650795893151324,5.0,0.05665007220530005
20190102,2019,086450,동국제약,의약품제조업,56700,35.0,1984500.0,11067.0,11687.0,20190531,504176400000,0.5018231234254975,1.3650795893151324,6.0,0.0559728973938145
20190102,2019,091700,파트론,전자부품제조업,8130,246.0,1999980.0,8150.0,10625.0,20190308,440291613300,0.5018231234254975,1.3415198345754489,7.0,0.30373832286005187
20190102,2019,007310,오뚜기,기타식품제조업,716000,2.0,1432000.0,727507.0,762835.0,20190308,2581349692000,0.501956127857215,1.3355176323875444,8.0,0.04856084456820997
20190102,2019,049770,동원F&B,기타식품제조업,279000,7.0,1953000.0,56214.0,53520.0,20190308,1076695596000,0.501956127857215,1.3355176323875444,9.0,-0.047924061463227585
20190102,2019,042670,HD현대인프라코어,특수목적용기계제조업,7330,272.0,1993760.0,6207.0,6460.0,20190308,1525796586040,0.501706456040959,1.296408664992523,10.0,0.040783063851854706
20190102,2019,084370,유진테크,특수목적용기계제조업,10650,187.0,1991550.0,10149.0,11350.0,20190308,244055847300,0.501706456040959,1.296408664992523,11.0,0.11833291126461565
20190102,2019,090360,로보스타,특수목적용기계제조업,22850,87.0,1987950.0,21519.0,22574.0,20190308,222787500000,0.501706456040959,1.296408664992523,12.0,0.04902219985640466
20190102,2019,095610,테스,특수목적용기계제조업,11800,169.0,1994200.0,10712.0,14761.0,20190308,233265066800,0.501706456040959,1.296408664992523,13.0,0.3780302488703553
20190102,2019,026890,스틱인베스트먼트,"전동기,발전기및전기변환ㆍ공급ㆍ제어장치제조업",5560,359.0,1996040.0,5399.0,6398.0,20190308,231730653000,0.501956127857215,1.2543535937671573,14.0,0.18508503551112354
20190102,2019,000070,삼양홀딩스,기타금융업,78200,25.0,1955000.0,51591.0,58396.0,20190308,669725992200,0.5018231234254975,1.2001067326486938,15.0,0.13190162985496068
20190102,2019,034730,SK,기타금융업,252000,7.0,1764000.0,245943.0,265931.0,20190308,17730794844000,0.5018231234254975,1.2001067326486938,16.0,0.08127199829508891
20190102,2019,078930,GS,기타금융업,48500,41.0,1988500.0,48325.0,51366.0,20190308,4506395833000,0.5018231234254975,1.2001067326486938,17.0,0.06294448875194747
20190102,2019,241560,두산밥캣,기타금융업,30700,65.0,1995500.0,30510.0,30664.0,20190308,3077649396200,0.5018231234254975,1.2001067326486938,18.0,0.005056620189259231
20190102,2019,082920,비츠로셀,일차전지및축전지제조업,10750,186.0,1999500.0,4918.0,5223.0,20190308,210597133250,0.5018231234254975,1.154700538379305,19.0,0.062040317225443786
20190102,2019,005880,대한해운,해상운송업,21750,91.0,1979250.0,1981.0,2032.0,20190308,531276462000,0.501706456040959,1.1547005383792517,20.0,0.025882337736347072
20190102,2019,002990,금호건설,건물건설업,11350,176.0,1997600.0,11280.0,11982.0,20190308,409001211150,0.501706456040959,1.1232601476314508,21.0,0.06224080787637587
20190102,2019,078160,메디포스트,기초의약물질및생물학적제제제조업,72000,27.0,1944000.0,30870.0,37211.0,20190308,566526312000,0.501706456040959,1.0863097692923465,22.0,0.2053889192077143
20190102,2019,086900,메디톡스,기초의약물질및생물학적제제제조업,583000,3.0,1749000.0,449339.0,447522.0,20190308,3297759905000,0.501706456040959,1.0863097692923465,23.0,-0.004044263988003283
20190102,2019,191420,테고사이언스,기초의약물질및생물학적제제제조업,35700,56.0,1999200.0,33915.0,38556.0,20190308,288264433800,0.501706456040959,1.0863097692923465,24.0,0.1368430488614567
20190102,2019,030000,제일기획,광고업,22300,89.0,1984700.0,22196.0,23297.0,20190308,2565419317500,0.5018231234254975,1.0730621865008259,25.0,0.04960688228558885
20190102,2019,014680,한솔케미칼,기초화학물질제조업,76300,26.0,1983800.0,74178.0,87108.0,20190308,861823378500,0.5018231234254975,1.0614631854890302,26.0,0.17430438102657742
20190102,2019,033500,동성화인텍,기초화학물질제조업,7580,263.0,1993540.0,7651.0,8814.0,20190313,204535756220,0.5018231234254975,1.0614631854890302,27.0,0.1519857153146824
20190102,2019,036490,SK머티리얼즈,기초화학물질제조업,146000,13.0,1898000.0,138513.0,159509.0,20190308,1539960258000,0.5018231234254975,1.0614631854890302,28.0,0.15157863840302332
20190102,2019,282330,BGF리테일,종합소매업,205500,9.0,1849500.0,208975.0,203497.0,20190308,3551842683000,0.501956127857215,1.0541977206925712,29.0,-0.02621028626257016
20190102,2019,039840,디오,의료용기기제조업,28300,70.0,1981000.0,27888.0,34458.0,20190308,429350704900,0.5018231234254975,1.0424416880292422,30.0,0.23559950604200397
20190102,2019,100120,뷰웍스,의료용기기제조업,32350,61.0,1973350.0,31582.0,33723.0,20190308,323560332750,0.5018231234254975,1.0424416880292422,31.0,0.06777880131692204
20190102,2019,091810,티웨이항공,항공여객운송업,7360,271.0,1994560.0,3728.0,3963.0,20190402,345734616320,0.5018231234254975,1.010765130434073,32.0,0.06307508585877186
20190102,2019,011790,SKC,기타화학제품제조업,35450,56.0,1985200.0,34957.0,36900.0,20190308,1330599974750,0.501706456040959,0.9675437896998602,33.0,0.055587982186419804
20190102,2019,036830,솔브레인홀딩스,기타화학제품제조업,46600,42.0,1957200.0,21440.0,24157.0,20190308,810759428600,0.501706456040959,0.9675437896998602,34.0,0.12673821386578754
20190102,2019,161890,한국콜마,기타화학제품제조업,70000,28.0,1960000.0,69578.0,77379.0,20190308,1564268860000,0.501706456040959,0.9675437896998602,37.0,0.11211260848287008
20190102,2019,084990,헬릭스미스,자연과학및공학연구개발업,260000,7.0,1820000.0,134163.0,151414.0,20190308,4148627600000,0.501706456040959,0.9392133851316439,38.0,0.12858292758497303
20190102,2019,003410,쌍용양회,"시멘트,석회,플라스터및그제품제조업",6110,327.0,1997970.0,6608.0,6827.0,20190308,3078582125450,0.501706456040959,0.912870929175457,41.0,0.0331092520373637
20190102,2019,011070,LG이노텍,전자부품제조업,83700,23.0,1925100.0,81804.0,107150.0,20190308,1980936855900,0.501706456040959,0.8931663096871886,44.0,0.30983906642953096
20190102,2019,034220,LG디스플레이,전자부품제조업,17800,112.0,1993600.0,16441.0,19672.0,20190308,6369119460000,0.501706456040959,0.8931663096871886,46.0,0.1965294699409208
20190102,2019,030520,한글과컴퓨터,소프트웨어개발및공급업,12650,158.0,1998700.0,12482.0,13278.0,20190308,291989969150,0.501706456040959,0.8826012670315188,49.0,0.06374000571424232
20190102,2019,053800,안랩,소프트웨어개발및공급업,46150,43.0,1984450.0,44722.0,52092.0,20190308,462139408250,0.501706456040959,0.8826012670315188,51.0,0.16479957228996756
20190102,2019,181710,NHN,소프트웨어개발및공급업,57300,34.0,1948200.0,29897.0,42146.0,20190308,1121075932500,0.501706456040959,0.8826012670315188,54.0,0.40970657264888
20190102,2019,192080,더블유게임즈,소프트웨어개발및공급업,57100,35.0,1998500.0,47827.0,51948.0,20190308,1041920715800,0.501706456040959,0.8826012670315188,55.0,0.08617734453451575
20190102,2019,007570,일양약품,의약품제조업,27200,73.0,1985600.0,29471.0,34453.0,20190308,518050764800,0.501706456040959,0.8464372910111895,57.0,0.16904331237063364
20190102,2019,018260,삼성에스디에스,"컴퓨터프로그래밍,시스템통합및관리업",206000,9.0,1854000.0,205227.0,222718.0,20190308,15939826800000,0.501706456040959,0.8314319677685827,62.0,0.08522957240951334
20190102,2019,005930,삼성전자,통신및방송장비제조업,38750,51.0,1976250.0,37534.0,43731.0,20190308,231329073812500,0.501706456040959,0.7488516110627567,69.0,0.16510234796444
20190102,2019,066570,LG전자,통신및방송장비제조업,62800,31.0,1946800.0,62800.0,73598.0,20190308,10277082719200,0.501706456040959,0.7488516110627567,70.0,0.17193997340583933
20190102,2019,093050,LF,봉제의복제조업,25050,79.0,1978950.0,25127.0,24623.0,20190308,732462000000,0.501636973278358,0.7071067811865476,74.0,-0.020054536830639846
20190102,2019,018880,한온시스템,일반목적용기계제조업,10500,190.0,1995000.0,9854.0,10926.0,20190308,5604900000000,0.5018231234254975,0.7071067811864818,76.0,0.10882161734448248
20190102,2019,002380,KCC,기타화학제품제조업,308500,6.0,1851000.0,277502.0,269656.0,20190308,3256684260500,0.501636973278358,0.6789110256800969,87.0,-0.028272173302855808
20190307,2019,060980,HL홀딩스,기타금융업,43300,46.0,1991800.0,41847.0,41740.0,20191025,453440631000,0.501956127857215,2.156352590809205,1.0,-0.0025541944449070098
20190307,2019,180640,한진칼,기타금융업,28250,70.0,1977500.0,27501.0,38605.0,20190509,1671565438500,0.501956127857215,2.156352590809205,2.0,0.40374510647301665
20190307,2019,168330,내츄럴엔도텍,자연과학및공학연구개발업,10000,200.0,2000000.0,19979.0,6490.0,20220420,206658220000,0.5018231234254975,2.111534149771197,3.0,-0.6751768947033261
20190307,2019,123420,위메이드플레이,소프트웨어개발및공급업,22200,90.0,1998000.0,22232.0,21979.0,20190509,212450492400,0.501956127857215,1.7687222985143791,4.0,-0.011363245333881888
20190307,2019,950110,SBI핀테크솔루션즈,소프트웨어개발및공급업,12200,163.0,1988600.0,11749.0,11101.0,20190509,300809788000,0.501956127857215,1.7687222985143791,5.0,-0.05523123400730734
20190307,2019,298000,효성화학,기초화학물질제조업,147000,13.0,1911000.0,146529.0,138496.0,20190509,468948522000,0.5018231234254975,1.6709363073218684,6.0,-0.054823118160788
20190307,2019,002390,한독,의약품제조업,30200,66.0,1993200.0,30951.0,29167.0,20190509,415658696600,0.501956127857215,1.633999471314389,7.0,-0.05763179361765758
20190307,2019,003000,부광약품,의약품제조업,22550,88.0,1984400.0,17906.0,13560.0,20190509,1102024881650,0.501956127857215,1.633999471314389,8.0,-0.24272374101711813
20190307,2019,003060,에이프로젠바이오로직스,의약품제조업,2570,778.0,1999460.0,15562.0,14148.0,20190509,277257238580,0.501956127857215,1.633999471314389,9.0,-0.09080859048469658
20190307,2019,003850,보령,의약품제조업,10300,194.0,1998200.0,7824.0,9855.0,20190509,455260000000,0.501956127857215,1.633999471314389,10.0,0.25960771056712195
20190307,2019,059090,미코,반도체제조업,7420,269.0,1995980.0,7361.0,6623.0,20190604,232369194260,0.501956127857215,1.5909086204964684,11.0,-0.1002747483778238
20190307,2019,061970,LB세미콘,반도체제조업,6400,312.0,1996800.0,6428.0,7665.0,20190509,280221388800,0.501956127857215,1.5909086204964684,12.0,0.1924347398485553
20190307,2019,006360,GS건설,건물건설업,42400,47.0,1992800.0,41358.0,38407.0,20190509,3376292029600,0.5018231234254975,1.5,13.0,-0.07136632240231389
20190307,2019,079980,휴비스,화학섬유제조업,7470,267.0,1994490.0,7440.0,7660.0,20190509,257715000000,0.5018231234254975,1.483884446355838,14.0,0.029573585419025106
20190307,2019,099190,아이센스,의료용기기제조업,24700,80.0,1976000.0,12375.0,12195.0,20190509,339309778600,0.501956127857215,1.4817867625397017,15.0,-0.014540174717256216
20190307,2019,049070,인탑스,통신및방송장비제조업,12800,156.0,1996800.0,13434.0,18825.0,20190613,220160000000,0.501956127857215,1.4156723765979737,16.0,0.401332603053542
20190307,2019,086900,메디톡스,기초의약물질및생물학적제제제조업,556800,3.0,1670400.0,447522.0,419987.0,20190509,3149558688000,0.5018231234254975,1.3598624772616772,17.0,-0.06152783472147194
20190307,2019,000970,한국주철관,1차철강제조업,9990,200.0,1998000.0,10063.0,13413.0,20190712,227776995000,0.501956127857215,1.3027381164297043,18.0,0.33296032813830423
20190307,2019,003410,쌍용양회,"시멘트,석회,플라스터및그제품제조업",6210,322.0,1999620.0,6827.0,6576.0,20190509,3128968084950,0.501956127857215,1.2506711861355826,19.0,-0.036760527865201786
20190307,2019,002380,KCC,기타화학제품제조업,312000,6.0,1872000.0,269656.0,252639.0,20190509,3293632056000,0.501956127857215,1.163204143393424,20.0,-0.06310547668862054
20190307,2019,069260,TKG휴켐스,기타화학제품제조업,20950,95.0,1990250.0,20338.0,20381.0,20190509,856406418600,0.501956127857215,1.163204143393424,21.0,0.0021627671579431684
20190307,2019,092730,네오팜,기타화학제품제조업,52900,37.0,1957300.0,28753.0,25729.0,20190509,394699437300,0.501956127857215,1.163204143393424,22.0,-0.10517925379312654
20190307,2019,161890,한국콜마,기타화학제품제조업,79300,25.0,1982500.0,77379.0,68867.0,20190509,1772093151400,0.501956127857215,1.163204143393424,23.0,-0.10999546627098766
20190307,2019,012510,더존비즈온,"컴퓨터프로그래밍,시스템통합및관리업",44900,44.0,1975600.0,45098.0,59886.0,20190509,1332304230000,0.5016853201350018,1.1547005383805773,24.0,0.32791817794030353
20190307,2019,011280,태림포장,"골판지,종이상자및종이용기제조업",4755,420.0,1997100.0,4801.0,7885.0,20190509,336682244700,0.501956127857215,1.1547005383798292,25.0,0.6423498359210789
20190307,2019,073240,금호타이어,고무제품제조업,5070,394.0,1997580.0,5053.0,4358.0,20190509,1456409655090,0.5018231234254975,1.1547005383795959,26.0,-0.13746123993498927
20190307,2019,003560,IHQ,"영화,비디오물,방송프로그램제작및배급업",2135,936.0,1998360.0,95060.0,104516.0,20190514,312213321980,0.5018231234254975,1.1547005383790794,27.0,0.09947829894436166
20190307,2019,028150,GS홈쇼핑,텔레비전방송업,187700,10.0,1877000.0,184228.0,174820.0,20190509,1231781250000,0.5018231234254975,1.1547005383790794,28.0,-0.05106760866958482
20190307,2019,042670,HD현대인프라코어,특수목적용기계제조업,7910,252.0,1993320.0,6460.0,5776.0,20190509,1646554870520,0.5018231234254975,1.1155789867808241,29.0,-0.105857118580296
20190307,2019,095190,이엠코리아,특수목적용기계제조업,8320,240.0,1996800.0,8240.0,6540.0,20190509,302288097280,0.5018231234254975,1.1155789867808241,30.0,-0.20630267871266805
20190307,2019,035600,KG이니시스,소프트웨어개발및공급업,14050,142.0,1995100.0,13948.0,14300.0,20190509,392057297700,0.5018231234254975,1.104240774610626,31.0,0.025275841594673
20190307,2019,115390,락앤락,플라스틱제품제조업,19650,101.0,1984650.0,19974.0,16542.0,20190509,1064766690000,0.5018231234254975,1.0975443061341459,32.0,-0.17183843488297423
20190307,2019,036490,SK머티리얼즈,기초화학물질제조업,162200,12.0,1946400.0,159509.0,162907.0,20190509,1710832560600,0.501706456040959,1.084550141707302,33.0,0.02130370623842892
20190307,2019,093370,후성,기초화학물질제조업,8110,246.0,1995060.0,7818.0,7710.0,20190509,751041302090,0.501706456040959,1.084550141707302,34.0,-0.013819249857980331
20190307,2019,082920,비츠로셀,일차전지및축전지제조업,10350,193.0,1997550.0,5223.0,5500.0,20190528,222930223200,0.5018231234254975,1.0105868831521483,35.0,0.05312311758208499
20190307,2019,001820,삼화콘덴서,전자부품제조업,59400,33.0,1960200.0,58164.0,54152.0,20190509,617463000000,0.501706456040959,0.9963627901203889,36.0,-0.06897249713292797
20190307,2019,011070,LG이노텍,전자부품제조업,107500,18.0,1935000.0,107150.0,111642.0,20190509,2544214002500,0.501706456040959,0.9963627901203889,38.0,0.04192682165987871
20190307,2019,122990,와이솔,전자부품제조업,15600,128.0,1996800.0,15473.0,17022.0,20190509,376848279600,0.501706456040959,0.9963627901203889,40.0,0.10012586587318939
20190307,2019,034730,SK,기타금융업,271000,7.0,1897000.0,265931.0,246896.0,20190509,19067640487000,0.5018231234254975,0.9196990803177038,45.0,-0.07158028350717094
20190307,2019,078930,GS,기타금융업,51800,38.0,1968400.0,51366.0,49664.0,20190509,4813016580400,0.5018231234254975,0.9196990803177038,46.0,-0.03314075837427033
20190307,2019,241560,두산밥캣,기타금융업,31500,63.0,1984500.0,30664.0,31972.0,20190509,3157848729000,0.5018231234254975,0.9196990803177038,47.0,0.042671549064690284
20190307,2019,007310,오뚜기,기타식품제조업,763000,2.0,1526000.0,762835.0,699588.0,20190509,2750795831000,0.501956127857215,0.8698027205251966,55.0,-0.08291029954819285
20190307,2019,049770,동원F&B,기타식품제조업,269500,7.0,1886500.0,53520.0,51728.0,20190509,1040033918000,0.501956127857215,0.8698027205251966,56.0,-0.033481806785758184
20190307,2019,014680,한솔케미칼,기초화학물질제조업,86900,23.0,1998700.0,87108.0,82568.0,20190509,981552445500,0.501636973278358,0.7353203128304221,67.0,-0.05212392556745504
20190307,2019,033500,동성화인텍,기초화학물질제조업,8850,225.0,1991250.0,8693.0,9665.0,20190509,238804939650,0.501636973278358,0.7353203128304221,68.0,0.11177190891294608
20190307,2019,093050,LF,봉제의복제조업,24850,80.0,1988000.0,24623.0,23820.0,20190509,726614000000,0.501956127857215,0.707106781186468,74.0,-0.032595489189292004
20190307,2019,011790,SKC,기타화학제품제조업,37900,52.0,1970800.0,36900.0,34657.0,20190509,1422559634500,0.5018231234254975,0.6974918124401026,78.0,-0.06078270735114499
20190307,2019,034220,LG디스플레이,전자부품제조업,21300,93.0,1980900.0,19672.0,16584.0,20190509,7621474410000,0.501636973278358,0.6831625754386782,80.0,-0.15697278143082039
20190307,2019,091700,파트론,전자부품제조업,10500,190.0,1995000.0,10625.0,14265.0,20190509,568642305000,0.501636973278358,0.6831625754386782,81.0,0.342534943877997
20190307,2019,282330,BGF리테일,종합소매업,206000,9.0,1854000.0,203497.0,206474.0,20190509,3560484636000,0.501956127857215,0.6821372994461924,85.0,0.014628009473613757
20190508,2019,006280,녹십자,의약품제조업,136500,14.0,1911000.0,132549.0,114539.0,20191014,1595212437000,0.501956127857215,1.7790757387943932,1.0,-0.1358752521089932
20190508,2019,234080,JW생명과학,의약품제조업,23550,84.0,1978200.0,24185.0,22987.0,20190709,372903746700,0.501956127857215,1.7790757387943932,2.0,-0.04954523862896032
20190508,2019,092730,네오팜,기타화학제품제조업,50900,39.0,1985100.0,25729.0,24836.0,20191014,379776963300,0.501956127857215,1.6433121881996937,3.0,-0.034695941471574954
20190508,2019,033500,동성화인텍,기초화학물질제조업,9790,204.0,1997160.0,9665.0,8862.0,20200708,264169532110,0.501956127857215,1.4827582668428128,4.0,-0.08313698996840024
20190508,2019,036420,콘텐트리중앙,기타금융업,5470,365.0,1996550.0,56931.0,47275.0,20190709,788057331540,0.501956127857215,1.472466049621105,5.0,-0.16960715106349877
20190508,2019,078070,유비쿼스홀딩스,기타금융업,27100,73.0,1978300.0,26041.0,38475.0,20190709,506678618800,0.501956127857215,1.472466049621105,6.0,0.47750388776040276
20190508,2019,003490,대한항공,항공여객운송업,32950,60.0,1977000.0,21169.0,18537.0,20190709,3125130690300,0.5018231234254975,1.4488434857686274,7.0,-0.12433018789142936
20190508,2019,082920,비츠로셀,일차전지및이차전지제조업,11800,169.0,1994200.0,5853.0,6815.0,20191101,254161993600,0.501956127857215,1.3751811546671153,8.0,0.16431974309888076
20190508,2019,022100,포스코DX,"건축기술,엔지니어링및관련기술서비스업",5580,358.0,1997640.0,5386.0,5385.0,20190709,848353787820,0.5018231234254975,1.3352636212283595,9.0,-0.00021147681127065
20190508,2019,009680,모토닉,자동차신품부품제조업,13100,152.0,1991200.0,12697.0,9749.0,20190709,432300000000,0.501956127857215,1.3261678399036745,10.0,-0.23213557081284553
20190508,2019,109740,디에스케이,특수목적용기계제조업,12150,164.0,1992600.0,11380.0,,,247310370450,0.501956127857215,1.3002472367197315,11.0,-0.15194885361268473
20190508,2019,004800,효성,화학섬유제조업,79200,25.0,1980000.0,60191.0,55651.0,20190709,1668825180000,0.501956127857215,1.282350107791676,12.0,-0.07542899418053284
20190508,2019,034220,LG디스플레이,전자부품제조업,18750,106.0,1987500.0,16584.0,15241.0,20190709,6709044375000,0.5018231234254975,1.2441453428061988,13.0,-0.08095880372836672
20190508,2019,041140,넥슨지티,소프트웨어개발및공급업,13000,153.0,1989000.0,12867.0,8068.0,20190709,459853186000,0.501956127857215,1.232709176708207,14.0,-0.37300654645514586
20190508,2019,053580,웹케시,소프트웨어개발및공급업,64600,30.0,1938000.0,31189.0,24560.0,20190709,436932113000,0.501956127857215,1.232709176708207,15.0,-0.21253906738526684
20190508,2019,053800,안랩,소프트웨어개발및공급업,60000,33.0,1980000.0,58011.0,62424.0,20190709,600831300000,0.501956127857215,1.232709176708207,16.0,0.07607580427167648
20190508,2019,067160,SOOP,소프트웨어개발및공급업,69400,28.0,1943200.0,67805.0,61702.0,20190709,797736829800,0.501956127857215,1.232709176708207,17.0,-0.09000246279722235
20190508,2019,181710,NHN,소프트웨어개발및공급업,81500,24.0,1956000.0,41738.0,35642.0,20190709,1594549537500,0.501956127857215,1.232709176708207,18.0,-0.14606745121097597
20190508,2019,950110,SBI핀테크솔루션즈,소프트웨어개발및공급업,11150,179.0,1995850.0,11101.0,15148.0,20190709,274920421000,0.501956127857215,1.232709176708207,19.0,0.36465783737661317
20190508,2019,048260,오스템임플란트,의료용기기제조업,58000,34.0,1972000.0,507922.0,618881.0,20190709,828571586000,0.501956127857215,1.1843122491129539,20.0,0.21845659801033368
20190508,2019,099190,아이센스,의료용기기제조업,24500,81.0,1984500.0,12195.0,12994.0,20190819,336562331000,0.501956127857215,1.1843122491129539,21.0,0.0655408765929335
20190508,2019,014820,동원시스템즈,플라스틱제품제조업,34100,58.0,1977800.0,33368.0,43046.0,20190709,873591225100,0.501956127857215,1.1723787768834373,22.0,0.29004001432604154
20190508,2019,115390,락앤락,플라스틱제품제조업,16550,120.0,1986000.0,16542.0,14624.0,20190709,896788230000,0.501956127857215,1.1723787768834373,23.0,-0.1159745369481916
20190508,2019,011200,HMM,해상운송업,3805,525.0,1997625.0,3693.0,3638.0,20190709,1194031171735,0.5018231234254975,1.1547005383795959,24.0,-0.014925341608680198
20190508,2019,079160,CJ CGV,"영화,비디오물,방송프로그램제작및배급업",40650,49.0,1991850.0,25331.0,24105.0,20190709,860207373450,0.5018231234254975,1.1547005383794842,25.0,-0.048435129670816424
20190508,2019,011760,현대코퍼레이션,상품종합도매업,23100,86.0,1986600.0,22223.0,18362.0,20191014,305589114600,0.501706456040959,1.1547005383792517,26.0,-0.17374215995475806
20190508,2019,011280,태림포장,"골판지,종이상자및종이용기제조업",7900,253.0,1998700.0,7885.0,6408.0,20190709,559366926000,0.501956127857215,1.1547005383792515,27.0,-0.18741577492471584
20190508,2019,005250,녹십자홀딩스,회사본부및경영컨설팅서비스업,23500,85.0,1997500.0,22521.0,20425.0,20191016,1105162935000,0.5016853201350018,1.1547005383785887,28.0,-0.09308786589669471
20190508,2019,049070,인탑스,통신및방송장비제조업,17000,117.0,1989000.0,16677.0,15683.0,20190709,292400000000,0.501956127857215,1.1529431184607974,29.0,-0.05963972082800084
20190508,2019,088800,에이스테크,통신및방송장비제조업,8340,239.0,1993260.0,22979.0,27426.0,20190709,288204996360,0.501956127857215,1.1529431184607974,30.0,0.19353356289536006
20190508,2019,218410,RFHIC,통신및방송장비제조업,34000,58.0,1972000.0,33194.0,28942.0,20190709,797058668000,0.501956127857215,1.1529431184607974,31.0,-0.12810410628389135
20190508,2019,009240,한샘,생활용품도매업,94400,21.0,1982400.0,87960.0,66974.0,20190709,2221602803200,0.501956127857215,1.1296932821498573,32.0,-0.2385855176235877
20190508,2019,057050,현대홈쇼핑,무점포소매업,99600,20.0,1992000.0,97240.0,67369.0,20200528,1195200000000,0.5018231234254975,1.1179547605968128,33.0,-0.30719369927132845
20190508,2019,093050,LF,봉제의복제조업,24600,81.0,1992600.0,23820.0,23471.0,20190709,719304000000,0.5018231234254975,1.1179547605968128,34.0,-0.014658194256741863
20190508,2019,004980,성신양회,"시멘트,석회,플라스터및그제품제조업",9490,210.0,1992900.0,9169.0,8647.0,20190709,227840494180,0.501956127857215,1.1016949211691582,35.0,-0.05698843846022772
20190508,2019,042520,한스바이오메드,의료용품및기타의약관련제품제조업,27700,72.0,1994400.0,26805.0,24703.0,20190709,273062638900,0.501956127857215,1.0824075984537294,36.0,-0.07838952385515563
20190508,2019,025540,한국단자,"전동기,발전기및전기변환ㆍ공급ㆍ제어장치제조업",58000,34.0,1972000.0,56158.0,65374.0,20190709,604070000000,0.5018231234254975,1.0823024605820368,38.0,0.16411869885877906
20190508,2019,011790,SKC,기타화학제품제조업,35600,56.0,1993600.0,34657.0,41714.0,20191014,1336230158000,0.5018231234254975,1.0627643630993975,40.0,0.2036364131189481
20190508,2019,161890,한국콜마,기타화학제품제조업,70500,28.0,1974000.0,68867.0,42740.0,20191014,1575442209000,0.5018231234254975,1.0627643630993975,42.0,-0.37939244550293105
20190508,2019,006360,GS건설,건물건설업,40300,49.0,1974700.0,38407.0,28713.0,20200110,3216758372100,0.5018231234254975,1.0440088673549375,43.0,-0.2523861196796481
20190508,2019,014680,한솔케미칼,기초화학물질제조업,84200,23.0,1936600.0,82568.0,80172.0,20190709,951055419000,0.5018231234254975,0.9356400237982565,51.0,-0.029011376510318154
20190508,2019,298000,효성화학,기초화학물질제조업,139000,14.0,1946000.0,138496.0,179443.0,20191014,443427514000,0.5018231234254975,0.9356400237982565,53.0,0.29565926248137986
20190508,2019,007310,오뚜기,도시락및식사용조리식품제조업,720000,2.0,1440000.0,699588.0,679624.0,20190709,2595770640000,0.501956127857215,0.8834074576196066,55.0,-0.028537538504092574
20190508,2019,049770,동원F&B,도시락및식사용조리식품제조업,259000,7.0,1813000.0,51728.0,56750.0,20190709,999513116000,0.501956127857215,0.8834074576196066,56.0,0.09709311991825231
20190508,2019,042670,HD현대인프라코어,특수목적용기계제조업,7060,283.0,1997980.0,5776.0,4872.0,20190709,1469618629740,0.5018231234254975,0.800964672937477,59.0,-0.1565841694152882
20190508,2019,095190,이엠코리아,특수목적용기계제조업,6980,286.0,1996280.0,6540.0,5520.0,20190709,253602273920,0.5018231234254975,0.800964672937477,62.0,-0.15596913543538582
20190508,2019,282330,BGF리테일,종합소매업,215000,9.0,1935000.0,206474.0,193001.0,20190709,3716039790000,0.5018231234254975,0.7907437481120774,67.0,-0.06525405177969923
20190508,2019,000970,한국주철관,1차철강제조업,10250,195.0,1998750.0,10262.0,11260.0,20190808,233705125000,0.5018231234254975,0.7617030499980385,72.0,0.09731922062788367
20190508,2019,001820,삼화콘덴서,전자부품제조업,56600,35.0,1981000.0,54152.0,44762.0,20190709,588357000000,0.501706456040959,0.7134775241374894,86.0,-0.17340411861866845
20190508,2019,011070,LG이노텍,전자부품제조업,116000,17.0,1972000.0,111642.0,104665.0,20190709,2745384412000,0.501706456040959,0.7134775241374894,89.0,-0.0624994621781193
20190708,2019,053580,웹케시,소프트웨어개발및공급업,50000,40.0,2000000.0,24560.0,23222.0,20190906,338182750000,0.501956127857215,1.5218315582702546,1.0,-0.05449932887805764
20190708,2019,119860,커넥트웨이브,소프트웨어개발및공급업,23850,83.0,1979550.0,23346.0,21352.0,20190906,311834504700,0.501956127857215,1.5218315582702546,2.0,-0.08542026140007164
20190708,2019,215000,골프존,소프트웨어개발및공급업,68500,29.0,1986500.0,71439.0,69235.0,20190906,429865927500,0.501956127857215,1.5218315582702546,3.0,-0.030861228386365513
20190708,2019,006840,AK홀딩스,기타금융업,44150,45.0,1986750.0,43715.0,33959.0,20190906,584879818150,0.501956127857215,1.5010516520846058,4.0,-0.22318839629558185
20190708,2019,008350,남선알미늄,1차비철금속제조업,3335,599.0,1997665.0,3341.0,4076.0,20190906,367447265150,0.501956127857215,1.4999999999995826,5.0,0.21984283278095051
20190708,2019,042520,한스바이오메드,의료용품및기타의약관련제품제조업,25200,79.0,1990800.0,24703.0,22204.0,20190910,249541840800,0.501956127857215,1.499999999998748,6.0,-0.10117208953946155
20190708,2019,018250,애경산업,기타화학제품제조업,36200,55.0,1991000.0,36203.0,31948.0,20190906,953744567000,0.501956127857215,1.4979359996853876,7.0,-0.11753699355813696
20190708,2019,005290,동진쎄미켐,기초화학물질제조업,14000,142.0,1988000.0,13670.0,15123.0,20190906,719802916000,0.501956127857215,1.3888495931901248,8.0,0.10625542030197921
20190708,2019,014680,한솔케미칼,기초화학물질제조업,80400,24.0,1929600.0,80172.0,81776.0,20190906,908133678000,0.501956127857215,1.3888495931901248,9.0,0.02000127752641956
20190708,2019,088800,에이스테크,통신및방송장비제조업,9920,201.0,1993920.0,27426.0,24775.0,20190906,385471578240,0.501956127857215,1.3185274527227215,10.0,-0.09666127370556832
20190708,2019,121800,비덴트,통신및방송장비제조업,7680,260.0,1996800.0,8249.0,7735.0,20191230,214068656640,0.501956127857215,1.3185274527227215,11.0,-0.06236584994773553
20190708,2019,138080,오이솔루션,통신및방송장비제조업,55100,36.0,1983600.0,45807.0,47060.0,20190906,426448213200,0.501956127857215,1.3185274527227215,12.0,0.027357777698279184
20190708,2019,122900,아이마켓코리아,상품종합도매업,11200,178.0,1993600.0,11052.0,11049.0,20190909,402565408000,0.501956127857215,1.3107808003987056,13.0,-0.0003049886738980545
20190708,2019,179900,유티아이,전자부품제조업,17300,115.0,1989500.0,17468.0,21460.0,20190906,274462683500,0.5018231234254975,1.2718944685469555,14.0,0.22858531646112246
20190708,2019,001630,종근당홀딩스,의약품제조업,104000,19.0,1976000.0,103439.0,92260.0,20190906,521025544000,0.501956127857215,1.2154466499761591,15.0,-0.1080811309341636
20190708,2019,009420,한올바이오파마,의약품제조업,28200,70.0,1974000.0,26455.0,27513.0,20190906,1473185991600,0.501956127857215,1.2154466499761591,16.0,0.039982095191321454
20190708,2019,016580,환인제약,의약품제조업,17200,116.0,1995200.0,16880.0,14338.0,20200421,319921204000,0.501956127857215,1.2154466499761591,17.0,-0.15059219545169078
20190708,2019,208340,파멥신,의약품제조업,43700,45.0,1966500.0,15226.0,12679.0,20191209,300350624400,0.501956127857215,1.2154466499761591,18.0,-0.16731699196548577
20190708,2019,234080,JW생명과학,의약품제조업,22800,87.0,1983600.0,22987.0,22438.0,20190906,361027831200,0.501956127857215,1.2154466499761591,19.0,-0.023910195316084293
20190708,2019,039840,디오,의료용기기제조업,38000,52.0,1976000.0,38022.0,44232.0,20190906,589896876000,0.501956127857215,1.1590464101168079,20.0,0.16332351133176148
20190708,2019,048260,오스템임플란트,의료용기기제조업,73200,27.0,1976400.0,618881.0,388724.0,20190906,1045714484400,0.501956127857215,1.1590464101168079,21.0,-0.3718918704095232
20190708,2019,099190,아이센스,의료용기기제조업,25000,80.0,2000000.0,12870.0,13894.0,20190906,343430950000,0.501956127857215,1.1590464101168079,22.0,0.07952034305751154
20190708,2019,030000,제일기획,광고업,28750,69.0,1983750.0,28789.0,24787.0,20190906,3307435218750,0.501956127857215,1.154700538379613,23.0,-0.13899865910471387
20190708,2019,041510,에스엠,오디오물출판및원판녹음업,38500,51.0,1963500.0,37748.0,30365.0,20190906,900834588500,0.501706456040959,1.1547005383792517,24.0,-0.19557591468219016
20190708,2019,001680,대상,도시락및식사용조리식품제조업,24550,81.0,1988550.0,25013.0,21615.0,20190906,850609013750,0.501956127857215,1.1137584948798318,25.0,-0.13583924052826712
20190708,2019,007310,오뚜기,도시락및식사용조리식품제조업,681000,2.0,1362000.0,679624.0,569400.0,20190906,2455166397000,0.501956127857215,1.1137584948798318,26.0,-0.16218416971099126
20190708,2019,049770,동원F&B,도시락및식사용조리식품제조업,281500,7.0,1970500.0,56750.0,42629.0,20190906,1086343406000,0.501956127857215,1.1137584948798318,27.0,-0.24882597969017006
20190708,2019,011690,와이투솔루션,반도체제조업,7200,277.0,1994400.0,35295.0,27576.0,20190906,418818247200,0.5018231234254975,1.0979028226314727,28.0,-0.21869710976901702
20190708,2019,046890,서울반도체,반도체제조업,17550,113.0,1983150.0,17499.0,14949.0,20190906,1023259770000,0.5018231234254975,1.0979028226314727,29.0,-0.1457149907927615
20190708,2019,089590,제주항공,항공여객운송업,29050,68.0,1975400.0,22155.0,18145.0,20190906,765663819900,0.5018231234254975,1.0875801543618677,30.0,-0.18097504817946952
20190708,2019,272450,진에어,항공여객운송업,18850,106.0,1998100.0,16019.0,12155.0,20190906,565500000000,0.5018231234254975,1.0875801543618677,31.0,-0.24116430017845125
20190708,2019,039440,에스티아이,특수목적용기계제조업,12700,157.0,1993900.0,13505.0,16648.0,20190918,201041000000,0.5018231234254975,1.0687376707263425,32.0,0.23269543205605792
20190708,2019,042670,HD현대인프라코어,특수목적용기계제조업,5970,335.0,1999950.0,4872.0,5218.0,20190906,1242722835630,0.5018231234254975,1.0687376707263425,33.0,0.0710050637848707
20190708,2019,098460,고영,특수목적용기계제조업,84500,23.0,1943500.0,17026.0,15764.0,20190906,1156631859500,0.5018231234254975,1.0687376707263425,34.0,-0.07407788445757357
20190708,2019,006400,삼성SDI,일차전지및이차전지제조업,234000,8.0,1872000.0,222675.0,238851.0,20190906,16090900020000,0.501706456040959,1.0041938805389872,35.0,0.07264244191483815
20190708,2019,030200,KT,전기통신업,28050,71.0,1991550.0,27735.0,27086.0,20190906,7324186214400,0.501956127857215,0.9940411306727819,36.0,-0.023368723995754404
20190708,2019,018880,한온시스템,일반목적용기계제조업,11500,173.0,1989500.0,10415.0,10693.0,20190906,6138700000000,0.5018231234254975,0.9924386424502135,37.0,0.026669576328347544
20190708,2019,084990,헬릭스미스,자연과학및공학연구개발업,178300,11.0,1961300.0,94250.0,125571.0,20190906,2845001158000,0.5018231234254975,0.9772832551593156,38.0,0.33231806428465327
20190708,2019,215600,신라젠,자연과학및공학연구개발업,47300,42.0,1986600.0,26940.0,7567.0,20190906,3336027612500,0.5018231234254975,0.9772832551593156,39.0,-0.719108298161858
20190708,2019,005880,대한해운,해상운송업,27850,71.0,1977350.0,2475.0,2251.0,20190906,680278136400,0.501956127857215,0.9401582851103663,40.0,-0.09044487553455083
20190708,2019,001740,SK네트웍스,기타전문도매업,5410,369.0,1996290.0,5351.0,5310.0,20190906,1342695170270,0.5018231234254975,0.9131351660080487,41.0,-0.007620374464655355
20190708,2019,051900,LG생활건강,기타화학제품제조업,1276000,1.0,1276000.0,1264810.0,1247780.0,20190906,19928819372000,0.5018231234254975,0.8711281116632238,42.0,-0.013463970478184262
20190708,2019,090430,아모레퍼시픽,기타화학제품제조업,162000,12.0,1944000.0,159057.0,136521.0,20190906,9470275380000,0.5018231234254975,0.8711281116632238,43.0,-0.1416881106859117
20190708,2019,014820,동원시스템즈,플라스틱제품제조업,42500,47.0,1997500.0,43046.0,39011.0,20190906,1088786717500,0.501956127857215,0.7801417259469893,49.0,-0.0937410521851042
20190708,2019,282330,BGF리테일,종합소매업,192000,10.0,1920000.0,193001.0,199003.0,20190906,3318509952000,0.5018231234254975,0.7545043697492061,56.0,0.031098521310190863
20190708,2019,004800,효성,기타금융업,73800,27.0,1992600.0,55651.0,67590.0,20190906,1555041645000,0.5018231234254975,0.746938605777293,61.0,0.2145485197781818
20190708,2019,001820,삼화콘덴서,전자부품제조업,45800,43.0,1969400.0,44762.0,46810.0,20190906,476091000000,0.501706456040959,0.7324315906314309,64.0,0.04575891307035107
20190708,2019,009240,한샘,생활용품도매업,69200,28.0,1937600.0,66974.0,97927.0,20200908,1628547817600,0.5016853201350018,0.7071067811865475,76.0,0.462169137915462
20190708,2019,022100,포스코DX,"건축기술,엔지니어링및관련기술서비스업",5400,370.0,1998000.0,5385.0,5014.0,20190906,820987536600,0.501706456040959,0.691320552484229,85.0,-0.06877438196664243
20190708,2019,009680,모토닉,자동차신품부품제조업,9900,202.0,1999800.0,9749.0,12858.0,20201007,326700000000,0.5018231234254975,0.66423325299822,90.0,0.31887450464058653
20190905,2019,004710,한솔테크닉스,전자부품제조업,7000,285.0,1995000.0,7297.0,7267.0,20191111,224769146000,0.501956127857215,1.6487549091514873,1.0,-0.004133533798252653
20190905,2019,036830,솔브레인홀딩스,기타화학제품제조업,70000,28.0,1960000.0,33179.0,35767.0,20191111,1217878970000,0.501956127857215,1.5007332344396271,2.0,0.07799029117704381
20190905,2019,043370,피에이치에이,자동차신품부품제조업,10650,187.0,1991550.0,10456.0,10157.0,20210119,223650000000,0.501956127857215,1.425103740537808,3.0,-0.028605220413272958
20190905,2019,088800,에이스테크,통신및방송장비제조업,9090,220.0,1999800.0,24775.0,18824.0,20191111,353219419980,0.501956127857215,1.374703321935656,4.0,-0.24021701859644773
20190905,2019,085660,차바이오텍,기초의약물질제조업,13950,143.0,1994850.0,13058.0,14261.0,20191111,732103867800,0.5018231234254975,1.3093062364667813,5.0,0.0921426760594759
20190905,2019,030190,NICE평가정보,기타정보서비스업,13400,149.0,1996600.0,13309.0,12904.0,20191111,813578588000,0.501956127857215,1.2979863837199632,6.0,-0.030377806514163552
20190905,2019,078150,HB테크놀러지,특수목적용기계제조업,3325,601.0,1998325.0,3313.0,2769.0,20191111,262643166450,0.5018231234254975,1.2557874207659636,7.0,-0.16422107908132655
20190905,2019,138690,엘아이에스,특수목적용기계제조업,13850,144.0,1994400.0,38647.0,,,221973548350,0.5018231234254975,1.2557874207659636,8.0,-0.09379883025646385
20190905,2019,319660,피에스케이,특수목적용기계제조업,17000,117.0,1989000.0,8609.0,7855.0,20191111,251005340000,0.5018231234254975,1.2557874207659636,9.0,-0.08754366493302079
20190905,2019,000020,동화약품,의약품제조업,8080,247.0,1995760.0,8000.0,8269.0,20191111,225686277600,0.5018231234254975,1.2171389917891409,10.0,0.03362365808942691
20190905,2019,006280,녹십자,의약품제조업,110500,18.0,1989000.0,109556.0,122518.0,20191111,1291362449000,0.5018231234254975,1.2171389917891409,11.0,0.11831497600938201
20190905,2019,185750,종근당,의약품제조업,83700,23.0,1925100.0,62746.0,70981.0,20191111,867993273000,0.5018231234254975,1.2171389917891409,12.0,0.13123751695124275
20190905,2019,234080,JW생명과학,의약품제조업,22400,89.0,1993600.0,22438.0,20891.0,20191111,354694009600,0.5018231234254975,1.2171389917891409,13.0,-0.06892855447200796
20190905,2019,005290,동진쎄미켐,기초화학물질제조업,15550,128.0,1990400.0,15123.0,15517.0,20191111,799495381700,0.501956127857215,1.2156902763042423,14.0,0.026089107321590532
20190905,2019,014680,한솔케미칼,기초화학물질제조업,78700,25.0,1967500.0,81776.0,91692.0,20191111,888931846500,0.501956127857215,1.2156902763042423,15.0,0.12125862452645553
20190905,2019,251370,와이엠티,기초화학물질제조업,30350,65.0,1972750.0,15074.0,15648.0,20191111,224747820000,0.501956127857215,1.2156902763042423,16.0,0.038113960599961194
20190905,2019,099190,아이센스,의료용기기제조업,27550,72.0,1983600.0,13894.0,13593.0,20191111,378460906900,0.501956127857215,1.1724155410252055,17.0,-0.02166108803324651
20190905,2019,041510,에스엠,오디오물출판및원판녹음업,30750,65.0,1998750.0,30365.0,39365.0,20191111,720838455750,0.501706456040959,1.154700538379318,18.0,0.2963891617368162
20190905,2019,082920,비츠로셀,일차전지및이차전지제조업,10250,195.0,1998750.0,5123.0,6335.0,20191204,220776308000,0.5018231234254975,1.1468943112190386,19.0,0.23672242009429967
20190905,2019,140410,메지온,자연과학및공학연구개발업,103000,19.0,1957000.0,35853.0,83136.0,20191111,895013556000,0.5018231234254975,1.1245207496048795,20.0,1.3187896487714856
20190905,2019,226950,올릭스,자연과학및공학연구개발업,34550,57.0,1969350.0,18336.0,18587.0,20191111,224821030550,0.5018231234254975,1.1245207496048795,21.0,0.013674790252909519
20190905,2019,008060,대덕,전자부품제조업,9920,201.0,1993920.0,9848.0,10361.0,20191111,773829162240,0.5018231234254975,1.1165702578493975,22.0,0.052099863916424294
20190905,2019,018880,한온시스템,일반목적용기계제조업,11700,170.0,1989000.0,10693.0,10648.0,20191111,6245460000000,0.501956127857215,1.0782997935863372,23.0,-0.004238529579972505
20190905,2019,001250,GS글로벌,상품종합도매업,2460,813.0,1999980.0,2461.0,3833.0,20220817,203033059440,0.5018231234254975,1.0609894760365195,24.0,0.5578615725502123
20190905,2019,010130,고려아연,1차비철금속제조업,445500,4.0,1782000.0,437190.0,431817.0,20191111,8406585000000,0.501956127857215,1.0456822989616883,25.0,-0.012290794119834025
20190905,2019,028050,삼성E&A,"건축기술,엔지니어링및관련기술서비스업",15550,128.0,1990400.0,15677.0,19028.0,20191111,3047800000000,0.5018231234254975,1.020679555102601,26.0,0.21379411047532249
20190905,2019,093050,LF,봉제의복제조업,20000,100.0,2000000.0,19775.0,20126.0,20191111,584800000000,0.5018231234254975,1.0107651304339893,27.0,0.017791966853295316
20190905,2019,079160,CJ CGV,"영화,비디오물,방송프로그램제작및배급업",34000,58.0,1972000.0,21315.0,22046.0,20191111,719484642000,0.501706456040959,1.0041938805391024,28.0,0.034297143679749675
20190905,2019,215360,우리산업,자동차신품부품제조업,22900,87.0,1992300.0,22956.0,22055.0,20200228,209126532700,0.5018231234254975,0.919299273975736,29.0,-0.039254585691875676
20190905,2019,007070,GS리테일,종합소매업,40300,49.0,1974700.0,34985.0,34813.0,20191111,3103100000000,0.501956127857215,0.9144255504299206,30.0,-0.004911937642775643
20190905,2019,282330,BGF리테일,종합소매업,202500,9.0,1822500.0,199003.0,181556.0,20191111,3499990965000,0.501956127857215,0.9144255504299206,31.0,-0.08767380786101087
20190905,2019,052400,코나아이,소프트웨어개발및공급업,16700,119.0,1987300.0,32404.0,30603.0,20191111,259837270600,0.5018231234254975,0.9135981809253083,32.0,-0.0555767656598678
20190905,2019,064260,다날,소프트웨어개발및공급업,3490,573.0,1999770.0,3480.0,3600.0,20191112,215555365350,0.5018231234254975,0.9135981809253083,33.0,0.034274306162937584
20190905,2019,119860,커넥트웨이브,소프트웨어개발및공급업,21700,92.0,1996400.0,21352.0,26902.0,20191111,283723637400,0.5018231234254975,0.9135981809253083,34.0,0.25997625824678927
20190905,2019,181710,NHN,소프트웨어개발및공급업,61100,32.0,1955200.0,31213.0,33205.0,20191111,1195423027500,0.5018231234254975,0.9135981809253083,35.0,0.06382382770365136
20190905,2019,215000,골프존,소프트웨어개발및공급업,69900,28.0,1957200.0,69235.0,69026.0,20191224,438651508500,0.5018231234254975,0.9135981809253083,36.0,-0.0030078781071670724
20190905,2019,251270,넷마블,소프트웨어개발및공급업,96900,20.0,1938000.0,94906.0,91116.0,20191111,8307245527200,0.5018231234254975,0.9135981809253083,37.0,-0.03993756868481235
20190905,2019,004430,송원산업,기타화학제품제조업,18950,105.0,1989750.0,18769.0,15870.0,20191111,454800000000,0.5018231234254975,0.8903728159490211,38.0,-0.1544431855963616
20190905,2019,008490,서흥,기타화학제품제조업,31500,63.0,1984500.0,31492.0,34038.0,20200316,364427059500,0.5018231234254975,0.8903728159490211,39.0,0.08085500134973245
20190905,2019,048410,현대바이오,기타화학제품제조업,12550,159.0,1995450.0,5939.0,6927.0,20191111,434696759600,0.5018231234254975,0.8903728159490211,40.0,0.1663679077981941
20190905,2019,051900,LG생활건강,기타화학제품제조업,1245000,1.0,1245000.0,1247780.0,1216845.0,20191111,19444655265000,0.5018231234254975,0.8903728159490211,41.0,-0.02479223888037485
20190905,2019,092730,네오팜,기타화학제품제조업,48100,41.0,1972100.0,24554.0,24968.0,20191111,394774064100,0.5018231234254975,0.8903728159490211,42.0,0.016845984619212606
20190905,2019,161890,한국콜마,기타화학제품제조업,45500,43.0,1956500.0,44745.0,46686.0,20191111,1041093690000,0.5018231234254975,0.8903728159490211,43.0,0.04337717708379252
20190905,2019,014820,동원시스템즈,플라스틱제품제조업,39300,50.0,1965000.0,39011.0,31487.0,20191111,1006807482300,0.5018231234254975,0.8665718734998697,47.0,-0.19286817498570086
20190905,2019,030000,제일기획,광고업,25150,79.0,1986850.0,24787.0,24644.0,20191111,2893286808750,0.501956127857215,0.8178870764494628,59.0,-0.005774730556581953
20190905,2019,042670,HD현대인프라코어,특수목적용기계제조업,6190,323.0,1999370.0,5218.0,4854.0,20191111,1288518317010,0.501706456040959,0.8022299769397387,60.0,-0.06971901925010804
20190905,2019,098460,고영,특수목적용기계제조업,78500,25.0,1962500.0,15764.0,19483.0,20191111,1074975153500,0.501706456040959,0.8022299769397387,64.0,0.23585940576407127
20190905,2019,046890,서울반도체,반도체제조업,15150,132.0,1999800.0,14949.0,13947.0,20191111,883326810000,0.501706456040959,0.7523302376707673,68.0,-0.06702491278557399
20190905,2019,001740,SK네트웍스,기타전문도매업,5410,369.0,1996290.0,5310.0,5921.0,20191111,1342695170270,0.501636973278358,0.7071067811865476,73.0,0.11500355924049899
20190905,2019,042520,한스바이오메드,의료용품및기타의약관련제품제조업,22650,88.0,1993200.0,22405.0,22604.0,20191111,224290583100,0.5018231234254975,0.7071067811865475,76.0,0.00890143002202226
20191108,2019,051900,LG생활건강,기타화학제품제조업,1253000,1.0,1253000.0,1216845.0,1405009.0,20200113,19569600841000,0.501956127857215,2.109776960119519,1.0,0.15463249891632969
20191108,2019,203690,아크솔루션스,기초의약물질제조업,4415,453.0,1999995.0,23318.0,,,201661747500,0.501956127857215,1.7852300409926694,2.0,0.05663175080452154
20191108,2019,003850,보령,의약품제조업,14800,135.0,1998000.0,11322.0,11286.0,20200113,654160000000,0.501956127857215,1.7629010326103167,3.0,-0.0031503726768936646
20191108,2019,016580,환인제약,의약품제조업,16000,125.0,2000000.0,16184.0,14787.0,20200626,297601120000,0.501956127857215,1.7629010326103167,4.0,-0.08633938442890843
20191108,2019,002150,도화엔지니어링,"건축기술,엔지니어링및관련기술서비스업",9610,208.0,1998880.0,9258.0,9508.0,20200422,324049200000,0.5018231234254975,1.6279364376896295,5.0,0.02703155492831577
20191108,2019,052400,코나아이,소프트웨어개발및공급업,15800,126.0,1990800.0,30603.0,34594.0,20200113,245834064400,0.501956127857215,1.524017798886746,6.0,0.1303955046957488
20191108,2019,095660,네오위즈,소프트웨어개발및공급업,16450,121.0,1990450.0,16380.0,18585.0,20200113,360501881600,0.501956127857215,1.524017798886746,7.0,0.13458908593793728
20191108,2019,263750,펄어비스,소프트웨어개발및공급업,199900,10.0,1999000.0,40768.0,39671.0,20200113,2603297700000,0.501956127857215,1.524017798886746,8.0,-0.026890302112602127
20191108,2019,007070,GS리테일,종합소매업,39650,50.0,1982500.0,34813.0,33833.0,20200113,3053050000000,0.501956127857215,1.4865595073135895,9.0,-0.02814383543627863
20191108,2019,099190,아이센스,의료용기기제조업,27000,74.0,1998000.0,13593.0,8850.0,20200317,370905426000,0.501956127857215,1.4551458253519711,10.0,-0.3489406271931369
20191108,2019,005290,동진쎄미켐,기초화학물질제조업,15750,126.0,1984500.0,15517.0,17118.0,20200113,809778280500,0.501956127857215,1.4133014051839745,11.0,0.10316606407682394
20191108,2019,251370,와이엠티,기초화학물질제조업,33250,60.0,1995000.0,15648.0,13775.0,20200116,246222900000,0.501956127857215,1.4133014051839745,12.0,-0.11969026791423842
20191108,2019,004800,효성,기타금융업,80900,24.0,1941600.0,62667.0,57171.0,20200113,1704645922500,0.5018231234254975,1.4059768834247355,13.0,-0.08769976081443576
20191108,2019,015860,일진홀딩스,기타금융업,4740,421.0,1995540.0,4551.0,4556.0,20200203,233907069420,0.5018231234254975,1.4059768834247355,14.0,0.0010503371635472991
20191108,2019,027410,BGF,기타금융업,5940,336.0,1995840.0,5908.0,4723.0,20201215,568557738540,0.5018231234254975,1.4059768834247355,15.0,-0.20064775349276232
20191108,2019,060980,HL홀딩스,기타금융업,42600,46.0,1959600.0,42583.0,45742.0,20200113,446110182000,0.5018231234254975,1.4059768834247355,16.0,0.07416727145131485
20191108,2019,088800,에이스테크,통신및방송장비제조업,7100,281.0,1995100.0,18824.0,23200.0,20200529,275891956200,0.501956127857215,1.3163053069802289,17.0,0.2324874054205588
20191108,2019,036800,나이스정보통신,전기통신업,30250,66.0,1996500.0,29645.0,24995.0,20200408,302500000000,0.501956127857215,1.2814488292815815,18.0,-0.15683101156432333
20191108,2019,004710,한솔테크닉스,전자부품제조업,7160,279.0,1997640.0,7267.0,10653.0,20200113,229906726480,0.501956127857215,1.2766046439630836,19.0,0.46595252067206183
20191108,2019,025320,시노펙스,전자부품제조업,2830,706.0,1997980.0,2364.0,2473.0,20200602,205347992240,0.501956127857215,1.2766046439630836,20.0,0.04638217872092332
20191108,2019,051370,인터플렉스,전자부품제조업,16100,124.0,1996400.0,15981.0,15734.0,20200113,375572299200,0.501956127857215,1.2766046439630836,21.0,-0.015485477407216064
20191108,2019,042670,HD현대인프라코어,특수목적용기계제조업,5740,348.0,1997520.0,4854.0,4381.0,20200113,1194845741460,0.5018231234254975,1.2626556282697368,22.0,-0.09749485976109729
20191108,2019,238090,앤디포스,플라스틱제품제조업,6660,300.0,1998000.0,17811.0,12316.0,20200113,279433753200,0.501956127857215,1.2538187581002291,23.0,-0.3085019969785626
20191108,2019,012330,현대모비스,자동차신품부품제조업,242000,8.0,1936000.0,240825.0,241339.0,20200113,23064219948000,0.5018231234254975,1.244519917103882,24.0,0.002132893251569179
20191108,2019,012510,더존비즈온,"컴퓨터프로그래밍,시스템통합및관리업",75600,26.0,1965600.0,76174.0,83417.0,20200113,2243256120000,0.501956127857215,1.2388799407959363,25.0,0.09509072079989922
20191108,2019,054780,키이스트,"영화,비디오물,방송프로그램제작및배급업",2820,709.0,1999380.0,14334.0,15511.0,20200115,240706263420,0.501956127857215,1.1975886408288736,26.0,0.08206461091812645
20191108,2019,003230,삼양식품,도시락및식사용조리식품제조업,91900,21.0,1929900.0,92512.0,101521.0,20200113,692284078500,0.501956127857215,1.1615597073094373,27.0,0.09738115740044262
20191108,2019,049770,동원F&B,도시락및식사용조리식품제조업,218000,9.0,1962000.0,43027.0,45240.0,20200206,841289032000,0.501956127857215,1.1615597073094373,28.0,0.05142961127427337
20191108,2019,159580,제로투세븐,생활용품도매업,12000,166.0,1992000.0,11671.0,10771.0,20200213,240391632000,0.501956127857215,1.1296932821498573,29.0,-0.07707627252831495
20191108,2019,004430,송원산업,기타화학제품제조업,15850,126.0,1997100.0,15870.0,14073.0,20200113,380400000000,0.5018231234254975,1.1232065631845856,30.0,-0.11324913004699799
20191108,2019,018250,애경산업,기타화학제품제조업,29450,67.0,1973150.0,29200.0,32652.0,20200113,777772585750,0.5018231234254975,1.1232065631845856,31.0,0.11822426059105395
20191108,2019,069260,TKG휴켐스,기타화학제품제조업,22400,89.0,1993600.0,22436.0,19234.0,20200113,915680371200,0.5018231234254975,1.1232065631845856,32.0,-0.1426990322068573
20191108,2019,010130,고려아연,1차비철금속제조업,434500,4.0,1738000.0,431817.0,422327.0,20200113,8199015000000,0.5018231234254975,1.060989476036623,33.0,-0.021976657047637405
20191108,2019,060250,NHN KCP,기타정보서비스업,21350,93.0,1985550.0,12398.0,13084.0,20200113,490439240550,0.501956127857215,1.0210829737530878,34.0,0.05537053202424724
20191108,2019,073240,금호타이어,고무제품제조업,4190,477.0,1998630.0,4180.0,4041.0,20200113,1203620602530,0.5018231234254975,1.0107651304339174,35.0,-0.033358384291425014
20191108,2019,035900,JYP Ent.,오디오물출판및원판녹음업,21800,91.0,1983800.0,21838.0,26037.0,20200113,773790825600,0.501706456040959,1.0041938805389872,36.0,0.19224920823142688
20191108,2019,000970,한국주철관,1차철강제조업,10200,196.0,1999200.0,10211.0,10462.0,20200113,232565100000,0.5018231234254975,0.9787962777887743,37.0,0.02459215424257799
20191108,2019,201490,미투온,소프트웨어개발및공급업,6690,298.0,1993620.0,6694.0,6616.0,20201013,209114481300,0.5018231234254975,0.9481131593187826,38.0,-0.011547189197469665
20191108,2019,000020,동화약품,의약품제조업,8370,238.0,1992060.0,8269.0,8219.0,20200113,233786403900,0.5018231234254975,0.9312886363473347,39.0,-0.006122226248479468
20191108,2019,000100,유한양행,의약품제조업,219000,9.0,1971000.0,34934.0,39094.0,20200113,2798188185000,0.5018231234254975,0.9312886363473347,40.0,0.11908791928262574
20191108,2019,067290,JW신약,의약품제조업,4960,403.0,1998880.0,3644.0,3951.0,20200604,206669143360,0.5018231234254975,0.9312886363473347,42.0,0.08440373715045446
20191108,2019,069620,대웅제약,의약품제조업,142000,14.0,1988000.0,141130.0,141620.0,20200113,1645293650000,0.5018231234254975,0.9312886363473347,43.0,0.0034713727754445145
20191108,2019,234080,JW생명과학,의약품제조업,21150,94.0,1988100.0,20891.0,18943.0,20200210,334900817100,0.5018231234254975,0.9312886363473347,44.0,-0.09324248460771989
20191108,2019,082920,비츠로셀,일차전지및이차전지제조업,13150,152.0,1998800.0,6689.0,7169.0,20200113,283239848800,0.501956127857215,0.8960831755116382,45.0,0.07177306465571287
20191108,2019,001740,SK네트웍스,기타전문도매업,5970,335.0,1999950.0,5921.0,5433.0,20200113,1481680252590,0.501636973278358,0.866025403784497,47.0,-0.08238172528842447
20191108,2019,018880,한온시스템,일반목적용기계제조업,11550,173.0,1998150.0,10648.0,10275.0,20200113,6165390000000,0.5018231234254975,0.827619906753586,52.0,-0.03502977934705609
20191108,2019,046890,서울반도체,반도체제조업,14000,142.0,1988000.0,13947.0,16196.0,20200113,816275600000,0.501706456040959,0.7717563728740463,57.0,0.1612462419075209
20191108,2019,078150,HB테크놀러지,특수목적용기계제조업,2810,711.0,1997910.0,2769.0,2978.0,20200114,221963097060,0.501706456040959,0.7341728964464392,61.0,0.07543217060625573
20191108,2019,098460,고영,특수목적용기계제조업,96900,20.0,1938000.0,19483.0,20780.0,20200113,1327428351900,0.501706456040959,0.7341728964464392,64.0,0.06657319879645818
20191108,2019,140410,메지온,자연과학및공학연구개발업,231500,8.0,1852000.0,83136.0,62158.0,20200113,2015427888000,0.501706456040959,0.6978683654073677,87.0,-0.25232981065716753
20200102,2020,208340,파멥신,의약품제조업,38900,51.0,1983900.0,14146.0,10959.0,20200310,268830470100,0.5538461164713708,3.302879391240037,1.0,-0.22533526487459243
20200102,2020,008930,한미사이언스,기타금융업,38150,52.0,1983800.0,35947.0,31792.0,20200305,2469940109000,0.5586209611702694,2.544449224904415,2.0,-0.11559212646480443
20200102,2020,307950,현대오토에버,소프트웨어개발및공급업,49400,40.0,1976000.0,48497.0,39342.0,20200305,1037400000000,0.5434643203000147,1.8923658952172617,3.0,-0.18878311040591966
20200102,2020,121800,비덴트,통신및방송장비제조업,8150,245.0,1996750.0,8055.0,6704.0,20200306,277030912450,0.5202384966583603,1.8696295676715449,4.0,-0.1676563329096471
20200102,2020,012630,HDC,기타금융업,10900,183.0,1994700.0,10806.0,9856.0,20200305,651184758900,0.5409945094667239,1.7954718255281534,5.0,-0.08786967764599762
20200102,2020,018250,애경산업,기타화학제품제조업,29350,68.0,1995800.0,29454.0,27907.0,20200305,775131592250,0.5270243387926191,1.7254303129907373,6.0,-0.052502039522765664
20200102,2020,003000,부광약품,의약품제조업,14050,142.0,1995100.0,11515.0,11930.0,20200305,892615706350,0.5246811743336891,1.7034656730982252,7.0,0.036073260129757756
20200102,2020,272450,진에어,항공여객운송업,15300,130.0,1989000.0,13240.0,11722.0,20200305,459000000000,0.5166765186576401,1.6713867706990244,8.0,-0.11469396022099054
20200102,2020,042670,HD현대인프라코어,특수목적용기계제조업,5500,363.0,1996500.0,4643.0,3683.0,20200305,1144887034500,0.5104217429244644,1.6579236361919736,9.0,-0.20681552817082516
20200102,2020,017800,현대엘리베이터,일반목적용기계제조업,67600,29.0,1960400.0,45097.0,37692.0,20200305,1838674978400,0.5375983599151455,1.5936352564818526,10.0,-0.16418546725609695
20200102,2020,004020,현대제철,1차철강제조업,31200,64.0,1996800.0,30864.0,25398.0,20200305,4163508492000,0.5382225802758309,1.5915760084616724,11.0,-0.17710622700594048
20200102,2020,298040,효성중공업,"전동기,발전기및전기변환ㆍ공급ㆍ제어장치제조업",26900,74.0,1990600.0,27221.0,27466.0,20200623,250830341200,0.5344642607179775,1.5567326097229588,12.0,0.009005352360339502
20200102,2020,215600,신라젠,자연과학및공학연구개발업,14400,138.0,1987200.0,8913.0,7726.0,20200305,1023150600000,0.5654441783050844,1.5278063666389137,13.0,-0.13316980137451617
20200102,2020,038540,상상인,"컴퓨터프로그래밍,시스템통합및관리업",8500,235.0,1997500.0,8555.0,7904.0,20200305,470290660500,0.5468355922863197,1.4797368546996736,14.0,-0.0760327925332821
20200102,2020,085660,차바이오텍,기초의약물질제조업,14650,136.0,1992400.0,13427.0,12921.0,20200305,768840262600,0.5205152377912736,1.4446275806834192,15.0,-0.0376831229433614
20200102,2020,086900,메디톡스,기초의약물질제조업,300600,6.0,1803600.0,260406.0,217510.0,20200305,1748016054000,0.5200861136017394,1.4223602651762612,16.0,-0.16472718909288087
20200102,2020,001820,삼화콘덴서,전자부품제조업,52600,38.0,1998800.0,53540.0,62328.0,20200305,546777000000,0.5114949140007161,1.4123220364230995,17.0,0.16413985286833443
20200102,2020,145720,덴티움,의료용기기제조업,53800,37.0,1990600.0,53445.0,44461.0,20200305,595503054000,0.5171405915978828,1.402341069297944,18.0,-0.16809472880266374
20200102,2020,007310,오뚜기,도시락및식사용조리식품제조업,549000,3.0,1647000.0,549243.0,524113.0,20200305,1979275113000,0.5265622543538357,1.3919793025052047,19.0,-0.04575412251283739
20200102,2020,053580,웹케시,소프트웨어개발및공급업,43400,46.0,1996400.0,22060.0,21585.0,20200305,293542627000,0.5343048896901273,1.3751219778683723,20.0,-0.021540569543376464
20200102,2020,008060,대덕,전자부품제조업,10300,194.0,1998200.0,10360.0,9495.0,20200305,803471811600,0.5103169869261256,1.3529641459014938,21.0,-0.0834620951454873
20200102,2020,002150,도화엔지니어링,"건축기술,엔지니어링및관련기술서비스업",8920,224.0,1998080.0,8546.0,9456.0,20210428,300782400000,0.5576446495581582,1.3423162936064028,22.0,0.10651884515209153
20200102,2020,192650,드림텍,전자부품제조업,6970,286.0,1993420.0,6657.0,6095.0,20200305,425623865490,0.5093389518066501,1.3036791750400405,23.0,-0.0844488993911463
20200102,2020,051900,LG생활건강,기타화학제품제조업,1266000,1.0,1266000.0,1263813.0,1298935.0,20200305,19772637402000,0.5198307681447455,1.2951672983743512,24.0,0.02779029713144565
20200102,2020,067080,대화제약,의약품제조업,12800,156.0,1996800.0,12427.0,11421.0,20200602,233279667200,0.5166499222437761,1.2630295252800035,25.0,-0.08093903725566132
20200102,2020,011690,와이투솔루션,반도체제조업,4960,403.0,1998880.0,24301.0,8751.0,20260225,288643236960,0.5150669560539706,1.2321898978532535,26.0,-0.6398851001563244
20200102,2020,082800,비보존 제약,반도체제조업,2060,970.0,1998200.0,12044.0,9927.0,20201102,245761773920,0.5150330230145029,1.2302873748279044,27.0,-0.17576146996227826
20200102,2020,006650,대한유화,기초화학물질제조업,116000,17.0,1972000.0,114110.0,91086.0,20200305,754000000000,0.5180182993909777,1.216725356548008,28.0,-0.20176404867464126
20200102,2020,282330,BGF리테일,종합소매업,168500,11.0,1853500.0,168575.0,162620.0,20200305,2912338161000,0.5103386912227728,1.2036349995119429,29.0,-0.035326270716744435
20200102,2020,091700,파트론,전자부품제조업,13400,149.0,1996600.0,13168.0,9779.0,20200305,725695894000,0.5072593966884763,1.1988866053632494,30.0,-0.2574010212426848
20200102,2020,192820,코스맥스,기타화학제품제조업,83800,23.0,1927400.0,79849.0,82500.0,20200305,842148854200,0.5182110708673693,1.1982897020535535,31.0,0.03319564973233091
20200102,2020,027410,BGF,기타금융업,5500,363.0,1996500.0,5559.0,4899.0,20210114,526442350500,0.5261041990507636,1.162757643523618,32.0,-0.11876029434757307
20200102,2020,294870,HDC현대산업개발,건물건설업,25400,78.0,1981200.0,23389.0,17133.0,20200305,1116030788000,0.547558419784694,1.1546587252296683,33.0,-0.26747133210699103
20200102,2020,005880,대한해운,해상운송업,23000,86.0,1978000.0,2112.0,1643.0,20200305,561809592000,0.5028794029063363,1.154118453977435,34.0,-0.22236033225631813
20200102,2020,005440,현대지에프홀딩스,종합소매업,11650,171.0,1992150.0,7600.0,5798.0,20200305,1138257215300,0.5096802140782652,1.1450629884155215,35.0,-0.2371588067446434
20200102,2020,047810,한국항공우주,"항공기,우주선및부품제조업",33800,59.0,1994200.0,33955.0,26652.0,20200305,3294658616600,0.5166642973379595,1.1424432650859493,36.0,-0.21507808062665779
20200102,2020,006400,삼성SDI,일차전지및이차전지제조업,232000,8.0,1856000.0,224111.0,316660.0,20200305,15953370960000,0.5162775705395501,1.1359234975511396,37.0,0.4129606287260488
20200102,2020,263750,펄어비스,소프트웨어개발및공급업,182400,10.0,1824000.0,37112.0,36019.0,20200305,2375395200000,0.5297668686630691,1.1188545445506903,38.0,-0.029447200196212053
20200102,2020,035900,JYP Ent.,오디오물출판및원판녹음업,24100,82.0,1976200.0,24187.0,23033.0,20200305,855429307200,0.5152726220182471,1.1080656633777695,39.0,-0.04772130232152472
20200102,2020,054780,키이스트,"영화,비디오물,방송프로그램제작및배급업",2500,800.0,2000000.0,12308.0,14261.0,20200305,213392077500,0.5290764322565709,1.1006840156723134,40.0,0.15869662111181482
20200102,2020,255440,야스,특수목적용기계제조업,20100,99.0,1989900.0,19954.0,15654.0,20200305,262465800000,0.5030851507680605,1.0903232890807144,41.0,-0.21546631196789712
20200102,2020,002350,넥센타이어,고무제품제조업,8900,224.0,1993600.0,8948.0,5788.0,20200410,869244105300,0.5130302988388793,1.0833423155807944,42.0,-0.35312468840354583
20200102,2020,282880,코윈테크,특수목적용기계제조업,25000,80.0,2000000.0,21316.0,25594.0,20200305,227941175000,0.5027114858052704,1.0614144499273945,43.0,0.2007087852307332
20200102,2020,004430,송원산업,기타화학제품제조업,15550,128.0,1990400.0,15221.0,11881.0,20200305,373200000000,0.5154180227897665,1.0312314573148122,48.0,-0.2194207653501541
20200102,2020,010130,고려아연,1차비철금속제조업,424000,4.0,1696000.0,425271.0,418209.0,20200305,8000880000000,0.5071699627106011,0.9437508795984885,57.0,-0.016605239939458172
20200102,2020,049770,동원F&B,도시락및식사용조리식품제조업,223500,8.0,1788000.0,44532.0,32822.0,20200330,862514214000,0.5158873284999017,0.8932504712836813,61.0,-0.26295127383236416
20200102,2020,067290,JW신약,의약품제조업,4920,406.0,1997520.0,3644.0,3847.0,20200622,205002456720,0.5094403255838422,0.8676531948305338,64.0,0.055739366042360405
20200102,2020,238090,앤디포스,플라스틱제품제조업,4600,434.0,1996400.0,12563.0,10735.0,20200424,230566324400,0.5151517944402679,0.7760557583920229,69.0,-0.14547553540945457
20200102,2020,069620,대웅제약,의약품제조업,136500,14.0,1911000.0,135612.0,101067.0,20200305,1581567487500,0.5072764435787783,0.7489852905020764,73.0,-0.2547322061354774
20200102,2020,098460,고영,특수목적용기계제조업,104300,19.0,1981700.0,20660.0,19756.0,20200305,1430782289300,0.49858772706553334,0.7423771036800997,74.0,-0.04378971954666677
20200304,2020,042670,HD현대인프라코어,특수목적용기계제조업,4260,469.0,1997940.0,3683.0,3792.0,20200508,886767048540,0.567951180370926,2.942667195294396,1.0,0.029631259444675706
20200304,2020,208340,파멥신,의약품제조업,31800,62.0,1971600.0,11783.0,13075.0,20200604,219763726200,0.5485983425858595,2.5428257045003666,2.0,0.10962904700099263
20200304,2020,192650,드림텍,전자부품제조업,5940,336.0,1995840.0,6095.0,6459.0,20200511,372573639900,0.5368563540441,2.074580699349142,3.0,0.05977375331667911
20200304,2020,255440,야스,특수목적용기계제조업,15600,128.0,1996800.0,15654.0,18900.0,20210702,203704800000,0.5458434860922254,2.0367851683070417,4.0,0.2073068099815054
20200304,2020,004430,송원산업,기타화학제품제조업,11750,170.0,1997500.0,11881.0,13829.0,20200514,282000000000,0.5639027455459626,1.9752163893768426,5.0,0.16400769398700032
20200304,2020,143160,아이디스,통신및방송장비제조업,21450,93.0,1994850.0,21747.0,34168.0,20200914,229866565500,0.5502162378600517,1.861022344930228,6.0,0.5711554423913803
20200304,2020,307950,현대오토에버,소프트웨어개발및공급업,38650,51.0,1971150.0,39342.0,42737.0,20200508,811650000000,0.5347612265174566,1.7704765706128138,7.0,0.08631426252804464
20200304,2020,005420,코스모화학,기타화학제품제조업,8650,231.0,1998150.0,7401.0,7462.0,20200612,225858636250,0.5573889604750479,1.7288599789904697,8.0,0.008157244529561902
20200304,2020,006650,대한유화,기초화학물질제조업,91100,21.0,1913100.0,91086.0,128629.0,20200508,592150000000,0.551567752027032,1.6721687589920664,9.0,0.4121623628626494
20200304,2020,023530,롯데쇼핑,종합소매업,97600,20.0,1952000.0,98755.0,93457.0,20200508,2760982488000,0.5674849143857921,1.5987971282337798,10.0,-0.05364871735054322
20200304,2020,012330,현대모비스,자동차신품부품제조업,209000,9.0,1881000.0,210014.0,175656.0,20200508,19866431046000,0.5344430178447096,1.5728372710105263,11.0,-0.16360136537030312
20200304,2020,007310,오뚜기,도시락및식사용조리식품제조업,516000,3.0,1548000.0,524113.0,538042.0,20200508,1860302292000,0.5179981142479526,1.5451708930440042,12.0,0.026575892808446522
20200304,2020,179900,유티아이,전자부품제조업,15750,126.0,1984500.0,15817.0,17864.0,20200601,249872096250,0.5262436269603954,1.5043484156159435,13.0,0.1294410049368433
20200304,2020,069620,대웅제약,의약품제조업,100000,20.0,2000000.0,101067.0,105028.0,20200508,1158657500000,0.52696113316119,1.479405198132571,14.0,0.039185097358890086
20200304,2020,003000,부광약품,의약품제조업,13250,150.0,1987500.0,11930.0,20399.0,20200508,818723197500,0.5248210893258722,1.3742268244182523,15.0,0.7098900343579242
20200304,2020,002380,KCC,기타화학제품제조업,168000,11.0,1848000.0,174786.0,157329.0,20200508,1492927128000,0.5471546591514918,1.3417907543484369,16.0,-0.09987697596249834
20200304,2020,091700,파트론,전자부품제조업,9760,204.0,1991040.0,9779.0,8092.0,20200508,528566561600,0.5230510323234635,1.3328071598677051,17.0,-0.17245411178059677
20200304,2020,025540,한국단자,"전동기,발전기및전기변환ㆍ공급ㆍ제어장치제조업",32550,61.0,1985550.0,32718.0,36177.0,20200714,339008250000,0.5610633630888442,1.3281967144974833,18.0,0.10574114791513689
20200304,2020,008930,한미사이언스,기타금융업,31150,64.0,1993600.0,31792.0,28199.0,20200508,2056247291350,0.5627194773273195,1.3211843140592159,19.0,-0.11299802770492284
20200304,2020,004990,롯데지주,기타금융업,29850,67.0,1999950.0,30925.0,38728.0,20200508,3131540724450,0.562509354735785,1.314203422624967,20.0,0.25230177891447636
20200304,2020,085660,차바이오텍,기초의약물질제조업,13350,149.0,1989150.0,12921.0,17718.0,20200508,700615529400,0.5348703386200059,1.2981642455700388,21.0,0.37127149625686884
20200304,2020,048260,오스템임플란트,의료용기기제조업,35600,56.0,1993600.0,305566.0,292815.0,20200508,508571525200,0.5332662344722513,1.2907218066110675,22.0,-0.04172818059615657
20200304,2020,010620,현대미포조선,선박및보트건조업,36850,54.0,1989900.0,37701.0,34291.0,20200618,1471868190650,0.5467497442725341,1.2748335066472518,23.0,-0.09045687097185828
20200304,2020,005440,현대지에프홀딩스,종합소매업,8650,231.0,1998150.0,5798.0,5370.0,20200508,845143769300,0.5585963476305897,1.2518969972360832,24.0,-0.07380795891394476
20200304,2020,011170,롯데케미칼,기초화학물질제조업,183500,10.0,1835000.0,174972.0,186342.0,20200508,6289539386500,0.5406179171676936,1.2404448597733266,25.0,0.06498071937636807
20200304,2020,234080,JW생명과학,의약품제조업,17050,117.0,1994850.0,17444.0,19293.0,20200515,269979145700,0.5218463786613872,1.228026440670166,26.0,0.10599452729419956
20200304,2020,145720,덴티움,의료용기기제조업,44200,45.0,1989000.0,44461.0,35653.0,20201015,489242286000,0.5319826070318866,1.2228716736034824,27.0,-0.1981052190158663
20200304,2020,030000,제일기획,광고업,19850,100.0,1985000.0,20093.0,17692.0,20200508,2283568316250,0.5220277516772979,1.2166799513212092,28.0,-0.11949951243649248
20200304,2020,061970,LB세미콘,반도체제조업,7770,257.0,1996890.0,8092.0,7226.0,20200512,340206279840,0.49598795265717327,1.2122858187109018,29.0,-0.10710302547513117
20200304,2020,003090,대웅,기타금융업,10650,187.0,1991550.0,10561.0,16967.0,20200508,619212087000,0.5592972775227049,1.207488756014484,30.0,0.6066789072667496
20200304,2020,049070,인탑스,통신및방송장비제조업,12300,162.0,1992600.0,12741.0,17978.0,20200904,211560000000,0.5345115518290293,1.173672771237667,31.0,0.41109078276834676
20200304,2020,298000,효성화학,기초화학물질제조업,108000,18.0,1944000.0,109895.0,98475.0,20200821,344533608000,0.5380615605273985,1.1396542751919818,32.0,-0.10391561052398723
20200304,2020,042000,카페24,"자료처리,호스팅,포털및기타인터넷정보매개서비스업",35100,56.0,1965600.0,17777.0,22176.0,20200511,331013954700,0.5777648669301857,1.118672176742323,33.0,0.24741199138288028
20200304,2020,011780,금호석유화학,기초화학물질제조업,61900,32.0,1980800.0,66024.0,72140.0,20200508,1885950072900,0.5370374490302985,1.0992761859840248,34.0,0.09263714843951987
20200304,2020,079160,CJ CGV,"영화,비디오물,방송프로그램제작및배급업",24400,81.0,1976400.0,16349.0,15179.0,20200508,516336037200,0.562924186876291,1.0941070775561144,35.0,-0.07153787369123621
20200304,2020,081660,미스토홀딩스,생활용품도매업,38300,52.0,1991600.0,38658.0,33713.0,20200508,2340707181000,0.5446119700168316,1.086461823914663,36.0,-0.12791262497510092
20200304,2020,006260,LS,기타금융업,36200,55.0,1991000.0,38078.0,36333.0,20200508,1165640000000,0.5555960974327557,1.0845246511181603,37.0,-0.04581721228702018
20200304,2020,035760,CJ ENM,텔레비전방송업,129900,15.0,1948500.0,129484.0,120401.0,20200508,2848597104600,0.5672289581284524,1.0793671056915055,38.0,-0.07014823429437544
20200304,2020,038540,상상인,"컴퓨터프로그래밍,시스템통합및관리업",7870,254.0,1998980.0,7904.0,8075.0,20200508,435433823310,0.5331923866360841,1.0594844388778033,42.0,0.021584209634406326
20200304,2020,215600,신라젠,자연과학및공학연구개발업,11700,170.0,1989000.0,7726.0,10042.0,20221028,837159862500,0.5683373299531523,1.0452243051457661,44.0,0.299713544728476
20200304,2020,049770,동원F&B,도시락및식사용조리식품제조업,207000,9.0,1863000.0,41933.0,41016.0,20200511,798838668000,0.5103332927480375,1.0428087010022398,45.0,-0.02186429315640126
20200304,2020,263750,펄어비스,소프트웨어개발및공급업,178900,11.0,1967900.0,36019.0,41967.0,20200508,2329814700000,0.5221197915597172,1.0343622007081192,46.0,0.1651325147043603
20200304,2020,121800,비덴트,통신및방송장비제조업,6740,296.0,1995040.0,6945.0,9992.0,20210915,229102865020,0.5300831348188478,0.9798535163943421,47.0,0.43886188302643303
20200304,2020,005880,대한해운,해상운송업,17450,114.0,1989300.0,1643.0,1689.0,20200508,426253052050,0.5299293519294926,0.949873990436837,52.0,0.028558731920655944
20200304,2020,017800,현대엘리베이터,일반목적용기계제조업,55400,36.0,1994400.0,37692.0,43750.0,20200508,1506843103600,0.5536504841355684,0.9334824251391599,53.0,0.16071755531344056
20200304,2020,086900,메디톡스,기초의약물질제조업,279300,7.0,1955100.0,217510.0,128021.0,20200508,1624154637000,0.5264368066963846,0.8433247964772133,61.0,-0.4114269357900918
20200304,2020,002350,넥센타이어,고무제품제조업,6270,318.0,1993860.0,6319.0,5929.0,20200508,612377588790,0.5532899705383468,0.7973584454517593,67.0,-0.0617203519873335
20200304,2020,012630,HDC,기타금융업,9400,212.0,1992800.0,9856.0,9307.0,20200508,561572177400,0.5468001870276159,0.7922985979592213,69.0,-0.05569758453071105
20200304,2020,192820,코스맥스,기타화학제품제조업,84000,23.0,1932000.0,82500.0,85833.0,20200508,844158756000,0.5308319212215621,0.7244521286006457,76.0,0.040402152481958
20200304,2020,047810,한국항공우주,"항공기,우주선및부품제조업",25750,77.0,1982750.0,26652.0,24051.0,20200508,2509984005250,0.5348898187802883,0.7071067811865517,80.0,-0.09759456654062748
20200507,2020,049950,미래컴퍼니,특수목적용기계제조업,30400,65.0,1976000.0,28557.0,26813.0,20200811,254214102400,0.5323713475672324,3.3958775891554382,1.0,-0.06104769052763437
20200507,2020,208340,파멥신,의약품제조업,33150,60.0,1989000.0,12195.0,15225.0,20200727,229093318350,0.5554706796545458,3.0846943964091884,2.0,0.24841016016942286
20200507,2020,112040,위메이드,소프트웨어개발및공급업,24400,81.0,1976400.0,12578.0,19213.0,20201013,409920000000,0.5463945203308953,2.710255718848662,3.0,0.5274316744742058
20200507,2020,008930,한미사이언스,기타금융업,28900,69.0,1994100.0,28199.0,54988.0,20201013,1907722206100,0.5448174045156333,2.529060004641932,4.0,0.9499928891724836
20200507,2020,005420,코스모화학,기타화학제품제조업,7770,257.0,1996890.0,6825.0,7005.0,20200708,202881110250,0.5305719683907631,2.2332369289736436,5.0,0.02641003533193209
20200507,2020,234080,JW생명과학,의약품제조업,15950,125.0,1993750.0,16946.0,19493.0,20200707,252561136300,0.5420154679455229,2.218482829254376,6.0,0.15030293053628951
20200507,2020,086900,메디톡스,기초의약물질제조업,125500,15.0,1882500.0,128021.0,180456.0,20200707,750169849500,0.5349315060966764,1.9499572079225997,7.0,0.4095877108190267
20200507,2020,034220,LG디스플레이,전자부품제조업,10800,185.0,1998000.0,10072.0,11270.0,20200707,3864409560000,0.5331352844949852,1.828150381667711,8.0,0.11892887396658791
20200507,2020,010060,OCI홀딩스,기초화학물질제조업,38800,51.0,1978800.0,32633.0,33072.0,20200707,925355594800,0.519821272851059,1.7787053181875796,9.0,0.01346654350911547
20200507,2020,143160,아이디스,통신및방송장비제조업,23600,84.0,1982400.0,23805.0,25115.0,20201022,252906804000,0.5359964135191607,1.7678884537677761,10.0,0.05500769910251124
20200507,2020,226950,올릭스,자연과학및공학연구개발업,38250,52.0,1989000.0,19363.0,23643.0,20200707,251031728250,0.5394660354457048,1.6847311126602542,11.0,0.2210065261063232
20200507,2020,048260,오스템임플란트,의료용기기제조업,34500,57.0,1966500.0,292815.0,254680.0,20200707,492857236500,0.5079036814264104,1.6504084263893801,12.0,-0.13023661169281597
20200507,2020,270870,뉴트리,도시락및식사용조리식품제조업,24650,81.0,1996650.0,24870.0,27870.0,20200707,223642646600,0.5079371299847816,1.6103031992139867,13.0,0.12061986659578383
20200507,2020,042520,한스바이오메드,의료용품및기타의약관련제품제조업,20450,97.0,1983650.0,21799.0,21198.0,20200717,202505184300,0.5440634707260813,1.4963487484026166,14.0,-0.027562223661238394
20200507,2020,051370,인터플렉스,전자부품제조업,10650,187.0,1991550.0,10740.0,12838.0,20200707,248437576800,0.5253633619025757,1.459986161769299,15.0,0.19536890038368093
20200507,2020,238090,앤디포스,플라스틱제품제조업,4110,486.0,1997460.0,11172.0,16890.0,20200907,209195991480,0.5300327105684886,1.4430051013330447,16.0,0.5118460914516778
20200507,2020,093370,후성,기초화학물질제조업,6890,290.0,1998100.0,6745.0,7857.0,20200707,638060982910,0.5140019077134818,1.4255977362425656,17.0,0.16495661254573757
20200507,2020,204320,HL만도,자동차신품부품제조업,22950,87.0,1996650.0,24742.0,23244.0,20200707,1077665904000,0.5355965967855996,1.4046201675562178,18.0,-0.060555285793029934
20200507,2020,243840,신흥에스이씨,일차전지및이차전지제조업,30550,65.0,1985750.0,6512.0,8722.0,20200707,205363973750,0.5189940957366188,1.3950559644714198,19.0,0.33937825246537034
20200507,2020,002380,KCC,기타화학제품제조업,157500,12.0,1890000.0,157329.0,135411.0,20200707,1399619182500,0.514746888029164,1.3610182423886714,20.0,-0.1393096167986908
20200507,2020,003070,코오롱글로벌,토목건설업,8130,246.0,1999980.0,8086.0,17272.0,20200827,204960860940,0.5124106551013993,1.3401138975601272,21.0,1.1358824795657978
20200507,2020,122990,와이솔,전자부품제조업,10900,183.0,1994700.0,11127.0,13023.0,20200707,307074156900,0.5214535333354939,1.2747734338733656,22.0,0.1703999984541522
20200507,2020,067290,JW신약,의약품제조업,4860,411.0,1997460.0,3614.0,3678.0,20200721,202502426760,0.5272067015928581,1.2651329312836666,23.0,0.01777463637034349
20200507,2020,000660,SK하이닉스,반도체제조업,82400,24.0,1977600.0,85123.0,84884.0,20200707,59987394876000,0.5182447067505132,1.2486301944312477,24.0,-0.0028105013658084044
20200507,2020,128940,한미약품,의약품제조업,259000,7.0,1813000.0,256372.0,227166.0,20200707,3067344511000,0.5265247994557968,1.2212338435871122,25.0,-0.1139203465741534
20200507,2020,023530,롯데쇼핑,종합소매업,94900,21.0,1992900.0,93457.0,80696.0,20200707,2684602849500,0.5061896110613217,1.1777745166820708,26.0,-0.13653569009688016
20200507,2020,011000,진원생명과학,의약품제조업,9960,200.0,1992000.0,5969.0,5981.0,20200707,329863327680,0.5257914666615324,1.1740237838197305,27.0,0.002043292809882802
20200507,2020,074610,이엔플러스,일반목적용기계제조업,5600,357.0,1999200.0,58717.0,43763.0,20210611,208442735200,0.5383504045772899,1.1496018346817187,28.0,-0.25468469290154616
20200507,2020,207760,미스터블루,기타정보서비스업,8380,238.0,1994440.0,2754.0,4540.0,20200717,205435733520,0.5150826995904034,1.141208824176477,29.0,0.6486429973474532
20200507,2020,081660,미스토홀딩스,생활용품도매업,33750,59.0,1991250.0,33713.0,40962.0,20201013,2050387492500,0.5080057098402919,1.138278059071296,30.0,0.21502925181363275
20200507,2020,028050,삼성E&A,"건축기술,엔지니어링및관련기술서비스업",11600,172.0,1995200.0,11662.0,12254.0,20200707,2273600000000,0.5372641420066743,1.1242897818419597,31.0,0.05075535832654543
20200507,2020,012630,HDC,기타금융업,9240,216.0,1995840.0,9307.0,8596.0,20200707,552013502040,0.5169603058364516,1.120141565043319,32.0,-0.07646029896302198
20200507,2020,200670,휴메딕스,의약품제조업,20250,98.0,1984500.0,21243.0,26590.0,20200708,201916678500,0.5249544477176192,1.1201386791610566,33.0,0.25174517112827166
20200507,2020,092730,네오팜,기타화학제품제조업,31750,62.0,1968500.0,16802.0,17437.0,20200707,260583711750,0.5101915708855789,1.109946358697185,34.0,0.037810978680224094
20200507,2020,096770,SK이노베이션,석유정제품제조업,98700,20.0,1974000.0,96924.0,131201.0,20200707,9126351166800,0.5307368420308209,1.1063295887283882,35.0,0.35364304639660316
20200507,2020,052710,아모텍,전자부품제조업,21850,91.0,1988350.0,14598.0,19550.0,20200707,212893421100,0.5177505546538103,1.0993594045347292,36.0,0.33915970473112944
20200507,2020,010140,삼성중공업,선박및보트건조업,4260,469.0,1997940.0,4026.0,5417.0,20200707,2683800000000,0.5716589464413284,1.0972694947459627,37.0,0.34566166820274336
20200507,2020,105630,한세실업,봉제의복제조업,11700,170.0,1989000.0,11843.0,11095.0,20200707,468000000000,0.5259669930866564,1.0869541910430895,38.0,-0.06313775847842718
20200507,2020,010130,고려아연,1차비철금속제조업,373500,5.0,1867500.0,374298.0,366288.0,20200707,7047945000000,0.5142265035333428,1.072235474791456,39.0,-0.021398470308251927
20200507,2020,267260,HD현대일렉트릭,"전동기,발전기및전기변환ㆍ공급ㆍ제어장치제조업",8050,248.0,1996400.0,8072.0,8093.0,20200707,290179436750,0.5275369189457911,1.0512522327300027,40.0,0.0027150691367103796
20200507,2020,060570,드림어스컴퍼니,기타전문도매업,5200,384.0,1996800.0,5290.0,5762.0,20210427,295671204400,0.5120881132335969,1.0449214356550258,41.0,0.08923965617607643
20200507,2020,042000,카페24,"자료처리,호스팅,포털및기타인터넷정보매개서비스업",48300,41.0,1980300.0,22754.0,28081.0,20200707,455497835100,0.5379307169099823,1.03429810347915,43.0,0.2341359833194081
20200507,2020,030000,제일기획,광고업,17350,115.0,1995250.0,17692.0,17340.0,20200707,1995965253750,0.5127130677575761,0.9591937435875196,48.0,-0.019912121889871126
20200507,2020,005440,현대지에프홀딩스,종합소매업,8170,244.0,1993480.0,5370.0,5257.0,20200707,798245617940,0.5018942265167036,0.9374963036843545,50.0,-0.02103337864081789
20200507,2020,263750,펄어비스,소프트웨어개발및공급업,199300,10.0,1993000.0,41967.0,43720.0,20200707,2606814105000,0.504576795074174,0.8859734696858502,58.0,0.04175896951135427
20200507,2020,121800,비덴트,통신및방송장비제조업,7120,280.0,1993600.0,7467.0,9430.0,20211013,242019643760,0.5147678522528504,0.8639078963971256,61.0,0.2629801058448591
20200507,2020,038540,상상인,"컴퓨터프로그래밍,시스템통합및관리업",8120,246.0,1997520.0,8075.0,6042.0,20200707,449265901560,0.5029923195934638,0.828269995668722,65.0,-0.25176641806603206
20200507,2020,035760,CJ ENM,텔레비전방송업,122000,16.0,1952000.0,120401.0,114907.0,20200707,2675356788000,0.5000483327234494,0.7630460259309594,68.0,-0.04562717026100327
20200507,2020,061970,LB세미콘,반도체제조업,7350,272.0,1999200.0,7236.0,8654.0,20200707,321816751200,0.5089718696034684,0.7111219911704381,74.0,0.19599432338823441
20200507,2020,047810,한국항공우주,"항공기,우주선및부품제조업",24100,82.0,1976200.0,24051.0,24456.0,20200707,2349150078700,0.5193253571594697,0.707106781186543,88.0,0.01684557702296141
20200706,2020,091700,파트론,전자부품제조업,9130,219.0,1999470.0,9030.0,10131.0,20200904,494448023300,0.541269405172983,2.3596483416254737,1.0,0.12189414649151309
20200706,2020,243070,휴온스,의약품제조업,62000,32.0,1984000.0,51288.0,59313.0,20200904,612606128000,0.5462072023756797,2.0987601242181553,2.0,0.1564580587228599
20200706,2020,082270,젬백스,특수목적용기계제조업,23000,86.0,1978000.0,23000.0,,,903012269000,0.5378270502992192,1.990176568216359,3.0,-0.026245557512004192
20200706,2020,006840,AK홀딩스,기타금융업,19200,104.0,1996800.0,19199.0,26295.0,20210115,254353171200,0.5471321608895938,1.9244866273092573,4.0,0.3696075586550964
20200706,2020,170900,동아에스티,의약품제조업,91200,21.0,1915200.0,80509.0,86288.0,20200904,770080761600,0.5437657710496754,1.8901204721831864,5.0,0.07177915650708688
20200706,2020,000100,유한양행,의약품제조업,52300,38.0,1987400.0,43617.0,54584.0,20200904,3496611163000,0.5437389256940098,1.887826323826377,6.0,0.2514337119835217
20200706,2020,036490,SK머티리얼즈,기초화학물질제조업,201900,9.0,1817100.0,197690.0,248653.0,20200904,2129575178700,0.5370006714625998,1.8038307583734143,7.0,0.2577933374627377
20200706,2020,319660,피에스케이,특수목적용기계제조업,28200,70.0,1974000.0,13639.0,13615.0,20200904,416373564000,0.5355690238935468,1.793496744295649,8.0,-0.0017798633144744391
20200706,2020,179900,유티아이,전자부품제조업,16000,125.0,2000000.0,15616.0,13422.0,20200921,257870320000,0.5351789751648177,1.7589241917282776,9.0,-0.1405474051476785
20200706,2020,204320,HL만도,자동차신품부품제조업,23450,85.0,1993250.0,23244.0,30766.0,20200904,1101144464000,0.5391225117421039,1.7329603202156598,10.0,0.32362998107407437
20200706,2020,079940,가비아,소프트웨어개발및공급업,14950,133.0,1988350.0,15302.0,16401.0,20200904,202358475800,0.5412349396157183,1.7215211291981283,11.0,0.07180318684664022
20200706,2020,001820,삼화콘덴서,전자부품제조업,53500,37.0,1979500.0,55134.0,55542.0,20200904,556132500000,0.5345961538196491,1.7014381264342062,12.0,0.007403650666222283
20200706,2020,084110,휴온스글로벌,의약품제조업,34000,58.0,1972000.0,30228.0,49478.0,20210416,389780318000,0.5406219871475566,1.6214592272712942,13.0,0.6368359958079763
20200706,2020,265520,AP시스템,특수목적용기계제조업,24950,80.0,1996000.0,24599.0,23138.0,20200904,361281663650,0.5335418475420026,1.616924545283122,14.0,-0.05939612089374302
20200706,2020,204270,제이앤티씨,전자부품제조업,14050,142.0,1995100.0,14097.0,11700.0,20200904,812770947300,0.5336045900437784,1.6036361148307214,15.0,-0.17007864330457223
20200706,2020,005420,코스모화학,기타화학제품제조업,8140,245.0,1994300.0,6936.0,9467.0,20200904,212542115500,0.5342580873145824,1.484297509184096,16.0,0.36482229341530137
20200706,2020,002380,KCC,기타화학제품제조업,136000,14.0,1904000.0,135411.0,141887.0,20200904,1208560056000,0.5341117586200149,1.4778721201042913,17.0,0.04782261285143319
20200706,2020,141080,리가켐바이오,자연과학및공학연구개발업,52800,37.0,1953600.0,48209.0,54694.0,20200904,625252478400,0.5464389661789398,1.4412557335980074,18.0,0.1345089308924119
20200706,2020,267260,HD현대일렉트릭,"전동기,발전기및전기변환ㆍ공급ㆍ제어장치제조업",8060,248.0,1998880.0,8093.0,17384.0,20200909,290539908100,0.5401837923765036,1.439207114173622,19.0,1.1479263846997032
20200706,2020,006060,화승인더,플라스틱제품제조업,7050,283.0,1995150.0,7458.0,7120.0,20200904,390006000000,0.5511615067747471,1.4076826384483125,20.0,-0.04533468114094841
20200706,2020,000660,SK하이닉스,반도체제조업,86000,23.0,1978000.0,84884.0,78773.0,20200904,62608203390000,0.518812361138514,1.34528388514304,21.0,-0.07199160201889043
20200706,2020,000640,동아쏘시오홀딩스,기타금융업,99300,20.0,1986000.0,93159.0,101927.0,20200907,609532892100,0.5384069354778857,1.3301752432667522,22.0,0.0941181775866653
20200706,2020,086450,동국제약,의약품제조업,137000,14.0,1918000.0,26301.0,26199.0,20200923,1218204000000,0.5371406986849756,1.3239555433749317,23.0,-0.003907777186867634
20200706,2020,243840,신흥에스이씨,일차전지및축전지제조업,39950,50.0,1997500.0,8722.0,8562.0,20200904,269416088400,0.495178639070779,1.2732545636683672,24.0,-0.018308917800708202
20200706,2020,023530,롯데쇼핑,종합소매업,81700,24.0,1960800.0,80696.0,78603.0,20200904,2311191283500,0.5421447412475621,1.1972168361311506,25.0,-0.025945132920017322
20200706,2020,031390,녹십자셀,기초의약물질및생물학적제제제조업,42750,46.0,1966500.0,41472.0,43622.0,20200904,517751662500,0.5175404685971323,1.1890176411211026,26.0,0.0518257703718803
20200706,2020,089970,브이엠,특수목적용기계제조업,15300,130.0,1989000.0,14999.0,13551.0,20201109,355489303500,0.5285072734868983,1.1784003826842242,27.0,-0.09656051510017727
20200706,2020,270870,뉴트리,기타식품제조업,27150,73.0,1981950.0,27870.0,22663.0,20200918,246324456600,0.5096771157671414,1.1634962072918873,28.0,-0.18682336251874054
20200706,2020,089590,제주항공,항공여객운송업,16400,121.0,1984400.0,13786.0,15505.0,20201203,432250831200,0.512682174776554,1.1546260778732214,29.0,0.12472244748269201
20200706,2020,093320,케이아이엔엑스,"자료처리,호스팅,포털및기타인터넷정보매개서비스업",61400,32.0,1964800.0,60681.0,88478.0,20200904,299632000000,0.5104283555944003,1.154553575088124,30.0,0.4580752000800694
20200706,2020,000720,현대건설,토목건설업,34600,57.0,1972200.0,32978.0,31130.0,20200904,3852909469000,0.5047248097659325,1.1445539206589883,31.0,-0.05603859385046006
20200706,2020,155650,와이엠씨,전자부품제조업,10050,199.0,1999950.0,10990.0,11790.0,20200907,200742297900,0.5289296120514041,1.14252381627512,32.0,0.07280713833115793
20200706,2020,001630,종근당홀딩스,의약품제조업,119000,16.0,1904000.0,121947.0,119964.0,20200904,596173459000,0.5349737525587575,1.138772826606642,33.0,-0.016259666929291816
20200706,2020,096530,씨젠,의료용품및기타의약관련제품제조업,130000,15.0,1950000.0,66393.0,117267.0,20200904,3410422600000,0.5496872677189104,1.1278274319442476,34.0,0.7662641079834167
20200706,2020,128940,한미약품,의약품제조업,245500,8.0,1964000.0,227166.0,278730.0,20200904,2907463619500,0.5346597649461221,1.1119400971557811,35.0,0.2269904459659291
20200706,2020,010060,OCI홀딩스,기초화학물질제조업,42100,47.0,1978700.0,33072.0,53892.0,20200904,1004058519100,0.5277952810111137,1.1087028869164184,36.0,0.6295252362325772
20200706,2020,004430,송원산업,기타화학제품제조업,12900,155.0,1999500.0,13381.0,12636.0,20200925,309600000000,0.5253812513514999,1.0945098121844268,37.0,-0.055678174313839035
20200706,2020,321550,티움바이오,자연과학및공학연구개발업,14500,137.0,1986500.0,14208.0,17660.0,20200904,340341477000,0.543492961119228,1.0623286320294616,38.0,0.24293651322354215
20200706,2020,048260,오스템임플란트,의료용기기제조업,30300,66.0,1999800.0,254680.0,344953.0,20200904,432857225100,0.5375738909034598,1.0604714575308487,39.0,0.35445657765606087
20200706,2020,214150,클래시스,의료용기기제조업,14300,139.0,1987700.0,14098.0,13699.0,20200904,925341102400,0.537451932487303,1.0514871632608394,40.0,-0.02830123594159939
20200706,2020,005880,대한해운,해상운송업,17250,115.0,1983750.0,1592.0,2747.0,20201224,421367630250,0.5254384561351207,1.0457478692223272,41.0,0.7255704755831021
20200706,2020,267270,HD건설기계,일반목적용기계제조업,21250,94.0,1997500.0,21153.0,22806.0,20200904,418641851250,0.521318103467241,1.0335450955499215,42.0,0.07815262086358743
20200706,2020,288330,파라택시스코리아,기초의약물질및생물학적제제제조업,40900,48.0,1963200.0,10144.0,9686.0,20200909,260003672200,0.5159872171565189,1.029282558399389,43.0,-0.04520171533370887
20200706,2020,120110,코오롱인더,화학섬유제조업,35350,56.0,1979600.0,35333.0,33180.0,20200904,953701994000,0.4991998516606151,1.0179301183034224,44.0,-0.06092673393129
20200706,2020,038540,상상인,"컴퓨터프로그래밍,시스템통합및관리업",6060,330.0,1999800.0,6042.0,8583.0,20210608,335289576780,0.523486326006555,1.0090906018037464,45.0,0.4205431929350114
20200706,2020,218410,RFHIC,통신및방송장비제조업,37100,53.0,1966300.0,37519.0,36533.0,20201203,884746702000,0.5105089038558506,1.000307362610528,46.0,-0.026292696708839047
20200706,2020,066570,LG전자,통신및방송장비제조업,68100,29.0,1974900.0,65354.0,83829.0,20200904,11144416133400,0.5104797661231355,0.9989566646330517,47.0,0.282697636317202
20200706,2020,234080,JW생명과학,의약품제조업,19500,102.0,1989000.0,19493.0,20336.0,20200904,308773803000,0.5322402353279466,0.9051721195978689,58.0,0.04323348616224121
20200706,2020,226950,올릭스,자연과학및공학연구개발업,46650,42.0,1959300.0,23643.0,27066.0,20200904,306160264650,0.542104674643377,0.8837616031960235,60.0,0.14478591544687247
20200706,2020,105630,한세실업,봉제의복제조업,11250,177.0,1991250.0,11095.0,18695.0,20201008,450000000000,0.5307109155919858,0.7071067811865497,84.0,0.6849492408796638
20200903,2020,308170,씨티알모빌리티,자동차신품부품제조업,25150,79.0,1986850.0,24524.0,27564.0,20210129,216541500000,0.5362452289315938,2.347474010845672,1.0,0.12396010851299755
20200903,2020,243070,휴온스,의약품제조업,72600,27.0,1960200.0,59313.0,49959.0,20201109,717342014400,0.5567490355128751,2.2488083483032426,2.0,-0.15770536466071738
20200903,2020,084990,헬릭스미스,자연과학및공학연구개발업,48050,41.0,1970050.0,39208.0,17318.0,20201109,1286092557700,0.5585265233341318,2.218178729823731,3.0,-0.5583055224044344
20200903,2020,078930,GS,기타금융업,33500,59.0,1976500.0,33418.0,34471.0,20201109,3112665163000,0.5226810741371705,2.069454795385547,4.0,0.03151288738314828
20200903,2020,185750,종근당,의약품제조업,180500,11.0,1985500.0,137998.0,129686.0,20201109,1964866142500,0.5543350694930088,2.0592585604278697,5.0,-0.060235018670458884
20200903,2020,008060,대덕,전자부품제조업,6260,319.0,1996940.0,6155.0,7586.0,20210420,212152339000,0.5205919515584394,1.9879108825104266,6.0,0.2324938470549862
20200903,2020,108230,톱텍,특수목적용기계제조업,15850,126.0,1997100.0,15464.0,15462.0,20201109,602668433250,0.5268349271004026,1.9737076967764846,7.0,-6.87939971901752e-05
20200903,2020,033160,엠케이전자,전자부품제조업,10350,193.0,1997550.0,10085.0,9492.0,20201118,225709581150,0.5195344165259042,1.9287281157343372,8.0,-0.058767870394472954
20200903,2020,006060,화승인더,플라스틱제품제조업,7280,274.0,1994720.0,7120.0,7240.0,20201109,402729600000,0.5317547870862237,1.8448011202882082,9.0,0.016825410508593652
20200903,2020,131390,원익피앤이,"전동기,발전기및전기변환ㆍ공급ㆍ제어장치제조업",21500,93.0,1999500.0,21064.0,20011.0,20201109,318606565000,0.5388362206739584,1.8196711091917608,10.0,-0.049996930318301325
20200903,2020,014680,한솔케미칼,기초화학물질제조업,158000,12.0,1896000.0,156112.0,153594.0,20201109,1784640810000,0.5370813709420094,1.8150366514481313,11.0,-0.01613040488838091
20200903,2020,067160,SOOP,소프트웨어개발및공급업,57500,34.0,1955000.0,59925.0,61933.0,20201109,660949102500,0.5436579198923502,1.7531866576970994,12.0,0.033520934954744286
20200903,2020,000660,SK하이닉스,반도체제조업,78700,25.0,1967500.0,78773.0,86084.0,20201109,57293786125500,0.5184815849229559,1.7528072346194232,13.0,0.09281329556620266
20200903,2020,000100,유한양행,의약품제조업,66900,29.0,1940100.0,54584.0,54431.0,20201109,4472720589000,0.5502947467402686,1.742003754673658,14.0,-0.002806324956883044
20200903,2020,288330,파라택시스코리아,기초의약물질및생물학적제제제조업,34250,58.0,1986500.0,8097.0,9410.0,20201126,218756736500,0.5226929328205501,1.7359397094085465,15.0,0.16215850173110624
20200903,2020,263750,펄어비스,소프트웨어개발및공급업,184700,10.0,1847000.0,40838.0,40560.0,20201109,2415848295000,0.5426833183825033,1.6654413874594183,16.0,-0.0068078799711774884
20200903,2020,036490,SK머티리얼즈,기초화학물질제조업,251500,7.0,1760500.0,248653.0,238147.0,20201109,2652739759500,0.5346509561331617,1.6530562750700752,17.0,-0.042250012220264144
20200903,2020,054950,제이브이엠,일반목적용기계제조업,32600,61.0,1988600.0,17339.0,19042.0,20210315,206387600800,0.5490172366612005,1.592372825553199,18.0,0.0982090150133339
20200903,2020,222040,코스맥스엔비티,기타식품제조업,10950,182.0,1992900.0,10849.0,10505.0,20210601,225876600000,0.5252869471295276,1.5913383731418853,19.0,-0.03174344947127372
20200903,2020,092730,네오팜,기타화학제품제조업,28650,69.0,1976850.0,14513.0,14666.0,20201203,235140892650,0.5209065118676598,1.587677243940001,20.0,0.010553395860787296
20200903,2020,265520,AP시스템,특수목적용기계제조업,23400,85.0,1989000.0,23138.0,21687.0,20201109,338837311800,0.5197698325437532,1.5437477263173331,21.0,-0.06272450369691573
20200903,2020,036890,진성티이씨,특수목적용기계제조업,8980,222.0,1993560.0,10249.0,11046.0,20201109,201890766640,0.5195047656190004,1.5276165668229207,22.0,0.07776956465700713
20200903,2020,123420,위메이드플레이,소프트웨어개발및공급업,25650,77.0,1975050.0,24879.0,23222.0,20210310,245466447300,0.5408572593669367,1.5010377412799663,23.0,-0.06661701627035443
20200903,2020,003230,삼양식품,기타식품제조업,111000,18.0,1998000.0,108047.0,102530.0,20201109,836164665000,0.523493876055512,1.4981760967835789,24.0,-0.0510596173102319
20200903,2020,033240,자화전자,전자부품제조업,13100,152.0,1991200.0,12981.0,15027.0,20201109,234490000000,0.5115429060120963,1.4814997134812964,25.0,0.15768192922810997
20200903,2020,004990,롯데지주,기타금융업,30400,65.0,1976000.0,30020.0,30269.0,20201109,3189240804800,0.514546383134168,1.468769035642574,26.0,0.008293681694684807
20200903,2020,236200,슈프리마,통신및방송장비제조업,31600,63.0,1990800.0,31377.0,29687.0,20201229,227307426800,0.5160380704341134,1.4655947558336073,27.0,-0.053846916072494255
20200903,2020,234080,JW생명과학,의약품제조업,20200,99.0,1999800.0,20336.0,19590.0,20201112,319857990800,0.546637555997658,1.4548332958616448,28.0,-0.036696606236043317
20200903,2020,098460,고영,특수목적용기계제조업,88500,22.0,1947000.0,17261.0,18179.0,20201109,1215189163500,0.5181656286551419,1.4461208012949927,29.0,0.053143428687887795
20200903,2020,270870,뉴트리,기타식품제조업,23500,85.0,1997500.0,23364.0,27205.0,20210208,213209014000,0.5224245436368046,1.4426169816128593,30.0,0.16440205561126642
20200903,2020,001630,종근당홀딩스,의약품제조업,121000,16.0,1936000.0,119964.0,102466.0,20201109,606193181000,0.5462750058726259,1.4263650826687257,31.0,-0.14585656801139357
20200903,2020,018260,삼성에스디에스,"컴퓨터프로그래밍,시스템통합및관리업",159500,12.0,1914000.0,157081.0,175159.0,20201109,12341759100000,0.5146135538204526,1.3919316504323314,32.0,0.11508907616432906
20200903,2020,013580,계룡건설,토목건설업,24500,81.0,1984500.0,23943.0,26643.0,20201223,218807221500,0.4940213220398215,1.3904293948090118,33.0,0.11278442791859922
20200903,2020,078070,유비쿼스홀딩스,통신및방송장비제조업,28300,70.0,1981000.0,32293.0,28400.0,20201130,529114572400,0.514419738949816,1.3866830233594065,34.0,-0.1205490556285056
20200903,2020,073490,이노와이어리스,통신및방송장비제조업,63400,31.0,1965400.0,63437.0,57932.0,20201109,427160289600,0.5141181915503467,1.3719792201237284,35.0,-0.08677501088925865
20200903,2020,237880,클리오,기타화학제품제조업,17150,116.0,1989400.0,17027.0,21977.0,20210421,294124009200,0.5159669840567624,1.3428604912146185,36.0,0.29067014963586724
20200903,2020,000990,DB하이텍,반도체제조업,35850,55.0,1971750.0,34728.0,35039.0,20201109,1591689379800,0.5115186291897845,1.3117533929422716,37.0,0.008935896134473431
20200903,2020,298020,효성티앤씨,화학섬유제조업,99500,20.0,1990000.0,98235.0,176050.0,20201109,430604359000,0.5334476581641128,1.2950777151600992,38.0,0.792138845407347
20200903,2020,230360,에코마케팅,광고업,31500,63.0,1984500.0,31587.0,24193.0,20201109,510266515500,0.5140943119334325,1.2831647214941253,39.0,-0.2340810124713728
20200903,2020,096530,씨젠,의료용품및기타의약관련제품제조업,241300,8.0,1930400.0,117267.0,138090.0,20201109,6330269026000,0.55940125826253,1.272343643257513,40.0,0.17756564837931776
20200903,2020,033500,동성화인텍,기초화학물질제조업,9680,206.0,1994080.0,10138.0,10889.0,20201109,261201335120,0.5288546355691482,1.266747656825632,41.0,0.07400909502924247
20200903,2020,053300,한국정보인증,소프트웨어개발및공급업,6750,296.0,1998000.0,6601.0,7818.0,20201109,210363750000,0.5379908005324258,1.242964875069397,42.0,0.184501015895419
20200903,2020,155650,와이엠씨,전자부품제조업,11650,171.0,1992150.0,11241.0,,,232701270700,0.5064125889666264,1.1943921020563129,45.0,-0.11499241380804037
20200903,2020,000640,동아쏘시오홀딩스,기타금융업,112500,17.0,1912500.0,104284.0,110448.0,20201109,690558412500,0.5090049208229948,1.059573714364167,56.0,0.05911007855337247
20200903,2020,243840,신흥에스이씨,일차전지및축전지제조업,43800,45.0,1971000.0,8562.0,8663.0,20201109,305046589200,0.498608255630899,1.0409959215763014,60.0,0.011791559136467011
20200903,2020,204270,제이앤티씨,전자부품제조업,11950,167.0,1995650.0,11700.0,11501.0,20201109,691289168700,0.5026933060410061,0.9862501046857054,66.0,-0.01700848113714193
20200903,2020,023530,롯데쇼핑,종합소매업,79300,25.0,1982500.0,78603.0,89880.0,20201109,2243298271500,0.5292174577555512,0.8772687209303986,75.0,0.14347342849334632
20200903,2020,001820,삼화콘덴서,전자부품제조업,56900,35.0,1991500.0,55542.0,53220.0,20201109,591475500000,0.5003076086481943,0.8527394709446909,77.0,-0.04180053384447102
20200903,2020,093320,케이아이엔엑스,"자료처리,호스팅,포털및기타인터넷정보매개서비스업",86000,23.0,1978000.0,88478.0,77288.0,20201109,419680000000,0.5344976516377699,0.800806464313787,81.0,-0.12647012719346185
20200903,2020,002380,KCC,기타화학제품제조업,146500,13.0,1904500.0,141887.0,162863.0,20201109,1301868001500,0.5043710757972861,0.7681349883591736,83.0,0.14783833065391838
20201106,2020,084990,헬릭스미스,자연과학및공학연구개발업,19800,101.0,1999800.0,17318.0,27503.0,20210111,529961137200,0.5602895532132083,2.8030665886334325,1.0,0.5880841985590384
20201106,2020,005420,코스모화학,기타화학제품제조업,8560,233.0,1994480.0,7501.0,11102.0,20210112,223508662000,0.5597803824733032,2.350348606399783,2.0,0.47999133032481
20201106,2020,108230,톱텍,특수목적용기계제조업,15250,131.0,1997750.0,15462.0,8982.0,20211018,579854486250,0.5370832656321741,2.289528169109425,3.0,-0.4191133206985027
20201106,2020,063160,종근당바이오,의약품제조업,40200,49.0,1969800.0,41643.0,76077.0,20210111,220535672400,0.5510131751473756,2.2630813654115136,4.0,0.8268778644090271
20201106,2020,026890,스틱인베스트먼트,"전동기,발전기및전기변환ㆍ공급ㆍ제어장치제조업",9820,203.0,1993460.0,10000.0,8290.0,20210111,409279678500,0.5466599548736041,2.2314472263536205,5.0,-0.1709848564602795
20201106,2020,012610,경인양행,기초화학물질제조업,6860,291.0,1996260.0,6879.0,7172.0,20210111,282950063900,0.5089885375335156,2.1055789422971887,6.0,0.0424774709420328
20201106,2020,003090,대웅,기타금융업,24300,82.0,1992600.0,24517.0,62925.0,20210112,1412850114000,0.5435209297530776,1.9837407950796462,7.0,1.5666289512696228
20201106,2020,236200,슈프리마,통신및방송장비제조업,28600,69.0,1973400.0,28884.0,27990.0,20250228,205727607800,0.5419700667581632,1.944006934398065,8.0,-0.03094458036557357
20201106,2020,006060,화승인더,플라스틱제품제조업,7150,279.0,1994850.0,7240.0,6861.0,20210112,395538000000,0.5314376917876223,1.873654478855645,9.0,-0.05237771394019464
20201106,2020,041140,넥슨지티,소프트웨어개발및공급업,13050,153.0,1996650.0,13403.0,14504.0,20210111,461621852100,0.5412598079691294,1.7695652688317443,10.0,0.08219063312080555
20201106,2020,041960,코미팜,의약품제조업,13000,153.0,1989000.0,11859.0,11311.0,20210111,834416388000,0.5402359074753796,1.7654379206849369,11.0,-0.046209584328451236
20201106,2020,205470,휴마시스,의료용품및기타의약관련제품제조업,10600,188.0,1992800.0,2807.0,2156.0,20210111,362772439000,0.5321204516559866,1.7616117993446034,12.0,-0.23177271713088143
20201106,2020,263050,유틸렉스,기초의약물질및생물학적제제제조업,32200,62.0,1996400.0,19899.0,33985.0,20210111,482287639400,0.525629585846639,1.7393296478866371,13.0,0.7079161960018259
20201106,2020,251270,넷마블,소프트웨어개발및공급업,126500,15.0,1897500.0,129053.0,127075.0,20210111,10859119007000,0.5385258144332625,1.6206292258256914,14.0,-0.015326475069714851
20201106,2020,092190,서울바이오시스,반도체제조업,17300,115.0,1989500.0,17805.0,19956.0,20210111,661269196900,0.5156532684894122,1.6131054500798783,15.0,0.12084130964581696
20201106,2020,052260,현대바이오랜드,기타화학제품제조업,24400,81.0,1976400.0,12565.0,11617.0,20210111,366000000000,0.5398839044663395,1.573648691182342,16.0,-0.0754433738254695
20201106,2020,016380,KG스틸,1차철강제조업,8370,238.0,1992060.0,8463.0,11967.0,20210121,837074467890,0.5372088242323204,1.5100660066498526,17.0,0.41404675139344804
20201106,2020,192650,드림텍,전자부품제조업,12100,165.0,1996500.0,12332.0,11734.0,20210111,751598203400,0.5240576845694319,1.4971456997796784,18.0,-0.04850018134231193
20201106,2020,033160,엠케이전자,전자부품제조업,9360,213.0,1993680.0,9593.0,11181.0,20210114,204119969040,0.5239884705611302,1.4929745014961358,19.0,0.16553740479970558
20201106,2020,251370,와이엠티,기초화학물질제조업,17600,113.0,1988800.0,17756.0,19151.0,20210111,263207612800,0.5002949573627657,1.434763175489177,20.0,0.07858683181513615
20201106,2020,048870,시너지이노베이션,의료용기기제조업,3090,647.0,1999230.0,3264.0,3139.0,20210111,222570648240,0.529673422963321,1.4189286694814436,21.0,-0.038223580814393365
20201106,2020,066590,우수AMS,자동차신품부품제조업,9150,218.0,1994700.0,9795.0,9167.0,20210111,262982931600,0.5141847745546755,1.4160875056872035,22.0,-0.06416137835620683
20201106,2020,030000,제일기획,광고업,21200,94.0,1992800.0,21194.0,20450.0,20210111,2438873970000,0.4944576019385074,1.3582421172951997,23.0,-0.03511635517269207
20201106,2020,011040,경동제약,의약품제조업,9870,202.0,1993740.0,10243.0,10245.0,20210111,298557175980,0.5309863180784574,1.3383354611486116,24.0,0.0002415499874723892
20201106,2020,091990,셀트리온헬스케어,기타전문도매업,91500,21.0,1921500.0,85400.0,68733.0,20220708,13886005413000,0.5038631949074333,1.318198159509785,25.0,-0.19515663635336633
20201106,2020,068790,DMS,특수목적용기계제조업,9090,220.0,1999800.0,14327.0,12691.0,20210112,209638006830,0.519625798230742,1.3090063782536372,26.0,-0.1142110559239764
20201106,2020,060720,KH바텍,전자부품제조업,17650,113.0,1994450.0,17870.0,19619.0,20210111,417844387950,0.5208958548639739,1.3065972983236325,27.0,0.09788456316193361
20201106,2020,067310,하나마이크론,반도체제조업,8040,248.0,1993920.0,5555.0,7943.0,20210111,246182010120,0.5108456444650772,1.273200405634838,28.0,0.42996269506637574
20201106,2020,214330,금호에이치티,자동차신품부품제조업,2585,773.0,1998205.0,2617.0,2433.0,20210111,288656219665,0.5110223571964718,1.2710464501873675,29.0,-0.07038269763762528
20201106,2020,265520,AP시스템,특수목적용기계제조업,21250,94.0,1997500.0,21687.0,25041.0,20210111,307704823750,0.5185453961934483,1.2483241661038667,30.0,0.15466166721795882
20201106,2020,118990,모트렉스,자동차신품부품제조업,6520,306.0,1995120.0,11436.0,13117.0,20210111,254286774280,0.5100603815551377,1.2269264158654296,31.0,0.14699243541646156
20201106,2020,036540,SFA반도체,반도체제조업,5060,395.0,1998700.0,5124.0,5685.0,20210111,832169133180,0.5098439265310062,1.2023776921326323,32.0,0.10939651866104727
20201106,2020,098460,고영,특수목적용기계제조업,88000,22.0,1936000.0,18179.0,24006.0,20210111,1208323688000,0.5174604285963497,1.1873855232374688,33.0,0.32059497976744566
20201106,2020,004370,농심,기타식품제조업,300500,6.0,1803000.0,302491.0,297917.0,20210111,1827833921000,0.5198554489451532,1.1867439249880276,34.0,-0.015120843813163143
20201106,2020,010950,S-Oil,석유정제품제조업,57100,35.0,1998500.0,57884.0,72964.0,20210111,6428477423200,0.5375979222297278,1.1518837534708402,35.0,0.26052571888742904
20201106,2020,079160,CJ CGV,"영화,비디오물,방송프로그램제작및배급업",20650,96.0,1982400.0,14469.0,18239.0,20210111,724815000000,0.5472142206957568,1.151531591745639,36.0,0.2604871325251472
20201106,2020,039030,이오테크닉스,특수목적용기계제조업,94400,21.0,1982400.0,95230.0,114161.0,20210111,1162965520000,0.5167414869810893,1.1470052146906535,37.0,0.19879404284126156
20201106,2020,300120,라온피플,소프트웨어개발및공급업,20700,96.0,1987200.0,6126.0,7930.0,20210325,213799039200,0.5297865291565726,1.1445510819911127,38.0,0.29451978558824243
20201106,2020,030200,KT,전기통신업,22900,87.0,1992300.0,23074.0,23785.0,20210111,5979460403200,0.5209648479705191,1.1441462332546595,39.0,0.030828968822252945
20201106,2020,095660,네오위즈,소프트웨어개발및공급업,22750,87.0,1979250.0,23135.0,22282.0,20210111,498566432000,0.5294863569690675,1.1281990104733917,40.0,-0.03688964121597571
20201106,2020,007700,F&F홀딩스,봉제의복제조업,90300,22.0,1986600.0,46238.0,42082.0,20210111,1390620000000,0.5101530012371712,1.1276426171276128,41.0,-0.08987179348070606
20201106,2020,000210,DL,토목건설업,78900,25.0,1972500.0,73642.0,78303.0,20210203,2745720000000,0.5142891134156945,1.1187288403439348,42.0,0.06330084133755887
20201106,2020,009240,한샘,생활용품도매업,98800,20.0,1976000.0,98630.0,102418.0,20210111,2325152086400,0.48996143812632326,1.1169569137307225,43.0,0.038399121733633246
20201106,2020,284620,카이노스메드,자연과학및공학연구개발업,4080,490.0,1999200.0,19295.0,20591.0,20210111,428165926320,0.5284007295058278,1.1152690475253657,44.0,0.06720056458491563
20201106,2020,033500,동성화인텍,기초화학물질제조업,9840,203.0,1997520.0,10889.0,11937.0,20210111,267684221040,0.4958721122220178,1.0934867167355902,46.0,0.09629976206123958
20201106,2020,204270,제이앤티씨,전자부품제조업,11500,173.0,1989500.0,11501.0,11451.0,20210111,665257359000,0.5159115715779429,1.0062183086146526,54.0,-0.004351409878643131
20201106,2020,288330,파라택시스코리아,기초의약물질및생물학적제제제조업,12000,166.0,1992000.0,8865.0,9626.0,20210118,229934088000,0.5137415348110344,1.0004031974034644,57.0,0.08577164071092125
20201106,2020,001820,삼화콘덴서,전자부품제조업,52600,38.0,1998800.0,53220.0,74916.0,20210111,546777000000,0.513310948415628,0.8494911498074406,77.0,0.407661022659487
20201106,2020,001630,종근당홀딩스,의약품제조업,102500,19.0,1947500.0,102466.0,117948.0,20210111,513510752500,0.5197539930800422,0.8196796130597449,81.0,0.15108864753369944
20201106,2020,078930,GS,기타금융업,34000,58.0,1972000.0,34471.0,39860.0,20210111,3159122852000,0.5187922803137526,0.7683197424064326,84.0,0.15633360638377747
20210104,2021,033540,파라텍,특수목적용기계제조업,14000,142.0,1988000.0,13750.0,,,237771660000,0.5019927061475422,2.335572558390921,1.0,-0.08229869201072593
20210104,2021,160980,싸이맥스,특수목적용기계제조업,20850,95.0,1980750.0,20416.0,18612.0,20210309,227770466550,0.5019927061475422,2.335572558390921,2.0,-0.08836402376969044
20210104,2021,042370,비츠로테크,기타금융업,9530,209.0,1991770.0,9353.0,9720.0,20210309,213032409690,0.5019927061475422,2.1955335729372516,3.0,0.039261963826842106
20210104,2021,051160,지어소프트,소프트웨어개발및공급업,14150,141.0,1995150.0,14607.0,22557.0,20210318,206229953250,0.5019927061475422,2.0839254893172265,4.0,0.544278148147679
20210104,2021,293490,카카오게임즈,소프트웨어개발및공급업,46000,43.0,1978000.0,46618.0,49415.0,20210309,3406375164000,0.5019927061475422,2.0839254893172265,5.0,0.05999796851299832
20210104,2021,026890,스틱인베스트먼트,"전동기,발전기및전기변환ㆍ공급ㆍ제어장치제조업",8680,230.0,1996400.0,8640.0,11052.0,20210309,361766559000,0.5019927061475422,1.9806408935654825,6.0,0.2792023731139677
20210104,2021,077360,덕산하이메탈,반도체제조업,12950,154.0,1994300.0,6307.0,6058.0,20210309,294204587950,0.5019927061475422,1.8072079756993136,7.0,-0.039544786513960095
20210104,2021,041960,코미팜,의약품제조업,13150,152.0,1998800.0,11947.0,9358.0,20210309,844044269400,0.5019927061475422,1.6453569034788686,8.0,-0.21670988198018737
20210104,2021,037460,삼지전자,통신및방송장비제조업,12400,161.0,1996400.0,12536.0,12634.0,20210309,202349672800,0.5019927061475422,1.5558784615956343,9.0,0.00788263907420439
20210104,2021,106240,파인테크닉스,통신및방송장비제조업,4745,421.0,1997645.0,2013.0,2359.0,20210324,205966860320,0.5019927061475422,1.5558784615956343,10.0,0.17157461369472538
20210104,2021,200230,텔콘RF제약,통신및방송장비제조업,6060,330.0,1999800.0,16303.0,13502.0,20210309,530304612720,0.5019927061475422,1.5558784615956343,11.0,-0.17180315445077832
20210104,2021,084010,대한제강,1차철강제조업,10700,186.0,1990200.0,7524.0,11918.0,20210406,263720053800,0.5017796425075568,1.5143148011861598,12.0,0.5838762371370909
20210104,2021,200880,서연이화,자동차신품부품제조업,7460,268.0,1999280.0,7547.0,8876.0,20210323,201632140020,0.5019927061475422,1.4782892109786159,13.0,0.1760247806098807
20210104,2021,214330,금호에이치티,자동차신품부품제조업,2575,776.0,1998200.0,2572.0,2232.0,20210309,299248856100,0.5019927061475422,1.4782892109786159,14.0,-0.13235142088523222
20210104,2021,215360,우리산업,자동차신품부품제조업,24800,80.0,1984000.0,26710.0,25207.0,20210309,226477642400,0.5019927061475422,1.4782892109786159,15.0,-0.05627512164383097
20210104,2021,052260,현대바이오랜드,기타화학제품제조업,24300,82.0,1992600.0,12417.0,11466.0,20210310,364500000000,0.5019927061475422,1.443851141840048,16.0,-0.07662007259389514
20210104,2021,079370,제우스,특수목적용기계제조업,28100,71.0,1995100.0,9244.0,9010.0,20210309,291790400000,0.5017796425075568,1.427441685861138,17.0,-0.02533657116066923
20210104,2021,348210,넥스틴,특수목적용기계제조업,171000,11.0,1881000.0,58258.0,79666.0,20210323,540325800000,0.5017796425075568,1.427441685861138,18.0,0.3674747813100203
20210104,2021,192650,드림텍,전자부품제조업,11800,169.0,1994200.0,11586.0,8660.0,20210309,777183223000,0.5016435989917407,1.3811007062735974,19.0,-0.2525670028780015
20210104,2021,086040,바이오톡스텍,자연과학및공학연구개발업,14450,138.0,1994100.0,15056.0,,,211333027350,0.5019927061475422,1.3789636598834634,20.0,-0.006967382545368772
20210104,2021,245620,EDGC,자연과학및공학연구개발업,9490,210.0,1992900.0,4638.0,4532.0,20210330,407258832760,0.5019927061475422,1.3789636598834634,21.0,-0.022683164653258592
20210104,2021,039860,나노엔텍,의료용기기제조업,8670,230.0,1994100.0,8685.0,11305.0,20210427,232324155090,0.5019927061475422,1.3425235405219103,22.0,0.3016239348113656
20210104,2021,139670,키네마스터,소프트웨어개발및공급업,28600,69.0,1973400.0,29365.0,54451.0,20210309,387424380200,0.5017796425075568,1.2482775762436549,23.0,0.8542594980356779
20210104,2021,019170,신풍제약,의약품제조업,122000,16.0,1952000.0,118486.0,97984.0,20210309,6464168780000,0.5018034799835169,1.2201499453179903,24.0,-0.17303680109365494
20210104,2021,102120,어보브반도체,반도체제조업,17650,113.0,1994450.0,17167.0,12280.0,20210309,308162875450,0.5017796425075568,1.2003442474749402,25.0,-0.28468524129450457
20210104,2021,267850,아시아나IDT,"컴퓨터프로그래밍,시스템통합및관리업",23850,83.0,1979550.0,25987.0,23115.0,20210329,264735000000,0.5014763136805647,1.1909834456863948,26.0,-0.11051469596268926
20210104,2021,052420,오성첨단소재,플라스틱제품제조업,4515,442.0,1995630.0,4281.0,3579.0,20210309,305822635545,0.5019927061475422,1.1848691936841882,27.0,-0.16399305717783164
20210104,2021,238090,앤디포스,플라스틱제품제조업,5610,356.0,1997160.0,15172.0,11195.0,20210309,309457282860,0.5019927061475422,1.1848691936841882,28.0,-0.26212395142525813
20210104,2021,067630,HLB생명과학,"건축기술,엔지니어링및관련기술서비스업",27000,74.0,1998000.0,13210.0,10332.0,20210309,1270902231000,0.5014763136805647,1.1547005383796989,29.0,-0.21785462335316697
20210104,2021,072520,제넨바이오,폐기물처리업,3075,650.0,1998750.0,10837.0,,,297258574125,0.5016435989917407,1.1547005383793856,30.0,-0.22059539913222193
20210104,2021,028670,팬오션,해상운송업,5370,372.0,1997640.0,5425.0,5804.0,20210309,2870638279440,0.5014046848895587,1.0916910384127607,31.0,0.06988612962881913
20210104,2021,047810,한국항공우주,"항공기,우주선및부품제조업",26900,74.0,1990600.0,27808.0,32618.0,20210309,2622080378300,0.5014046848895587,1.0544876229443854,32.0,0.17295986175493216
20210104,2021,180640,한진칼,항공여객운송업,62300,32.0,1993600.0,64373.0,58371.0,20210309,4128154373000,0.5019927061475422,1.0196595201860568,33.0,-0.0932362413399741
20210104,2021,207760,미스터블루,기타정보서비스업,11550,173.0,1998150.0,3789.0,3292.0,20210309,285823634250,0.5014046848895587,1.0036448915824154,34.0,-0.13119218758148454
20210104,2021,100130,동국S&C,"구조용금속제품,탱크및증기발생기제조업",7980,250.0,1995000.0,8212.0,5603.0,20210309,456001140000,0.5014504632183681,0.9718027867022316,35.0,-0.3176932156676414
20210104,2021,002790,아모레퍼시픽홀딩스,기타화학제품제조업,54000,37.0,1998000.0,55464.0,64252.0,20210309,4452741720000,0.5017796425075568,0.9655263688144083,36.0,0.15845746287418438
20210104,2021,075580,세진중공업,선박및보트건조업,6630,301.0,1995630.0,6726.0,6744.0,20210414,376911893280,0.5014504632183681,0.9385637387667497,37.0,0.002702596055720763
20210104,2021,003070,코오롱글로벌,토목건설업,19000,105.0,1995000.0,18566.0,20095.0,20210416,478998322000,0.5014504632183681,0.918305816206386,38.0,0.08235612739677256
20210104,2021,002320,한진,도로화물운송업,47500,42.0,1995000.0,49591.0,41310.0,20210309,710012330000,0.5014763136805647,0.8957811059079166,39.0,-0.16698092147851806
20210104,2021,025980,아난티,일반및생활숙박시설운영업,8260,242.0,1998920.0,8289.0,7238.0,20210309,703576780620,0.5014763136805647,0.8957811059067445,40.0,-0.1268107462197403
20210104,2021,053080,케이엔솔,일반목적용기계제조업,47850,41.0,1961850.0,16224.0,16202.0,20210421,205474742550,0.5019927061475422,0.8748932514428212,41.0,-0.0014009138082679007
20210104,2021,104460,디와이피엔에프,일반목적용기계제조업,19800,101.0,1999800.0,20011.0,26415.0,20210318,212129775000,0.5019927061475422,0.8748932514428212,42.0,0.32002282253608194
20210104,2021,227950,엔투텍,특수목적용기계제조업,4205,475.0,1997375.0,4069.0,,,246482289990,0.5016435989917407,0.8475899724080995,43.0,-0.15803034725052822
20210104,2021,302430,이노메트리,특수목적용기계제조업,21150,94.0,1988100.0,20863.0,,,204102068400,0.5016435989917407,0.8475899724080995,44.0,-0.0306264235918281
20210104,2021,006360,GS건설,건물건설업,38050,52.0,1978600.0,39996.0,37997.0,20210309,3058090409650,0.5014046848895587,0.8336509104158413,45.0,-0.04996385993112451
20210104,2021,047040,대우건설,건물건설업,5150,388.0,1998200.0,5797.0,5578.0,20210309,2140456585700,0.5014046848895587,0.8336509104158413,46.0,-0.03783123134718147
20210104,2021,004370,농심,기타식품제조업,296500,6.0,1779000.0,301444.0,277358.0,20210309,1803503353000,0.5014763136805647,0.8005210984516581,47.0,-0.0798999999468889
20210104,2021,030000,제일기획,광고업,20250,98.0,1984500.0,20251.0,20449.0,20210309,2329584806250,0.5014504632183681,0.7928264336898588,48.0,0.009763095310302727
20210104,2021,041140,넥슨지티,소프트웨어개발및공급업,12950,154.0,1994300.0,13603.0,13203.0,20210309,458084519900,0.5016435989917407,0.7147070426383509,58.0,-0.029419529047034487
20210104,2021,010950,S-Oil,석유정제품제조업,70300,28.0,1968400.0,70766.0,87964.0,20210309,7914570277600,0.5014305353517553,0.6381877527306411,83.0,0.2430359136905078
20210308,2021,160980,싸이맥스,특수목적용기계제조업,19100,104.0,1986400.0,18612.0,24557.0,20210507,208653041300,0.5019927061475422,4.2413799930294385,1.0,0.3194229288092314
20210308,2021,092040,아미코젠,기타식품제조업,28400,70.0,1988000.0,13261.0,15904.0,20210507,545692084000,0.5019927061475422,2.131973035381883,2.0,0.19931462616412365
20210308,2021,092190,서울바이오시스,반도체제조업,14850,134.0,1989900.0,14420.0,17653.0,20210507,567621247050,0.5019927061475422,1.9874100370188654,3.0,0.22420441979609262
20210308,2021,005680,삼영전자,전자부품제조업,10200,196.0,1999200.0,10081.0,10191.0,20220127,204000000000,0.5019927061475422,1.8091806456020199,4.0,0.010859103412214521
20210308,2021,065680,우주일렉트로,전자부품제조업,24800,80.0,1984000.0,23982.0,29225.0,20210507,246368656000,0.5019927061475422,1.8091806456020199,5.0,0.21861311711569198
20210308,2021,052260,현대바이오랜드,기타화학제품제조업,23150,86.0,1990900.0,11666.0,10965.0,20210507,347250000000,0.5019927061475422,1.7980488204665324,6.0,-0.06015988847330467
20210308,2021,092070,디엔에프,기타화학제품제조업,19600,102.0,1999200.0,19911.0,26669.0,20210507,210931828800,0.5019927061475422,1.7980488204665324,7.0,0.3393941368790139
20210308,2021,121600,나노신소재,기타화학제품제조업,25450,78.0,1985100.0,24727.0,30578.0,20210507,276090074850,0.5019927061475422,1.7980488204665324,8.0,0.23665667972925797
20210308,2021,238090,앤디포스,플라스틱제품제조업,4220,473.0,1996060.0,11195.0,14635.0,20210507,232782483720,0.5019927061475422,1.7726539487748039,9.0,0.3073232832935884
20210308,2021,050890,쏠리드,통신및방송장비제조업,8190,244.0,1998360.0,7750.0,7186.0,20210507,427396583250,0.5019927061475422,1.648135029663979,10.0,-0.07283369017338126
20210308,2021,061040,알에프텍,통신및방송장비제조업,7930,252.0,1998360.0,8017.0,7668.0,20210527,229176349740,0.5019927061475422,1.648135029663979,11.0,-0.04348134124674774
20210308,2021,200230,텔콘RF제약,통신및방송장비제조업,5150,388.0,1998200.0,13502.0,12640.0,20210507,450671411800,0.5019927061475422,1.648135029663979,12.0,-0.06386442842939566
20210308,2021,294090,이오플로우,의료용기기제조업,53000,37.0,1961000.0,26905.0,26462.0,20210507,604009836000,0.5014763136805647,1.5932708009698424,13.0,-0.016465445064436146
20210308,2021,023800,인지컨트롤스,자동차신품부품제조업,16400,121.0,1984400.0,15936.0,19936.0,20210507,248626099200,0.5019927061475422,1.5516187595494044,14.0,0.2509993189998989
20210308,2021,043370,피에이치에이,자동차신품부품제조업,10650,187.0,1991550.0,10454.0,11252.0,20210720,223650000000,0.5019927061475422,1.5516187595494044,15.0,0.07628336860631735
20210308,2021,066590,우수AMS,자동차신품부품제조업,6360,314.0,1997040.0,6187.0,5957.0,20210507,226531116000,0.5019927061475422,1.5516187595494044,16.0,-0.03723315275353356
20210308,2021,214330,금호에이치티,자동차신품부품제조업,2275,879.0,1999725.0,2232.0,2521.0,20210507,284961178775,0.5019927061475422,1.5516187595494044,17.0,0.129531435477779
20210308,2021,090360,로보스타,특수목적용기계제조업,24700,80.0,1976000.0,24473.0,26978.0,20210507,240825000000,0.5016435989917407,1.530074569207434,18.0,0.10239096004647874
20210308,2021,042420,네오위즈홀딩스,소프트웨어개발및공급업,32400,61.0,1976400.0,30764.0,35307.0,20210507,286962458400,0.5019927061475422,1.510942066886216,19.0,0.1476844847162031
20210308,2021,251270,넷마블,소프트웨어개발및공급업,121000,16.0,1936000.0,119088.0,130617.0,20210507,10392266379000,0.5019927061475422,1.510942066886216,20.0,0.09680505584437538
20210308,2021,159580,제로투세븐,생활용품도매업,10750,186.0,1999500.0,11063.0,14012.0,20210514,215350837000,0.5016435989917407,1.500000000000527,21.0,0.26655040792924
20210308,2021,018000,유니슨,일반목적용기계제조업,3600,555.0,1998000.0,2965.0,3581.0,20210507,437461088400,0.5016435989917407,1.435944936874882,22.0,0.2079705433245176
20210308,2021,180640,한진칼,항공여객운송업,58600,34.0,1992400.0,58371.0,51275.0,20210507,3882991524400,0.5019927061475422,1.3281708528951912,23.0,-0.12155716984612397
20210308,2021,196170,알테오젠,자연과학및공학연구개발업,121600,16.0,1945600.0,65091.0,64268.0,20210507,3414880640000,0.5019927061475422,1.3224889484360023,24.0,-0.01263743777910975
20210308,2021,321550,티움바이오,자연과학및공학연구개발업,16000,125.0,2000000.0,15704.0,18404.0,20210604,380542816000,0.5019927061475422,1.3224889484360023,25.0,0.17189643962086332
20210308,2021,009070,KCTC,도로화물운송업,10500,190.0,1995000.0,8849.0,7252.0,20210610,315000000000,0.5019927061475422,1.2990504977115649,26.0,-0.18051299127586518
20210308,2021,101490,에스앤에스텍,전자부품제조업,32000,62.0,1984000.0,31354.0,30752.0,20210507,686446304000,0.5018034799835169,1.2978839429748301,27.0,-0.01918264685015636
20210308,2021,000020,동화약품,의약품제조업,14400,138.0,1987200.0,14752.0,14852.0,20210507,402213168000,0.5019927061475422,1.2410209811718862,28.0,0.006792290853493199
20210308,2021,003000,부광약품,의약품제조업,22600,88.0,1988800.0,20539.0,19032.0,20210507,1465338302800,0.5019927061475422,1.2410209811718862,29.0,-0.07337846586044294
20210308,2021,007570,일양약품,의약품제조업,33750,59.0,1991250.0,36357.0,41109.0,20210507,644141160000,0.5019927061475422,1.2410209811718862,30.0,0.1307325034948903
20210308,2021,019170,신풍제약,의약품제조업,95000,21.0,1995000.0,97984.0,64285.0,20210507,5033574050000,0.5019927061475422,1.2410209811718862,31.0,-0.34391815920952407
20210308,2021,041960,코미팜,의약품제조업,10500,190.0,1995000.0,9358.0,9540.0,20210507,673951698000,0.5019927061475422,1.2410209811718862,32.0,0.01949508606979733
20210308,2021,053030,바이넥스,의약품제조업,19850,100.0,1985000.0,17101.0,24650.0,20210507,630258302800,0.5019927061475422,1.2410209811718862,33.0,0.4413987594581237
20210308,2021,066700,테라젠이텍스,의약품제조업,8150,245.0,1996750.0,8536.0,8395.0,20210512,264422145250,0.5019927061475422,1.2410209811718862,34.0,-0.016504394449201487
20210308,2021,068760,셀트리온제약,의약품제조업,152300,13.0,1979900.0,122126.0,108816.0,20210507,5454069214200,0.5019927061475422,1.2410209811718862,35.0,-0.10898207991154352
20210308,2021,069620,대웅제약,의약품제조업,125000,16.0,2000000.0,121549.0,143562.0,20210507,1448321875000,0.5019927061475422,1.2410209811718862,36.0,0.18110114590664828
20210308,2021,290650,엘앤씨바이오,의약품제조업,30050,66.0,1983300.0,29964.0,30406.0,20210507,657404090400,0.5019927061475422,1.2410209811718862,37.0,0.01476010566888708
20210308,2021,000390,삼화페인트,기타화학제품제조업,10750,186.0,1999500.0,10529.0,13229.0,20210507,290724644750,0.5018034799835169,1.211819290827438,38.0,0.25647834724913077
20210308,2021,020120,키다리스튜디오,"자료처리,호스팅,포털및기타인터넷정보매개서비스업",11550,173.0,1998150.0,11191.0,15136.0,20210507,220829659050,0.5019927061475422,1.211299239782672,39.0,0.352502405899612
20210308,2021,041510,에스엠,오디오물출판및원판녹음업,31700,63.0,1997100.0,30892.0,32003.0,20210507,743444281700,0.5014305353517553,1.154700538382351,40.0,0.035955975802050455
20210308,2021,001530,DI동일,상품중개업,138500,14.0,1939000.0,12865.0,15850.0,20210507,341486846500,0.5014763136805647,1.1547005383799227,41.0,0.23207425651365132
20210308,2021,115450,HLB테라퓨틱스,기타전문도매업,19450,102.0,1983900.0,8228.0,5628.0,20210507,526861969550,0.5016435989917407,1.135733120216002,42.0,-0.31597451661105436
20210308,2021,053300,한국정보인증,소프트웨어개발및공급업,6620,302.0,1999240.0,6701.0,7971.0,20210607,206312300000,0.5018034799835169,1.105248481601373,43.0,0.18954137959276451
20210308,2021,267250,HD현대,석유정제품제조업,274000,7.0,1918000.0,55887.0,75979.0,20210512,4328821058000,0.5014504632183681,1.1023727545210753,44.0,0.3595163109587656
20210308,2021,299900,위지윅스튜디오,"영화,비디오물,방송프로그램제작및배급업",9200,217.0,1996400.0,2299.0,3009.0,20210622,287918793200,0.5017796425075568,1.0918142799429211,46.0,0.30858847813747525
20210308,2021,192650,드림텍,전자부품제조업,8870,225.0,1995750.0,8660.0,9986.0,20210507,584660532860,0.5016435989917407,0.8658790755241332,50.0,0.15313142309547256
20210308,2021,026890,스틱인베스트먼트,"전동기,발전기및전기변환ㆍ공급ㆍ제어장치제조업",11250,177.0,1991250.0,11052.0,14602.0,20210507,468879468750,0.5014318655776341,0.7921992128450669,55.0,0.3212135701912848
20210308,2021,084010,대한제강,1차철강제조업,13600,147.0,1999200.0,9155.0,14582.0,20210507,335195582400,0.5014046848895587,0.6611341610610878,76.0,0.5928945973496076
20210308,2021,293490,카카오게임즈,소프트웨어개발및공급업,49900,40.0,1996000.0,49415.0,52817.0,20210507,3712100520800,0.5015904163435315,0.6484482687725988,78.0,0.06884560195738554
20210308,2021,245620,EDGC,자연과학및공학연구개발업,9370,213.0,1995810.0,4340.0,4343.0,20210507,402296555470,0.5017796425075568,0.6381036886889189,84.0,0.0007018592565519732
20210506,2021,222040,코스맥스엔비티,도시락및식사용조리식품제조업,10350,193.0,1997550.0,9904.0,10454.0,20210709,213499800000,0.5016435989917407,2.8442657782843916,1.0,0.05553728170926875
20210506,2021,003090,대웅,기타금융업,32950,60.0,1977000.0,34216.0,40065.0,20210707,1915778241000,0.5019927061475422,2.8435668320037926,2.0,0.17093652078819388
20210506,2021,080220,제주반도체,반도체제조업,6850,291.0,1993350.0,6775.0,6054.0,20210707,234292159750,0.5019927061475422,2.6944241953573003,3.0,-0.10645845424916067
20210506,2021,015890,태경산업,기초화학물질제조업,6970,286.0,1993420.0,7130.0,6862.0,20220303,203724387500,0.5019927061475422,2.2272301186343153,4.0,-0.03767034224834176
20210506,2021,066590,우수AMS,자동차신품부품제조업,5890,339.0,1996710.0,5957.0,5897.0,20210913,209790609000,0.5019927061475422,2.1509955338685023,5.0,-0.009957665534505278
20210506,2021,042420,네오위즈홀딩스,소프트웨어개발및공급업,36100,55.0,1985500.0,35307.0,28247.0,20210823,319732862600,0.5019927061475422,1.7111221556967302,6.0,-0.19995373650354298
20210506,2021,950190,고스트스튜디오,소프트웨어개발및공급업,21600,92.0,1987200.0,21715.0,21716.0,20210812,290572380000,0.5019927061475422,1.7111221556967302,7.0,4.248674660800589e-05
20210506,2021,058430,포스코스틸리온,1차철강제조업,60500,33.0,1996500.0,60860.0,77132.0,20210707,363000000000,0.5019927061475422,1.7105578921375848,8.0,0.26737192310891533
20210506,2021,009470,삼화전기,전자부품제조업,34450,58.0,1998100.0,36412.0,36959.0,20210707,227846099000,0.5019927061475422,1.605599610250865,9.0,0.01502587695108315
20210506,2021,084850,아이티엠반도체,전자부품제조업,43250,46.0,1989500.0,44057.0,48659.0,20210707,999936280500,0.5019927061475422,1.605599610250865,10.0,0.10445160862943315
20210506,2021,090460,비에이치,전자부품제조업,16150,123.0,1986450.0,16610.0,20363.0,20210707,544136911200,0.5019927061475422,1.605599610250865,11.0,0.2259513083101632
20210506,2021,101490,에스앤에스텍,전자부품제조업,30700,65.0,1995500.0,30752.0,32706.0,20210707,658559422900,0.5019927061475422,1.605599610250865,12.0,0.06352046471701245
20210506,2021,192650,드림텍,전자부품제조업,10050,199.0,1999950.0,9986.0,12832.0,20210707,656112752550,0.5019927061475422,1.605599610250865,13.0,0.28504929967715986
20210506,2021,058610,에스피지,"전동기,발전기및전기변환ㆍ공급ㆍ제어장치제조업",11700,170.0,1989000.0,11841.0,17296.0,20230105,249889980600,0.5017796425075568,1.5034576516486906,14.0,0.4606979760253569
20210506,2021,063170,서울옥션,상품중개업,15450,129.0,1993050.0,15530.0,18375.0,20210707,261375375000,0.5016435989917407,1.4728265315542033,15.0,0.18317570802927818
20210506,2021,001340,PKC,기초화학물질제조업,5160,387.0,1996920.0,6118.0,7883.0,20210707,231778980120,0.5017796425075568,1.4555090189532387,16.0,0.288441916424931
20210506,2021,214330,금호에이치티,자동차신품부품제조업,2500,800.0,2000000.0,2521.0,2427.0,20210707,313144152500,0.5017796425075568,1.3612998104419463,17.0,-0.03724751471920029
20210506,2021,032500,케이엠더블유,통신및방송장비제조업,51200,39.0,1996800.0,51577.0,52678.0,20210707,2038829209600,0.5019927061475422,1.3529623687570396,18.0,0.021334597659097954
20210506,2021,050890,쏠리드,통신및방송장비제조업,7410,269.0,1993290.0,7186.0,6954.0,20210707,386692146750,0.5019927061475422,1.3529623687570396,19.0,-0.032210655661850995
20210506,2021,138080,오이솔루션,통신및방송장비제조업,41600,48.0,1996800.0,41661.0,32875.0,20211013,441962352000,0.5019927061475422,1.3529623687570396,20.0,-0.2108977479627726
20210506,2021,224110,에이텍모빌리티,통신및방송장비제조업,38100,52.0,1981200.0,38913.0,,,203454000000,0.5019927061475422,1.3529623687570396,21.0,0.00019172924087551557
20210506,2021,122450,KX,텔레비전방송업,11250,177.0,1991250.0,11291.0,13888.0,20210707,510029595000,0.5019927061475422,1.2633871333634223,22.0,0.2300236512270597
20210506,2021,031980,피에스케이홀딩스,특수목적용기계제조업,11450,174.0,1992300.0,11486.0,13037.0,20210707,246889422750,0.5019927061475422,1.250462121078409,23.0,0.13508926921138276
20210506,2021,110990,디아이티,특수목적용기계제조업,12200,163.0,1988600.0,11990.0,17624.0,20240819,230580000000,0.5019927061475422,1.250462121078409,24.0,0.4699005876706266
20210506,2021,114810,한솔아이원스,특수목적용기계제조업,8540,234.0,1998360.0,8454.0,9864.0,20210831,217797105960,0.5019927061475422,1.250462121078409,25.0,0.16678826991234064
20210506,2021,036830,솔브레인홀딩스,기타화학제품제조업,41400,48.0,1987200.0,41040.0,37491.0,20210707,867911918400,0.5019927061475422,1.22499998877491,26.0,-0.08647334642328153
20210506,2021,121600,나노신소재,기타화학제품제조업,29750,67.0,1993250.0,30578.0,47223.0,20211013,322737906750,0.5019927061475422,1.22499998877491,27.0,0.5443268497320304
20210506,2021,083790,CG인바이츠,자연과학및공학연구개발업,8310,240.0,1994400.0,8256.0,6515.0,20211013,575438298660,0.5019927061475422,1.2062989085301548,28.0,-0.2108100398607221
20210506,2021,196170,알테오젠,자연과학및공학연구개발업,76700,26.0,1994200.0,64268.0,59689.0,20211013,3230937645000,0.5019927061475422,1.2062989085301548,29.0,-0.071249667793157
20210506,2021,950220,네오이뮨텍,자연과학및공학연구개발업,11950,167.0,1995650.0,10467.0,9565.0,20210707,1175784519500,0.5019927061475422,1.2062989085301548,30.0,-0.08623165479457129
20210506,2021,005160,동국산업,1차철강제조업,4240,471.0,1997040.0,4240.0,6333.0,20230707,229996603680,0.5017796425075568,1.184112468228195,31.0,0.49354461781119974
20210506,2021,014470,부방,기타금융업,3480,574.0,1997520.0,3515.0,3371.0,20210729,208981864800,0.5016435989917407,1.181971976451929,32.0,-0.041208130784764596
20210506,2021,180640,한진칼,항공여객운송업,51200,39.0,1996800.0,51275.0,66261.0,20210707,3392647884800,0.5019927061475422,1.1541370296477025,33.0,0.29226045436255954
20210506,2021,027710,팜스토리,기타식품제조업,2420,826.0,1998920.0,2390.0,2194.0,20210707,269628172000,0.5017796425075568,1.1524991377950058,34.0,-0.08191851340249112
20210506,2021,289220,자이언트스텝,"영화,비디오물,방송프로그램제작및배급업",39200,51.0,1999200.0,19521.0,31507.0,20210707,369576228000,0.5019927061475422,1.1485410789263035,35.0,0.613990104815064
20210506,2021,100130,동국S&C,"구조용금속제품,탱크및증기발생기제조업",6100,327.0,1994700.0,6285.0,4197.0,20230525,348572300000,0.5016435989917407,1.1357331202164191,36.0,-0.3323000852849676
20210506,2021,023600,삼보판지,"펄프,종이및판지제조업",16500,121.0,1996500.0,17457.0,15802.0,20211203,266805000000,0.5017796425075568,1.1146365099223214,37.0,-0.0948271435935869
20210506,2021,267980,매일유업,"곡물가공품,전분및전분제품제조업",76600,26.0,1991600.0,76369.0,76483.0,20210805,600822670800,0.5014046848895587,1.1047562066783154,38.0,0.0014956710344269375
20210506,2021,000020,동화약품,의약품제조업,14600,136.0,1985600.0,14852.0,14854.0,20210713,407799462000,0.5019927061475422,0.9349103916029563,44.0,9.240942269106434e-05
20210506,2021,007570,일양약품,의약품제조업,37100,53.0,1966300.0,41109.0,42012.0,20210707,708078134400,0.5019927061475422,0.9349103916029563,45.0,0.021943131443137753
20210506,2021,019170,신풍제약,의약품제조업,63000,31.0,1953000.0,64285.0,29699.0,20220105,3338054370000,0.5019927061475422,0.9349103916029563,47.0,-0.5380189935767156
20210506,2021,066700,테라젠이텍스,의약품제조업,8580,233.0,1999140.0,8745.0,8466.0,20210719,278544852300,0.5019927061475422,0.9349103916029563,49.0,-0.031842732390552575
20210506,2021,068760,셀트리온제약,의약품제조업,127400,15.0,1911000.0,108816.0,137366.0,20210707,4653508714400,0.5019927061475422,0.9349103916029563,50.0,0.26237320258096175
20210506,2021,069620,대웅제약,의약품제조업,136000,14.0,1904000.0,143562.0,162594.0,20210707,1575774200000,0.5019927061475422,0.9349103916029563,51.0,0.13256948247819667
20210506,2021,290650,엘앤씨바이오,의약품제조업,30650,65.0,1992250.0,30406.0,35338.0,20210707,670530295200,0.5019927061475422,0.9349103916029563,53.0,0.1622193725669494
20210506,2021,238090,앤디포스,플라스틱제품제조업,5550,360.0,1998000.0,14635.0,,,333528942750,0.5017796425075568,0.8692630367424874,60.0,-0.23030736248001804
20210506,2021,267250,HD현대,석유정제품제조업,76300,26.0,1983800.0,75477.0,64305.0,20211013,6027172385500,0.5014046848895587,0.7071067811865475,80.0,-0.14801575737051753
20210506,2021,245620,EDGC,자연과학및공학연구개발업,4710,424.0,1997040.0,4343.0,4949.0,20210707,393491655960,0.5017796425075568,0.698926121078838,87.0,0.13939888920524313
20210506,2021,115450,HLB테라퓨틱스,기타전문도매업,12950,154.0,1994300.0,5628.0,5179.0,20210707,350789846050,0.5016435989917407,0.6838096620651264,88.0,-0.07975758290767432
20210506,2021,294090,이오플로우,의료용기기제조업,58100,34.0,1975400.0,26462.0,27178.0,20210707,662131537200,0.5014763136805647,0.6529266944455454,89.0,0.027084660008610983
20210706,2021,006650,대한유화,기초화학물질제조업,237000,8.0,1896000.0,231729.0,235201.0,20210906,1540500000000,0.5019927061475422,2.1251586310728374,1.0,0.014986686179890185
20210706,2021,009900,명신산업,자동차신품부품제조업,30000,66.0,1980000.0,30680.0,31231.0,20210906,1574103990000,0.5017796425075568,1.6375767071358447,2.0,0.01794066997293786
20210706,2021,039860,나노엔텍,의료용기기제조업,8480,235.0,1992800.0,9045.0,9267.0,20210906,227249812960,0.5019927061475422,1.5842495814501196,3.0,0.02453348487688034
20210706,2021,095700,제넥신,자연과학및공학연구개발업,90400,22.0,1988800.0,68605.0,56025.0,20210906,2256926219200,0.5019927061475422,1.4675917525307947,4.0,-0.18337562626414472
20210706,2021,091580,상신이디피,일차전지및이차전지제조업,15950,125.0,1993750.0,16536.0,17235.0,20210906,212664954700,0.5019927061475422,1.4349417853427233,5.0,0.04227434291841292
20210706,2021,041460,한국전자인증,소프트웨어개발및공급업,9920,201.0,1993920.0,9858.0,11810.0,20210906,212875750080,0.5019927061475422,1.3904750516573268,6.0,0.19807085460228335
20210706,2021,192250,케이사인,소프트웨어개발및공급업,3075,650.0,1998750.0,29884.0,,,217314115275,0.5019927061475422,1.3904750516573268,7.0,-0.06640624679697882
20210706,2021,005880,대한해운,해상운송업,3570,560.0,1999200.0,3527.0,2913.0,20210906,1139463532200,0.5014046848895587,1.371488519872393,8.0,-0.17419057335364974
20210706,2021,004090,한국석유,기타비금속광물제품제조업,16400,121.0,1984400.0,16104.0,23248.0,20260306,208183568000,0.5019927061475422,1.3144788796522482,9.0,0.4436106655574976
20210706,2021,028300,HLB,선박및보트건조업,34350,58.0,1992300.0,31008.0,58528.0,20210906,3643765353900,0.5019927061475422,1.2048928189909183,10.0,0.8875120437169886
20210706,2021,214870,뉴지랩파마,기계장비및관련물품도매업,10700,186.0,1990200.0,52169.0,64199.0,20210915,325627503900,0.5016435989917407,1.1998210357520493,11.0,0.23059381682086189
20210706,2021,014940,오리엔탈정공,일반목적용기계제조업,5270,379.0,1997330.0,5171.0,4811.0,20241204,240173193470,0.5019927061475422,1.1995871506463442,12.0,-0.06970824577197454
20210706,2021,018000,유니슨,일반목적용기계제조업,4055,493.0,1999115.0,3374.0,3071.0,20210906,493630360305,0.5019927061475422,1.1995871506463442,13.0,-0.0899157306192856
20210706,2021,032500,케이엠더블유,통신및방송장비제조업,53700,37.0,1986900.0,52678.0,44903.0,20210906,2138381417100,0.5018034799835169,1.173140167312667,14.0,-0.1475941403112404
20210706,2021,003000,부광약품,의약품제조업,20600,97.0,1998200.0,18760.0,20547.0,20210906,1463898809400,0.5019927061475422,1.1562541316220494,15.0,0.0952713607946023
20210706,2021,007570,일양약품,의약품제조업,38450,52.0,1999400.0,42012.0,39828.0,20210906,733843780800,0.5019927061475422,1.1562541316220494,16.0,-0.051964316397596466
20210706,2021,009420,한올바이오파마,의약품제조업,22250,89.0,1980250.0,22095.0,25098.0,20210906,1162354195500,0.5019927061475422,1.1562541316220494,17.0,0.1359026880505363
20210706,2021,053030,바이넥스,의약품제조업,21850,91.0,1988350.0,21798.0,19343.0,20210906,693978898800,0.5019927061475422,1.1562541316220494,18.0,-0.11264446221961222
20210706,2021,066700,테라젠이텍스,의약품제조업,8540,234.0,1998360.0,8516.0,6758.0,20211220,277246274900,0.5019927061475422,1.1562541316220494,19.0,-0.20650541776838938
20210706,2021,096240,크레버스,일반교습학원,33700,59.0,1988300.0,33535.0,31522.0,20210906,251867936200,0.5017796425075568,1.1524991377950058,20.0,-0.06003358766111899
20210706,2021,000180,성창기업지주,회사본부및경영컨설팅서비스업,2995,667.0,1997665.0,2957.0,,,208906042000,0.5016435989917407,1.1379399459933348,21.0,-0.03978835504969691
20210706,2021,050890,쏠리드,통신및방송장비제조업,7030,284.0,1996520.0,6954.0,7565.0,20210906,366861780250,0.5017796425075568,1.101313403063397,22.0,0.0878069837274702
20210706,2021,061040,알에프텍,통신및방송장비제조업,8440,236.0,1991840.0,8401.0,6262.0,20211018,270833345960,0.5017796425075568,1.101313403063397,23.0,-0.2546313593406694
20210706,2021,027710,팜스토리,기타식품제조업,2215,902.0,1997930.0,2194.0,3999.0,20220607,246787769000,0.5014504632183681,1.0242129808801024,24.0,0.8227430850178612
20210706,2021,103590,일진전기,절연선및케이블제조업,5870,340.0,1995800.0,5388.0,53881.0,20251209,217661889300,0.5019927061475422,1.0196595201860568,25.0,9.000426792399084
20210706,2021,035900,JYP Ent.,오디오물출판및원판녹음업,40100,49.0,1964900.0,39059.0,40661.0,20210906,1423449429200,0.5014046848895587,0.9956000832445094,26.0,0.041016239640738306
20210706,2021,131370,알서포트,소프트웨어개발및공급업,9930,201.0,1995930.0,11144.0,8527.0,20210906,528942134190,0.5017796425075568,0.9743487578748247,27.0,-0.2348409976065059
20210706,2021,001680,대상,도시락및식사용조리식품제조업,27550,72.0,1983600.0,27296.0,22495.0,20211203,954553088750,0.5014504632183681,0.9731651894875669,28.0,-0.17586008767597305
20210706,2021,007310,오뚜기,도시락및식사용조리식품제조업,542000,3.0,1626000.0,539885.0,521680.0,20210906,1990213702000,0.5014504632183681,0.9731651894875669,29.0,-0.033719935438874526
20210706,2021,271560,오리온,도시락및식사용조리식품제조업,122000,16.0,1952000.0,120005.0,125022.0,20210906,4823408104000,0.5014504632183681,0.9731651894875669,30.0,0.04180512897921451
20210706,2021,004830,덕성,플라스틱제품제조업,20600,97.0,1998200.0,19813.0,16213.0,20210906,323008000000,0.5014504632183681,0.9655622264851748,31.0,-0.18172418484353814
20210706,2021,019210,와이지-원,기타금속가공제품제조업,9420,212.0,1997040.0,9270.0,8074.0,20211020,288005374980,0.5014504632183681,0.9542165751508022,32.0,-0.12904168343410116
20210706,2021,016880,웅진,기타금융업,2685,744.0,1997640.0,2645.0,2699.0,20250724,214604209800,0.5016435989917407,0.9219104691137775,33.0,0.02024844674009052
20210706,2021,004360,세방,도로화물운송업,14850,134.0,1989900.0,14701.0,14995.0,20220930,286734046500,0.5014504632183681,0.9183058162063199,34.0,0.019963376138897315
20210706,2021,006730,서부T&D,일반및생활숙박시설운영업,8780,227.0,1993060.0,7565.0,8927.0,20210906,520293414180,0.5014763136805647,0.9017208355668849,35.0,0.18003703550371664
20210706,2021,182400,엔케이젠바이오텍코리아,기초의약물질제조업,14300,139.0,1987700.0,12956.0,18821.0,20210906,502781379100,0.5016435989917407,0.8885534916150595,36.0,0.45262649342810146
20210706,2021,097950,CJ제일제당,도시락및식사용조리식품제조업,449000,4.0,1796000.0,452647.0,442068.0,20210906,6759329514000,0.5014046848895587,0.885121871265706,37.0,-0.023370653289311316
20210706,2021,003490,대한항공,항공여객운송업,32250,62.0,1999500.0,31540.0,31245.0,20210906,11217221606250,0.5014046848895587,0.8659921945313895,38.0,-0.009342717017626456
20210706,2021,180640,한진칼,항공여객운송업,68000,29.0,1972000.0,66261.0,65386.0,20210906,4529140680000,0.5014046848895587,0.8659921945313895,39.0,-0.013209400064594923
20210706,2021,088260,이리츠코크렙,부동산임대및공급업,6000,333.0,1998000.0,5999.0,6771.0,20220502,380049540000,0.5014504632183681,0.8653773927131864,40.0,0.12862707561923825
20210706,2021,210980,SK디앤디,부동산임대및공급업,36700,54.0,1981800.0,20617.0,12549.0,20230905,740979018800,0.5014504632183681,0.8653773927131864,41.0,-0.39132859755566995
20210706,2021,067630,HLB생명과학,"건축기술,엔지니어링및관련기술서비스업",10100,198.0,1999800.0,9381.0,17836.0,20210906,951227150600,0.5016435989917407,0.8384422201598352,42.0,0.9013012312209958
20210706,2021,230360,에코마케팅,광고업,26250,76.0,1995000.0,25890.0,22643.0,20210906,859242011250,0.5014504632183681,0.8208689636384273,43.0,-0.12541346965474853
20210706,2021,047040,대우건설,건물건설업,7690,260.0,1999400.0,7561.0,7352.0,20210906,3196138086220,0.5014504632183681,0.7971685836721117,44.0,-0.02767621147253363
20210706,2021,096530,씨젠,의료용품및기타의약관련제품제조업,78900,25.0,1972500.0,89659.0,65603.0,20210906,4120630926600,0.5017796425075568,0.79570174440185,45.0,-0.2682971786827142
20210706,2021,206640,바디텍메드,의료용품및기타의약관련제품제조업,22450,89.0,1998050.0,24053.0,18851.0,20210906,527273272000,0.5017796425075568,0.79570174440185,46.0,-0.21624678194517366
20210706,2021,000020,동화약품,의약품제조업,15700,127.0,1993900.0,16105.0,15905.0,20210906,438524079000,0.5017796425075568,0.7947621270602717,47.0,-0.01240216317024756
20210706,2021,185750,종근당,의약품제조업,138000,14.0,1932000.0,113480.0,108933.0,20210906,1576801662000,0.5017796425075568,0.7947621270602717,48.0,-0.04006428171860288
20210706,2021,271980,제일약품,의약품제조업,44400,45.0,1998000.0,44972.0,38659.0,20210917,652896316800,0.5017796425075568,0.7947621270602717,49.0,-0.1403594600327941
20210706,2021,245620,EDGC,자연과학및공학연구개발업,5200,384.0,1996800.0,4949.0,3765.0,20210906,434876390000,0.5017796425075568,0.7927740807606385,50.0,-0.23926268012298413
20210903,2021,007860,서연,기타금융업,12050,165.0,1988250.0,12272.0,13673.0,20211110,282932120200,0.5019927061475422,2.52576972860663,1.0,0.11413371898499247
20210903,2021,009900,명신산업,자동차신품부품제조업,29950,66.0,1976700.0,31231.0,28084.0,20211110,1571480483350,0.5019927061475422,2.0434619702885053,2.0,-0.10075835621861196
20210903,2021,122350,삼기,자동차신품부품제조업,6200,322.0,1996400.0,6084.0,,,237704453600,0.5019927061475422,2.0434619702885053,3.0,-0.14386210175670433
20210903,2021,200130,콜마비앤에이치,기초의약물질및생물학적제제제조업,39650,50.0,1982500.0,39433.0,33692.0,20211110,1171402074700,0.5019927061475422,1.9003587962568258,4.0,-0.1455844433647182
20210903,2021,032500,케이엠더블유,통신및방송장비제조업,42050,47.0,1976350.0,44903.0,36927.0,20211110,1674468130150,0.5019927061475422,1.7989796918862102,5.0,-0.17762627625939198
20210903,2021,138080,오이솔루션,통신및방송장비제조업,39000,51.0,1989000.0,40735.0,32519.0,20211110,414339705000,0.5019927061475422,1.7989796918862102,6.0,-0.2017021087330101
20210903,2021,006120,SK디스커버리,기타금융업,48200,41.0,1976200.0,47927.0,47976.0,20211110,917624611000,0.5018034799835169,1.6894535645652218,7.0,0.001020830884906676
20210903,2021,033310,엠투엔,기타금속가공제품제조업,15300,130.0,1989000.0,13109.0,10825.0,20211111,389291379300,0.5016435989917407,1.500000000000527,8.0,-0.17423615255080716
20210903,2021,018000,유니슨,일반목적용기계제조업,3590,557.0,1999630.0,3071.0,2704.0,20211110,437024166090,0.5019927061475422,1.4629014669473137,9.0,-0.11959488417132691
20210903,2021,068330,일신바이오,일반목적용기계제조업,5820,343.0,1996260.0,4803.0,,,257337934800,0.5019927061475422,1.4629014669473137,10.0,-0.2200716164599783
20210903,2021,338220,뷰노,"자료처리,호스팅,포털및기타인터넷정보매개서비스업",22850,87.0,1987950.0,22789.0,18610.0,20230424,255203789600,0.5014763136805647,1.4403743000819194,11.0,-0.18339494518156818
20210903,2021,137310,에스디바이오센서,의료용기기제조업,47150,42.0,1980300.0,45998.0,46100.0,20211110,4869244293950,0.5019927061475422,1.4210783784395256,12.0,0.002209077299885065
20210903,2021,000020,동화약품,의약품제조업,15100,132.0,1993200.0,15905.0,14303.0,20211110,421765197000,0.5019927061475422,1.3187034221876985,13.0,-0.10073735207124768
20210903,2021,000250,삼천당제약,의약품제조업,53800,37.0,1990600.0,54761.0,48164.0,20211110,1224920605800,0.5019927061475422,1.3187034221876985,14.0,-0.12045714235083471
20210903,2021,007570,일양약품,의약품제조업,36450,54.0,1968300.0,39828.0,32449.0,20211110,695672452800,0.5019927061475422,1.3187034221876985,15.0,-0.18528579742010853
20210903,2021,053030,바이넥스,의약품제조업,19600,102.0,1999200.0,19343.0,14299.0,20211110,622516540800,0.5019927061475422,1.3187034221876985,16.0,-0.26077527730932604
20210903,2021,063160,종근당바이오,의약품제조업,53600,37.0,1983200.0,53049.0,41830.0,20211230,294047563200,0.5019927061475422,1.3187034221876985,17.0,-0.21148047244542723
20210903,2021,069620,대웅제약,의약품제조업,163500,12.0,1962000.0,165131.0,137579.0,20211110,1894405012500,0.5019927061475422,1.3187034221876985,18.0,-0.16684766542361018
20210903,2021,185750,종근당,의약품제조업,132500,15.0,1987500.0,108933.0,94812.0,20211110,1513958117500,0.5019927061475422,1.3187034221876985,19.0,-0.12963239842764962
20210903,2021,271980,제일약품,의약품제조업,40200,49.0,1969800.0,40016.0,31354.0,20211213,591135854400,0.5019927061475422,1.3187034221876985,20.0,-0.21647020712626652
20210903,2021,004250,NPC,플라스틱제품제조업,5840,342.0,1997280.0,5983.0,5534.0,20211110,214444800000,0.5019927061475422,1.2440081749698813,21.0,-0.07520045878169546
20210903,2021,004830,덕성,플라스틱제품제조업,16100,124.0,1996400.0,16213.0,18063.0,20211110,252448000000,0.5019927061475422,1.2440081749698813,22.0,0.11410653803183446
20210903,2021,065680,우주일렉트로,전자부품제조업,25450,78.0,1985100.0,25081.0,25034.0,20211112,252825899000,0.5018034799835169,1.2079348195862936,23.0,-0.0018678442350408275
20210903,2021,290720,푸드나무,무점포소매업,43650,45.0,1964250.0,22476.0,,,297083384100,0.5017796425075568,1.1973998725746235,24.0,-0.12259597486355234
20210903,2021,013360,일성건설,토목건설업,3935,508.0,1998980.0,4091.0,5881.0,20211110,212587902800,0.5019927061475422,1.1687684175158237,25.0,0.43756212782121606
20210903,2021,091810,티웨이항공,항공여객운송업,3865,517.0,1998205.0,3344.0,3418.0,20211110,426426528335,0.5014763136805647,1.154700538382351,26.0,0.02223940263362678
20210903,2021,093050,LF,봉제의복제조업,18750,106.0,1987500.0,18485.0,17589.0,20211206,548250000000,0.5014763136805647,1.154700538381265,27.0,-0.04845935643364929
20210903,2021,333620,엔시스,기타전기장비제조업,19250,103.0,1982750.0,19686.0,21287.0,20211117,203209622000,0.5016435989917407,1.1547005383794176,28.0,0.0813557581621398
20210903,2021,041140,넥슨지티,소프트웨어개발및공급업,11650,171.0,1992150.0,11653.0,15203.0,20211124,412099201300,0.5019927061475422,1.068552358607987,29.0,0.30461392544946975
20210903,2021,042420,네오위즈홀딩스,소프트웨어개발및공급업,27750,72.0,1998000.0,27395.0,59993.0,20211111,245778031500,0.5019927061475422,1.068552358607987,30.0,1.1899337619698147
20210903,2021,069080,웹젠,소프트웨어개발및공급업,27600,72.0,1987200.0,28047.0,25639.0,20211110,974580398400,0.5019927061475422,1.068552358607987,31.0,-0.08584371876265151
20210903,2021,078340,컴투스,소프트웨어개발및공급업,103300,19.0,1962700.0,103988.0,169439.0,20211110,1329101186000,0.5019927061475422,1.068552358607987,32.0,0.6294085425154472
20210903,2021,131370,알서포트,소프트웨어개발및공급업,8670,230.0,1994100.0,8527.0,7000.0,20211110,461825609610,0.5019927061475422,1.068552358607987,33.0,-0.17911918227975565
20210903,2021,194480,데브시스터즈,소프트웨어개발및공급업,80400,24.0,1929600.0,89783.0,144732.0,20211110,921174960000,0.5019927061475422,1.068552358607987,34.0,0.612024182237668
20210903,2021,259960,크래프톤,소프트웨어개발및공급업,509000,3.0,1527000.0,482147.0,484174.0,20211110,24916285505000,0.5019927061475422,1.068552358607987,35.0,0.004203426674316946
20210903,2021,950190,고스트스튜디오,소프트웨어개발및공급업,21350,93.0,1985550.0,21568.0,23820.0,20211110,289930694200,0.5019927061475422,1.068552358607987,36.0,0.10440204192477442
20210903,2021,006650,대한유화,기초화학물질제조업,232000,8.0,1856000.0,235201.0,177095.0,20211110,1508000000000,0.5016435989917407,1.0625253004673245,37.0,-0.247048658842963
20210903,2021,108230,톱텍,특수목적용기계제조업,10300,194.0,1998200.0,10601.0,8070.0,20211112,391639423500,0.5016435989917407,1.061751493594462,38.0,-0.23870613278245434
20210903,2021,297890,HB솔루션,특수목적용기계제조업,23050,86.0,1982300.0,6416.0,4941.0,20211110,381592773050,0.5016435989917407,1.061751493594462,39.0,-0.22983780879095816
20210903,2021,073240,금호타이어,고무제품제조업,5970,335.0,1999950.0,6023.0,5381.0,20211110,1714943913390,0.5014763136805647,1.0345478335556704,40.0,-0.10650424104956624
20210903,2021,122450,KX,텔레비전방송업,10200,196.0,1999200.0,10194.0,7926.0,20211210,462426832800,0.5019927061475422,1.006735000166687,41.0,-0.2225178573099731
20210903,2021,003090,대웅,기타금융업,36450,54.0,1968300.0,36463.0,30807.0,20211110,2119275171000,0.5016435989917407,0.9828332172460267,42.0,-0.15513862809462742
20210903,2021,047040,대우건설,건물건설업,7370,271.0,1997270.0,7352.0,6030.0,20211110,3063138842060,0.5014504632183681,0.8392628236324323,46.0,-0.17976963453217887
20210903,2021,035900,JYP Ent.,오디오물출판및원판녹음업,40650,49.0,1991850.0,40661.0,52046.0,20211110,1442973049800,0.5014504632183681,0.7959838223341891,50.0,0.27999817025213636
20210903,2021,091580,상신이디피,일차전지및축전지제조업,17400,114.0,1983600.0,17235.0,15285.0,20211110,232148381400,0.5014504632183681,0.7444404937789502,62.0,-0.11314003022136321
20210903,2021,095700,제넥신,자연과학및공학연구개발업,76700,26.0,1994200.0,56025.0,43458.0,20211110,1918476544400,0.5019927061475422,0.7400246563173134,64.0,-0.22431056651409675
20210903,2021,245620,EDGC,자연과학및공학연구개발업,4140,483.0,1999620.0,3765.0,3494.0,20220407,346469570280,0.5019927061475422,0.7400246563173134,66.0,-0.0718221148984366
20210903,2021,096530,씨젠,의료용품및기타의약관련제품제조업,65000,30.0,1950000.0,65603.0,50025.0,20211110,3394689610000,0.5019927061475422,0.7263698023553697,68.0,-0.23746921227094275
20210903,2021,206640,바디텍메드,의료용품및기타의약관련제품제조업,19200,104.0,1996800.0,18851.0,15403.0,20211110,450941952000,0.5019927061475422,0.7263698023553697,70.0,-0.18292327049854262
20210903,2021,096240,크레버스,일반교습학원,31100,64.0,1990400.0,31522.0,37725.0,20211110,232435988600,0.5014504632183681,0.6923845135846306,88.0,0.19678199457363332
20211109,2021,383310,에코프로에이치엔,기타화학제품제조업,99900,20.0,1998000.0,85672.0,64033.0,20220110,1528962706800,0.5019927061475422,2.4806298706283383,1.0,-0.2525836740884958
20211109,2021,122990,와이솔,전자부품제조업,10350,193.0,1997550.0,10084.0,10384.0,20220110,291734839350,0.5019927061475422,2.4211859647261273,2.0,0.02977397800162973
20211109,2021,000210,DL,기타금융업,65300,30.0,1959000.0,64196.0,66101.0,20220110,1368419225200,0.5018034799835169,1.9761727650216128,3.0,0.029673855417129857
20211109,2021,042670,HD현대인프라코어,특수목적용기계제조업,8330,240.0,1999200.0,8144.0,6996.0,20220110,662438027090,0.5019927061475422,1.8873626376234123,4.0,-0.14102242348566518
20211109,2021,079370,제우스,특수목적용기계제조업,19500,102.0,1989000.0,6528.0,7829.0,20220113,202488000000,0.5019927061475422,1.8873626376234123,5.0,0.19926978037853793
20211109,2021,089970,브이엠,특수목적용기계제조업,15800,126.0,1990800.0,15594.0,19949.0,20220110,374469401000,0.5019927061475422,1.8873626376234123,6.0,0.2792827363287358
20211109,2021,009900,명신산업,자동차신품부품제조업,29150,68.0,1982200.0,28084.0,27880.0,20220110,1529504376950,0.5019927061475422,1.8635957991306054,7.0,-0.007254917803360295
20211109,2021,123040,엠에스오토텍,자동차신품부품제조업,5860,341.0,1998260.0,5755.0,4784.0,20220616,208932949820,0.5019927061475422,1.8635957991306054,8.0,-0.16876183346875007
20211109,2021,018000,유니슨,일반목적용기계제조업,3325,601.0,1998325.0,2704.0,2328.0,20220110,404764722075,0.5019927061475422,1.8334717722472837,9.0,-0.1390546150930977
20211109,2021,011780,금호석유화학,기초화학물질제조업,169000,11.0,1859000.0,162097.0,175099.0,20220110,5149039779000,0.5019927061475422,1.8012477398525684,10.0,0.08021155518634937
20211109,2021,298000,효성화학,기초화학물질제조업,247500,8.0,1980000.0,239651.0,364459.0,20220110,789556185000,0.5019927061475422,1.8012477398525684,11.0,0.5207903481153351
20211109,2021,028300,HLB,선박및보트건조업,40350,49.0,1977150.0,35667.0,31809.0,20220110,4301716082400,0.5019927061475422,1.6506689994853982,12.0,-0.10819002573954828
20211109,2021,058630,엠게임,소프트웨어개발및공급업,11200,178.0,1993600.0,11807.0,11655.0,20220110,218891422400,0.5019927061475422,1.5269632058624205,13.0,-0.012866526630663344
20211109,2021,069080,웹젠,소프트웨어개발및공급업,26850,74.0,1986900.0,25639.0,26489.0,20220110,948097235400,0.5019927061475422,1.5269632058624205,14.0,0.033146408182541665
20211109,2021,086960,MDS테크,소프트웨어개발및공급업,22800,87.0,1983600.0,2333.0,2983.0,20230313,201748262400,0.5019927061475422,1.5269632058624205,15.0,0.2786970969089917
20211109,2021,131370,알서포트,소프트웨어개발및공급업,7370,271.0,1997270.0,7000.0,7548.0,20220110,392578401710,0.5019927061475422,1.5269632058624205,16.0,0.07835794727122547
20211109,2021,073240,금호타이어,고무제품제조업,5460,366.0,1998360.0,5381.0,4522.0,20220110,1568441167020,0.5014763136805647,1.4999999999989264,17.0,-0.15961606351808832
20211109,2021,011200,HMM,해상운송업,26700,74.0,1975800.0,26718.0,26223.0,20220110,10823979402900,0.5019927061475422,1.4913409314460833,18.0,-0.018550831916202326
20211109,2021,093320,케이아이엔엑스,"자료처리,호스팅,포털및기타인터넷정보매개서비스업",57200,34.0,1944800.0,56105.0,55094.0,20220203,279136000000,0.5017796425075568,1.4621378114115733,19.0,-0.01802098348878267
20211109,2021,001430,세아베스틸지주,1차철강제조업,20350,98.0,1994300.0,19702.0,21850.0,20220110,729794121650,0.5019927061475422,1.4181476480383346,20.0,0.10899796961420516
20211109,2021,004560,현대비앤지스틸,1차철강제조업,16050,124.0,1990200.0,15335.0,15987.0,20220121,242014916550,0.5019927061475422,1.4181476480383346,21.0,0.0424559699077689
20211109,2021,016380,KG스틸,1차철강제조업,11450,174.0,1992300.0,11013.0,12365.0,20220712,1145101870650,0.5019927061475422,1.4181476480383346,22.0,0.12277665035865826
20211109,2021,048910,대원미디어,기타전문도매업,28100,71.0,1995100.0,27684.0,19690.0,20220110,353468382600,0.5019927061475422,1.356199859623378,23.0,-0.288774287606813
20211109,2021,008350,남선알미늄,1차비철금속제조업,2785,718.0,1999630.0,2717.0,2748.0,20220110,306848765650,0.5019927061475422,1.2966396821711619,24.0,0.011301908880910316
20211109,2021,298020,효성티앤씨,화학섬유제조업,553000,3.0,1659000.0,542275.0,601163.0,20220110,2393208146000,0.5019927061475422,1.2371174293413612,25.0,0.10859313909996815
20211109,2021,230360,에코마케팅,광고업,17550,113.0,1983150.0,17101.0,15550.0,20220110,574464658950,0.5019927061475422,1.2371174293413287,26.0,-0.09070888413781109
20211109,2021,241690,유니테크노,자동차신품부품제조업,9350,213.0,1991550.0,9126.0,9656.0,20220110,233858132750,0.5018034799835169,1.2041249153968483,27.0,0.058140169172358425
20211109,2021,091810,티웨이항공,항공여객운송업,3980,502.0,1997960.0,3418.0,3082.0,20220217,439114510420,0.5014763136805647,1.154700538382351,28.0,-0.09848793464295258
20211109,2021,099320,쎄트렉아이,"항공기,우주선및부품제조업",46500,43.0,1999500.0,46167.0,47260.0,20220110,422480725500,0.5016435989917407,1.1547005383794176,29.0,0.023685600363923198
20211109,2021,365550,ESR켄달스퀘어리츠,부동산임대및공급업,6500,307.0,1995500.0,6429.0,6172.0,20220110,931183500000,0.500929916896089,1.1547005383771975,30.0,-0.040029501065623085
20211109,2021,151860,KG에코솔루션,폐기물처리업,14600,136.0,1985600.0,14602.0,15248.0,20220712,525600000000,0.5019927061475422,1.1536691499520006,31.0,0.0442866302332483
20211109,2021,098460,고영,특수목적용기계제조업,18300,109.0,1994700.0,18520.0,20678.0,20220110,1256382016500,0.5018034799835169,1.1328691882859703,32.0,0.11651815922842568
20211109,2021,240810,원익IPS,특수목적용기계제조업,36100,55.0,1985500.0,34993.0,39448.0,20220110,1771928826100,0.5018034799835169,1.1328691882859703,33.0,0.12731052188847158
20211109,2021,348210,넥스틴,특수목적용기계제조업,50200,39.0,1957800.0,49527.0,56431.0,20220110,480082680000,0.5018034799835169,1.1328691882859703,34.0,0.13940389782626839
20211109,2021,070960,모나용평,일반및생활숙박시설운영업,6010,332.0,1995320.0,5839.0,,,289281331330,0.5014046848895587,1.1155058954309789,35.0,-0.1755205724748612
20211109,2021,032500,케이엠더블유,통신및방송장비제조업,38350,52.0,1994200.0,36927.0,37829.0,20220110,1527130863050,0.5019927061475422,1.0805259367307474,36.0,0.024425813344420844
20211109,2021,049070,인탑스,통신및방송장비제조업,21750,91.0,1979250.0,21478.0,34131.0,20220110,374100000000,0.5019927061475422,1.0805259367307474,37.0,0.5891034342715227
20211109,2021,138080,오이솔루션,통신및방송장비제조업,33450,59.0,1973550.0,32519.0,32477.0,20220110,355375977750,0.5019927061475422,1.0805259367307474,38.0,-0.0012754959305841806
20211109,2021,200130,콜마비앤에이치,기초의약물질및생물학적제제제조업,34650,57.0,1975050.0,33692.0,30787.0,20220110,1023684284700,0.5019927061475422,0.9972299845321383,48.0,-0.0862190659872537
20211109,2021,000020,동화약품,의약품제조업,14350,139.0,1994650.0,14303.0,14603.0,20220110,400816594500,0.5019927061475422,0.9361052876507111,52.0,0.020959348837501945
20211109,2021,000250,삼천당제약,의약품제조업,49450,40.0,1978000.0,48164.0,40214.0,20220110,1125879627450,0.5019927061475422,0.9361052876507111,53.0,-0.1650754235280898
20211109,2021,007570,일양약품,의약품제조업,29450,67.0,1973150.0,32449.0,30259.0,20220110,562072804800,0.5019927061475422,0.9361052876507111,56.0,-0.06747002031446081
20211109,2021,053030,바이넥스,의약품제조업,14700,136.0,1999200.0,14299.0,14250.0,20220110,466887405600,0.5019927061475422,0.9361052876507111,59.0,-0.00342070526911209
20211109,2021,069620,대웅제약,의약품제조업,140000,14.0,1960000.0,137579.0,144602.0,20220110,1622120500000,0.5019927061475422,0.9361052876507111,61.0,0.05104555428233981
20211109,2021,185750,종근당,의약품제조업,117500,17.0,1997500.0,94812.0,89739.0,20220110,1342566632500,0.5019927061475422,0.9361052876507111,62.0,-0.053509295502377596
20211109,2021,271980,제일약품,의약품제조업,34200,58.0,1983600.0,33253.0,33963.0,20220111,502906622400,0.5019927061475422,0.9361052876507111,64.0,0.021371503796508984
20211109,2021,006650,대한유화,기초화학물질제조업,182500,10.0,1825000.0,177095.0,193604.0,20220110,1186250000000,0.5016435989917407,0.8474569743841355,71.0,0.09322278198596279
20211109,2021,035900,JYP Ent.,오디오물출판및원판녹음업,54200,36.0,1951200.0,52046.0,45222.0,20220110,1923964066400,0.5014046848895587,0.7864850540576699,73.0,-0.13112668023208984
20211109,2021,095700,제넥신,자연과학및공학연구개발업,61100,32.0,1955200.0,43458.0,39963.0,20220110,1529279965200,0.5019927061475422,0.764163914509982,77.0,-0.08042951667583265
20211109,2021,245620,EDGC,자연과학및공학연구개발업,3850,519.0,1998150.0,3481.0,3324.0,20220527,322217572600,0.5019927061475422,0.764163914509982,78.0,-0.04503442701461702
20220103,2022,005930,삼성전자,통신및방송장비제조업,78600,25.0,1965000.0,78704.0,71207.0,20220310,469224908430000,0.5411448117741996,2.2175894474223776,1.0,-0.0952580648309862
20220103,2022,009470,삼화전기,전자부품제조업,30600,65.0,1989000.0,30300.0,73594.0,20240603,202382892000,0.5489636116096975,2.133659066711342,2.0,1.4288493474848978
20220103,2022,000660,SK하이닉스,반도체제조업,128500,15.0,1927500.0,128574.0,120100.0,20220310,93548303902500,0.5388418901180462,2.066781003360821,3.0,-0.0659100433689297
20220103,2022,160980,싸이맥스,특수목적용기계제조업,20000,100.0,2000000.0,19863.0,20413.0,20240320,218484860000,0.5375167973884256,2.0555502197940685,4.0,0.027695967335467975
20220103,2022,259960,크래프톤,소프트웨어개발및공급업,460000,4.0,1840000.0,443749.0,294799.0,20220310,22524840700000,0.5437369466185754,1.854060788513808,5.0,-0.3356635675904447
20220103,2022,338220,뷰노,"자료처리,호스팅,포털및기타인터넷정보매개서비스업",18950,105.0,1989750.0,19227.0,30026.0,20230612,212404031200,0.5263690516269935,1.8397505798349183,6.0,0.5616921616426793
20220103,2022,006060,화승인더,플라스틱제품제조업,6080,328.0,1994240.0,6201.0,5472.0,20220330,336345600000,0.5273315315418979,1.778043254645048,7.0,-0.11759396161889335
20220103,2022,051910,LG화학,기초화학물질제조업,618000,3.0,1854000.0,644261.0,496690.0,20220310,43626067974000,0.531042572666846,1.7501770552157772,8.0,-0.22905407212694173
20220103,2022,009150,삼성전기,전자부품제조업,194500,10.0,1945000.0,192027.0,157019.0,20220310,14527923872000,0.5416231592161611,1.7234782840656373,9.0,-0.1823068996083882
20220103,2022,002020,코오롱,기타금융업,33050,60.0,1983000.0,32605.0,25802.0,20220512,417303379300,0.527049202574562,1.701172145718496,10.0,-0.20864188331789535
20220103,2022,012330,현대모비스,자동차신품부품제조업,256500,7.0,1795500.0,255189.0,219222.0,20220310,24257998611000,0.5254201492730366,1.6857678768945983,11.0,-0.14094561235885272
20220103,2022,078350,한양디지텍,반도체제조업,18150,110.0,1996500.0,17828.0,13933.0,20220310,276685533300,0.5330208975769875,1.674503740284914,12.0,-0.21843784303375546
20220103,2022,034220,LG디스플레이,전자부품제조업,24700,80.0,1976000.0,23849.0,17382.0,20220310,8838047790000,0.5397085953442788,1.6164934191974496,13.0,-0.2711559733487042
20220103,2022,136540,윈스테크넷,"컴퓨터프로그래밍,시스템통합및관리업",16600,120.0,1992000.0,16603.0,,,202713605800,0.5204523431311867,1.5976969761988102,14.0,-0.0303171235749482
20220103,2022,033500,동성화인텍,기초화학물질제조업,11500,173.0,1989500.0,11786.0,10939.0,20220310,333558236000,0.5275858081346062,1.5118259317080769,15.0,-0.07189444837972425
20220103,2022,047560,이스트소프트,소프트웨어개발및공급업,18150,110.0,1996500.0,18336.0,28749.0,20240306,206458645800,0.5373235165412813,1.5093704148825264,16.0,0.5679001910813026
20220103,2022,002990,금호건설,건물건설업,11600,172.0,1995200.0,11832.0,11736.0,20220321,424953518400,0.5112935458504134,1.4917986262845109,17.0,-0.008108029281988727
20220103,2022,207940,삼성바이오로직스,기초의약물질제조업,911000,2.0,1822000.0,1290597.0,1166315.0,20220310,60276315000000,0.5381877532342532,1.4745798688952974,18.0,-0.09629770688811923
20220103,2022,060980,HL홀딩스,기타금융업,46050,43.0,1980150.0,46035.0,40482.0,20220310,482238823500,0.523699379806514,1.4636357872484766,19.0,-0.12064329745751756
20220103,2022,003280,흥아해운,해상운송업,2725,733.0,1997425.0,2689.0,2744.0,20220329,655157849775,0.5054707092276043,1.4598471715916077,20.0,0.020262103102058004
20220103,2022,083310,엘오티베큠,특수목적용기계제조업,16900,118.0,1994200.0,16338.0,14445.0,20220426,300989557700,0.5278628647783346,1.4562698631071103,21.0,-0.11586372658924982
20220103,2022,950190,고스트스튜디오,소프트웨어개발및공급업,22800,87.0,1983600.0,22520.0,18958.0,20220310,309621537600,0.5360262522842798,1.4396488312595221,22.0,-0.15818992581510816
20220103,2022,290510,코리아센터,소프트웨어개발및공급업,6780,294.0,1993320.0,6839.0,6120.0,20220310,516640318860,0.5360126919549291,1.4389200301446528,23.0,-0.10508383859761639
20220103,2022,119860,커넥트웨이브,소프트웨어개발및공급업,26050,76.0,1979800.0,25819.0,23507.0,20220318,340599113100,0.5357402544418767,1.4242778516171797,24.0,-0.08952429302901732
20220103,2022,001680,대상,도시락및식사용조리식품제조업,23050,86.0,1982300.0,22797.0,21744.0,20220310,798636976250,0.5085990476189716,1.4121341975425212,25.0,-0.0461908185360248
20220103,2022,086450,동국제약,의약품제조업,21450,93.0,1994850.0,21999.0,21048.0,20220310,953667000000,0.5376475862586643,1.3658509723058945,26.0,-0.04326195522790954
20220103,2022,049950,미래컴퍼니,특수목적용기계제조업,33100,60.0,1986000.0,33184.0,23716.0,20220311,276792328600,0.5260148777446858,1.341553677133294,27.0,-0.2853078947777542
20220103,2022,009290,광동제약,의약품제조업,7530,265.0,1995450.0,7525.0,6658.0,20220831,394729008030,0.537025764359279,1.3384054055862533,28.0,-0.11516720150844473
20220103,2022,053300,한국정보인증,소프트웨어개발및공급업,6780,294.0,1993320.0,6732.0,6892.0,20220419,283243524180,0.5340414765164805,1.3329768799429962,29.0,0.02369098174640394
20220103,2022,030190,NICE평가정보,기타정보서비스업,17900,111.0,1986900.0,18115.0,18368.0,20220310,1086795278000,0.5289780017975388,1.331661774164947,30.0,0.01396723006363576
20220103,2022,122990,와이솔,전자부품제조업,10800,185.0,1998000.0,10934.0,10435.0,20220310,304418962800,0.5345511354114804,1.3282971557679744,31.0,-0.04562377311876564
20220103,2022,090850,현대이지웰,소프트웨어개발및공급업,10550,189.0,1993950.0,10601.0,11000.0,20220420,250524108550,0.5336845060345158,1.3137914694339812,32.0,0.03760421604565378
20220103,2022,096530,씨젠,의료용품및기타의약관련제품제조업,61500,32.0,1968000.0,60915.0,55122.0,20220310,3211898631000,0.519410822363631,1.300382816953084,33.0,-0.0951074455387686
20220103,2022,192650,드림텍,전자부품제조업,12400,161.0,1996400.0,12181.0,10489.0,20220310,810256560400,0.5335679378184232,1.2733565694669597,34.0,-0.13891734591372085
20220103,2022,110790,크리스에프앤씨,봉제의복제조업,43800,45.0,1971000.0,23129.0,20192.0,20220310,513138024000,0.5199610474004331,1.2516566980405006,35.0,-0.12698356298787505
20220103,2022,054780,키이스트,"영화,비디오물,방송프로그램제작및배급업",13150,152.0,1998800.0,13000.0,12802.0,20220316,238383173700,0.5089761813517097,1.2412810962725886,36.0,-0.015262038284515889
20220103,2022,012610,경인양행,기초화학물질제조업,6790,294.0,1996260.0,6744.0,6763.0,20220526,282303518350,0.5235482886073635,1.2334305401425865,37.0,0.0027816115737129277
20220103,2022,051900,LG생활건강,기타화학제품제조업,1104000,1.0,1104000.0,1103332.0,937286.0,20220310,17242489488000,0.5271060376445312,1.215456361629135,38.0,-0.15049509686571216
20220103,2022,348030,모비릭스,소프트웨어개발및공급업,25000,80.0,2000000.0,26654.0,,,232600000000,0.5317816796772163,1.2115238965208424,39.0,-0.1360943744396711
20220103,2022,321550,티움바이오,자연과학및공학연구개발업,19400,103.0,1998200.0,19508.0,15261.0,20220620,463994184400,0.5244422681978154,1.207614248792717,40.0,-0.21772523626870655
20220103,2022,012450,한화에어로스페이스,"항공기,우주선및부품제조업",49600,40.0,1984000.0,51299.0,54866.0,20220310,2511248000000,0.49556840941479896,1.154656925946982,41.0,0.0695361069372753
20220103,2022,045390,대아티아이,기타전기장비제조업,5600,357.0,1999200.0,5620.0,4050.0,20220310,398448523200,0.5137357334742759,1.1532386002755217,42.0,-0.2792802084734699
20220103,2022,293490,카카오게임즈,소프트웨어개발및공급업,93000,21.0,1953000.0,90308.0,74300.0,20220310,7199232951000,0.5303267911411202,1.1333307819074505,43.0,-0.1772636186394294
20220103,2022,028300,HLB,선박및보트건조업,36300,55.0,1996500.0,32169.0,27415.0,20220310,3869945323200,0.4795919003902616,1.1316588324230445,44.0,-0.14777104957251053
20220103,2022,009900,명신산업,자동차신품부품제조업,29800,67.0,1996600.0,29827.0,23537.0,20220310,1563609963400,0.5176245266379762,1.0716756175302218,57.0,-0.21086092576238136
20220103,2022,200130,콜마비앤에이치,기초의약물질제조업,31150,64.0,1993600.0,31040.0,34746.0,20220310,920281831700,0.5257568699923475,0.9268826483259303,74.0,0.11939103649345206
20220103,2022,008350,남선알미늄,1차비철금속제조업,2560,781.0,1999360.0,2558.0,2329.0,20220310,282058470400,0.5133145418597219,0.9171073175870391,76.0,-0.08977823575025168
20220103,2022,018000,유니슨,일반목적용기계제조업,2905,688.0,1998640.0,2471.0,2315.0,20220310,353740281300,0.5210472746520408,0.9079168154196241,77.0,-0.06321767520447663
20220103,2022,048910,대원미디어,기타전문도매업,22250,89.0,1980250.0,21886.0,17737.0,20220311,279881548500,0.5264868388775322,0.8814742624925734,85.0,-0.18956689642631097
20220103,2022,138080,오이솔루션,통신및방송장비제조업,35100,56.0,1965600.0,35178.0,28024.0,20220310,372905734500,0.5166162228375824,0.8487431098892131,89.0,-0.203371132785787
20220308,2022,179290,엠아이텍,의료용기기제조업,6400,312.0,1996800.0,6796.0,9742.0,20220511,200268787200,0.5571201074771366,2.001985368085302,1.0,0.433585655744827
20220308,2022,002020,코오롱,기타금융업,28350,70.0,1984500.0,25802.0,25943.0,20221025,357959177100,0.5352295142366053,1.912593181079442,2.0,0.005436737449826312
20220308,2022,009150,삼성전기,전자부품제조업,156500,12.0,1878000.0,157019.0,160527.0,20220510,11689563424000,0.5332013870025806,1.7608235366812302,3.0,0.02233712786007791
20220308,2022,950190,고스트스튜디오,소프트웨어개발및공급업,18400,108.0,1987200.0,18958.0,16404.0,20220715,249870012800,0.5304855214884986,1.7428228654447846,4.0,-0.1347122562888412
20220308,2022,005930,삼성전자,통신및방송장비제조업,69500,28.0,1946000.0,71207.0,65721.0,20220510,414899887225000,0.5437417730507194,1.7153225420696996,5.0,-0.07705170524788774
20220308,2022,131370,알서포트,소프트웨어개발및공급업,5900,338.0,1994200.0,6039.0,5130.0,20220513,314275789700,0.5296864162330622,1.6878513583436576,6.0,-0.15058320671844927
20220308,2022,036710,심텍홀딩스,통신및방송장비제조업,5050,396.0,1999800.0,5106.0,5246.0,20220510,205351073950,0.5431896414082296,1.6871023617485033,7.0,0.027433103941435943
20220308,2022,290510,코리아센터,소프트웨어개발및공급업,5910,338.0,1997580.0,6120.0,6500.0,20220510,450345764670,0.5287963522055358,1.626622677044459,8.0,0.06207487158549707
20220308,2022,015750,성우하이텍,자동차신품부품제조업,4485,445.0,1995825.0,4577.0,4522.0,20220510,358800000000,0.508224928339742,1.613750127595555,9.0,-0.011982727378126445
20220308,2022,101160,월덱스,전자부품제조업,22900,87.0,1992300.0,23039.0,26188.0,20220510,378101739700,0.5294408226254048,1.557610492841205,10.0,0.13667813331833534
20220308,2022,000070,삼양홀딩스,기타금융업,80000,25.0,2000000.0,54884.0,44931.0,20220921,685141680000,0.5301551344274971,1.5352404816885534,11.0,-0.18134648816464327
20220308,2022,259960,크래프톤,소프트웨어개발및공급업,273500,7.0,1914500.0,294799.0,244850.0,20220510,13421204307500,0.5272176460458642,1.5180213929500495,12.0,-0.169434249424551
20220308,2022,000660,SK하이닉스,반도체제조업,118000,16.0,1888000.0,120100.0,110113.0,20220510,85904279070000,0.5197437329411554,1.4920708588095475,13.0,-0.0831582856236307
20220308,2022,083450,GST,특수목적용기계제조업,31250,64.0,2000000.0,15791.0,14612.0,20220510,291179531250,0.5246398087964184,1.4850280494321682,14.0,-0.07466485915742926
20220308,2022,049770,동원F&B,도시락및식사용조리식품제조업,167500,11.0,1842500.0,34302.0,39503.0,20240517,646403270000,0.5258500926741405,1.4697995980728429,15.0,0.15161516337802894
20220308,2022,340570,티앤엘,의료용품및기타의약관련제품제조업,38700,51.0,1973700.0,39453.0,37709.0,20220510,314553600000,0.5231642453829582,1.4486096218791191,16.0,-0.044184017401378006
20220308,2022,036200,유니셈,특수목적용기계제조업,11200,178.0,1993600.0,11299.0,10204.0,20220510,343439297600,0.5240049892277723,1.4461370766159762,17.0,-0.09694342164951486
20220308,2022,161000,애경케미칼,기초화학물질제조업,10050,199.0,1999950.0,10053.0,9463.0,20221221,488919525450,0.532030369563757,1.432434982374479,18.0,-0.058682463228368564
20220308,2022,075580,세진중공업,선박및보트건조업,6750,296.0,1998000.0,6805.0,5942.0,20220623,383733828000,0.5226819740453877,1.4231236376564027,19.0,-0.12672267514565383
20220308,2022,036810,에프에스티,전자부품제조업,19900,100.0,1990000.0,20733.0,19651.0,20220510,432960101100,0.526667735698342,1.4077586677530167,20.0,-0.052194743416138834
20220308,2022,139990,아주스틸,1차철강제조업,15500,129.0,1999500.0,15551.0,,,410008929500,0.5328520355380624,1.3869711827802627,21.0,-0.006340516865581236
20220308,2022,016580,환인제약,의약품제조업,17450,114.0,1989300.0,17443.0,14810.0,20230829,324571221500,0.5459131241992702,1.3723689499891523,22.0,-0.150947986723869
20220308,2022,337930,젝시믹스,기타정보서비스업,8000,250.0,2000000.0,7990.0,8198.0,20220524,236579328000,0.5182249726419232,1.3646931117766194,23.0,0.02613449805686452
20220308,2022,251970,펌텍코리아,플라스틱제품제조업,17000,117.0,1989000.0,17184.0,17622.0,20221208,210800000000,0.5251637033259271,1.3547497178661103,24.0,0.025497755557641
20220308,2022,120110,코오롱인더,화학섬유제조업,56400,35.0,1974000.0,57249.0,65336.0,20220510,1552076732400,0.5108194582281333,1.3523281617271539,25.0,0.14126843766296315
20220308,2022,043610,KT지니뮤직,"자료처리,호스팅,포털및기타인터넷정보매개서비스업",4610,433.0,1996130.0,4684.0,5030.0,20220607,267912169180,0.5167936808303203,1.3467804870997266,26.0,0.07379022131302304
20220308,2022,215000,골프존,소프트웨어개발및공급업,147000,13.0,1911000.0,146977.0,180999.0,20220510,922486005000,0.5246987791949003,1.3447452118180094,27.0,0.23147784047470532
20220308,2022,048910,대원미디어,기타전문도매업,16550,120.0,1986000.0,17288.0,16186.0,20220531,208181556300,0.5343228124923306,1.3388707826339434,28.0,-0.06373351562521634
20220308,2022,010690,화신,자동차신품부품제조업,6340,315.0,1997100.0,6389.0,8580.0,20220510,221395399400,0.5056175682391172,1.3355355565434324,29.0,0.3430655109655836
20220308,2022,002990,금호건설,건물건설업,10650,187.0,1991550.0,10938.0,9039.0,20220527,390151290600,0.5220398709578311,1.325505626097918,30.0,-0.17364409412364457
20220308,2022,005490,POSCO홀딩스,1차철강제조업,276500,7.0,1935500.0,283723.0,276196.0,20220510,24107159877500,0.5314293238946858,1.2966325123650577,31.0,-0.026529459296018576
20220308,2022,950210,프레스티지바이오파마,자연과학및공학연구개발업,13500,148.0,1998000.0,13520.0,15869.0,20220510,811298092500,0.5310183676342899,1.2917784650321587,32.0,0.17375196519838032
20220308,2022,003410,쌍용양회,"시멘트,석회,플라스터및그제품제조업",7860,254.0,1996440.0,8119.0,7948.0,20220510,3960336416700,0.5217935178344633,1.2654079102595865,33.0,-0.02100632516057266
20220308,2022,030530,원익홀딩스,특수목적용기계제조업,4430,451.0,1997930.0,4572.0,3678.0,20230622,342164255830,0.5210425529055774,1.264649239494165,34.0,-0.19557823798776952
20220308,2022,084690,대상홀딩스,기타금융업,8890,224.0,1991360.0,9071.0,8268.0,20230627,321929462820,0.5262858837439691,1.247506365407274,35.0,-0.08852394522602647
20220308,2022,090850,현대이지웰,소프트웨어개발및공급업,9990,200.0,1998000.0,10000.0,8851.0,20220530,237226146390,0.523168853385497,1.2394995925161025,36.0,-0.11481909459594886
20220308,2022,078160,메디포스트,기초의약물질제조업,19500,102.0,1989000.0,16991.0,18972.0,20220510,317151783000,0.5231945807792983,1.2273186708314436,37.0,0.11662925647981237
20220308,2022,060980,HL홀딩스,기타금융업,40250,49.0,1972250.0,40482.0,33213.0,20221206,421500817500,0.525318267762248,1.1755502808389013,38.0,-0.17955898023671701
20220308,2022,017800,현대엘리베이터,일반목적용기계제조업,37500,53.0,1987500.0,36645.0,34745.0,20220510,1530569662500,0.5231584425515494,1.1536096477180091,39.0,-0.05183302436168624
20220308,2022,031330,에스에이엠티,기계장비및관련물품도매업,4010,498.0,1996980.0,4023.0,4334.0,20220510,400980218670,0.5126963505575114,1.1514086350171067,40.0,0.07718291232686214
20220308,2022,001790,대한제당,"떡,빵및과자류제조업",2730,732.0,1998360.0,2728.0,3213.0,20220623,244871663400,0.5298163773250355,1.1465847390849442,41.0,0.1777237452666831
20220308,2022,033500,동성화인텍,기초화학물질제조업,10900,183.0,1994700.0,10939.0,11712.0,20230511,318066447200,0.5257797032262692,1.143807532313467,42.0,0.07071726135483236
20220308,2022,032620,유비케어,소프트웨어개발및공급업,6660,300.0,1998000.0,6788.0,6656.0,20220510,347632945740,0.5217155039112563,1.1395217605595165,43.0,-0.019502799912898494
20220308,2022,017890,한국알콜,기타화학제품제조업,10750,186.0,1999500.0,10745.0,10142.0,20220905,232261920000,0.5281450757875804,1.1307856284150197,44.0,-0.0560637552343185
20220308,2022,049950,미래컴퍼니,특수목적용기계제조업,24150,82.0,1980300.0,23913.0,40012.0,20230411,201949689900,0.5173801143216621,1.0402771400143003,55.0,0.673268548181738
20220308,2022,086450,동국제약,의약품제조업,20300,98.0,1989400.0,21048.0,20853.0,20220510,902538000000,0.5381058070360428,1.0317385448068717,56.0,-0.00922980554634878
20220308,2022,009290,광동제약,의약품제조업,7260,275.0,1996500.0,7325.0,6060.0,20221104,380575378260,0.5380638469471918,1.0299078414079965,58.0,-0.17272322313670252
20220308,2022,078350,한양디지텍,반도체제조업,13650,146.0,1992900.0,13933.0,16882.0,20220510,208085814300,0.5119078878827947,1.0262137743897781,59.0,0.21160204562209195
20220308,2022,110790,크리스에프앤씨,봉제의복제조업,40000,50.0,2000000.0,20192.0,21040.0,20220511,468619200000,0.5229700524615084,0.9773083655753417,67.0,0.042037477761041275
20220308,2022,001680,대상,도시락및식사용조리식품제조업,21550,92.0,1982600.0,21744.0,24048.0,20220510,746664938750,0.5187165961530548,0.9653725885971001,72.0,0.10594920168986421
20220509,2022,042420,네오위즈홀딩스,소프트웨어개발및공급업,35450,56.0,1985200.0,34797.0,29097.0,20220711,313975899700,0.5430190685109536,2.805393468590491,1.0,-0.16380627450982865
20220509,2022,146320,비씨엔씨,반도체제조업,21300,93.0,1980900.0,21445.0,17451.0,20220726,263436759900,0.5542257535380634,2.359436765351784,2.0,-0.18621994601681746
20220509,2022,005930,삼성전자,통신및방송장비제조업,66100,30.0,1983000.0,65721.0,58812.0,20220711,394602626555000,0.5508032350704839,2.1778433604672327,3.0,-0.10511294469542687
20220509,2022,226950,올릭스,자연과학및공학연구개발업,20350,98.0,1994300.0,20248.0,17041.0,20221013,278859306000,0.5237250739339707,2.0143438786608816,4.0,-0.1583850910050426
20220509,2022,015890,태경산업,기초화학물질제조업,7180,278.0,1996040.0,7002.0,6913.0,20230307,209862425000,0.5273056441296586,1.9045392428754475,5.0,-0.012778864515093358
20220509,2022,182360,큐브엔터,오디오물출판및원판녹음업,15500,129.0,1999500.0,15183.0,16284.0,20221005,213972648500,0.5109209898058245,1.709523734807455,6.0,0.07253327882989602
20220509,2022,282330,BGF리테일,종합소매업,187000,10.0,1870000.0,187376.0,185868.0,20220711,3232090422000,0.5185591088061933,1.695477650821441,7.0,-0.008048200302538167
20220509,2022,357230,에이치피오,도시락및식사용조리식품제조업,12450,160.0,1992000.0,5654.0,4939.0,20220826,248230092000,0.5235686040903225,1.6777112860508523,8.0,-0.12649079823503684
20220509,2022,051910,LG화학,기초화학물질제조업,504000,3.0,1512000.0,501139.0,522301.0,20220711,35578540872000,0.5230714446433575,1.6186015096405555,9.0,0.04222715795467402
20220509,2022,025320,시노펙스,전자부품제조업,2765,723.0,1999095.0,2348.0,2936.0,20220713,202516778870,0.5309021149238278,1.5891618263524987,10.0,0.2504564120332986
20220509,2022,005390,신성통상,기타전문도매업,3440,581.0,1998640.0,3408.0,2842.0,20220711,494356861600,0.5206990848637887,1.581643914196227,11.0,-0.16586034203666622
20220509,2022,017890,한국알콜,기타화학제품제조업,11400,175.0,1995000.0,11794.0,10143.0,20221014,246305664000,0.5325596943340741,1.5581016306677065,12.0,-0.1400053388353143
20220509,2022,047310,파워로직스,"전동기,발전기및전기변환ㆍ공급ㆍ제어장치제조업",7030,284.0,1996520.0,7003.0,6725.0,20220727,241979503460,0.5308030967737822,1.5570668341489358,13.0,-0.03972915395423593
20220509,2022,000970,한국주철관,1차철강제조업,9760,204.0,1991040.0,9932.0,,,222532880000,0.5435018649551937,1.5334973982481175,14.0,-0.09231702564609923
20220509,2022,036200,유니셈,특수목적용기계제조업,10200,196.0,1999200.0,10204.0,7291.0,20220711,312775074600,0.5328979655718036,1.5217937621820006,15.0,-0.28543749570453425
20220509,2022,289220,자이언트스텝,"영화,비디오물,방송프로그램제작및배급업",26750,74.0,1979500.0,26140.0,23745.0,20220711,584060944500,0.5173333435045153,1.4924742785350131,16.0,-0.09162325697560458
20220509,2022,053300,한국정보인증,소프트웨어개발및공급업,6260,319.0,1996940.0,6101.0,5072.0,20230118,261519832060,0.5261800770379724,1.4838655798898384,17.0,-0.1686552342489307
20220509,2022,121440,골프존홀딩스,상품중개업,8940,223.0,1993620.0,8901.0,6361.0,20250709,382961152920,0.5296760829889565,1.4495675539739978,18.0,-0.28532087061264055
20220509,2022,033170,시그네틱스,반도체제조업,2405,831.0,1998555.0,2394.0,,,206176607195,0.5344311882856495,1.4484347286372206,19.0,-0.010402374975862383
20220509,2022,012330,현대모비스,자동차신품부품제조업,201000,9.0,1809000.0,198731.0,200760.0,20220711,19009191894000,0.5195442645543402,1.4358482919518654,20.0,0.010208727674417162
20220509,2022,005490,POSCO홀딩스,1차철강제조업,281000,7.0,1967000.0,276196.0,230138.0,20220711,24499500635000,0.54005972735257,1.381827764959793,21.0,-0.1667579770502302
20220509,2022,060250,NHN KCP,기타정보서비스업,18400,108.0,1987200.0,18116.0,10957.0,20221013,738955242400,0.5175109546662129,1.3730692885004032,22.0,-0.3951567096911567
20220509,2022,009150,삼성전기,전자부품제조업,160500,12.0,1926000.0,160527.0,134020.0,20220711,11988338208000,0.526674859724368,1.3613806017154007,23.0,-0.1651250289583599
20220509,2022,006060,화승인더,플라스틱제품제조업,5500,363.0,1996500.0,5543.0,3950.0,20230508,304260000000,0.5287211005733242,1.296146118130024,24.0,-0.28737614650763077
20220509,2022,088260,이리츠코크렙,부동산임대및공급업,6630,301.0,1995630.0,6560.0,,,419954741700,0.5003178551151712,1.2669186902877585,25.0,-0.12811365427245403
20220509,2022,100120,뷰웍스,의료용기기제조업,38800,51.0,1978800.0,38687.0,33599.0,20230523,388072362000,0.52397975939384,1.2658520598105476,26.0,-0.13152561535979235
20220509,2022,011070,LG이노텍,전자부품제조업,332000,6.0,1992000.0,338782.0,338780.0,20220711,7857479524000,0.5244387222632901,1.2408886736656577,27.0,-5.749122009346408e-06
20220509,2022,102460,이연제약,의약품제조업,25900,77.0,1994300.0,25105.0,25506.0,20220711,466163144300,0.5377030783150566,1.2385312144483596,28.0,0.01596045655525935
20220509,2022,003850,보령,의약품제조업,12150,164.0,1992600.0,12012.0,10758.0,20220711,834583500000,0.5370353882507571,1.2087016823237515,29.0,-0.10443666141359131
20220509,2022,095610,테스,특수목적용기계제조업,26300,76.0,1998800.0,26742.0,14840.0,20221013,519904343800,0.5270518300326437,1.207213114663915,30.0,-0.4450827842039039
20220509,2022,206640,바디텍메드,의료용품및기타의약관련제품제조업,14350,139.0,1994650.0,14052.0,13399.0,20220711,337032136000,0.5184017841996654,1.2036133658969634,31.0,-0.04651253597788474
20220509,2022,251970,펌텍코리아,플라스틱제품제조업,18700,106.0,1982200.0,18735.0,21025.0,20230516,231880000000,0.5270591311311283,1.2021088377654638,32.0,0.12223214164855412
20220509,2022,017810,풀무원,도시락및식사용조리식품제조업,15550,128.0,1990400.0,15447.0,13647.0,20220803,592774428100,0.5180261950367572,1.1983279406237775,33.0,-0.11650291188367234
20220509,2022,066570,LG전자,통신및방송장비제조업,113000,17.0,1921000.0,111401.0,78052.0,20221013,18492202982000,0.5327392738874638,1.196910123792932,34.0,-0.29935412418338014
20220509,2022,232140,와이씨,특수목적용기계제조업,5030,397.0,1996910.0,5078.0,4045.0,20230227,412688110500,0.5267677855195853,1.1919286748415163,35.0,-0.20345404751338902
20220509,2022,003410,쌍용양회,"시멘트,석회,플라스터및그제품제조업",8010,249.0,1994490.0,7948.0,6469.0,20220711,4035915355950,0.5027293087861503,1.1918915603962101,36.0,-0.18616595963894178
20220509,2022,083310,엘오티베큠,특수목적용기계제조업,13600,147.0,1999200.0,13847.0,12299.0,20221220,242216448800,0.5267551337815113,1.1912478846119916,37.0,-0.11180633010857777
20220509,2022,265520,AP시스템,특수목적용기계제조업,22650,88.0,1993200.0,22218.0,16861.0,20220711,346124185650,0.5266529195066182,1.1857477328337653,38.0,-0.24109881153234936
20220509,2022,000070,삼양홀딩스,기타금융업,83100,24.0,1994400.0,54216.0,41933.0,20221019,711690920100,0.5178267431376775,1.184361452226875,39.0,-0.22655183866971018
20220509,2022,015750,성우하이텍,자동차신품부품제조업,4555,439.0,1999645.0,4522.0,4322.0,20220711,364400000000,0.5152629197830517,1.179399540994166,40.0,-0.04418165476774438
20220509,2022,007570,일양약품,의약품제조업,23600,84.0,1982400.0,25744.0,26864.0,20220715,450421670400,0.5361218379077966,1.1678881660534721,41.0,0.04347970382717459
20220509,2022,281740,레이크머티리얼즈,기타화학제품제조업,4390,455.0,1997450.0,4634.0,4578.0,20220711,288557105720,0.5235382931869953,1.1668933377467339,42.0,-0.011937503409802708
20220509,2022,031330,에스에이엠티,기계장비및관련물품도매업,4285,466.0,1996810.0,4334.0,2706.0,20230109,428478862095,0.5106997575568366,1.1546997866739865,43.0,-0.3756540839801359
20220509,2022,143240,사람인,"자료처리,호스팅,포털및기타인터넷정보매개서비스업",45550,43.0,1958650.0,45916.0,32487.0,20220727,531079429650,0.5302567001212813,1.1370181865900602,44.0,-0.29246840157620946
20220509,2022,206560,덱스터,"영화,비디오물,방송프로그램제작및배급업",16150,123.0,1986450.0,15794.0,14745.0,20220711,410376926400,0.5134822935852343,1.1058652737206986,45.0,-0.06645272445538031
20220509,2022,214450,파마리서치,의료용품및기타의약관련제품제조업,84800,23.0,1950400.0,84642.0,65482.0,20220711,857491664000,0.5172632427805022,1.1037828126927713,46.0,-0.22636796954318616
20220509,2022,110790,크리스에프앤씨,봉제의복제조업,41350,48.0,1984800.0,21292.0,17580.0,20220711,484435098000,0.5185594027205652,1.098131636462321,47.0,-0.1743340600125296
20220509,2022,030530,원익홀딩스,특수목적용기계제조업,4700,425.0,1997500.0,4622.0,3324.0,20231109,363018510700,0.5249642373977436,1.094879721357876,48.0,-0.28088537814685377
20220509,2022,000660,SK하이닉스,반도체제조업,107500,18.0,1935000.0,110113.0,93775.0,20220711,78260254237500,0.5257491892353734,1.0488645073821243,51.0,-0.14837457450971714
20220509,2022,086450,동국제약,의약품제조업,20600,97.0,1998200.0,20853.0,19656.0,20220711,915876000000,0.5330256705435874,1.029564670180066,55.0,-0.05743809434656877
20220708,2022,005930,삼성전자,통신및방송장비제조업,58700,34.0,1995800.0,58812.0,55598.0,20220908,350426235685000,0.5471273659854973,2.202289935592626,1.0,-0.05464785298419372
20220708,2022,083450,GST,특수목적용기계제조업,21750,91.0,1979250.0,10826.0,11299.0,20221121,202660953750,0.5314384179235715,2.038275355692502,2.0,0.04368441141003232
20220708,2022,000660,SK하이닉스,반도체제조업,94800,21.0,1990800.0,93775.0,90471.0,20220908,69014624202000,0.5318263076243096,1.986541809374352,3.0,-0.03523026196129786
20220708,2022,007700,F&F홀딩스,기타금융업,18800,106.0,1992800.0,19107.0,25401.0,20221209,735350099600,0.5301315227852137,1.9188369333745758,4.0,0.3293556426287032
20220708,2022,042000,카페24,"자료처리,호스팅,포털및기타인터넷정보매개서비스업",12500,160.0,2000000.0,12515.0,12816.0,20220908,281214975000,0.5407167929234845,1.8514792548850527,5.0,0.024049612639069018
20220708,2022,009900,명신산업,자동차신품부품제조업,16650,120.0,1998000.0,17746.0,23545.0,20220908,873627714450,0.5266874686913365,1.8394081816657848,6.0,0.32678149925126254
20220708,2022,036200,유니셈,특수목적용기계제조업,7360,271.0,1994560.0,7291.0,7120.0,20220908,225688681280,0.5280196952213534,1.7561135860372044,7.0,-0.02349313687817811
20220708,2022,002020,코오롱,기타금융업,22850,87.0,1987950.0,23299.0,23444.0,20221108,288513834100,0.5247689151367636,1.5373421112487737,8.0,0.006224937874038217
20220708,2022,009150,삼성전기,전자부품제조업,134500,14.0,1883000.0,134020.0,137518.0,20220908,10046302112000,0.5255283240082651,1.5348287715963551,9.0,0.026101496413884595
20220708,2022,065680,우주일렉트로,전자부품제조업,21400,93.0,1990200.0,21194.0,22496.0,20220914,212592308000,0.5243931491429454,1.4682789237639269,10.0,0.061407462411871006
20220708,2022,950220,네오이뮨텍,자연과학및공학연구개발업,4520,442.0,1997840.0,3779.0,3729.0,20220908,446311625200,0.53851926936394,1.4403345964849885,11.0,-0.013413130931100636
20220708,2022,064290,인텍플러스,특수목적용기계제조업,19200,104.0,1996800.0,19091.0,17090.0,20220908,243954470400,0.5241448267727145,1.4363041619092778,12.0,-0.1048229494026589
20220708,2022,009160,SIMPAC,1차철강제조업,6250,320.0,2000000.0,6256.0,6199.0,20220908,408934475000,0.5209415824589583,1.4200845687118977,13.0,-0.009170499342733396
20220708,2022,005440,현대지에프홀딩스,종합소매업,7720,259.0,1999480.0,4967.0,4842.0,20220908,754278601040,0.5072580854265012,1.4080713253648935,14.0,-0.0251583392827589
20220708,2022,094480,갤럭시아머니트리,소프트웨어개발및공급업,6080,328.0,1994240.0,6353.0,6165.0,20220908,238517415040,0.5314821728373277,1.3997485437868475,15.0,-0.029648381537887847
20220708,2022,035600,KG이니시스,소프트웨어개발및공급업,13700,145.0,1986500.0,13654.0,13952.0,20220908,382290745800,0.5304370552337742,1.3409062521718786,16.0,0.021820554636362566
20220708,2022,009410,태영건설,토목건설업,6760,295.0,1994200.0,13633.0,2539.0,20250516,262957902480,0.5199231904435186,1.3305666321708378,17.0,-0.8137402872568813
20220708,2022,075580,세진중공업,선박및보트건조업,5810,344.0,1998640.0,5722.0,6623.0,20230426,330295339360,0.5049690984795582,1.3293094427097254,18.0,0.15737984263333393
20220708,2022,376980,원티드랩,소프트웨어개발및공급업,21900,91.0,1992900.0,21572.0,,,205994378400,0.5301988723690102,1.327496062219594,19.0,-0.022652015584920915
20220708,2022,047820,초록뱀미디어,"영화,비디오물,방송프로그램제작및배급업",15500,129.0,1999500.0,23543.0,22045.0,20220908,336391881000,0.529003758782152,1.32572762054992,20.0,-0.06361459320816021
20220708,2022,207940,삼성바이오로직스,기초의약물질및생물학적제제제조업,819000,2.0,1638000.0,1219481.0,1191330.0,20220908,58291506000000,0.5327796446909275,1.29023050584711,21.0,-0.02308468136086972
20220708,2022,003000,부광약품,의약품제조업,8670,230.0,1994100.0,8112.0,7674.0,20220908,616116634830,0.5368462469192962,1.2868832491407065,22.0,-0.05401874913989846
20220708,2022,000020,동화약품,의약품제조업,10500,190.0,1995000.0,10903.0,9295.0,20220908,293280435000,0.5367404910891136,1.2819111434282873,23.0,-0.14754985653706965
20220708,2022,041830,인바디,의료용기기제조업,23100,86.0,1986600.0,22735.0,20988.0,20220916,316095364200,0.5230418780444827,1.2408202103935375,24.0,-0.07683971368479858
20220708,2022,035900,JYP Ent.,오디오물출판및원판녹음업,53400,37.0,1975800.0,53474.0,62958.0,20220908,1895566072800,0.5123242065503064,1.2158105681691138,25.0,0.17736149322287154
20220708,2022,010140,삼성중공업,선박및보트건조업,5500,363.0,1996500.0,5422.0,5661.0,20220908,4840000000000,0.5018435546938145,1.1910718788935,26.0,0.04403372196957456
20220708,2022,950210,프레스티지바이오파마,자연과학및공학연구개발업,11750,170.0,1997500.0,11825.0,10977.0,20220908,706129821250,0.5321393151351745,1.1776437958904582,27.0,-0.07169460296615449
20220708,2022,124560,태웅로직스,기타운송관련서비스업,5460,366.0,1998360.0,5408.0,5647.0,20221111,209754548640,0.5275884912894606,1.1531616385882137,28.0,0.044151917394583906
20220708,2022,073240,금호타이어,고무제품제조업,3475,575.0,1998125.0,3442.0,4152.0,20220908,998229497325,0.5207456839798671,1.1516155190692656,29.0,0.20625058129208362
20220708,2022,002990,금호건설,건물건설업,8010,249.0,1994490.0,7902.0,7764.0,20221212,295998295950,0.5194301759651071,1.1515590337363684,30.0,-0.017468529641381236
20220708,2022,012610,경인양행,기초화학물질제조업,5460,366.0,1998360.0,5461.0,5099.0,20230419,227225352900,0.5183407019165874,1.1484181872814687,31.0,-0.06629720597918554
20220708,2022,340570,티앤엘,의료용품및기타의약관련제품제조업,33700,59.0,1988300.0,32958.0,34148.0,20220908,273913600000,0.5223328385256176,1.1382007328722812,32.0,0.0360955074763849
20220708,2022,026890,스틱인베스트먼트,"전동기,발전기및전기변환ㆍ공급ㆍ제어장치제조업",7310,273.0,1995630.0,7396.0,7387.0,20220908,304667459250,0.5167673414457488,1.1351022065317906,33.0,-0.0012894560706735447
20220708,2022,108670,LX하우시스,플라스틱제품제조업,42100,47.0,1978700.0,40940.0,41441.0,20220908,377538907000,0.5202705773846745,1.1289699173919523,34.0,0.012233488143986726
20220708,2022,001390,KG케미칼,기초화학물질제조업,26100,76.0,1983600.0,5124.0,5023.0,20220908,361905105600,0.5180079407300686,1.1221771495513915,35.0,-0.01963989553088008
20220708,2022,214450,파마리서치,의료용품및기타의약관련제품제조업,65600,30.0,1968000.0,65482.0,64090.0,20220908,663342608000,0.5220144066014429,1.11669529881803,36.0,-0.021245598642740893
20220708,2022,089030,테크윙,특수목적용기계제조업,14900,134.0,1996600.0,7974.0,5751.0,20221004,288886683200,0.5202716717041959,1.1166361503523485,37.0,-0.27879101949081275
20220708,2022,194700,노바렉스,기타식품제조업,29100,68.0,1978800.0,15715.0,11740.0,20221011,262008834000,0.5175457003119082,1.097763639117536,38.0,-0.25290896303785404
20220708,2022,287410,제이시스메디칼,의료용기기제조업,7340,272.0,1996480.0,7213.0,6985.0,20220908,523338124480,0.5208436749265283,1.0845584084460456,39.0,-0.031616737038474674
20220708,2022,007570,일양약품,의약품제조업,23250,86.0,1999500.0,26414.0,23616.0,20220908,443741688000,0.5324785263381415,1.0815350577992155,40.0,-0.1059279418693615
20220708,2022,022100,포스코DX,"건축기술,엔지니어링및관련기술서비스업",5260,380.0,1998800.0,5159.0,6428.0,20220908,799702674540,0.5279093232286176,1.0755522775421165,41.0,0.24591017974761686
20220708,2022,194480,데브시스터즈,소프트웨어개발및공급업,45000,44.0,1980000.0,44514.0,55773.0,20230426,532222200000,0.5253062897497844,1.052033499679314,42.0,0.25293506119820774
20220708,2022,001820,삼화콘덴서,전자부품제조업,39700,50.0,1985000.0,39807.0,39067.0,20220908,412681500000,0.5170133582782507,1.035637245301218,43.0,-0.01859199446277593
20220708,2022,265520,AP시스템,특수목적용기계제조업,16900,118.0,1994200.0,16861.0,18865.0,20220908,258256014900,0.5189123779644719,1.0044478389596043,47.0,0.1188261446726222
20220708,2022,042420,네오위즈홀딩스,소프트웨어개발및공급업,29450,67.0,1973150.0,29097.0,31939.0,20220908,260834703700,0.5238442748908114,0.9697190267581792,55.0,0.0976939530173877
20220708,2022,051910,LG화학,기초화학물질제조업,540000,3.0,1620000.0,522301.0,727084.0,20230426,38119865220000,0.5155581256684829,0.9289884843248145,58.0,0.39207810120195563
20220708,2022,110790,크리스에프앤씨,봉제의복제조업,35500,56.0,1988000.0,17580.0,13172.0,20220908,415899540000,0.5072087910240632,0.9278525509258166,59.0,-0.2507414363885938
20220708,2022,005490,POSCO홀딩스,1차철강제조업,231000,8.0,1848000.0,230138.0,241644.0,20220908,20140158885000,0.5148454343711348,0.9266253846569188,61.0,0.049996121498413704
20220708,2022,206560,덱스터,"영화,비디오물,방송프로그램제작및배급업",14150,141.0,1995150.0,14745.0,13497.0,20220908,359556254400,0.5201345586111692,0.8290981684028034,70.0,-0.08459899316904018
20220708,2022,102460,이연제약,의약품제조업,23250,86.0,1999500.0,25506.0,21559.0,20220908,418466915250,0.5252439148920178,0.7414001183230244,80.0,-0.15475311240376666
20220907,2022,000070,삼양홀딩스,기타금융업,65600,30.0,1968000.0,45002.0,43602.0,20221122,561816177600,0.5159762780923395,2.2582878090101524,1.0,-0.031100135827632713
20220907,2022,000660,SK하이닉스,반도체제조업,90400,22.0,1988800.0,90471.0,93583.0,20221111,65811413796000,0.5350733968169377,1.9927150104921771,2.0,0.03439523062990979
20220907,2022,192650,드림텍,전자부품제조업,9510,210.0,1997100.0,10040.0,9590.0,20221111,640788526470,0.5337206823355226,1.9141888199087822,3.0,-0.04484946446237659
20220907,2022,015890,태경산업,기초화학물질제조업,7120,280.0,1993600.0,7320.0,7294.0,20230330,208108700000,0.5344992815673699,1.8904685485423722,4.0,-0.003639210575994034
20220907,2022,336570,원텍,의료용기기제조업,2830,706.0,1997980.0,2843.0,3829.0,20221125,246314571330,0.5307566261161464,1.8358147324531005,5.0,0.34684207425541014
20220907,2022,005930,삼성전자,통신및방송장비제조업,56000,35.0,1960000.0,55598.0,62887.0,20221111,334307822800000,0.5498100438711309,1.7600645553048235,6.0,0.13108895495702066
20220907,2022,005440,현대지에프홀딩스,종합소매업,7320,273.0,1998360.0,4842.0,4533.0,20221111,715196808240,0.5120748738307859,1.6881719328793738,7.0,-0.06370117035889922
20220907,2022,091120,이엠텍,전자부품제조업,28250,70.0,1977500.0,28217.0,29416.0,20221111,484005442000,0.5294219991675371,1.6283309870983649,8.0,0.04249632578621454
20220907,2022,041830,인바디,의료용기기제조업,21650,92.0,1991800.0,21086.0,19538.0,20221111,296253880300,0.5281033801934709,1.6099559394689504,9.0,-0.0734482280424229
20220907,2022,950220,네오이뮨텍,자연과학및공학연구개발업,4305,464.0,1997520.0,3729.0,3790.0,20221111,425082200550,0.5245339112801867,1.58553631517418,10.0,0.016538832065017717
20220907,2022,119860,커넥트웨이브,소프트웨어개발및공급업,17600,113.0,1988800.0,17547.0,15596.0,20230131,230116867200,0.5323384932983655,1.5765422742870472,11.0,-0.11117453052195381
20220907,2022,091700,파트론,전자부품제조업,8190,244.0,1998360.0,8192.0,8920.0,20221111,482540172660,0.5283131642004051,1.554594647791158,12.0,0.08888657744210837
20220907,2022,007810,코리아써키트,전자부품제조업,17350,115.0,1995250.0,17999.0,15651.0,20221111,409820029850,0.5270857950997223,1.4729759153866329,13.0,-0.13046438404285043
20220907,2022,006400,삼성SDI,일차전지및축전지제조업,554000,3.0,1662000.0,559238.0,731579.0,20221111,38095549620000,0.5377234214625572,1.4220987655983937,14.0,0.308170140690722
20220907,2022,010140,삼성중공업,선박및보트건조업,5690,351.0,1997190.0,5661.0,5520.0,20221111,5007200000000,0.5048928828363186,1.4213889255462646,15.0,-0.02487835338415867
20220907,2022,026890,스틱인베스트먼트,"전동기,발전기및전기변환ㆍ공급ㆍ제어장치제조업",7380,271.0,1999980.0,7387.0,6216.0,20221202,307584931500,0.5310803085910984,1.3977659053224671,16.0,-0.15848478425922252
20220907,2022,064290,인텍플러스,특수목적용기계제조업,16950,117.0,1983150.0,17090.0,16182.0,20230309,215577930900,0.5279426418732978,1.3466984173807335,17.0,-0.05310901024612236
20220907,2022,232140,와이씨,특수목적용기계제조업,3825,522.0,1996650.0,3655.0,3930.0,20230316,313823463750,0.5279290726088358,1.345877084749844,18.0,0.0750399154161403
20220907,2022,005390,신성통상,기타전문도매업,2725,733.0,1997425.0,2752.0,2091.0,20231102,391605362750,0.5363394966347236,1.3230547130219994,19.0,-0.24033255153516064
20220907,2022,007310,오뚜기,기타식품제조업,465000,4.0,1860000.0,460405.0,444777.0,20221111,1707471165000,0.5175998170836191,1.302811703730002,20.0,-0.03394364466374722
20220907,2022,046440,KG모빌리언스,소프트웨어개발및공급업,6610,302.0,1996220.0,6615.0,6076.0,20221114,256637004480,0.5278535541934979,1.2935249308689465,21.0,-0.08146315168299101
20220907,2022,143240,사람인,"자료처리,호스팅,포털및기타인터넷정보매개서비스업",34800,57.0,1983600.0,26527.0,18048.0,20240119,406264352400,0.5290331503524281,1.279740863759313,22.0,-0.31965034003412307
20220907,2022,069080,웹젠,소프트웨어개발및공급업,17100,116.0,1983600.0,17239.0,15837.0,20221111,603816116400,0.5274294191230706,1.2667603353914973,23.0,-0.08131740843738611
20220907,2022,140410,메지온,자연과학및공학연구개발업,16350,122.0,1994700.0,17096.0,13494.0,20221111,437231994300,0.5190009608519115,1.2630595370511921,24.0,-0.21070418942647473
20220907,2022,005010,휴스틸,1차철강제조업,8070,247.0,1993290.0,7786.0,5805.0,20221117,316247765250,0.5342726511294015,1.2427232194443443,25.0,-0.25448258852560135
20220907,2022,102460,이연제약,의약품제조업,21500,93.0,1999500.0,21559.0,20203.0,20221111,386969405500,0.5299997902090828,1.188188290867444,26.0,-0.06287840620989127
20220907,2022,035900,JYP Ent.,오디오물출판및원판녹음업,61600,32.0,1971200.0,62958.0,56768.0,20221111,2186645507200,0.5013626883217125,1.1865871695918913,27.0,-0.09831323690032234
20220907,2022,131370,알서포트,소프트웨어개발및공급업,4350,459.0,1996650.0,4455.0,4819.0,20230201,231711811050,0.5261215470074562,1.1842284474356315,28.0,0.08183992338277046
20220907,2022,009160,SIMPAC,1차철강제조업,6390,312.0,1993680.0,6199.0,5779.0,20221129,418094607240,0.5331045953873741,1.1815851333319292,29.0,-0.06769400288520822
20220907,2022,124560,태웅로직스,기타운송관련서비스업,5680,352.0,1999360.0,5647.0,,,218206197120,0.5083893115928778,1.1469842069415301,30.0,-0.08290667234303173
20220907,2022,035600,KG이니시스,소프트웨어개발및공급업,13650,146.0,1992900.0,13952.0,13652.0,20221111,380895524100,0.5252162770151827,1.1271023410830845,31.0,-0.02151723119845972
20220907,2022,012330,현대모비스,자동차신품부품제조업,217000,9.0,1953000.0,219165.0,219174.0,20221111,20522361398000,0.5142036545393368,1.1135592889466628,32.0,4.121239181209546e-05
20220907,2022,356860,티엘비,전자부품제조업,41000,48.0,1968000.0,20688.0,24694.0,20230613,201568915000,0.5216205132273538,1.1095405165257664,33.0,0.19364397495865626
20220907,2022,102120,어보브반도체,반도체제조업,12250,163.0,1996750.0,12140.0,21825.0,20240129,213880749250,0.5213251733210924,1.1017484603050833,34.0,0.7977494053908973
20220907,2022,206650,유바이오로직스,의약품제조업,14300,139.0,1987700.0,14652.0,11303.0,20221111,521160740100,0.528105190666326,1.0906207227416231,35.0,-0.22855283982958297
20220907,2022,013120,동원개발,건물건설업,3680,543.0,1998240.0,3775.0,,,334173808000,0.5147556243211344,1.0904655086399409,36.0,-0.0012037895826944034
20220907,2022,047820,초록뱀미디어,"영화,비디오물,방송프로그램제작및배급업",14250,140.0,1995000.0,22045.0,15746.0,20221121,309406003500,0.5331974274840408,1.080635903118033,39.0,-0.2857551592538664
20220907,2022,036200,유니셈,특수목적용기계제조업,7150,279.0,1994850.0,7120.0,6761.0,20230202,219249194450,0.5233629796794507,1.0694965094359974,40.0,-0.05042162316364818
20220907,2022,110790,크리스에프앤씨,봉제의복제조업,26400,75.0,1980000.0,13172.0,9744.0,20230106,309288672000,0.5271596960294952,1.0633880540294147,41.0,-0.2602546531567823
20220907,2022,012610,경인양행,기초화학물질제조업,5370,372.0,1997640.0,5401.0,,,223479880050,0.5201902321717581,1.0628384348253705,42.0,-0.0729226823629856
20220907,2022,001820,삼화콘덴서,전자부품제조업,38900,51.0,1983900.0,39067.0,34573.0,20221111,404365500000,0.5208169495105854,1.056104388850384,43.0,-0.11503472321447072
20220907,2022,009150,삼성전기,전자부품제조업,136500,14.0,1911000.0,137518.0,141534.0,20221111,10195689504000,0.5205009651139666,1.035091764451341,46.0,0.02920538337305234
20220907,2022,094480,갤럭시아머니트리,소프트웨어개발및공급업,6110,327.0,1997970.0,6165.0,7175.0,20230127,239694310180,0.5236317120689409,1.0271100444046113,48.0,0.16384438558239833
20220907,2022,005490,POSCO홀딩스,1차철강제조업,246000,8.0,1968000.0,241644.0,285672.0,20221111,20804522580000,0.5299959672776144,1.0188740860525571,49.0,0.18220459746821893
20220907,2022,206560,덱스터,"영화,비디오물,방송프로그램제작및배급업",13400,149.0,1996600.0,13497.0,10550.0,20221111,340498502400,0.5313785809952956,0.9962813724021488,52.0,-0.21838536627400917
20220907,2022,207940,삼성바이오로직스,기초의약물질및생물학적제제제조업,811000,2.0,1622000.0,1191330.0,1323600.0,20221111,57722114000000,0.5236578765085248,0.8860258618787575,67.0,0.1110269771913246
20220907,2022,003000,부광약품,의약품제조업,8380,238.0,1994440.0,7674.0,7310.0,20221111,595508350620,0.5238981643257852,0.8739684329967602,70.0,-0.04739309177853157
20220907,2022,214450,파마리서치,의료용품및기타의약관련제품제조업,63000,31.0,1953000.0,64090.0,64591.0,20221111,637051590000,0.5102408258479316,0.8439678511433655,73.0,0.007803598050835081
20220907,2022,007570,일양약품,의약품제조업,20450,97.0,1983650.0,23616.0,20315.0,20221205,390301828800,0.5222510929936524,0.7891480048380374,82.0,-0.13978738695805337
20220907,2022,194700,노바렉스,기타식품제조업,14250,140.0,1995000.0,13888.0,10703.0,20230203,267256584000,0.5154022863679778,0.7577974846265895,89.0,-0.22935919979446662
20221110,2022,005010,휴스틸,1차철강제조업,5670,352.0,1995840.0,6114.0,5475.0,20230127,222196385250,0.5570769775500536,2.336294158582817,1.0,-0.10449536911217516
20221110,2022,011040,경동제약,의약품제조업,7550,264.0,1993200.0,7651.0,7780.0,20230120,232304183300,0.544691783476775,2.1844009486877525,2.0,0.01686999070412387
20221110,2022,005930,삼성전자,통신및방송장비제조업,60400,33.0,1993200.0,62887.0,60506.0,20230111,360574866020000,0.5474573446270614,1.9546970200361287,3.0,-0.037859964580510774
20221110,2022,094480,갤럭시아머니트리,소프트웨어개발및공급업,5150,388.0,1998200.0,5424.0,7816.0,20230303,202033665700,0.5441714710422079,1.8717266985328282,4.0,0.4409172607559366
20221110,2022,000660,SK하이닉스,반도체제조업,89100,22.0,1960200.0,93583.0,87368.0,20230111,64865010721500,0.5369934016390833,1.808040194041257,5.0,-0.06641330300601289
20221110,2022,001340,PKC,기초화학물질제조업,4525,441.0,1995525.0,5362.0,6368.0,20230308,203255791675,0.5373028439832415,1.7583938787784603,6.0,0.18772892597817892
20221110,2022,054210,이랜텍,전자부품제조업,12000,166.0,1992000.0,12443.0,12084.0,20230601,303494520000,0.5320941071392771,1.7070016698533823,7.0,-0.028859192832305314
20221110,2022,123040,엠에스오토텍,자동차신품부품제조업,4655,429.0,1996995.0,4797.0,5150.0,20230322,203180723130,0.5373785855972685,1.592697525262086,8.0,0.07360880102800516
20221110,2022,004430,송원산업,기타화학제품제조업,18200,109.0,1983800.0,18491.0,19239.0,20230111,436800000000,0.5329050499390454,1.5746339658369388,9.0,0.040420513194629804
20221110,2022,005610,SPC삼립,기타식품제조업,69800,28.0,1954400.0,70630.0,70843.0,20230111,602304828200,0.526705887891544,1.567529616173834,10.0,0.0030264718784207556
20221110,2022,018880,한온시스템,일반목적용기계제조업,7930,252.0,1998360.0,7712.0,8140.0,20230111,4233034000000,0.5263403445009491,1.5472386193832557,11.0,0.05547380610565744
20221110,2022,041830,인바디,의료용기기제조업,20650,96.0,1982400.0,19538.0,20238.0,20230111,282570098300,0.5287969382922735,1.4529161693949806,12.0,0.03584637187012896
20221110,2022,002990,금호건설,건물건설업,6490,308.0,1998920.0,6625.0,8083.0,20230111,239828831550,0.5202821225299901,1.4196510861555884,13.0,0.220131497363248
20221110,2022,282330,BGF리테일,종합소매업,178000,11.0,1958000.0,177372.0,189375.0,20230111,3076535268000,0.5105681875402663,1.3667458372657555,14.0,0.06767160098008262
20221110,2022,141080,리가켐바이오,자연과학및공학연구개발업,34100,58.0,1977800.0,36086.0,38393.0,20230111,831121959800,0.5162953756803904,1.3646558404209737,15.0,0.06392575556133329
20221110,2022,009290,광동제약,의약품제조업,6110,327.0,1997970.0,6129.0,7732.0,20231025,320291399610,0.5301676286308685,1.3402412181980143,16.0,0.26151106677884606
20221110,2022,001390,KG케미칼,기초화학물질제조업,25550,78.0,1992900.0,5113.0,4464.0,20230111,354278752800,0.5284518520697563,1.3316501342080613,17.0,-0.12701357474912822
20221110,2022,051370,인터플렉스,전자부품제조업,10500,190.0,1995000.0,10853.0,10704.0,20230307,244938456000,0.5252305371375434,1.3269856681102132,18.0,-0.01377635625200413
20221110,2022,048530,인트론바이오,기초의약물질및생물학적제제제조업,9180,217.0,1992060.0,9690.0,8061.0,20230111,313503995160,0.5428795913324295,1.3151406442142177,19.0,-0.16809010302675542
20221110,2022,010140,삼성중공업,선박및보트건조업,5320,375.0,1995000.0,5520.0,5121.0,20230111,4681600000000,0.4896832854637666,1.299001223541745,20.0,-0.07233427242987389
20221110,2022,207940,삼성바이오로직스,기초의약물질및생물학적제제제조업,907000,2.0,1814000.0,1323600.0,1181095.0,20230111,64554818000000,0.5420130214657818,1.2839995492550982,21.0,-0.10766445096410393
20221110,2022,022100,포스코DX,"건축기술,엔지니어링및관련기술서비스업",6250,320.0,2000000.0,6388.0,6438.0,20230111,950217056250,0.5319507718824411,1.2828760657001994,22.0,0.007694004984992953
20221110,2022,011070,LG이노텍,전자부품제조업,287500,6.0,1725000.0,319607.0,278115.0,20230111,6804293262500,0.5242041360024864,1.270156808576399,23.0,-0.1298234605778712
20221110,2022,206650,유바이오로직스,의약품제조업,10550,189.0,1993950.0,11303.0,9161.0,20230111,384492713850,0.5285714904154373,1.2474719231816804,24.0,-0.1895449397975819
20221110,2022,093320,케이아이엔엑스,"자료처리,호스팅,포털및기타인터넷정보매개서비스업",52500,38.0,1995000.0,52446.0,59943.0,20230120,256200000000,0.5337878030880127,1.2447465017805712,25.0,0.1429427961122265
20221110,2022,053300,한국정보인증,소프트웨어개발및공급업,4790,417.0,1997430.0,4871.0,5852.0,20230307,200108625490,0.5335903319535539,1.2222337657044813,26.0,0.20140283944936277
20221110,2022,206640,바디텍메드,의료용품및기타의약관련제품제조업,10550,189.0,1993950.0,10599.0,11258.0,20230215,247783208000,0.5155787325601185,1.2167642476962943,27.0,0.06215650798019623
20221110,2022,119610,인터로조,의료용기기제조업,25450,78.0,1985100.0,18731.0,20936.0,20230112,336359365100,0.5246733807688844,1.214101407515808,28.0,0.11768537477223218
20221110,2022,140410,메지온,자연과학및공학연구개발업,12500,160.0,2000000.0,13494.0,13000.0,20230111,334275225000,0.5142160719658088,1.2112007787038181,29.0,-0.03663112803290791
20221110,2022,356860,티엘비,전자부품제조업,42650,46.0,1961900.0,21483.0,30293.0,20230704,209680834750,0.522812481529342,1.1931049290794693,30.0,0.4101308619645134
20221110,2022,365550,ESR켄달스퀘어리츠,부동산임대및공급업,3675,544.0,1999200.0,3830.0,4009.0,20230111,783102075000,0.5290689375002303,1.153556766583103,31.0,0.04653610846784728
20221110,2022,080580,오킨스전자,전자부품제조업,17050,117.0,1994850.0,16715.0,22571.0,20230302,301432030900,0.5220040348607725,1.1483435774017325,32.0,0.3503468868786028
20221110,2022,064260,다날,소프트웨어개발및공급업,5820,343.0,1996260.0,6131.0,5302.0,20230111,401283412800,0.5323450208554025,1.1457939088379052,33.0,-0.1351560344302798
20221110,2022,230360,에코마케팅,광고업,13750,145.0,1993750.0,14449.0,12796.0,20230111,445060398750,0.5144752758814896,1.1369445237664755,34.0,-0.11440031749939994
20221110,2022,017390,서울가스,연료용가스제조및배관공급업,330000,6.0,1980000.0,331309.0,445849.0,20230111,1650000000000,0.4980757526894118,1.1335183733415983,35.0,0.3457171897796594
20221110,2022,185750,종근당,의약품제조업,84400,23.0,1941200.0,74315.0,76283.0,20230111,1011790407200,0.5265591780396941,1.130514131778948,36.0,0.02648339264400046
20221110,2022,003100,선광,기타운송관련서비스업,114000,17.0,1938000.0,114875.0,141750.0,20230111,752400000000,0.5044736263998467,1.1218470866579258,37.0,0.23395112668762708
20221110,2022,139480,이마트,종합소매업,89300,22.0,1964600.0,92675.0,99872.0,20230111,2489310636700,0.5076179681589581,1.1147046547066608,38.0,0.07766513330458835
20221110,2022,010120,LS ELECTRIC,"전동기,발전기및전기변환ㆍ공급ㆍ제어장치제조업",53600,37.0,1983200.0,54040.0,91778.0,20230713,1608000000000,0.5157453970795132,1.1055904105650103,39.0,0.6983298637095263
20221110,2022,089970,브이엠,특수목적용기계제조업,14050,142.0,1995100.0,14364.0,11057.0,20230111,336927359750,0.5222362184120444,1.0981733821131452,40.0,-0.2301716278071343
20221110,2022,018260,삼성에스디에스,"컴퓨터프로그래밍,시스템통합및관리업",127000,15.0,1905000.0,128540.0,124058.0,20230111,9826980600000,0.5216374215909123,1.0656818253495577,41.0,-0.03487186229704753
20221110,2022,035900,JYP Ent.,오디오물출판및원판녹음업,56000,35.0,1960000.0,56768.0,65377.0,20230111,1987859552000,0.5178933675556034,1.0524129889734835,42.0,0.15164586612833864
20221110,2022,017800,현대엘리베이터,일반목적용기계제조업,27100,73.0,1978300.0,27988.0,29234.0,20230111,1106091676100,0.5148020879059159,1.0444602044376465,43.0,0.04455108609443137
20221110,2022,091120,이엠텍,전자부품제조업,29150,68.0,1982200.0,29416.0,23016.0,20230111,499425084400,0.5201141827679462,1.0437079379283363,44.0,-0.2175638939200084
20221110,2022,001820,삼화콘덴서,전자부품제조업,34050,58.0,1974900.0,34573.0,37730.0,20230111,353949750000,0.5199000834911903,1.0318538807673665,45.0,0.091329684337361
20221110,2022,348210,넥스틴,특수목적용기계제조업,50400,39.0,1965600.0,53957.0,51368.0,20230111,501816369600,0.5206555248615947,1.007906616377296,46.0,-0.04798459393073684
20221110,2022,006400,삼성SDI,일차전지및축전지제조업,725000,2.0,1450000.0,731579.0,610958.0,20230111,49854284250000,0.544301506152277,0.9912163145607318,48.0,-0.16487702003342497
20221110,2022,194700,노바렉스,기타식품제조업,11250,177.0,1991250.0,11640.0,15448.0,20250520,210992040000,0.5214187619098121,0.9379592569196751,53.0,0.32712071159189016
20221110,2022,950220,네오이뮨텍,자연과학및공학연구개발업,4355,459.0,1998945.0,3790.0,3439.0,20230111,430393610075,0.508811990065603,0.8123731732390267,69.0,-0.09268328383311175
20221110,2022,206560,덱스터,"영화,비디오물,방송프로그램제작및배급업",10100,198.0,1999800.0,10550.0,12801.0,20230111,256644393600,0.5217017376831936,0.7532431225445883,79.0,0.21342247287096994
20230102,2023,043150,바텍,의료용기기제조업,32000,62.0,1984000.0,31924.0,33070.0,20230307,475336192000,0.5451550960103749,2.0483157983778693,1.0,0.035888474732204134
20230102,2023,095700,제넥신,자연과학및공학연구개발업,18550,107.0,1984850.0,14342.0,14162.0,20230307,466439416100,0.5714885544760813,2.0462354332484476,2.0,-0.01258168736005072
20230102,2023,016380,KG스틸,1차철강제조업,7150,279.0,1994850.0,7266.0,9338.0,20230307,715063613550,0.5485854823576155,1.9963475007818738,3.0,0.28514988792827856
20230102,2023,010690,화신,자동차신품부품제조업,7600,263.0,1998800.0,7433.0,9772.0,20230307,265395116000,0.5466343324096626,1.9003402136093526,4.0,0.31475239255478527
20230102,2023,007810,코리아써키트,전자부품제조업,11750,170.0,1997500.0,12499.0,15506.0,20230307,277543824250,0.5682538475568647,1.8673587425229903,5.0,0.24065446651555988
20230102,2023,032500,케이엠더블유,통신및방송장비제조업,25950,77.0,1998150.0,26466.0,24324.0,20230307,1033351913850,0.55859270268192,1.8286391064830996,6.0,-0.08093643732969746
20230102,2023,063080,컴투스홀딩스,소프트웨어개발및공급업,37700,53.0,1998100.0,37759.0,49554.0,20230307,248638738400,0.5832254732079988,1.7468128725466567,7.0,0.3123611026183759
20230102,2023,047820,초록뱀미디어,"영화,비디오물,방송프로그램제작및배급업",10150,197.0,1999550.0,15670.0,16133.0,20230307,220383925300,0.5581054444845679,1.7267885512785965,8.0,0.02956550220812426
20230102,2023,005440,현대지에프홀딩스,종합소매업,6540,305.0,1994700.0,4351.0,4043.0,20230417,638987312280,0.5362790961358259,1.723948748009379,9.0,-0.07076583912475687
20230102,2023,030520,한글과컴퓨터,소프트웨어개발및공급업,12000,166.0,1992000.0,12237.0,14626.0,20230307,302445960000,0.5817092864131992,1.7027392870702938,10.0,0.19519420199425586
20230102,2023,319660,피에스케이,특수목적용기계제조업,15050,132.0,1986600.0,15454.0,17654.0,20230307,435949045700,0.5636806697111979,1.6889012968324102,11.0,0.14234015521078902
20230102,2023,243840,신흥에스이씨,일차전지및축전지제조업,39950,50.0,1997500.0,8040.0,10983.0,20230307,310140998550,0.5560431800923084,1.6787454880082497,12.0,0.36593926889447803
20230102,2023,217820,원익피앤이,특수목적용기계제조업,7470,267.0,1994490.0,7202.0,8288.0,20230307,324605555730,0.5631661828683594,1.6680878423052663,13.0,0.1507638922203789
20230102,2023,033640,네패스,반도체제조업,15150,132.0,1999800.0,15313.0,17155.0,20230307,349346910300,0.569919138263869,1.611506536157099,14.0,0.12031072606404325
20230102,2023,009900,명신산업,자동차신품부품제조업,14450,138.0,1994100.0,14800.0,20503.0,20230307,758193421850,0.5412296333621083,1.5919407659957754,15.0,0.38530903957068197
20230102,2023,048530,인트론바이오,기초의약물질및생물학적제제제조업,8200,243.0,1992600.0,7971.0,8960.0,20230307,280036248400,0.5585159525115263,1.5760077377914365,16.0,0.12410281195560824
20230102,2023,086390,유니테스트,특수목적용기계제조업,10100,198.0,1999800.0,10291.0,11848.0,20230307,213454672600,0.5603492674750352,1.5541301361717241,17.0,0.15127504646566114
20230102,2023,102710,이엔에프테크놀로지,기타화학제품제조업,19550,102.0,1994100.0,19952.0,21250.0,20230307,279327193800,0.5635835156853987,1.5212496847760344,18.0,0.06506177588395468
20230102,2023,243070,휴온스,의약품제조업,28150,71.0,1998650.0,29064.0,32428.0,20230410,335985704350,0.5540210118618825,1.473932449469704,19.0,0.11574759814214897
20230102,2023,053030,바이넥스,의약품제조업,11300,176.0,1988800.0,11098.0,10668.0,20230307,358899842400,0.5536799699582111,1.4624108392680344,20.0,-0.03873998064915285
20230102,2023,060980,HL홀딩스,기타금융업,29600,67.0,1983200.0,29812.0,35402.0,20240207,309973272000,0.5508968530573517,1.4412564641849837,21.0,0.18752274183962636
20230102,2023,001390,KG케미칼,기초화학물질제조업,19950,100.0,1995000.0,4033.0,6663.0,20230307,276628615200,0.5663961472564982,1.3945728060607738,22.0,0.6522002347709215
20230102,2023,006120,SK디스커버리,기타금융업,29400,68.0,1999200.0,28913.0,32812.0,20230308,559712937000,0.5486020707873459,1.3521799289306842,23.0,0.13485506689756876
20230102,2023,206650,유바이오로직스,의약품제조업,8650,231.0,1998150.0,8771.0,8122.0,20230307,315247580550,0.5499318978701409,1.3357876145509955,24.0,-0.07403763402923069
20230102,2023,091120,이엠텍,전자부품제조업,20500,97.0,1988500.0,20714.0,23164.0,20230307,351225188000,0.5512631336116317,1.261892987420321,25.0,0.11824967344915094
20230102,2023,001060,JW중외제약,의약품제조업,18400,108.0,1987200.0,17433.0,20529.0,20230307,408076690400,0.547738185900305,1.2616762108228992,26.0,0.1775850337509861
20230102,2023,317330,덕산테코피아,기타화학제품제조업,13250,150.0,1987500.0,13605.0,19305.0,20230324,243500921000,0.5535823789871611,1.242199076050354,27.0,0.4188944987050287
20230102,2023,092040,아미코젠,기타식품제조업,19150,104.0,1991600.0,8851.0,8690.0,20230307,378302658200,0.5287321603468071,1.2357473006019648,28.0,-0.01817852681545329
20230102,2023,042000,카페24,"자료처리,호스팅,포털및기타인터넷정보매개서비스업",9750,205.0,1998750.0,9821.0,12206.0,20230725,219347680500,0.5661400235301737,1.2263506921606415,29.0,0.24290594954080413
20230102,2023,064260,다날,소프트웨어개발및공급업,4935,405.0,1998675.0,5012.0,5502.0,20230307,340263512400,0.565161278033893,1.2217101261051224,30.0,0.09777437147302881
20230102,2023,010140,삼성중공업,선박및보트건조업,5080,393.0,1996440.0,4966.0,5291.0,20230307,4470400000000,0.5105227968497081,1.2182624502594774,31.0,0.06550758376470411
20230102,2023,084370,유진테크,특수목적용기계제조업,22200,90.0,1998000.0,22539.0,26494.0,20230307,508736132400,0.5517708285050555,1.2070912334264592,32.0,0.17548724218293033
20230102,2023,235980,메드팩토,자연과학및공학연구개발업,21750,91.0,1979250.0,19358.0,17169.0,20230307,458505116250,0.5404402971452879,1.19108233181035,33.0,-0.113079115962199
20230102,2023,003850,보령,의약품제조업,8960,223.0,1998080.0,8998.0,9089.0,20230307,615462400000,0.5455462668684178,1.187625378924651,34.0,0.010127347967275657
20230102,2023,064550,바이오니아,의료용품및기타의약관련제품제조업,28450,70.0,1991500.0,28489.0,50281.0,20230307,734302778950,0.5055546410913843,1.1807994503316923,35.0,0.7649649815446407
20230102,2023,281740,레이크머티리얼즈,기타화학제품제조업,4310,464.0,1999840.0,4394.0,6358.0,20230307,283298661880,0.5513301885856374,1.179358708852686,36.0,0.447131409328136
20230102,2023,026890,스틱인베스트먼트,"전동기,발전기및전기변환ㆍ공급ㆍ제어장치제조업",5150,388.0,1998200.0,5205.0,8693.0,20240430,214642601250,0.5636410086788428,1.154059534593024,37.0,0.6699600059478135
20230102,2023,047050,포스코인터내셔널,상품중개업,21600,92.0,1987200.0,21253.0,22500.0,20230307,2664903218400,0.510941145713652,1.1539421954650264,38.0,0.05867378773133769
20230102,2023,105630,한세실업,봉제의복제조업,14750,135.0,1991250.0,14458.0,17788.0,20230307,590000000000,0.5262543319692069,1.1489914784345967,39.0,0.2302772035220635
20230102,2023,031330,에스에이엠티,기계장비및관련물품도매업,2575,776.0,1998200.0,2541.0,3009.0,20230307,257487297525,0.5388604900306936,1.1338281756214565,40.0,0.1843192242561016
20230102,2023,073240,금호타이어,고무제품제조업,2775,720.0,1998000.0,2710.0,3215.0,20230307,797147296425,0.5411034686883787,1.1293760704664355,41.0,0.1862747315559654
20230102,2023,011040,경동제약,의약품제조업,7700,259.0,1994300.0,7570.0,6942.0,20231205,236919498200,0.5424754274231943,1.0838814849957923,45.0,-0.08307660536312056
20230102,2023,001820,삼화콘덴서,전자부품제조업,29500,67.0,1976500.0,31535.0,47773.0,20230307,306652500000,0.5450658363480922,1.0410516926189703,52.0,0.5149271619219211
20230102,2023,004430,송원산업,기타화학제품제조업,17200,116.0,1995200.0,16939.0,20234.0,20230307,412800000000,0.5437881556330081,0.9689217405397498,56.0,0.19451186484284744
20230102,2023,035900,JYP Ent.,오디오물출판및원판녹음업,67200,29.0,1948800.0,67970.0,77883.0,20230307,2385431462400,0.5123714718560213,0.9416099730099707,59.0,0.1458445624497906
20230102,2023,011070,LG이노텍,전자부품제조업,253000,7.0,1771000.0,265582.0,279102.0,20230307,5987778071000,0.5392542251868244,0.8339543598369444,68.0,0.050908930503702265
20230102,2023,089970,브이엠,특수목적용기계제조업,10050,199.0,1999950.0,10407.0,11119.0,20230317,241004979750,0.540075009982713,0.7339394116433018,78.0,0.06832796625915982
20230102,2023,002990,금호건설,건물건설업,6730,297.0,1998810.0,6494.0,,,248697694350,0.5346436355525105,0.707106781186558,83.0,-0.007164472071468642
20230102,2023,365550,ESR켄달스퀘어리츠,부동산임대및공급업,3985,501.0,1996485.0,3874.0,4174.0,20230522,849159665000,0.5204298830460353,0.7071067811865536,84.0,0.07731560469127263
20230102,2023,018260,삼성에스디에스,"컴퓨터프로그래밍,시스템통합및관리업",120500,16.0,1928000.0,120050.0,123455.0,20230307,9324024900000,0.5199612864710584,0.7071067811865476,90.0,0.028364818822174342
20230306,2023,017810,풀무원,기타식품제조업,10730,186.0,1995780.0,10701.0,10824.0,20230627,409033415660,0.5454224827149093,1.6294017928978952,1.0,0.011491900411977563
20230306,2023,091120,이엠텍,전자부품제조업,22850,87.0,1987950.0,23164.0,26667.0,20230508,391487587600,0.5540349904413155,1.6144936960191125,2.0,0.15125857782349472
20230306,2023,256840,한국비엔씨,기초의약물질및생물학적제제제조업,4280,467.0,1998760.0,4307.0,3947.0,20230508,289253048640,0.5655794147686988,1.5803390183950803,3.0,-0.08356364041478237
20230306,2023,002240,고려제강,1차철강제조업,21700,92.0,1996400.0,20393.0,19274.0,20230922,542500000000,0.523857592200555,1.5210701488261864,4.0,-0.05488730104615458
20230306,2023,060720,KH바텍,전자부품제조업,14960,133.0,1989680.0,15948.0,19237.0,20230508,354214532320,0.550110308523562,1.4979257975039986,5.0,0.2062447975382964
20230306,2023,206650,유바이오로직스,의약품제조업,7900,253.0,1998700.0,8122.0,7621.0,20230508,287913975300,0.5439881419698098,1.4913537142106033,6.0,-0.0616570262073477
20230306,2023,073490,이노와이어리스,통신및방송장비제조업,30750,65.0,1998750.0,30543.0,27034.0,20230510,233818264500,0.542190837453136,1.4411322129561637,7.0,-0.11487584182246202
20230306,2023,017800,현대엘리베이터,일반목적용기계제조업,27900,71.0,1980900.0,27688.0,35044.0,20230508,1138743828900,0.5359036773179304,1.4282980420381688,8.0,0.26568142854266896
20230306,2023,043150,바텍,의료용기기제조업,33250,60.0,1995000.0,33070.0,42577.0,20230508,493904012000,0.5329287376333404,1.4160206262237292,9.0,0.2874840319666747
20230306,2023,243840,신흥에스이씨,일차전지및축전지제조업,53600,37.0,1983200.0,10983.0,9201.0,20230508,416109074400,0.5441987148235681,1.410708010818299,10.0,-0.16223617437305227
20230306,2023,053030,바이넥스,의약품제조업,10550,189.0,1993950.0,10668.0,10767.0,20230508,335079056400,0.5417078019199604,1.3980368629949487,11.0,0.009285807381401723
20230306,2023,034810,해성산업,기타금융업,10460,191.0,1997860.0,10392.0,8060.0,20260113,340544724220,0.5388641760969121,1.3866329322373012,12.0,-0.22441289308381873
20230306,2023,060570,드림어스컴퍼니,"자료처리,호스팅,포털및기타인터넷정보매개서비스업",3715,538.0,1998670.0,3627.0,,,211234331605,0.5514428331985177,1.3832069676981695,13.0,-0.09668655990751918
20230306,2023,042420,네오위즈홀딩스,소프트웨어개발및공급업,30350,65.0,1972750.0,30224.0,24478.0,20231127,268805883100,0.5603125301072861,1.3804942916898963,14.0,-0.19011108814583677
20230306,2023,100090,SK오션플랜트,1차철강제조업,20100,99.0,1989900.0,22211.0,,,1070023741200,0.5211781914446854,1.3671671951425886,15.0,0.0844853336048339
20230306,2023,119860,커넥트웨이브,소프트웨어개발및공급업,14010,142.0,1989420.0,13850.0,14399.0,20230508,675183537720,0.558262357669414,1.335774832206796,16.0,0.039702448144320446
20230306,2023,047820,초록뱀미디어,"영화,비디오물,방송프로그램제작및배급업",10940,182.0,1991080.0,16133.0,,,237536959880,0.5410811196581353,1.333709469909315,17.0,-0.15186892779943717
20230306,2023,095610,테스,특수목적용기계제조업,18260,109.0,1990340.0,18075.0,21684.0,20230508,360967806760,0.5637205130339072,1.3180995642846474,18.0,0.1996792878106095
20230306,2023,299900,위지윅스튜디오,"영화,비디오물,방송프로그램제작및배급업",17050,117.0,1994850.0,4187.0,3031.0,20231115,729095868050,0.54067153536943,1.3170859188054436,19.0,-0.27598636210875194
20230306,2023,030520,한글과컴퓨터,소프트웨어개발및공급업,15000,133.0,1995000.0,14626.0,14275.0,20230508,378057450000,0.5572783870286365,1.3143119374814722,20.0,-0.02397259414641184
20230306,2023,006120,SK디스커버리,기타금융업,32250,62.0,1999500.0,33013.0,34019.0,20230508,613970823750,0.5371624059648454,1.3137962416598379,21.0,0.03046359390013742
20230306,2023,011700,한신기계,일반목적용기계제조업,6430,311.0,1999730.0,6373.0,,,208628750930,0.5299536417560784,1.253328789670839,22.0,-0.007955711235146268
20230306,2023,028260,삼성물산,기타전문도매업,112000,17.0,1904000.0,110650.0,110732.0,20230508,20931353072000,0.5240486259937643,1.2481695379073234,23.0,0.0007368027538601218
20230306,2023,064290,인텍플러스,특수목적용기계제조업,16800,119.0,1999200.0,16442.0,18482.0,20230511,214333761600,0.5602496750949185,1.2310857863996436,24.0,0.12408745126513421
20230306,2023,183300,코미코,특수목적용기계제조업,45400,44.0,1997600.0,46235.0,44581.0,20230508,454928293800,0.5588813847032214,1.1967827972315548,25.0,-0.035773339596864795
20230306,2023,093050,LF,봉제의복제조업,17480,114.0,1992720.0,18246.0,17710.0,20250627,511115200000,0.5194244588991209,1.152632972858297,26.0,-0.029384138367240076
20230306,2023,950130,엑세스바이오,의료용품및기타의약관련제품제조업,9910,201.0,1991910.0,8618.0,8086.0,20230508,359886872570,0.5334832034275435,1.1509591843776423,27.0,-0.06172166365116627
20230306,2023,357780,솔브레인,기타화학제품제조업,234500,8.0,1876000.0,231402.0,224909.0,20230508,1824073727000,0.5464455785403884,1.140244109120922,28.0,-0.02805848335860328
20230306,2023,183190,아세아시멘트,"시멘트,석회,플라스터및그제품제조업",9200,217.0,1996400.0,9200.0,10949.0,20230525,358414428000,0.5189200632109406,1.134147623405322,29.0,0.19018434263356698
20230306,2023,102710,이엔에프테크놀로지,기타화학제품제조업,21550,92.0,1982600.0,21250.0,21154.0,20230508,307902865800,0.5461718240437548,1.1324990192919568,30.0,-0.0045083837183288455
20230306,2023,091700,파트론,전자부품제조업,8270,241.0,1993070.0,8272.0,8214.0,20230508,487253629780,0.5374292337857328,1.121282221265349,31.0,-0.006974502046523168
20230306,2023,045100,한양이엔지,"건축기술,엔지니어링및관련기술서비스업",15060,132.0,1987920.0,15427.0,14926.0,20230508,271080000000,0.5281503449643146,1.1212168880242548,32.0,-0.03247171391983006
20230306,2023,061970,LB세미콘,반도체제조업,7410,269.0,1993290.0,7294.0,7835.0,20230508,324443826720,0.5560520453252296,1.1183216700743022,33.0,0.07420529341870652
20230306,2023,117580,대성에너지,연료용가스제조및배관공급업,9420,212.0,1997040.0,9404.0,8562.0,20230508,259050000000,0.4955554579836343,1.1154737865139872,34.0,-0.08954484022121367
20230306,2023,112610,씨에스윈드,"구조용금속제품,탱크및증기발생기제조업",71500,27.0,1930500.0,76376.0,72982.0,20230508,3015255314500,0.513138606664342,1.1107846573114315,35.0,-0.04442997994734377
20230306,2023,041960,코미팜,의약품제조업,6670,299.0,1994330.0,6063.0,7045.0,20230508,428119792920,0.5343459546083746,1.0967728430550416,36.0,0.1620615594996715
20230306,2023,033640,네패스,반도체제조업,17640,113.0,1993320.0,17155.0,20419.0,20230508,406764323280,0.554986520156161,1.0963324038874913,37.0,0.19022755183242968
20230306,2023,001120,LX인터내셔널,상품중개업,32150,62.0,1993300.0,31983.0,30982.0,20230508,1246134000000,0.5260623980815733,1.0858977893491126,38.0,-0.03131483414814584
20230306,2023,001390,KG케미칼,기초화학물질제조업,25650,77.0,1975050.0,6663.0,7274.0,20230508,355665362400,0.5448936242949417,1.0740407855533418,39.0,0.0916957834950578
20230306,2023,068240,다원시스,"전동기,발전기및전기변환ㆍ공급ㆍ제어장치제조업",14450,138.0,1994100.0,14128.0,13691.0,20230508,500844499550,0.5222915378836833,1.0738747520438063,40.0,-0.03092440859689083
20230306,2023,086450,동국제약,의약품제조업,15870,126.0,1999620.0,15910.0,15474.0,20230508,705580200000,0.5333215396851726,1.054851387095939,41.0,-0.02738295213177
20230306,2023,101160,월덱스,전자부품제조업,21950,91.0,1997450.0,21611.0,21659.0,20230508,362416296350,0.5348501688041833,1.0446808071040643,42.0,0.0022461240449345166
20230306,2023,092040,아미코젠,기타식품제조업,18600,107.0,1990200.0,8690.0,8704.0,20230508,367437568800,0.5289846381752492,1.0147903845420763,46.0,0.001592639470880064
20230306,2023,003850,보령,의약품제조업,9050,220.0,1991000.0,9089.0,8797.0,20230508,621644500000,0.5315856606911223,0.9838151564132116,52.0,-0.032137683230786585
20230306,2023,086390,유니테스트,특수목적용기계제조업,11960,167.0,1997320.0,11848.0,13288.0,20230508,252764146960,0.5502949698015498,0.9815216953835602,53.0,0.12155367192275279
20230306,2023,235980,메드팩토,자연과학및공학연구개발업,19540,102.0,1993080.0,17169.0,19830.0,20230508,411916780300,0.5270773709140929,0.9717377382560578,56.0,0.15497208756411407
20230306,2023,089970,브이엠,특수목적용기계제조업,11670,171.0,1995570.0,11498.0,14251.0,20231219,279853543650,0.5446541761503069,0.8401072085961417,73.0,0.23943226336039425
20230306,2023,004430,송원산업,기타화학제품제조업,20000,100.0,2000000.0,20234.0,16955.0,20230508,480000000000,0.5355633890005698,0.8323641051095195,75.0,-0.16203387495401123
20230306,2023,048530,인트론바이오,기초의약물질및생물학적제제제조업,8520,234.0,1993680.0,8960.0,7900.0,20230508,290964492240,0.5338840526206342,0.7490434308506294,88.0,-0.11840356339994029
20230306,2023,032500,케이엠더블유,통신및방송장비제조업,24050,83.0,1996150.0,24324.0,18927.0,20230508,957692236150,0.5287119575573747,0.7430791773385764,89.0,-0.2218726661357766
20230504,2023,041830,인바디,의료용기기제조업,29100,68.0,1978800.0,28688.0,27642.0,20230710,398198056200,0.5380781529626508,2.199545576613477,1.0,-0.036479671451475126
20230504,2023,425040,티이엠씨,기초화학물질제조업,37800,52.0,1965600.0,19718.0,24545.0,20230707,401553709200,0.5527837879327168,1.8684183111928587,2.0,0.24478596625144067
20230504,2023,297890,HB솔루션,특수목적용기계제조업,14160,141.0,1996560.0,3588.0,5631.0,20240115,236756516880,0.5662744284414702,1.6443581476087028,3.0,0.5692296960505017
20230504,2023,102710,이엔에프테크놀로지,기타화학제품제조업,20750,96.0,1992000.0,21154.0,24858.0,20230707,296472597000,0.5614429675027581,1.5783042359185582,4.0,0.17510568937894955
20230504,2023,084990,헬릭스미스,자연과학및공학연구개발업,8800,227.0,1997600.0,8852.0,5959.0,20230707,366049455200,0.543207859150057,1.5615321613114903,5.0,-0.32681002588147834
20230504,2023,256840,한국비엔씨,기초의약물질제조업,3940,507.0,1997580.0,3947.0,3333.0,20230707,266275002720,0.5638447878869611,1.5389548759250322,6.0,-0.155488174884849
20230504,2023,083450,GST,특수목적용기계제조업,23650,84.0,1986600.0,11977.0,14131.0,20230707,220364669250,0.5603137697107247,1.479518274413443,7.0,0.17982867112049372
20230504,2023,061970,LB세미콘,반도체제조업,7600,263.0,1998800.0,7835.0,7877.0,20230707,332762899200,0.5544655074420081,1.4781281424341193,8.0,0.005318150129300703
20230504,2023,006120,SK디스커버리,기타금융업,33100,60.0,1986000.0,34019.0,34420.0,20230707,630153000500,0.5302250857639631,1.4562859287030154,9.0,0.01177318325617227
20230504,2023,064260,다날,소프트웨어개발및공급업,4115,486.0,1999890.0,4223.0,3754.0,20230707,283725299600,0.5671136487118519,1.4402747768708812,10.0,-0.11100149331359443
20230504,2023,089030,테크윙,특수목적용기계제조업,6880,290.0,1995200.0,7077.0,8134.0,20230707,256993077600,0.5588246918937579,1.4383383629951683,11.0,0.1493531858131456
20230504,2023,102460,이연제약,의약품제조업,18820,106.0,1994920.0,18714.0,16292.0,20241031,338733219140,0.5476445862298877,1.4117139131772678,12.0,-0.12940636722090992
20230504,2023,095700,제넥신,자연과학및공학연구개발업,12560,159.0,1997040.0,12714.0,9361.0,20230707,506378367440,0.5376746934894002,1.405418944052002,13.0,-0.2637338263174751
20230504,2023,183300,코미코,특수목적용기계제조업,43350,46.0,1994100.0,44581.0,56840.0,20230707,434386377450,0.5568988449848037,1.3850797594404916,14.0,0.2749772087725424
20230504,2023,004250,NPC,플라스틱제품제조업,6460,309.0,1996140.0,6494.0,6605.0,20230712,237211200000,0.5602548971217266,1.3680338990179182,15.0,0.01700606923530623
20230504,2023,023530,롯데쇼핑,종합소매업,79600,25.0,1990000.0,81239.0,65764.0,20230707,2251784898000,0.5095038722754351,1.3409759649704982,16.0,-0.1904912838370566
20230504,2023,371950,풍원정밀,전자부품제조업,11050,180.0,1989000.0,11221.0,10068.0,20240510,232497392400,0.5452815760662136,1.3342377419550653,17.0,-0.10272165323379645
20230504,2023,086450,동국제약,의약품제조업,15340,130.0,1994200.0,15474.0,13241.0,20230707,682016400000,0.5447122582142888,1.3134373301586117,18.0,-0.14434661468228982
20230504,2023,241840,에이스토리,"영화,비디오물,방송프로그램제작및배급업",21050,95.0,1999750.0,,,,200816873700,0.5332173929349434,1.2976389113126958,19.0,0.0
20230504,2023,003000,부광약품,의약품제조업,8010,249.0,1994490.0,7337.0,7129.0,20240116,569215022490,0.5434746197454232,1.2719580416596703,20.0,-0.028348918994729244
20230504,2023,006400,삼성SDI,일차전지및이차전지제조업,684000,2.0,1368000.0,669720.0,682258.0,20230707,47034938520000,0.5313852974810471,1.265780505799048,21.0,0.01872072552173587
20230504,2023,035600,KG이니시스,소프트웨어개발및공급업,11820,169.0,1997580.0,11993.0,11501.0,20230707,329830409880,0.5591212431244874,1.2488059372058842,22.0,-0.04102622406493006
20230504,2023,032500,케이엠더블유,통신및방송장비제조업,18850,106.0,1998100.0,18927.0,13483.0,20230707,750623644550,0.5399173022463744,1.2442953020500576,23.0,-0.2876522469235512
20230504,2023,009900,명신산업,자동차신품부품제조업,17850,112.0,1999200.0,18418.0,22945.0,20230707,936591874050,0.5396118202846955,1.243370296519757,24.0,0.24576941685099984
20230504,2023,002150,도화엔지니어링,"건축기술,엔지니어링및관련기술서비스업",8400,238.0,1999200.0,8579.0,7997.0,20231107,283248000000,0.5567637090111408,1.2395964262361885,25.0,-0.06792927950735683
20230504,2023,101160,월덱스,전자부품제조업,21450,93.0,1994850.0,21659.0,25461.0,20230707,354160799850,0.5419087734781437,1.220088674939,26.0,0.17550849856171413
20230504,2023,077360,덕산하이메탈,반도체제조업,5650,353.0,1994450.0,5768.0,4715.0,20250808,256719061300,0.5446423565155003,1.198788028384093,27.0,-0.18253619503689977
20230504,2023,052710,아모텍,전자부품제조업,16600,120.0,1992000.0,16952.0,,,242610809400,0.5411681432091402,1.1950227981190387,28.0,-0.09758373591269887
20230504,2023,001120,LX인터내셔널,상품중개업,30900,64.0,1977600.0,30982.0,34736.0,20230707,1197684000000,0.520763177436085,1.1397389861543252,29.0,0.12118465016461544
20230504,2023,033640,네패스,반도체제조업,19570,102.0,1996140.0,20419.0,19422.0,20230707,451268583140,0.5420450392999835,1.1249283378800299,30.0,-0.048800411101072916
20230504,2023,377740,바이오노트,의료용품및기타의약관련제품제조업,6250,320.0,2000000.0,6002.0,4941.0,20230707,637350300000,0.5408392818115628,1.1139450773501307,31.0,-0.17676249426942503
20230504,2023,122870,와이지엔터테인먼트,오디오물출판및원판녹음업,65700,30.0,1971000.0,63112.0,78301.0,20230707,1226316057300,0.5026866359400587,1.092352734869268,32.0,0.24065601591487518
20230504,2023,007810,코리아써키트,전자부품제조업,13900,143.0,1987700.0,14264.0,16404.0,20230707,328328438900,0.5381035365907294,1.0913043096725998,33.0,0.15001649805050277
20230504,2023,086390,유니테스트,특수목적용기계제조업,13040,153.0,1995120.0,13288.0,14160.0,20230707,275589003040,0.5462575920514161,1.0907997371452234,34.0,0.06560994599656178
20230504,2023,055490,테이팩스,플라스틱제품제조업,54800,36.0,1972800.0,54060.0,,,258801220000,0.5456135776609511,1.0560864023718157,35.0,-0.06740686765970239
20230504,2023,005850,에스엘,자동차신품부품제조업,30550,65.0,1985750.0,30708.0,40599.0,20230707,1419002286000,0.5337197230833225,1.0498232525550257,36.0,0.3220762431065167
20230504,2023,054210,이랜텍,전자부품제조업,12470,160.0,1995200.0,12431.0,11703.0,20230707,315381388700,0.5368753568581756,1.0497378180270605,37.0,-0.058536347135038636
20230504,2023,950130,엑세스바이오,의료용품및기타의약관련제품제조업,9470,211.0,1998170.0,8086.0,6492.0,20230707,343908040690,0.5383155503444286,1.0455205965633336,38.0,-0.19714725232764563
20230504,2023,353200,대덕전자,전자부품제조업,20900,95.0,1985500.0,20863.0,30769.0,20230707,1032813732500,0.5366810651633008,1.0431622135794811,39.0,0.47485717374505043
20230504,2023,090430,아모레퍼시픽,기타화학제품제조업,115700,17.0,1966900.0,116274.0,94781.0,20230707,6767612216300,0.541111809770898,1.041860584514663,40.0,-0.18484822741664708
20230504,2023,003090,대웅,의약품제조업,15110,132.0,1994520.0,15203.0,12751.0,20230714,878525317800,0.5365178823960849,1.0388039156497901,41.0,-0.1612792533046008
20230504,2023,018290,브이티,기타화학제품제조업,6010,332.0,1995320.0,6001.0,9274.0,20230707,207248196930,0.5409265727689531,1.036973051054493,42.0,0.5454261734240238
20230504,2023,004020,현대제철,1차철강제조업,35600,56.0,1993600.0,35719.0,35321.0,20231012,4750669946000,0.5036446816492295,1.0250582287352625,43.0,-0.011145405997498359
20230504,2023,119860,커넥트웨이브,소프트웨어개발및공급업,14170,141.0,1997970.0,14399.0,12156.0,20230721,682894413240,0.5483455290904831,0.9906591952644521,49.0,-0.15577089169586544
20230504,2023,357780,솔브레인,기타화학제품제조업,219500,9.0,1975500.0,224909.0,239886.0,20230707,1707395237000,0.5383169876708842,0.9681183711036541,54.0,0.06658981346738857
20230504,2023,073490,이노와이어리스,통신및방송장비제조업,27350,73.0,1996550.0,27285.0,29174.0,20240219,207965188100,0.5343425456689587,0.9636226472116395,55.0,0.06921620224240477
20230504,2023,003850,보령,의약품제조업,8780,227.0,1993060.0,8797.0,10879.0,20231012,603098200000,0.5323825746735634,0.9002096279240785,67.0,0.2367101251233641
20230504,2023,064290,인텍플러스,특수목적용기계제조업,19010,105.0,1996050.0,19061.0,32185.0,20230707,242528857620,0.5380868015375115,0.8648394644542571,75.0,0.6885818766439782
20230504,2023,030520,한글과컴퓨터,소프트웨어개발및공급업,13890,143.0,1986270.0,14275.0,11977.0,20230707,355712260260,0.5428030180105953,0.8578808779360335,77.0,-0.16097602620183193
20230504,2023,043150,바텍,의료용기기제조업,43000,46.0,1978000.0,42577.0,37483.0,20230707,638733008000,0.5156841793286218,0.8178656264045772,84.0,-0.11962816129096221
20230706,2023,084990,헬릭스미스,자연과학및공학연구개발업,6080,328.0,1994240.0,5959.0,4958.0,20230906,252906896320,0.565199576657769,2.4391081703995114,1.0,-0.168027235291484
20230706,2023,036200,유니셈,특수목적용기계제조업,8320,240.0,1996800.0,8210.0,10302.0,20240607,255126335360,0.5734461384324977,1.955231870149968,2.0,0.2547501704380497
20230706,2023,032500,케이엠더블유,통신및방송장비제조업,13680,146.0,1997280.0,13483.0,10867.0,20230906,544749679440,0.5344030997268111,1.7685942655109088,3.0,-0.19398393393032465
20230706,2023,100120,뷰웍스,의료용기기제조업,34750,57.0,1980750.0,34049.0,20796.0,20241211,347564808750,0.5346402400412507,1.7640282212563865,4.0,-0.3892470569706282
20230706,2023,950130,엑세스바이오,의료용품및기타의약관련제품제조업,7710,259.0,1996890.0,6492.0,7187.0,20230906,279992713170,0.5538328694593773,1.7244927111803687,5.0,0.10706271017495173
20230706,2023,190510,나무가,전자부품제조업,14830,134.0,1987220.0,14410.0,13692.0,20230906,241022854720,0.5432666072049548,1.6414161059783074,6.0,-0.049798513240496556
20230706,2023,006040,동원산업,기타금융업,36500,54.0,1971000.0,32762.0,30995.0,20230906,1824367272500,0.5377913256400291,1.5806073778783953,7.0,-0.05394380062156778
20230706,2023,056080,유진로봇,특수목적용기계제조업,5520,362.0,1998240.0,5505.0,13489.0,20230913,207067079040,0.5584065627930449,1.531271276341726,8.0,1.4503291029307692
20230706,2023,041830,인바디,의료용기기제조업,29200,68.0,1985600.0,28240.0,25147.0,20230911,399566434400,0.5269805892356456,1.5151194216666835,9.0,-0.10954906442984214
20230706,2023,036810,에프에스티,전자부품제조업,18770,106.0,1989620.0,18383.0,21038.0,20230906,408374929530,0.5398222849622523,1.4872259906338594,10.0,0.14442159300498658
20230706,2023,061970,LB세미콘,반도체제조업,8150,245.0,1996750.0,7877.0,6949.0,20230906,356844424800,0.5244472652044441,1.4759031160570377,11.0,-0.11782211393396114
20230706,2023,249420,일동제약,의약품제조업,14870,134.0,1992580.0,14570.0,20618.0,20230906,398564847950,0.5440657236167682,1.4698107614500424,12.0,0.41506264070048493
20230706,2023,054210,이랜텍,전자부품제조업,11990,166.0,1990340.0,11703.0,11465.0,20230906,303241607900,0.5390770998499201,1.4538666907986324,13.0,-0.020385112922541304
20230706,2023,086390,유니테스트,특수목적용기계제조업,14270,140.0,1997800.0,14160.0,11602.0,20231206,301583978020,0.5549615341681231,1.4341570746832157,14.0,-0.18067728443724806
20230706,2023,004250,NPC,플라스틱제품제조업,6570,304.0,1997280.0,6555.0,5682.0,20231222,241250400000,0.5681414774169131,1.4195394629614906,15.0,-0.13323810154085292
20230706,2023,254490,미래반도체,기타전문도매업,24650,81.0,1996650.0,24423.0,23770.0,20230906,355896700000,0.530647129134496,1.3989104258269263,16.0,-0.026712067293115926
20230706,2023,003090,대웅,의약품제조업,12160,164.0,1994240.0,12061.0,14603.0,20230912,707006476800,0.5413155744305009,1.3654737875638956,17.0,0.21071006258755354
20230706,2023,016710,대성홀딩스,회사본부및경영컨설팅서비스업,14320,139.0,1990480.0,14163.0,,,230401052880,0.564089495032524,1.3385636738943818,18.0,-0.10707814911008107
20230706,2023,048530,인트론바이오,기초의약물질제조업,6080,328.0,1994240.0,5989.0,7101.0,20231013,207636632960,0.5428909302519055,1.3338862593603729,19.0,0.18572860342981778
20230706,2023,243840,신흥에스이씨,일차전지및이차전지제조업,47100,42.0,1978200.0,9398.0,9719.0,20230906,365648085900,0.542381594507297,1.331988072772673,20.0,0.034201299951044595
20230706,2023,256840,한국비엔씨,기초의약물질제조업,3405,587.0,1998735.0,3333.0,4583.0,20230907,231241868415,0.5423878095498392,1.3213114126820933,21.0,0.3748371146065739
20230706,2023,289220,자이언트스텝,"영화,비디오물,방송프로그램제작및배급업",14140,141.0,1993740.0,13883.0,12454.0,20230906,312801474300,0.558509684974411,1.3163658806488674,22.0,-0.10290681345834518
20230706,2023,043370,피에이치에이,자동차신품부품제조업,11350,176.0,1997600.0,10792.0,11596.0,20240305,238350000000,0.5556756222994799,1.3108530309041666,23.0,0.0745277369193651
20230706,2023,083650,비에이치아이,일반목적용기계제조업,8000,250.0,2000000.0,8082.0,7772.0,20230920,208000000000,0.5266882314490399,1.2887916682282115,24.0,-0.0383073174510119
20230706,2023,001820,삼화콘덴서,전자부품제조업,42750,46.0,1966500.0,41877.0,39720.0,20230906,444386250000,0.5349907419220842,1.2709349103687768,25.0,-0.051513590744800886
20230706,2023,030530,원익홀딩스,특수목적용기계제조업,3740,534.0,1997160.0,3523.0,4148.0,20240222,288870048940,0.5487368512882443,1.2586853517245873,26.0,0.17744299947031683
20230706,2023,100130,동국S&C,"구조용금속제품,탱크및증기발생기제조업",4045,494.0,1998230.0,3976.0,,,231143435000,0.5280156713495883,1.2513910562892603,27.0,-0.13106151119767273
20230706,2023,071970,HD현대마린엔진,일반목적용기계제조업,7890,253.0,1996170.0,7912.0,11362.0,20231206,225280558410,0.5251515608271197,1.2217626004087385,28.0,0.4359836113952318
20230706,2023,064260,다날,소프트웨어개발및공급업,3900,512.0,1996800.0,3754.0,3785.0,20230906,268901256000,0.5602632187532458,1.2110864297525825,29.0,0.008155271163698519
20230706,2023,086450,동국제약,의약품제조업,13280,150.0,1992000.0,13241.0,13708.0,20230906,590428800000,0.5372144330675801,1.2098819813363753,30.0,0.035265881645454966
20230706,2023,053030,바이넥스,의약품제조업,9880,202.0,1995760.0,9756.0,8850.0,20230906,313799154240,0.5362157080373713,1.171991692359808,31.0,-0.09291049608212498
20230706,2023,068240,다원시스,"전동기,발전기및전기변환ㆍ공급ㆍ제어장치제조업",13040,153.0,1995120.0,12692.0,14428.0,20230906,446795218480,0.5512685628633489,1.1625987729258231,32.0,0.1367955464652577
20230706,2023,025770,한국정보통신,전기통신업,9150,218.0,1994700.0,8872.0,10041.0,20250701,342615079650,0.5275056866641363,1.1402272528331359,33.0,0.131734516563917
20230706,2023,357780,솔브레인,기타화학제품제조업,245500,8.0,1964000.0,239886.0,231875.0,20230906,1909637953000,0.5405759195025235,1.1282118376321557,34.0,-0.03339335167138924
20230706,2023,139990,아주스틸,1차철강제조업,9390,212.0,1990680.0,9352.0,,,248386054710,0.5351647394007549,1.1123291083613152,35.0,-0.11719705298816385
20230706,2023,304100,솔트룩스,소프트웨어개발및공급업,21150,94.0,1988100.0,20955.0,44304.0,20230906,237104591850,0.5557326653557931,1.1103559509025485,36.0,1.1142389992047619
20230706,2023,046890,서울반도체,반도체제조업,12460,160.0,1993600.0,12440.0,9892.0,20231206,726485284000,0.51615961428318,1.0935170029884405,37.0,-0.20484494528968156
20230706,2023,200130,콜마비앤에이치,기초의약물질제조업,18210,109.0,1984890.0,18050.0,17558.0,20230906,537988191180,0.5331326519062828,1.0899908013992314,38.0,-0.027283606654384007
20230706,2023,002790,아모레퍼시픽홀딩스,기타화학제품제조업,25500,78.0,1989000.0,25137.0,33192.0,20230906,2102683590000,0.5392953281985551,1.0891761487268188,39.0,0.3204702970068576
20230706,2023,097950,CJ제일제당,도시락및식사용조리식품제조업,267500,7.0,1872500.0,264023.0,297519.0,20230906,4026994755000,0.5296586517737479,1.0740652316596624,40.0,0.12686602112766954
20230706,2023,090430,아모레퍼시픽,기타화학제품제조업,95000,21.0,1995000.0,94781.0,131604.0,20230906,5556812105000,0.5387912087751435,1.0738093030185514,41.0,0.3885021971451432
20230706,2023,214680,디알텍,의료용기기제조업,3290,607.0,1997030.0,3253.0,3432.0,20240430,212367753010,0.5132414303862012,1.0686503040294952,42.0,0.05510226263660556
20230706,2023,093320,케이아이엔엑스,"자료처리,호스팅,포털및기타인터넷정보매개서비스업",63900,31.0,1980900.0,63466.0,68452.0,20230906,311832000000,0.5360445583417758,1.0650926167864834,43.0,0.07856514068278919
20230706,2023,006400,삼성SDI,일차전지및이차전지제조업,703000,2.0,1406000.0,682258.0,590385.0,20230906,48341464590000,0.5326891342694573,1.0633750752426057,44.0,-0.1346600528377695
20230706,2023,012510,더존비즈온,"컴퓨터프로그래밍,시스템통합및관리업",29100,68.0,1978800.0,28597.0,32251.0,20230906,884139014400,0.5263028644746958,1.0627071958190075,45.0,0.12778732374038326
20230706,2023,118990,모트렉스,자동차신품부품제조업,18900,105.0,1984500.0,18255.0,18556.0,20230906,462964950000,0.5433037777418068,1.0576752956800999,46.0,0.016503250128402147
20230706,2023,093520,매커스,기계장비및관련물품도매업,14050,142.0,1995100.0,13558.0,15002.0,20250703,227091442600,0.567773766404346,1.0504529267870868,47.0,0.10652482054930745
20230706,2023,009900,명신산업,자동차신품부품제조업,24950,80.0,1996000.0,22945.0,20245.0,20230906,1309129818350,0.538526216408487,0.959907161540893,60.0,-0.11768687338277428
20230706,2023,006120,SK디스커버리,기타금융업,34400,58.0,1995200.0,34420.0,39967.0,20230912,654902212000,0.5229826463587247,0.8264721856148568,76.0,0.16117725045714693
20230706,2023,030520,한글과컴퓨터,소프트웨어개발및공급업,12150,164.0,1992600.0,11977.0,14371.0,20230906,311152193100,0.5417193327576563,0.7987892218383287,81.0,0.1998822138476577
20230905,2023,145720,덴티움,의료용기기제조업,123800,16.0,1980800.0,123033.0,122028.0,20231110,1370321154000,0.5612117746409652,1.885159308295052,1.0,-0.008170156496057235
20230905,2023,950130,엑세스바이오,의료용품및기타의약관련제품제조업,8210,243.0,1995030.0,7187.0,8222.0,20231110,298150476670,0.5548083908750163,1.7137875876442936,2.0,0.1440729250168653
20230905,2023,091580,상신이디피,일차전지및이차전지제조업,17270,115.0,1986050.0,16953.0,16903.0,20231116,235359342130,0.5632970701526743,1.5391449106096575,3.0,-0.0029918675570013153
20230905,2023,259630,엠플러스,특수목적용기계제조업,16840,118.0,1987120.0,19308.0,,,206835649680,0.5536262956846182,1.4786794362472102,4.0,-0.02664035243735896
20230905,2023,033640,네패스,반도체제조업,19000,105.0,1995000.0,18836.0,17776.0,20231110,438124838000,0.5591714558098517,1.4475971980202236,5.0,-0.05628051616227303
20230905,2023,007810,코리아써키트,전자부품제조업,16900,118.0,1994200.0,16499.0,14521.0,20231110,399190691900,0.5575483536675182,1.425735590525275,6.0,-0.11994043451349612
20230905,2023,278650,HLB바이오스텝,자연과학및공학연구개발업,2985,670.0,1999950.0,3087.0,2671.0,20231121,234622014900,0.570526604810637,1.395339966425871,7.0,-0.13478862028830896
20230905,2023,089010,켐트로닉스,기타화학제품제조업,22400,89.0,1993600.0,21900.0,23196.0,20231110,339756032000,0.542087356483253,1.3615712880030824,8.0,0.05917659048164903
20230905,2023,053030,바이넥스,의약품제조업,8920,224.0,1998080.0,8850.0,7899.0,20231110,283308548160,0.548773045815013,1.3526674806412435,9.0,-0.10738477878980601
20230905,2023,218410,RFHIC,통신및방송장비제조업,17310,115.0,1990650.0,17032.0,14790.0,20231110,463673172540,0.5428695187827477,1.3446957987388153,10.0,-0.13160532444100892
20230905,2023,041830,인바디,의료용기기제조업,25900,77.0,1994300.0,25747.0,26098.0,20240126,354409953800,0.5417154339117585,1.342586514918872,11.0,0.01364346836796293
20230905,2023,007700,F&F홀딩스,기타금융업,16770,119.0,1995630.0,16900.0,14619.0,20240724,655947934590,0.5441950381978524,1.3187228480644144,12.0,-0.13500024999933424
20230905,2023,031330,에스에이엠티,기계장비및관련물품도매업,2795,715.0,1998425.0,2740.0,,,279486212265,0.531266839568819,1.3007183921638992,13.0,-0.041420881344012006
20230905,2023,064260,다날,소프트웨어개발및공급업,3770,530.0,1998100.0,3785.0,3995.0,20231110,259937880800,0.5649847550557479,1.295563705379279,14.0,0.05552190811327962
20230905,2023,441270,파인엠텍,전자부품제조업,8210,243.0,1995030.0,8269.0,7958.0,20231110,299015646470,0.5523945147701136,1.2701376256411503,15.0,-0.03759445886245594
20230905,2023,251270,넷마블,소프트웨어개발및공급업,43300,46.0,1991800.0,43033.0,47024.0,20231110,3721786636600,0.5635383966548765,1.2624372860876578,16.0,0.09273530911499761
20230905,2023,018260,삼성에스디에스,"컴퓨터프로그래밍,시스템통합및관리업",144100,13.0,1873300.0,150469.0,144153.0,20231110,11150140980000,0.5196836178248233,1.2504068909363943,17.0,-0.041978672111564586
20230905,2023,000240,한국앤컴퍼니,기타금융업,10880,183.0,1991040.0,10818.0,13973.0,20231110,1032895411200,0.5416833545639012,1.2387261455995537,18.0,0.29167460240242127
20230905,2023,033240,자화전자,전자부품제조업,27750,72.0,1998000.0,27224.0,24276.0,20231110,611783881500,0.5508197471349744,1.2225943003508626,19.0,-0.1082719386997707
20230905,2023,322310,오로스테크놀로지,특수목적용기계제조업,23800,84.0,1999200.0,23321.0,27722.0,20240115,222923699600,0.5436838496576384,1.214359869452993,20.0,0.1887157914004547
20230905,2023,016580,환인제약,의약품제조업,13880,144.0,1998720.0,14081.0,11993.0,20250731,258168971600,0.5436276975777857,1.2000140646406208,21.0,-0.1482474799956659
20230905,2023,102710,이엔에프테크놀로지,기타화학제품제조업,22050,90.0,1984500.0,21304.0,27161.0,20240109,315046783800,0.5367287945225626,1.1992690784069298,22.0,0.2749558592412056
20230905,2023,294570,쿠콘,소프트웨어개발및공급업,22100,90.0,1989000.0,21102.0,19703.0,20240214,226628538500,0.560713238953894,1.197731775675221,23.0,-0.06632354284210429
20230905,2023,089980,상아프론테크,플라스틱제품제조업,23900,83.0,1983700.0,23256.0,18385.0,20231110,382137984300,0.5419108431777407,1.185397372988304,24.0,-0.2094249142348551
20230905,2023,182360,큐브엔터,오디오물출판및원판녹음업,18930,105.0,1987650.0,18777.0,15413.0,20231115,261322724910,0.5223430635360922,1.1764151045893994,25.0,-0.17911751421149236
20230905,2023,000670,영풍,1차비철금속제조업,555000,3.0,1665000.0,51529.0,47942.0,20240215,1022332200000,0.5331060181333512,1.1692938961409625,26.0,-0.06961226496443085
20230905,2023,319400,현대무벡스,일반목적용기계제조업,3740,534.0,1997160.0,3786.0,3176.0,20231110,439214649280,0.5314497560852053,1.1624627647813048,27.0,-0.16111285533332875
20230905,2023,005010,휴스틸,1차철강제조업,4940,404.0,1995760.0,4890.0,4555.0,20231110,277569090500,0.5469440650867,1.161443982804987,28.0,-0.06849504219347802
20230905,2023,061970,LB세미콘,반도체제조업,7140,280.0,1999200.0,6949.0,6529.0,20231110,312621986880,0.5504188688498037,1.1573195726482977,29.0,-0.060429433184075565
20230905,2023,101670,하이드로리튬,"구조용금속제품,탱크및증기발생기제조업",19500,102.0,1989000.0,18647.0,11324.0,20231110,435500344500,0.5469339021194485,1.1546933118381992,30.0,-0.39268511751406154
20230905,2023,006040,동원산업,기타금융업,34350,58.0,1992300.0,30995.0,27994.0,20231117,1596679542750,0.5386508186358809,1.1421403849294502,31.0,-0.096819228718108
20230905,2023,101490,에스앤에스텍,전자부품제조업,48950,40.0,1958000.0,48816.0,45866.0,20231110,1050048330650,0.5478151314305572,1.1318828718074454,32.0,-0.06043060329793459
20230905,2023,950140,잉글우드랩,기타화학제품제조업,11880,168.0,1995840.0,12371.0,14303.0,20231110,236030248080,0.5341426331227322,1.120938415694826,33.0,0.15615160583544618
20230905,2023,000880,한화,기타화학제품제조업,25300,79.0,1998700.0,25064.0,24207.0,20231110,1896455995500,0.5341312492195104,1.1205936156047478,34.0,-0.03419561835808704
20230905,2023,043150,바텍,의료용기기제조업,36000,55.0,1980000.0,34977.0,30475.0,20231110,534753216000,0.53357084765672,1.115927011134684,35.0,-0.12870778304429353
20230905,2023,092730,네오팜,기타화학제품제조업,26750,74.0,1979500.0,13251.0,12893.0,20240102,219546906750,0.5333538493189787,1.0970474249435744,36.0,-0.027026702317864415
20230905,2023,144510,지씨셀,"그외기타전문,과학및기술서비스업",36700,54.0,1981800.0,36771.0,30221.0,20231110,579872624800,0.5486159682426696,1.085425779011407,37.0,-0.17812581621167956
20230905,2023,065510,휴비츠,의료용기기제조업,21700,92.0,1996400.0,19940.0,19487.0,20240111,263359250700,0.5321037606043382,1.0750987587363048,38.0,-0.022725354630629968
20230905,2023,052690,한전기술,"건축기술,엔지니어링및관련기술서비스업",64000,31.0,1984000.0,63202.0,53994.0,20231110,2446080000000,0.5184927912208174,1.074200881612243,39.0,-0.14568860143609352
20230905,2023,000020,동화약품,의약품제조업,9990,200.0,1998000.0,9934.0,8296.0,20240614,279035385300,0.5390898587867246,1.065384383464965,40.0,-0.16490525984097426
20230905,2023,024850,HLB이노베이션,전자부품제조업,3170,630.0,1997100.0,3138.0,3308.0,20240227,210827922270,0.5454678034966001,1.061015416167086,41.0,0.054240485771330116
20230905,2023,004430,송원산업,기타화학제품제조업,18230,109.0,1987070.0,18432.0,17627.0,20231110,437520000000,0.5321154030099423,1.0595368812758283,42.0,-0.04368300130645075
20230905,2023,289220,자이언트스텝,"영화,비디오물,방송프로그램제작및배급업",12680,157.0,1990760.0,12454.0,11527.0,20231205,280503726600,0.5453343880659124,1.0591367316095284,43.0,-0.07445546261108549
20230905,2023,200130,콜마비앤에이치,기초의약물질제조업,17940,111.0,1991340.0,17558.0,16349.0,20231110,530011430520,0.5428404510238655,1.046675792318131,44.0,-0.06882012055154096
20230905,2023,004990,롯데지주,기타금융업,24950,80.0,1996000.0,24690.0,29133.0,20231110,2617485463150,0.5355525089434058,1.0434597408934756,45.0,0.17995096844897307
20230905,2023,083450,GST,특수목적용기계제조업,24850,80.0,1988000.0,12123.0,11826.0,20231127,231545963250,0.5371851979671166,1.0415934501107083,46.0,-0.024496637469285543
20230905,2023,249420,일동제약,의약품제조업,15880,125.0,1985000.0,20618.0,16129.0,20231110,429603672640,0.5366701560882428,0.9935960679615184,52.0,-0.21769065637662188
20230905,2023,190510,나무가,전자부품제조업,14010,142.0,1989420.0,13692.0,13603.0,20231218,227695899840,0.5417739045651792,0.949494049733576,57.0,-0.006475095412989074
20230905,2023,003090,대웅,의약품제조업,13610,146.0,1987060.0,13174.0,15744.0,20231110,791312347800,0.5340135731387942,0.9147799327992312,67.0,0.1950997641498835
20230905,2023,084990,헬릭스미스,자연과학및공학연구개발업,4985,401.0,1998985.0,4958.0,4627.0,20240216,207358697065,0.5452312758947405,0.8592825057345146,81.0,-0.06677388377464066
20231109,2023,091580,상신이디피,일차전지및이차전지제조업,15490,129.0,1998210.0,15015.0,15079.0,20240112,211101112310,0.5541742317781222,1.9650034566589214,1.0,0.004273817245507017
20231109,2023,281740,레이크머티리얼즈,기타화학제품제조업,11560,173.0,1999880.0,11408.0,19034.0,20240112,759845134880,0.5602063346446317,1.9218356188638765,2.0,0.6684714336308792
20231109,2023,064550,바이오니아,의료용품및기타의약관련제품제조업,31750,62.0,1968500.0,30739.0,33292.0,20240112,819476739250,0.5325609505595024,1.9092876754034618,3.0,0.0830469253269055
20231109,2023,002900,TYM,특수목적용기계제조업,5170,386.0,1995620.0,5138.0,6008.0,20240119,232913442520,0.5747581046030987,1.768134191697072,4.0,0.16928893395787625
20231109,2023,104460,디와이피엔에프,일반목적용기계제조업,19100,104.0,1986400.0,18861.0,23059.0,20240112,204630237500,0.5295595460547553,1.7486573057879549,5.0,0.22258123783858696
20231109,2023,282330,BGF리테일,종합소매업,147000,13.0,1911000.0,145141.0,140724.0,20240112,2540734182000,0.4947510695394286,1.6332373229675978,6.0,-0.030431937037277867
20231109,2023,059090,미코,반도체제조업,8560,233.0,1994480.0,8702.0,8703.0,20240112,286047619680,0.563959719273792,1.608565892087877,7.0,0.00011853217794710602
20231109,2023,001820,삼화콘덴서,전자부품제조업,35250,56.0,1974000.0,34874.0,37326.0,20240112,366423750000,0.5595239398107414,1.5993211648672048,8.0,0.07030071264814364
20231109,2023,218410,RFHIC,통신및방송장비제조업,15150,132.0,1999800.0,14790.0,18030.0,20240112,405814475100,0.5467166339898207,1.5436750921222648,9.0,0.21904066808138523
20231109,2023,039840,디오,의료용기기제조업,24700,80.0,1976000.0,24419.0,22366.0,20240112,392279348500,0.5451037722725465,1.5311769955579593,10.0,-0.08407431267568066
20231109,2023,033640,네패스,반도체제조업,17780,112.0,1991360.0,17776.0,20368.0,20240112,409992611560,0.5617148307817639,1.526196565984642,11.0,0.14582988504143501
20231109,2023,079940,가비아,소프트웨어개발및공급업,15200,131.0,1991200.0,14795.0,17248.0,20240201,205742396800,0.5582554387929122,1.5072569629783625,12.0,0.1658089564611902
20231109,2023,033160,엠케이전자,전자부품제조업,11720,170.0,1992400.0,11719.0,12062.0,20240112,258617399320,0.5565797497156214,1.4970422042516802,13.0,0.029213292546812042
20231109,2023,014620,성광벤드,1차철강제조업,12100,165.0,1996500.0,12111.0,11840.0,20240112,346060000000,0.5487107108280684,1.4902259950926353,14.0,-0.022372099388142552
20231109,2023,336370,솔루스첨단소재,전자부품제조업,23050,86.0,1982300.0,11261.0,17623.0,20240530,809313044750,0.5560265412614716,1.4778241565488666,15.0,0.5649181566730201
20231109,2023,043150,바텍,의료용기기제조업,30850,64.0,1974400.0,30475.0,31071.0,20240112,458253797600,0.5434824547737361,1.4721132468970628,16.0,0.019552485900992345
20231109,2023,254490,미래반도체,기타전문도매업,19990,100.0,1999000.0,20517.0,21767.0,20240112,288615620000,0.5473664705245739,1.4262379829988736,17.0,0.060965220335653214
20231109,2023,083930,아바코,특수목적용기계제조업,14820,134.0,1985880.0,14555.0,13894.0,20240112,228417666360,0.5631172934857052,1.414609295259872,18.0,-0.04543253127945279
20231109,2023,053030,바이넥스,의약품제조업,7990,250.0,1997500.0,7899.0,10101.0,20240201,253770773520,0.5372638656515797,1.4013622130787209,19.0,0.2787084420532042
20231109,2023,340570,티앤엘,의료용품및기타의약관련제품제조업,42650,46.0,1961900.0,43726.0,45586.0,20240112,346659200000,0.523591310207874,1.3936087664205947,20.0,0.04254262157297428
20231109,2023,007390,네이처셀,기초의약물질제조업,7210,277.0,1997170.0,7168.0,7709.0,20240112,462573094760,0.5429900370268784,1.3805390712275287,21.0,0.075393465437537
20231109,2023,278650,HLB바이오스텝,자연과학및공학연구개발업,2605,767.0,1998035.0,2546.0,3713.0,20240130,204753885700,0.5454200954179095,1.3611363704744195,22.0,0.4580733816754987
20231109,2023,118990,모트렉스,자동차신품부품제조업,15400,129.0,1986600.0,14997.0,16762.0,20240112,377230700000,0.5667545300715002,1.3450995598269555,23.0,0.11766935831383352
20231109,2023,060720,KH바텍,전자부품제조업,15410,129.0,1987890.0,15902.0,13923.0,20240112,364869381220,0.5520001150194819,1.3379491220840873,24.0,-0.1244582311003477
20231109,2023,064260,다날,소프트웨어개발및공급업,4145,482.0,1997890.0,3995.0,4574.0,20240112,285793770800,0.5518043250995553,1.3363753031697239,25.0,0.14494339386506128
20231109,2023,278280,천보,기초화학물질제조업,103000,19.0,1957000.0,99881.0,99071.0,20240112,1030000000000,0.5462852053271353,1.3076488931647334,26.0,-0.008112367459351733
20231109,2023,243840,신흥에스이씨,일차전지및이차전지제조업,39600,50.0,1980000.0,7628.0,8687.0,20240124,308238757200,0.540472736044656,1.2794811931795746,27.0,0.1388357002595646
20231109,2023,063080,컴투스홀딩스,소프트웨어개발및공급업,34100,58.0,1977800.0,37091.0,37889.0,20240112,224896047200,0.5496480298014926,1.2792578290272416,28.0,0.02152523276023577
20231109,2023,108230,톱텍,특수목적용기계제조업,7720,259.0,1999480.0,7683.0,7473.0,20240717,293539451400,0.558424617001476,1.2720953457274757,29.0,-0.027380265189329567
20231109,2023,004980,성신양회,"시멘트,석회,플라스터및그제품제조업",8530,234.0,1996020.0,8431.0,8587.0,20240311,209122102690,0.5253718607314011,1.265302271610642,30.0,0.01846226695026809
20231109,2023,090360,로보스타,특수목적용기계제조업,26400,75.0,1980000.0,25581.0,33753.0,20240112,257400000000,0.5571385415096166,1.2330379552686028,31.0,0.31946002645187055
20231109,2023,006040,동원산업,기타금융업,32550,61.0,1985550.0,28720.0,28678.0,20240112,1513010745750,0.5414995710116554,1.2279233534877363,32.0,-0.0014601901798737549
20231109,2023,089980,상아프론테크,플라스틱제품제조업,18860,106.0,1999160.0,18385.0,21457.0,20240112,301553237820,0.5477198000406042,1.1964877410168415,33.0,0.167053327343875
20231109,2023,037270,YG PLUS,"자료처리,호스팅,포털및기타인터넷정보매개서비스업",4660,429.0,1999140.0,4814.0,4264.0,20240112,295581050600,0.5496634235414022,1.1590418484310967,34.0,-0.11426966877974543
20231109,2023,006280,녹십자,의약품제조업,102600,19.0,1949400.0,102812.0,114379.0,20240112,1199038798800,0.5307713722092701,1.1535004048646993,35.0,0.11250143038720939
20231109,2023,383310,에코프로에이치엔,기타화학제품제조업,63000,31.0,1953000.0,56252.0,61654.0,20240112,964210716000,0.5374586952923005,1.1439647600548273,36.0,0.09601590521745651
20231109,2023,002150,도화엔지니어링,"건축기술,엔지니어링및관련기술서비스업",7920,252.0,1995840.0,7836.0,7943.0,20240726,267062400000,0.5281901638963725,1.137395407423469,37.0,0.013631955899450876
20231109,2023,121600,나노신소재,기타화학제품제조업,124500,16.0,1992000.0,120976.0,116372.0,20240112,1513904811000,0.5369378573674689,1.1261543561876868,38.0,-0.038059789359444096
20231109,2023,365340,성일하이텍,기초화학물질제조업,103400,19.0,1964600.0,99601.0,101875.0,20240112,1242475080000,0.542008531788236,1.1200842398625679,39.0,0.022836029650243894
20231109,2023,010120,LS ELECTRIC,"전동기,발전기및전기변환ㆍ공급ㆍ제어장치제조업",66900,29.0,1940100.0,65676.0,68795.0,20240112,2007000000000,0.5252181878625246,1.1008414827529596,40.0,0.04748571599593232
20231109,2023,005010,휴스틸,1차철강제조업,4620,432.0,1995840.0,4555.0,4889.0,20240112,259588906500,0.5400916631532882,1.0986636799593974,41.0,0.07340704665285447
20231109,2023,004800,효성,기타금융업,62900,31.0,1949900.0,48367.0,47390.0,20240112,1325367472500,0.5367117752090313,1.0834500621308558,42.0,-0.020216642866865753
20231109,2023,089590,제주항공,항공여객운송업,10740,186.0,1997640.0,10428.0,12947.0,20240112,826912456140,0.549424857245611,1.0744940845232298,43.0,0.24153508328673112
20231109,2023,010690,화신,자동차신품부품제조업,10610,188.0,1994680.0,10229.0,12189.0,20240112,370505550100,0.5573204612048281,1.0731807051923452,44.0,0.19156655106100207
20231109,2023,354320,알멕,1차비철금속제조업,46300,43.0,1990900.0,44196.0,47887.0,20240112,295920940300,0.5524607837017808,1.0630874329197295,45.0,0.08353143472274782
20231109,2023,014680,한솔케미칼,기초화학물질제조업,167300,11.0,1840300.0,168886.0,212102.0,20240112,1896378123500,0.5406180265914705,1.0591000139743991,46.0,0.2558887325050694
20231109,2023,003090,대웅,의약품제조업,15940,125.0,1992500.0,15744.0,19929.0,20240112,926783161200,0.525939443267693,0.9690334269211843,58.0,0.2658137035089534
20231109,2023,004430,송원산업,기타화학제품제조업,17960,111.0,1993560.0,17627.0,16187.0,20240112,431040000000,0.5300198638791014,0.8895889063543005,68.0,-0.08171081163024119
20231109,2023,007810,코리아써키트,전자부품제조업,14540,137.0,1991980.0,14521.0,18732.0,20240112,343445719540,0.5380212342334534,0.852333264693252,76.0,0.29000973642025984
20231109,2023,249420,일동제약,의약품제조업,16250,123.0,1998750.0,16129.0,16414.0,20240112,449763210000,0.5216581270036387,0.8055870098899003,81.0,0.01763464056903019
20240102,2024,354320,알멕,1차비철금속제조업,46750,42.0,1963500.0,47441.0,42317.0,20240306,298797061750,0.5208732046271776,1.6254678339497044,1.0,-0.10801128064070453
20240102,2024,000020,동화약품,의약품제조업,10490,190.0,1993100.0,10553.0,8127.0,20240802,293001120300,0.5237126335081707,1.5774136822612388,2.0,-0.22991791496774727
20240102,2024,121600,나노신소재,기타화학제품제조업,118900,16.0,1902400.0,113179.0,125570.0,20240306,1445809494200,0.5302180960623526,1.5650518403190483,3.0,0.10947949250599986
20240102,2024,091580,상신이디피,일차전지및축전지제조업,15750,126.0,1984500.0,15427.0,17999.0,20240307,214644449250,0.5373312841461267,1.4468120053715157,4.0,0.16672113377634434
20240102,2024,348150,고바이오랩,자연과학및공학연구개발업,11060,180.0,1990800.0,12409.0,,,208726620480,0.5187230523397832,1.4105585938184093,5.0,0.009913743603505276
20240102,2024,267270,HD건설기계,일반목적용기계제조업,50500,39.0,1969500.0,48797.0,52791.0,20240306,994890046500,0.5275371538713668,1.37781371711772,6.0,0.08184040954167604
20240102,2024,114190,강원에너지,"구조용금속제품,탱크및증기발생기제조업",17700,112.0,1982400.0,17062.0,20014.0,20240306,462377772600,0.5308293250153127,1.365032809895586,7.0,0.17305458709649724
20240102,2024,011040,경동제약,의약품제조업,6670,299.0,1994330.0,6642.0,,,205227669220,0.5183437181381685,1.312918565322076,8.0,0.03373934183042038
20240102,2024,005500,삼진제약,의약품제조업,21650,92.0,1991800.0,21637.0,,,300935000000,0.5179029891789646,1.291206422445989,9.0,-0.05991295054381951
20240102,2024,357550,석경에이티,기초화학물질제조업,55800,35.0,1953000.0,55206.0,63488.0,20240328,304389000000,0.5211689106086654,1.2863720498010478,10.0,0.15002295934760945
20240102,2024,030000,제일기획,광고업,19000,105.0,1995000.0,18998.0,18082.0,20240306,2185783275000,0.514649265402024,1.239695038410999,11.0,-0.04821218776093206
20240102,2024,151860,KG에코솔루션,기타화학제품제조업,11380,175.0,1991500.0,11136.0,10394.0,20240306,409680000000,0.5233368190807854,1.227860781943128,12.0,-0.06662117318406158
20240102,2024,073490,이노와이어리스,통신및방송장비제조업,26850,74.0,1986900.0,26976.0,28973.0,20240321,204163265100,0.5261461289507497,1.2028093702667702,13.0,0.07402412819094684
20240102,2024,041020,폴라리스오피스,소프트웨어개발및공급업,4430,451.0,1997930.0,4299.0,7969.0,20240306,220283956140,0.5275606436613808,1.19493350566271,14.0,0.8538356361407295
20240102,2024,010120,LS ELECTRIC,"전동기,발전기및전기변환ㆍ공급ㆍ제어장치제조업",73300,27.0,1979100.0,73497.0,79092.0,20240306,2199000000000,0.5364888164428926,1.1829796292214156,15.0,0.07612579155812105
20240102,2024,003490,대한항공,항공여객운송업,23900,83.0,1983700.0,23009.0,22254.0,20240306,8800473797900,0.5013460726744386,1.1809528156676365,16.0,-0.03281610808501878
20240102,2024,079940,가비아,소프트웨어개발및공급업,16900,118.0,1994200.0,16847.0,19435.0,20240315,228753059600,0.526519243558154,1.1687530936412023,17.0,0.15361409626495992
20240102,2024,120110,코오롱인더,화학섬유제조업,44000,45.0,1980000.0,43502.0,36939.0,20240306,1210840004000,0.5183094790379771,1.1499334644671204,18.0,-0.15088176260355846
20240102,2024,023160,태광,1차철강제조업,14700,136.0,1999200.0,14520.0,11965.0,20240306,389550000000,0.5251450799777126,1.139585420999945,19.0,-0.1759483992344324
20240102,2024,172670,에이엘티,반도체제조업,25050,79.0,1978950.0,24167.0,,,224454487950,0.5189176552233908,1.1353791926572718,20.0,-0.0899737160976316
20240102,2024,004250,NPC,플라스틱제품제조업,5620,355.0,1995100.0,5662.0,,,206366400000,0.5229438355850142,1.127854584907028,21.0,-0.02678935233594759
20240102,2024,004360,세방,도로화물운송업,11980,166.0,1988680.0,11919.0,12619.0,20240306,231318106200,0.5087549858773852,1.1194154910530412,22.0,0.05873709413371886
20240102,2024,064550,바이오니아,의료용품및기타의약관련제품제조업,34050,58.0,1974900.0,35140.0,33490.0,20240306,878840408550,0.514775534486242,1.1112809722734782,23.0,-0.04697046158587559
20240102,2024,243070,휴온스,의약품제조업,38100,52.0,1981200.0,39369.0,35874.0,20240306,456425236500,0.5142378894209718,1.1106483539578267,24.0,-0.08878523628223445
20240102,2024,020150,롯데에너지머티리얼즈,전자부품제조업,41500,48.0,1992000.0,40960.0,36066.0,20240306,1913599652500,0.5316345832839343,1.1061937120330143,25.0,-0.11948691782212717
20240102,2024,053610,프로텍,특수목적용기계제조업,46000,43.0,1978000.0,44513.0,52624.0,20240306,506000000000,0.5242567250662098,1.0892457022101498,26.0,0.18222084006146555
20240102,2024,237690,에스티팜,의약품제조업,67900,29.0,1969100.0,69524.0,69021.0,20240306,1277115822500,0.5135937577058951,1.078915744750509,27.0,-0.007239815911746161
20240102,2024,014620,성광벤드,1차철강제조업,12320,162.0,1995840.0,12308.0,10719.0,20240306,352352000000,0.5234942588676939,1.0746585618685143,28.0,-0.12915471051734773
20240102,2024,042670,HD현대인프라코어,특수목적용기계제조업,8040,248.0,1993920.0,7591.0,7970.0,20240306,1604811762120,0.5238269456357056,1.071528676974262,29.0,0.05004023372779587
20240102,2024,033500,동성화인텍,기초화학물질제조업,12090,165.0,1994850.0,11865.0,11594.0,20240306,362572982460,0.5166663128043869,1.0561845130216079,30.0,-0.02285287334766828
20240102,2024,079810,디이엔티,특수목적용기계제조업,15100,132.0,1993200.0,14556.0,14846.0,20240306,332624219400,0.5231514012510654,1.0436803527848204,31.0,0.019882252452715354
20240102,2024,000660,SK하이닉스,반도체제조업,142400,14.0,1993600.0,136793.0,162895.0,20240306,103667536776000,0.516281667958426,1.0285873744183651,32.0,0.19081789483346978
20240102,2024,453340,현대그린푸드,종합소매업,11360,176.0,1999360.0,11221.0,11713.0,20240306,384887183040,0.5241971166685966,1.024029493794559,33.0,0.043876559964523
20240102,2024,083930,아바코,특수목적용기계제조업,15310,130.0,1990300.0,14787.0,15550.0,20240417,235969937380,0.5226384975556215,1.0225366519215668,34.0,0.05156452127651234
20240102,2024,066570,LG전자,통신및방송장비제조업,101400,19.0,1926600.0,99496.0,94693.0,20240306,16593888339600,0.5225733508149234,1.0185011915637867,35.0,-0.0482761814846554
20240102,2024,002380,KCC,기타화학제품제조업,228500,8.0,1828000.0,227856.0,286342.0,20240306,2030558623500,0.5185700239497069,0.9942819419087718,36.0,0.2566816334130664
20240102,2024,214370,케어젠,기초의약물질및생물학적제제제조업,27850,71.0,1977350.0,26814.0,21666.0,20240306,1495962750000,0.5223881572210226,0.9646972422112424,37.0,-0.19197435023936238
20240102,2024,059090,미코,반도체제조업,9490,210.0,1992900.0,9303.0,11684.0,20240306,317125223220,0.5147043501783629,0.9646854595979457,38.0,0.2559289840908048
20240102,2024,206560,덱스터,"영화,비디오물,방송프로그램제작및배급업",8920,224.0,1998080.0,9081.0,7900.0,20241104,226672685120,0.5284481031904503,0.9630880055591251,39.0,-0.13006589938674973
20240102,2024,285130,SK케미칼,합성고무및플라스틱물질제조업,67200,29.0,1948800.0,71500.0,69395.0,20240306,1159454217600,0.5199453266200479,0.9612275159307719,40.0,-0.029444516719958624
20240102,2024,028670,팬오션,해상운송업,3735,535.0,1998225.0,3692.0,4660.0,20240306,1996617127320,0.5141994629098505,0.9501777408754727,41.0,0.2622806100688284
20240102,2024,225570,넥슨게임즈,소프트웨어개발및공급업,14970,133.0,1991010.0,14723.0,13194.0,20240306,984947706900,0.517620482166986,0.9450415355378293,42.0,-0.10384027697864306
20240102,2024,002900,TYM,특수목적용기계제조업,5790,345.0,1997550.0,5847.0,5638.0,20240325,260845035240,0.5192290862744482,0.8819886837761148,46.0,-0.03562840191628491
20240102,2024,039840,디오,의료용기기제조업,23800,84.0,1999200.0,23917.0,21514.0,20240306,377985769000,0.5203291281158764,0.880775845688418,47.0,-0.10049860824832768
20240102,2024,090360,로보스타,특수목적용기계제조업,30050,66.0,1983300.0,29593.0,32798.0,20240306,292987500000,0.517906391932161,0.8274625539095041,59.0,0.10829516878557777
20240102,2024,060720,KH바텍,전자부품제조업,14590,137.0,1998830.0,14153.0,14387.0,20240306,345453878780,0.5224784620900619,0.7902097251037709,70.0,0.016520738497899812
20240102,2024,340570,티앤엘,의료용품및기타의약관련제품제조업,38100,52.0,1981200.0,38434.0,47598.0,20240306,309676800000,0.5070709739002313,0.7430329964662038,83.0,0.2384274141287539
20240102,2024,278650,HLB바이오스텝,자연과학및공학연구개발업,3135,637.0,1996995.0,3177.0,3372.0,20240306,246412065900,0.49204634399775055,0.7299524886025447,85.0,0.06136984081704444
20240102,2024,043150,바텍,의료용기기제조업,33300,60.0,1998000.0,33175.0,27128.0,20240617,494646724800,0.5151221795837265,0.7267014843145609,86.0,-0.18226646776421096
20240102,2024,005010,휴스틸,1차철강제조업,4925,406.0,1999550.0,4830.0,5013.0,20240306,276726269375,0.5142789038684417,0.7122182876005406,90.0,0.0380625589248651
20240305,2024,322000,HD현대에너지솔루션,반도체제조업,22800,87.0,1983600.0,22315.0,24418.0,20240521,255360000000,0.5222430701965088,1.6471825621243326,1.0,0.09422103396878834
20240305,2024,253450,스튜디오드래곤,"영화,비디오물,방송프로그램제작및배급업",44750,44.0,1969000.0,42916.0,43064.0,20240508,1345117785500,0.5202350490641154,1.413193336217077,2.0,0.0034556504861598114
20240305,2024,003490,대한항공,항공여객운송업,22450,89.0,1998050.0,22254.0,21808.0,20240508,8266553839450,0.5126198266585833,1.3456706766599795,3.0,-0.020054642325257
20240305,2024,006400,삼성SDI,일차전지및축전지제조업,366500,5.0,1832500.0,356831.0,427896.0,20240508,25202200245000,0.5325498891936923,1.309780086053316,4.0,0.19915857277323878
20240305,2024,112610,씨에스윈드,"구조용금속제품,탱크및증기발생기제조업",51000,39.0,1989000.0,51319.0,52529.0,20240508,2150741553000,0.5328093661436651,1.2876519943537499,5.0,0.02357958491199752
20240305,2024,007070,GS리테일,종합소매업,21850,91.0,1988350.0,18849.0,17490.0,20240508,2288086595700,0.5296419754024919,1.2828056625840836,6.0,-0.07212978119302871
20240305,2024,035900,JYP Ent.,오디오물출판및원판녹음업,70800,28.0,1982400.0,69306.0,69594.0,20240508,2515700433600,0.5215365098060762,1.2344880151246218,7.0,0.004159411215409525
20240305,2024,348950,제이알글로벌리츠,부동산임대및공급업,4145,482.0,1997890.0,4182.0,4147.0,20240508,818123520000,0.5220042315919982,1.1693297441599064,8.0,-0.008343332974145024
20240305,2024,119610,인터로조,의료용기기제조업,28850,69.0,1990650.0,21709.0,16529.0,20250611,381295390300,0.5174073799399559,1.1607330556183548,9.0,-0.23858243074687835
20240305,2024,036890,진성티이씨,특수목적용기계제조업,9350,213.0,1991550.0,9368.0,9787.0,20240527,210209205800,0.5120685417032568,1.1481659144242198,10.0,0.04475020392036266
20240305,2024,011200,HMM,해상운송업,17680,113.0,1997840.0,17202.0,16266.0,20240508,12182218289280,0.5168980660390534,1.1026917235293792,11.0,-0.054434933917076433
20240305,2024,004980,성신양회,"시멘트,석회,플라스터및그제품제조업",8440,236.0,1991840.0,8506.0,8817.0,20240723,206915656120,0.530068495146782,1.0888793840639268,12.0,0.03654090182389269
20240305,2024,069620,대웅제약,의약품제조업,114900,17.0,1953300.0,114519.0,112675.0,20240508,1331297467500,0.5134269218988311,1.072058571700386,13.0,-0.016105162923398475
20240305,2024,017670,SK텔레콤,전기통신업,52100,38.0,1979800.0,52165.0,51276.0,20240508,11190561761300,0.5259625187910311,1.0712846735442572,14.0,-0.017030061037755395
20240305,2024,004370,농심,기타식품제조업,359500,5.0,1797500.0,362481.0,395976.0,20240508,2186709799000,0.5145894720915881,1.0688456511437685,15.0,0.09240709701193084
20240305,2024,018880,한온시스템,일반목적용기계제조업,6080,328.0,1994240.0,5651.0,5261.0,20240508,3245504000000,0.5179271040860888,1.0673463936977408,16.0,-0.06895894737069352
20240305,2024,204320,HL만도,자동차신품부품제조업,33200,60.0,1992000.0,33182.0,39841.0,20240508,1558976384000,0.5301986044412242,1.0611081194228489,17.0,0.20066887850127268
20240305,2024,030000,제일기획,광고업,18090,110.0,1989900.0,18082.0,19393.0,20240508,2081095760250,0.5224095413160499,1.044217434519384,18.0,0.0725197485262965
20240305,2024,319400,현대무벡스,일반목적용기계제조업,3160,632.0,1997120.0,3185.0,2931.0,20240729,371954319080,0.517571782079633,1.0431087891676603,19.0,-0.07976376743078961
20240305,2024,001120,LX인터내셔널,상품중개업,26800,74.0,1983200.0,26697.0,29196.0,20240508,1038768000000,0.5256839180848916,1.0243205760633205,20.0,0.0936299694593965
20240305,2024,011210,현대위아,자동차신품부품제조업,58100,34.0,1975400.0,57844.0,58043.0,20240508,1580034322300,0.5290339031184945,1.0117508748694473,21.0,0.0034343900246374126
20240305,2024,006280,녹십자,의약품제조업,117100,17.0,1990700.0,121433.0,115812.0,20240508,1368493599800,0.512027755495722,1.0092368169851462,22.0,-0.046289689996595995
20240305,2024,130660,한전산업,"건축기술,엔지니어링및관련기술서비스업",7530,265.0,1995450.0,7601.0,11302.0,20240529,245478000000,0.5121847297075625,1.008220782398939,23.0,0.48690381337940636
20240305,2024,018260,삼성에스디에스,"컴퓨터프로그래밍,시스템통합및관리업",158000,12.0,1896000.0,155807.0,159122.0,20240508,12225692400000,0.5110175535757321,1.0003800494890707,24.0,0.021277127418017683
20240305,2024,095700,제넥신,자연과학및공학연구개발업,7900,253.0,1998700.0,7918.0,7435.0,20240508,327933692600,0.4967014862757729,0.997047255777324,25.0,-0.06090960659331135
20240305,2024,215600,신라젠,자연과학및공학연구개발업,4605,434.0,1998570.0,4285.0,4358.0,20240508,473703110625,0.49622825698628076,0.9842976298395703,26.0,0.017018397371844074
20240305,2024,001800,오리온홀딩스,기타금융업,14770,135.0,1993950.0,14875.0,15357.0,20240712,925272882940,0.5176768379130383,0.9820222444887924,27.0,0.03238486762328363
20240305,2024,140860,파크시스템스,"측정,시험,항해,제어및기타정밀기기제조업;광학기기제외",175600,11.0,1931600.0,170580.0,158573.0,20240508,1223222400400,0.506439466278119,0.9813350723558457,28.0,-0.07039048773189294
20240305,2024,007390,네이처셀,기초의약물질및생물학적제제제조업,6990,286.0,1999140.0,6968.0,9699.0,20240508,448458520440,0.519300784311207,0.9730135567032447,29.0,0.3920005336400847
20240305,2024,023160,태광,1차철강제조업,12300,162.0,1992600.0,11965.0,13077.0,20240508,325950000000,0.5250266231753794,0.9724813409271623,30.0,0.09293402630754799
20240305,2024,017800,현대엘리베이터,일반목적용기계제조업,40200,49.0,1969800.0,39905.0,40507.0,20240508,1571513877000,0.516382256646077,0.9619676087364754,31.0,0.015081818620179543
20240305,2024,206640,바디텍메드,의료용품및기타의약관련제품제조업,15340,130.0,1994200.0,15447.0,15713.0,20240508,360283830400,0.5070070588721037,0.9619535782818146,32.0,0.017250031808758504
20240305,2024,095660,네오위즈,소프트웨어개발및공급업,21650,92.0,1991800.0,21653.0,22153.0,20240508,477030016350,0.519954186645579,0.960743644275246,33.0,0.023089104537231675
20240305,2024,004800,효성,기타금융업,59400,33.0,1960200.0,45298.0,46222.0,20240508,1251618885000,0.5169513188851156,0.9520410955949506,34.0,0.020392655235237367
20240305,2024,195870,해성디에스,전자부품제조업,47200,42.0,1982400.0,49428.0,51234.0,20240508,802400000000,0.5223092582586921,0.951334857248053,35.0,0.03654802765488907
20240305,2024,056080,유진로봇,특수목적용기계제조업,9560,209.0,1998040.0,9512.0,8555.0,20240508,358616173120,0.506658706121922,0.9507455932407866,36.0,-0.10066575166686009
20240305,2024,000990,DB하이텍,반도체제조업,46600,42.0,1957200.0,45774.0,44423.0,20240508,2068974200800,0.5046288947512899,0.9440437117872427,37.0,-0.029520485459697654
20240305,2024,151860,KG에코솔루션,기타화학제품제조업,10450,191.0,1995950.0,10394.0,8991.0,20240508,376200000000,0.5218858716588564,0.9368066177135248,38.0,-0.13495740947320634
20240305,2024,042670,HD현대인프라코어,특수목적용기계제조업,7960,251.0,1997960.0,7970.0,8409.0,20240508,1588843485880,0.5062160139287835,0.9345904932121748,39.0,0.055051359327395355
20240305,2024,039840,디오,의료용기기제조업,20400,98.0,1999200.0,21514.0,21217.0,20240508,323987802000,0.5120340493336986,0.9130947557705971,40.0,-0.013791034827528748
20240305,2024,293490,카카오게임즈,소프트웨어개발및공급업,23350,85.0,1984750.0,23145.0,22249.0,20240508,1927116269100,0.518125440926171,0.908176610570929,41.0,-0.03872095423362165
20240305,2024,383800,LX홀딩스,기타금융업,7040,284.0,1999360.0,7017.0,6865.0,20241230,537016057600,0.5158086451811813,0.9048215615286711,42.0,-0.02158041932070265
20240305,2024,016380,KG스틸,1차철강제조업,7310,273.0,1995630.0,7212.0,6982.0,20240508,731065037070,0.5230616534619708,0.9033046047408095,43.0,-0.031888689346651455
20240305,2024,307950,현대오토에버,소프트웨어개발및공급업,146400,13.0,1903200.0,145669.0,152618.0,20240508,4014870964800,0.5178844483113519,0.9012493123843973,44.0,0.04770262041286322
20240305,2024,002790,아모레퍼시픽홀딩스,기타화학제품제조업,25900,77.0,1994300.0,26294.0,32338.0,20240508,2135666862000,0.5207149970423406,0.898503399785514,45.0,0.2298711798118882
20240305,2024,012630,HDC,기타금융업,8030,249.0,1999470.0,7973.0,8414.0,20240508,479726019630,0.5155475040426154,0.8940302368957829,46.0,0.05520815458938455
20240305,2024,066570,LG전자,통신및방송장비제조업,93400,21.0,1961400.0,94693.0,93905.0,20240508,15284705827600,0.5214933946473723,0.8411574130792469,55.0,-0.00832017525463169
20240305,2024,225570,넥슨게임즈,소프트웨어개발및공급업,13500,148.0,1998000.0,13194.0,14070.0,20240508,888310395000,0.5152918504882873,0.8267254593957533,60.0,0.06644997688182297
20240305,2024,014620,성광벤드,1차철강제조업,10950,182.0,1992900.0,10719.0,12260.0,20240508,313170000000,0.5188175401775745,0.7538906453213675,84.0,0.1437690088393193
20240305,2024,033500,동성화인텍,기초화학물질제조업,11590,172.0,1993480.0,11594.0,13240.0,20240508,347578235460,0.5155254440344192,0.7401692569806079,89.0,0.14199471139379183
20240507,2024,017860,DS단석,기타화학제품제조업,128100,15.0,1921500.0,40974.0,36919.0,20240709,750845852400,0.5290225592504927,1.61345638666659,1.0,-0.09896627964514526
20240507,2024,096530,씨젠,의료용품및기타의약관련제품제조업,22150,90.0,1993500.0,22331.0,20675.0,20240709,1156805767100,0.5070359076987095,1.413201521997889,2.0,-0.07414075159692912
20240507,2024,007070,GS리테일,종합소매업,20050,99.0,1984950.0,17490.0,17445.0,20240709,2099594336100,0.5264198105756227,1.405619592088349,3.0,-0.002517250834235485
20240507,2024,034730,SK,기타금융업,164900,12.0,1978800.0,164785.0,157508.0,20240709,12070404452100,0.53041719034186,1.3543125736138928,4.0,-0.044158717332000386
20240507,2024,011210,현대위아,자동차신품부품제조업,57900,34.0,1968600.0,58043.0,56354.0,20240709,1574595305700,0.5289892044748602,1.2951538092961201,5.0,-0.029096630174008986
20240507,2024,253450,스튜디오드래곤,"영화,비디오물,방송프로그램제작및배급업",43050,46.0,1980300.0,43064.0,41406.0,20240709,1294018338900,0.5160334221087115,1.2930958954005491,6.0,-0.03849903594912041
20240507,2024,417200,LS머트리얼즈,전자부품제조업,25950,77.0,1998150.0,25583.0,10771.0,20250710,1755586501050,0.5286412743361664,1.2897235821580857,7.0,-0.5789802667618371
20240507,2024,017960,한국카본,"구조용금속제품,탱크및증기발생기제조업",11340,176.0,1995840.0,11582.0,10700.0,20240709,588641845680,0.5083134642165312,1.2444490992763624,8.0,-0.07613613464595215
20240507,2024,092070,디엔에프,기타화학제품제조업,22450,89.0,1998050.0,22252.0,18252.0,20240709,259788212100,0.517530230790424,1.2434773269703014,9.0,-0.17975172655412008
20240507,2024,146320,비씨엔씨,반도체제조업,19760,101.0,1995760.0,19981.0,18664.0,20240709,252788158480,0.5137006799777617,1.2391505219882186,10.0,-0.06590456498841224
20240507,2024,001680,대상,도시락및식사용조리식품제조업,21800,91.0,1983800.0,21976.0,26223.0,20240709,755326945000,0.5338925964896257,1.2141120252964337,11.0,0.1932337567531044
20240507,2024,009900,명신산업,자동차신품부품제조업,15010,133.0,1996330.0,15149.0,14563.0,20240709,787576696330,0.5278896638448296,1.2071099476630949,12.0,-0.038700779066230706
20240507,2024,036540,SFA반도체,반도체제조업,5850,341.0,1994850.0,5857.0,5368.0,20240709,962092772550,0.5130204958164791,1.2052805224778131,13.0,-0.08351326291997208
20240507,2024,083310,엘오티베큠,특수목적용기계제조업,20550,97.0,1993350.0,20554.0,15129.0,20240709,365996178150,0.520863586247479,1.193325919076378,14.0,-0.26394968938641805
20240507,2024,278650,HLB바이오스텝,자연과학및공학연구개발업,3550,563.0,1998650.0,3537.0,2821.0,20240712,306452734700,0.5082853780691572,1.190861210891549,15.0,-0.20259110654979617
20240507,2024,054450,텔레칩스,반도체제조업,25950,77.0,1998150.0,25862.0,21458.0,20240709,392992846350,0.5126906458845714,1.188855533970058,16.0,-0.17029597099406024
20240507,2024,326030,SK바이오팜,자연과학및공학연구개발업,88800,22.0,1953600.0,89472.0,80670.0,20240709,6954216600000,0.5070786874217408,1.1416706873472948,17.0,-0.0983790270126832
20240507,2024,302440,SK바이오사이언스,기초의약물질제조업,59600,33.0,1966800.0,59879.0,53992.0,20240709,4578933900000,0.5297016693321803,1.1336970965486035,18.0,-0.09831365741992115
20240507,2024,030000,제일기획,광고업,19260,103.0,1983780.0,19393.0,17877.0,20241016,2215693993500,0.51893003032602,1.1256568074461482,19.0,-0.07817854150192616
20240507,2024,120110,코오롱인더,화학섬유제조업,40500,49.0,1984500.0,40440.0,37238.0,20240709,1114523185500,0.518684422666879,1.1222043331408433,20.0,-0.07919317147031923
20240507,2024,108860,셀바스AI,소프트웨어개발및공급업,17180,116.0,1992880.0,17318.0,13809.0,20240709,462396092200,0.5225612838587382,1.0977071198485027,21.0,-0.20259943431006155
20240507,2024,206640,바디텍메드,의료용품및기타의약관련제품제조업,15400,129.0,1986600.0,15713.0,18303.0,20240709,361693024000,0.49295386772982386,1.0724783310275285,22.0,0.16481849480337707
20240507,2024,373220,LG에너지솔루션,일차전지및이차전지제조업,391500,5.0,1957500.0,392996.0,362973.0,20240709,91611000000000,0.5235728184851063,1.0657650231586204,23.0,-0.07639668463099536
20240507,2024,348950,제이알글로벌리츠,부동산임대및공급업,4060,492.0,1997520.0,4147.0,3808.0,20240709,801346560000,0.5217498424527696,1.0446993610970534,24.0,-0.08176853584507016
20240507,2024,036930,주성엔지니어링,특수목적용기계제조업,34950,57.0,1992150.0,34894.0,35853.0,20240709,1686309959400,0.5156570143096704,1.0432972227698807,25.0,0.027497562556204613
20240507,2024,012330,현대모비스,자동차신품부품제조업,228500,8.0,1828000.0,231946.0,233406.0,20240709,21400188979000,0.525813828216986,1.0408909105496742,26.0,0.006292303463209192
20240507,2024,003490,대한항공,항공여객운송업,21500,93.0,1999500.0,21808.0,22556.0,20240709,7916744211500,0.5228004364588272,1.0190268898407908,27.0,0.03429370183184077
20240507,2024,088350,한화생명,보험업,2960,675.0,1998000.0,2976.0,,,2570848800000,0.5215074214540487,1.0168839099723874,28.0,-0.0017290728371636144
20240507,2024,048870,시너지이노베이션,의료용기기제조업,2800,714.0,1999200.0,2817.0,3012.0,20240913,231583363200,0.520249663570547,1.0093339821570622,29.0,0.06928935874406195
20240507,2024,075580,세진중공업,선박및보트건조업,6730,297.0,1998810.0,7103.0,9922.0,20240709,382596838880,0.4980952088739878,1.0025730608908359,30.0,0.39690687439554617
20240507,2024,051910,LG화학,기초화학물질제조업,402000,4.0,1608000.0,401884.0,362400.0,20240709,28378121886000,0.5307323178740959,1.001559375528378,31.0,-0.0982477707091517
20240507,2024,108670,LX하우시스,플라스틱제품제조업,42600,46.0,1959600.0,43061.0,47264.0,20240718,382022742000,0.5086529106757591,0.9980187537121983,32.0,0.09761991012482651
20240507,2024,111770,영원무역,상품종합도매업,38900,51.0,1983900.0,38432.0,37589.0,20240709,1723716105200,0.5192753852573138,0.997239339534378,33.0,-0.0219499615239801
20240507,2024,282880,코윈테크,특수목적용기계제조업,23350,85.0,1984750.0,22299.0,,,260161193450,0.5138083119725949,0.9900263941319222,34.0,-0.17592470473435273
20240507,2024,099430,바이오플러스,기초의약물질제조업,6510,307.0,1998570.0,6447.0,6265.0,20240709,377129924640,0.5262886082259288,0.9818526750580525,35.0,-0.0280893559559523
20240507,2024,207940,삼성바이오로직스,기초의약물질제조업,785000,2.0,1570000.0,1164423.0,1171633.0,20240709,55871590000000,0.5258935864723341,0.964278465929212,36.0,0.006191915424796912
20240507,2024,001450,현대해상,보험업,31100,64.0,1990400.0,31169.0,,,2780340000000,0.520481871356866,0.954454155105751,37.0,0.08687808213528392
20240507,2024,004990,롯데지주,기타금융업,26900,74.0,1990600.0,26980.0,24978.0,20240709,2822058475300,0.5207434836120819,0.9516139552623433,38.0,-0.0742018592555701
20240507,2024,039840,디오,의료용기기제조업,20750,96.0,1992000.0,21217.0,16018.0,20240822,329546416250,0.517527602654478,0.9430474345682387,39.0,-0.24504737508565344
20240507,2024,293490,카카오게임즈,소프트웨어개발및공급업,22050,90.0,1984500.0,22249.0,19460.0,20240709,1821997166850,0.5181664978378177,0.9271619867296877,44.0,-0.12534224554427054
20240507,2024,000990,DB하이텍,반도체제조업,42800,46.0,1968800.0,44423.0,51963.0,20240709,1900259566400,0.5072098304533337,0.9159364827198724,48.0,0.16973868067590514
20240507,2024,095660,네오위즈,소프트웨어개발및공급업,22300,89.0,1984700.0,22153.0,20303.0,20240709,491351933700,0.5175168625760551,0.9019520830691767,50.0,-0.08346991752403732
20240507,2024,018260,삼성에스디에스,"컴퓨터프로그래밍,시스템통합및관리업",160100,12.0,1921200.0,159122.0,157909.0,20240709,12388185780000,0.5135080691364878,0.8902667364133376,54.0,-0.0076204317656229925
20240507,2024,225570,넥슨게임즈,소프트웨어개발및공급업,13350,149.0,1989150.0,14070.0,20785.0,20240709,878480329500,0.5159820228433842,0.8423907198359402,60.0,0.4772221347971024
20240507,2024,151860,KG에코솔루션,기타화학제품제조업,9000,222.0,1998000.0,8991.0,7001.0,20240729,446427018000,0.5042064953459019,0.8145387416753797,70.0,-0.22130361952867206
20240507,2024,069620,대웅제약,의약품제조업,112400,17.0,1910800.0,112675.0,117768.0,20240709,1302331030000,0.516509324035272,0.8085234625602683,72.0,0.045203611296141366
20240507,2024,035900,JYP Ent.,오디오물출판및원판녹음업,70000,28.0,1960000.0,69594.0,50685.0,20241016,2487274440000,0.5231089420440947,0.7929962016061379,76.0,-0.27170845443512603
20240507,2024,017800,현대엘리베이터,일반목적용기계제조업,40350,49.0,1977150.0,40507.0,42256.0,20240709,1577377734750,0.5102628905186227,0.7902542941045574,77.0,0.043187682841258734
20240507,2024,004800,효성,기타금융업,60400,33.0,1993200.0,46222.0,41000.0,20240808,1272689910000,0.5161583968417858,0.7607452263462069,87.0,-0.11297442938669444
20240507,2024,056080,유진로봇,특수목적용기계제조업,8390,238.0,1996820.0,8555.0,,,314726955280,0.5057279376848504,0.7571883512623757,90.0,-0.12516099248550872
20240708,2024,222080,씨아이에스,특수목적용기계제조업,10320,193.0,1991760.0,10232.0,7851.0,20241206,740246654640,0.5333286559464813,1.5772667987122562,1.0,-0.23271350295579274
20240708,2024,326030,SK바이오팜,자연과학및공학연구개발업,79900,25.0,1997500.0,80670.0,104053.0,20240906,6257228675000,0.5094003009366441,1.3014110062004103,2.0,0.28986719614683487
20240708,2024,092070,디엔에프,기타화학제품제조업,18170,110.0,1998700.0,18252.0,,,210260659860,0.5338692142686258,1.295618426821223,3.0,-0.038097344590005466
20240708,2024,005950,이수화학,기초화학물질제조업,10010,199.0,1991990.0,10025.0,9971.0,20251106,227454617390,0.530116024357609,1.265674953662311,4.0,-0.005387554331159228
20240708,2024,023530,롯데쇼핑,종합소매업,62400,32.0,1996800.0,62596.0,62695.0,20240906,1765218312000,0.5265482905856596,1.2354652946898423,5.0,0.0015934607181395943
20240708,2024,096530,씨젠,의료용품및기타의약관련제품제조업,21200,94.0,1992800.0,20675.0,24973.0,20240906,1107191072800,0.5109435010934021,1.2193119649737458,6.0,0.2079029827818506
20240708,2024,137310,에스디바이오센서,의료용기기제조업,9490,210.0,1992900.0,9355.0,9434.0,20240906,1181290079970,0.5229125162122141,1.2096771745517207,7.0,0.008395381362821697
20240708,2024,302440,SK바이오사이언스,기초의약물질제조업,53600,37.0,1983200.0,53992.0,51787.0,20240906,4117967400000,0.5209303268601313,1.202616887817233,8.0,-0.040837773800458166
20240708,2024,089590,제주항공,항공여객운송업,10000,200.0,2000000.0,10048.0,8956.0,20240906,806409850000,0.5161074188776305,1.151348368311469,9.0,-0.10868289212503313
20240708,2024,108860,셀바스AI,소프트웨어개발및공급업,14170,141.0,1997970.0,13809.0,13870.0,20250422,381382574300,0.518662023921199,1.1463572790134096,10.0,0.004434525782001764
20240708,2024,036540,SFA반도체,반도체제조업,5340,374.0,1997160.0,5368.0,3443.0,20240906,878218018020,0.5198473175671267,1.1266569057241085,11.0,-0.35851119188671143
20240708,2024,356860,티엘비,전자부품제조업,23350,85.0,1984750.0,23379.0,55800.0,20251216,229591910500,0.5274082368951301,1.1120688070553655,12.0,1.386724524499376
20240708,2024,348950,제이알글로벌리츠,부동산임대및공급업,3860,518.0,1999480.0,3808.0,3620.0,20240906,761871360000,0.531718041371598,1.0866453715875923,13.0,-0.04934833530290195
20240708,2024,095700,제넥신,자연과학및공학연구개발업,6630,301.0,1995630.0,6814.0,6084.0,20240906,275215238220,0.5033421681032051,1.0853107888051252,14.0,-0.10721664169074452
20240708,2024,285130,SK케미칼,합성고무및플라스틱물질제조업,48250,41.0,1978250.0,48435.0,47233.0,20240906,832495029750,0.5288773857175335,1.0596103360866918,15.0,-0.02483027123871484
20240708,2024,083310,엘오티베큠,특수목적용기계제조업,15110,132.0,1994520.0,15129.0,12401.0,20250909,269109598630,0.522961423281887,1.0586780445566544,16.0,-0.18031651443668573
20240708,2024,053800,안랩,소프트웨어개발및공급업,57600,34.0,1958400.0,57609.0,52505.0,20240906,576798048000,0.5165697306557276,1.052814454908498,17.0,-0.08860461403420694
20240708,2024,005420,코스모화학,기타화학제품제조업,28000,71.0,1988000.0,27562.0,18667.0,20240906,1075430384000,0.5244248570548722,1.0431849113455962,18.0,-0.32270276767157213
20240708,2024,194700,노바렉스,도시락및식사용조리식품제조업,10830,184.0,1992720.0,10943.0,18591.0,20250616,203115003840,0.5173331091455241,1.0413722720871803,19.0,0.6988216818550876
20240708,2024,017960,한국카본,"구조용금속제품,탱크및증기발생기제조업",10660,187.0,1993420.0,10700.0,10721.0,20240906,553344098320,0.5166942445035173,1.0412279364537724,20.0,0.001984493763999451
20240708,2024,006360,GS건설,건물건설업,15220,131.0,1993820.0,15328.0,18670.0,20241206,1302550277800,0.5174472259485923,1.036794887081399,21.0,0.21802480618069353
20240708,2024,005610,SPC삼립,도시락및식사용조리식품제조업,56200,35.0,1967000.0,56129.0,63559.0,20250415,484950305800,0.5169730243241789,1.031706589893473,22.0,0.1323711645586052
20240708,2024,354320,알멕,1차비철금속제조업,36150,55.0,1988250.0,35986.0,48305.0,20260309,231048423150,0.5183349062221567,1.0290130617828264,23.0,0.342310001051656
20240708,2024,006620,동구바이오제약,의약품제조업,7240,276.0,1998240.0,7203.0,,,206086542080,0.5251582877013674,1.0246017232343076,24.0,-0.01950849259068055
20240708,2024,090360,로보스타,특수목적용기계제조업,28600,69.0,1973400.0,28685.0,22374.0,20241107,278850000000,0.5222217907934777,1.0216802165820693,25.0,-0.22002462416799973
20240708,2024,425420,티에프이,전자부품제조업,28600,69.0,1973400.0,28167.0,17922.0,20241002,325496600000,0.5244297494709884,1.0203185730693245,26.0,-0.3637143852519559
20240708,2024,085660,차바이오텍,기초의약물질제조업,15900,125.0,1987500.0,14856.0,14880.0,20240906,895399643700,0.5133450546623227,1.0190077875369503,27.0,0.001615666845950381
20240708,2024,319400,현대무벡스,일반목적용기계제조업,3015,663.0,1998945.0,3016.0,2956.0,20240930,354886794945,0.5208470801404548,1.0172266179998954,28.0,-0.01977533615882976
20240708,2024,004380,삼익THK,일반목적용기계제조업,12000,166.0,1992000.0,12187.0,13500.0,20250214,252000000000,0.5207453402123979,1.0115667899360796,29.0,0.10775153202891885
20240708,2024,011210,현대위아,자동차신품부품제조업,56600,35.0,1981000.0,56354.0,49261.0,20240906,1539241697800,0.5296369404797545,0.9945118174018283,30.0,-0.12586291693569474
20240708,2024,006060,화승인더,플라스틱제품제조업,4020,497.0,1997940.0,4020.0,5024.0,20250226,222386400000,0.5186306681979654,0.9918076356112561,31.0,0.24968473170124872
20240708,2024,160980,싸이맥스,특수목적용기계제조업,18500,108.0,1998000.0,18884.0,24900.0,20260325,202098495500,0.521592010942431,0.9901774270804886,32.0,0.31856135082644577
20240708,2024,042370,비츠로테크,기타금융업,8970,222.0,1991340.0,9070.0,8010.0,20250224,235014224250,0.5223121616739862,0.9901136875070538,33.0,-0.11683157053389248
20240708,2024,001390,KG케미칼,기초화학물질제조업,5020,398.0,1997960.0,4969.0,4561.0,20250609,343714580800,0.5243122510494426,0.9858311097981028,34.0,-0.08208794221829585
20240708,2024,290550,디케이티,전자부품제조업,10850,184.0,1996400.0,11034.0,11093.0,20240909,215157670000,0.5231918455421484,0.9821858033276342,35.0,0.0054251019183533256
20240708,2024,098460,고영,특수목적용기계제조업,13050,153.0,1996650.0,13003.0,9751.0,20240906,895944552750,0.5213981809789784,0.9804816825634189,36.0,-0.25004253212062444
20240708,2024,307750,국전약품,의약품제조업,5260,380.0,1998800.0,5159.0,4133.0,20240909,258104354940,0.5233956574016094,0.9730812874731898,37.0,-0.1988857095479134
20240708,2024,108230,톱텍,특수목적용기계제조업,7760,257.0,1994320.0,7754.0,,,295060381200,0.5211436810374804,0.9677511100119962,38.0,-0.2309667458000616
20240708,2024,015750,성우하이텍,자동차신품부품제조업,8410,237.0,1993170.0,8385.0,6307.0,20240906,672800000000,0.5289545458184887,0.9656957708955167,39.0,-0.2478208006657272
20240708,2024,004020,현대제철,1차철강제조업,28850,69.0,1990650.0,28754.0,24452.0,20240906,3849910897250,0.5272172323533088,0.9655465629860762,40.0,-0.1496295772621573
20240708,2024,253450,스튜디오드래곤,"영화,비디오물,방송프로그램제작및배급업",41000,48.0,1968000.0,41406.0,34914.0,20240906,1232398418000,0.5140271859841898,0.9465158054795922,42.0,-0.15680124438891718
20240708,2024,095660,네오위즈,소프트웨어개발및공급업,20250,98.0,1984500.0,20303.0,21312.0,20240906,446182809750,0.514122297977575,0.9433939600384973,43.0,0.049691593245962284
20240708,2024,207940,삼성바이오로직스,기초의약물질제조업,792000,2.0,1584000.0,1171633.0,1420320.0,20240906,56369808000000,0.5096432396913909,0.9294016536379935,49.0,0.21225635088976524
20240708,2024,051910,LG화학,기초화학물질제조업,360500,5.0,1802500.0,362400.0,311380.0,20240906,25448539651500,0.5223035265439318,0.8889752959958278,59.0,-0.14078426609650474
20240708,2024,293490,카카오게임즈,소프트웨어개발및공급업,19260,103.0,1983780.0,19460.0,16898.0,20240906,1591969813920,0.5123771308288572,0.8653705460552716,63.0,-0.13167757417033465
20240708,2024,054450,텔레칩스,반도체제조업,21900,91.0,1992900.0,21458.0,14353.0,20240926,331658702700,0.5104523296949074,0.827538948848645,70.0,-0.3311170600032045
20240708,2024,146320,비씨엔씨,반도체제조업,18520,107.0,1981640.0,18664.0,,,236924933960,0.5101822663157316,0.8189406614102107,73.0,-0.14724819346783335
20240708,2024,108670,LX하우시스,플라스틱제품제조업,42250,47.0,1985750.0,42022.0,39317.0,20240906,378884057500,0.5132356771536861,0.7998557469177598,78.0,-0.06435170796322465
20240708,2024,069620,대웅제약,의약품제조업,114400,17.0,1944800.0,117768.0,130052.0,20240906,1325504180000,0.5166615792314608,0.7762489501287543,83.0,0.10430018477143022
20240708,2024,009900,명신산업,자동차신품부품제조업,14700,136.0,1999200.0,14563.0,11231.0,20240906,771310955100,0.5239159829842569,0.7529281904943699,88.0,-0.22875345939375724
20240905,2024,102710,이엔에프테크놀로지,기타화학제품제조업,24000,83.0,1992000.0,23201.0,14732.0,20241113,342908064000,0.5354127219099039,1.481200389528664,1.0,-0.365046333341537
20240905,2024,460930,현대힘스,선박및보트건조업,11180,178.0,1990040.0,10794.0,14467.0,20241113,394361877780,0.5363395695014961,1.4774211764748466,2.0,0.34022661188934245
20240905,2024,089010,켐트로닉스,기타화학제품제조업,20850,95.0,1980750.0,20308.0,16358.0,20241113,319721114100,0.5352029659398541,1.4717398024515214,3.0,-0.1944719773890209
20240905,2024,001060,JW중외제약,의약품제조업,27800,71.0,1973800.0,26993.0,24485.0,20241113,647348854000,0.5278300937481273,1.4548182280983784,4.0,-0.09292762080314065
20240905,2024,357780,솔브레인,기타화학제품제조업,216500,9.0,1948500.0,215460.0,187763.0,20241113,1684059539000,0.534355169241217,1.433501775237009,5.0,-0.12854891975560379
20240905,2024,005420,코스모화학,기타화학제품제조업,19800,101.0,1999800.0,18667.0,17365.0,20241113,760482914400,0.5327558424017985,1.3613676146429732,6.0,-0.06974483800069864
20240905,2024,108670,LX하우시스,플라스틱제품제조업,39600,50.0,1980000.0,39317.0,31839.0,20250115,355119732000,0.5266936666037794,1.3460312999806077,7.0,-0.19020356696503393
20240905,2024,000520,삼일제약,의약품제조업,10030,199.0,1995970.0,9816.0,13537.0,20241113,216619905970,0.5250255989691891,1.342105552671187,8.0,0.37907921719079396
20240905,2024,058430,포스코스틸리온,1차철강제조업,38400,52.0,1996800.0,37262.0,39070.0,20250328,230400000000,0.5377262322163026,1.338097865392618,9.0,0.048532384390123307
20240905,2024,036540,SFA반도체,반도체제조업,3560,561.0,1997160.0,3443.0,3155.0,20241113,585478678680,0.5350111565942149,1.292704454179268,10.0,-0.08384493051379716
20240905,2024,007810,코리아써키트,전자부품제조업,10480,190.0,1991200.0,11204.0,9434.0,20241218,247545470480,0.5392309315499859,1.2584092204352155,11.0,-0.1580247724338859
20240905,2024,336260,두산퓨얼셀,"전동기,발전기및전기변환ㆍ공급ㆍ제어장치제조업",17650,113.0,1994450.0,17125.0,14544.0,20241113,1155964263900,0.5212008858707514,1.240386866273473,12.0,-0.15073711776890497
20240905,2024,393890,더블유씨피,일차전지및축전지제조업,18990,105.0,1993950.0,17703.0,13685.0,20241113,639896876820,0.5176331360270462,1.2350446456222204,13.0,-0.2269366079044487
20240905,2024,007310,오뚜기,동물용사료및조제식품제조업,402500,4.0,1610000.0,394573.0,384006.0,20241113,1613151575000,0.5182289372735945,1.2066498275048028,14.0,-0.02678086749449471
20240905,2024,372170,윤성에프앤씨,특수목적용기계제조업,48650,41.0,1994650.0,45522.0,45528.0,20241113,388180685200,0.5396721303948938,1.1857004767387815,15.0,0.00013317842736260133
20240905,2024,010060,OCI홀딩스,기타금융업,67800,29.0,1966200.0,67616.0,56616.0,20241113,1326438047400,0.519431461636197,1.184641978494532,16.0,-0.1626955100444224
20240905,2024,950130,엑세스바이오,의료용품및기타의약관련제품제조업,6510,307.0,1998570.0,5489.0,4768.0,20241114,245608186320,0.5121450335999639,1.1817180822621456,17.0,-0.13136166623244827
20240905,2024,195870,해성디에스,전자부품제조업,26950,74.0,1994300.0,26358.0,22102.0,20241113,458150000000,0.5374288134783384,1.177804103693953,18.0,-0.1614655085958545
20240905,2024,299030,하나기술,특수목적용기계제조업,28550,70.0,1998500.0,27194.0,25999.0,20250811,228254680500,0.539397805107797,1.172264448863329,19.0,-0.04394951025370597
20240905,2024,280360,롯데웰푸드,동물용사료및조제식품제조업,133000,15.0,1995000.0,129672.0,108357.0,20241113,1254798342000,0.5178033498195769,1.1685066349330027,20.0,-0.16437547935301555
20240905,2024,200880,서연이화,자동차신품부품제조업,13060,153.0,1998180.0,12843.0,11942.0,20241113,352991387220,0.5321462558603383,1.1658108943877528,21.0,-0.07014418468975292
20240905,2024,131970,두산테스나,"그외기타전문,과학및기술서비스업",29050,68.0,1975400.0,28471.0,25321.0,20241113,494040742300,0.5295933905211024,1.1516678889662268,22.0,-0.1106178416270377
20240905,2024,058610,에스피지,"전동기,발전기및전기변환ㆍ공급ㆍ제어장치제조업",23900,83.0,1983700.0,23303.0,20605.0,20241113,530038904000,0.5194801315188028,1.1467972999669833,23.0,-0.11580095904686638
20240905,2024,099190,아이센스,의료용기기제조업,15530,128.0,1987840.0,15099.0,19116.0,20241113,429206849690,0.5165482594816918,1.1393086446764764,24.0,0.2660226728066528
20240905,2024,030520,한글과컴퓨터,소프트웨어개발및공급업,18690,107.0,1999830.0,17337.0,19498.0,20241113,451919415360,0.5270700958787479,1.1381951025305381,25.0,0.12465092914544984
20240905,2024,009900,명신산업,자동차신품부품제조업,11070,180.0,1992600.0,11231.0,13061.0,20241113,580844372310,0.531694594761759,1.137723025462541,26.0,0.16291243375596043
20240905,2024,005290,동진쎄미켐,기초화학물질제조업,28200,70.0,1974000.0,27546.0,23095.0,20241113,1449888730800,0.535389123701135,1.1329521873108455,27.0,-0.16157552525653218
20240905,2024,028670,팬오션,해상운송업,3540,564.0,1996560.0,3376.0,3447.0,20241113,1892376072480,0.5217676266900588,1.1191561697344679,28.0,0.021002231778694647
20240905,2024,084690,대상홀딩스,기타금융업,8410,237.0,1993170.0,8136.0,7896.0,20241113,304547444580,0.5182036613178527,1.116671908784912,29.0,-0.029513307924127985
20240905,2024,101490,에스앤에스텍,전자부품제조업,24550,81.0,1988550.0,23259.0,20357.0,20241113,526633023850,0.5357082274345728,1.1008457505743274,30.0,-0.12476907078519273
20240905,2024,121600,나노신소재,기타화학제품제조업,87500,22.0,1925000.0,82732.0,70053.0,20241113,1067156825000,0.5265241600249821,1.080301127005116,31.0,-0.15325879797397646
20240905,2024,069960,현대백화점,종합소매업,48600,41.0,1992600.0,47852.0,41907.0,20241113,1137358632600,0.504088515156263,1.0663775850050847,32.0,-0.12423334162481725
20240905,2024,050890,쏠리드,통신및방송장비제조업,4230,472.0,1996560.0,4153.0,4788.0,20241113,258967537200,0.5390451355132706,1.0646606112777002,33.0,0.15285142092567638
20240905,2024,002320,한진,도로화물운송업,19310,103.0,1988930.0,19204.0,21653.0,20260226,288638696680,0.5168908518766402,1.0598647841410198,34.0,0.12754544009512747
20240905,2024,010690,화신,자동차신품부품제조업,8390,238.0,1996820.0,8188.0,7357.0,20241113,292982239900,0.5302676787273295,1.0489860705456673,35.0,-0.10151569554044271
20240905,2024,054950,제이브이엠,일반목적용기계제조업,20250,98.0,1984500.0,19856.0,18376.0,20241113,244820313000,0.5217155923724524,1.0451048529476574,36.0,-0.0744991265991114
20240905,2024,000270,기아,자동차용엔진및자동차제조업,100700,19.0,1913300.0,99922.0,90723.0,20241113,40265742591900,0.5234087594370055,1.0427561180169702,37.0,-0.09206085873515579
20240905,2024,041020,폴라리스오피스,소프트웨어개발및공급업,5220,383.0,1999260.0,4838.0,4783.0,20241113,259567099560,0.524099583560331,1.0390615041351643,38.0,-0.011307890899198592
20240905,2024,001120,LX인터내셔널,상품중개업,29800,67.0,1996600.0,29911.0,27308.0,20241113,1155048000000,0.509424742066029,1.0386570465438867,39.0,-0.08700558189238716
20240905,2024,036200,유니셈,특수목적용기계제조업,6630,301.0,1995630.0,6561.0,6653.0,20250212,203303798490,0.5363682552010992,1.0238817845189323,40.0,0.01396930122859863
20240905,2024,051370,인터플렉스,전자부품제조업,11220,178.0,1997160.0,11047.0,8855.0,20241113,261734235840,0.5336612826421188,1.009290027031843,41.0,-0.19844775500380563
20240905,2024,353200,대덕전자,전자부품제조업,18030,110.0,1983300.0,17528.0,16007.0,20241113,890987157750,0.5336089409175377,1.0069488869663452,42.0,-0.08674575245887828
20240905,2024,348950,제이알글로벌리츠,부동산임대및공급업,3590,557.0,1999630.0,3620.0,2930.0,20241113,708579840000,0.5168776546365781,1.0000896838681852,43.0,-0.19043908618075722
20240905,2024,214680,디알텍,의료용기기제조업,2925,683.0,1997775.0,2765.0,2820.0,20241115,215651790900,0.5130861485332998,0.9926168096388635,44.0,0.02004406089414079
20240905,2024,034730,SK,기타금융업,142300,14.0,1992200.0,140922.0,139240.0,20241113,10317134636900,0.515735282694605,0.9800243899781732,45.0,-0.011938528890446554
20240905,2024,265520,AP시스템,특수목적용기계제조업,17230,116.0,1998680.0,16463.0,16075.0,20241113,263298883830,0.535255479791612,0.9693797676643525,46.0,-0.02353074797554855
20240905,2024,015750,성우하이텍,자동차신품부품제조업,6460,309.0,1996140.0,6307.0,5489.0,20241113,516800000000,0.5289616537867657,0.9677670825500229,47.0,-0.12975515760287948
20240905,2024,095700,제넥신,자연과학및공학연구개발업,6270,318.0,1993860.0,6084.0,5982.0,20241118,260271424380,0.5101802876393403,0.9604428420703798,50.0,-0.016695620338753048
20240905,2024,253450,스튜디오드래곤,"영화,비디오물,방송프로그램제작및배급업",35350,56.0,1979600.0,34914.0,42467.0,20241113,1062567904300,0.5029528528466732,0.8926997800057384,59.0,0.21633507887173886
20240905,2024,023530,롯데쇼핑,종합소매업,63600,31.0,1971600.0,62695.0,60272.0,20241113,1799164818000,0.5013642802245231,0.8155054221707139,75.0,-0.03866117086207732
20241112,2024,340570,티앤엘,의료용품및기타의약관련제품제조업,63600,31.0,1971600.0,66774.0,73394.0,20250115,516940800000,0.5120739384301449,1.6049786207700636,1.0,0.09914119214487349
20241112,2024,058610,에스피지,"전동기,발전기및전기변환ㆍ공급ㆍ제어장치제조업",21050,95.0,1999750.0,20605.0,28400.0,20250115,466833428000,0.5273249411598765,1.4418591223841641,2.0,0.37832874758042356
20241112,2024,336260,두산퓨얼셀,"전동기,발전기및전기변환ㆍ공급ㆍ제어장치제조업",15420,129.0,1989180.0,14544.0,16746.0,20250115,1009913254920,0.5270901132802226,1.4279236947404308,3.0,0.15144083454407675
20241112,2024,102710,이엔에프테크놀로지,기타화학제품제조업,14470,138.0,1996860.0,14732.0,19700.0,20250115,206744986920,0.5367541856026876,1.384899051815399,4.0,0.33727688866483585
20241112,2024,299030,하나기술,특수목적용기계제조업,26200,76.0,1991200.0,25999.0,29745.0,20251106,209466642000,0.5381170669360272,1.3141087580656716,5.0,0.1441193606810609
20241112,2024,104830,원익머트리얼즈,기초화학물질제조업,18430,108.0,1990440.0,17945.0,17845.0,20250203,232365440000,0.5273774378196388,1.2809211671675462,6.0,-0.00556802654871269
20241112,2024,456040,OCI,기초화학물질제조업,58600,34.0,1992400.0,56986.0,62878.0,20250115,524616207000,0.5266002842033441,1.2388647416151555,7.0,0.1033918709901549
20241112,2024,013030,하이록코리아,1차철강제조업,24300,82.0,1992600.0,24057.0,27262.0,20250115,312402015000,0.5244750638112434,1.2258345607149972,8.0,0.13321075659358672
20241112,2024,183300,코미코,특수목적용기계제조업,43800,45.0,1971000.0,43636.0,40794.0,20250115,458177959200,0.5359871409362196,1.2193267985033283,9.0,-0.06513364279264566
20241112,2024,000250,삼천당제약,의약품제조업,129600,15.0,1944000.0,116645.0,156845.0,20250115,3040088371200,0.5222568549034915,1.2057178388423573,10.0,0.3446366462976598
20241112,2024,054950,제이브이엠,일반목적용기계제조업,18270,109.0,1991430.0,18376.0,19735.0,20250115,220882326840,0.5181612963624309,1.192554465881885,11.0,0.07393277249876329
20241112,2024,043150,바텍,의료용기기제조업,20200,99.0,1999800.0,20020.0,,,300055971200,0.5228611948307058,1.187419709899739,12.0,-0.03992121714918906
20241112,2024,004490,세방전지,일차전지및축전지제조업,70100,28.0,1962800.0,67406.0,82236.0,20250115,981400000000,0.5248922858825764,1.1735256781325039,13.0,0.22000638395702743
20241112,2024,041020,폴라리스오피스,소프트웨어개발및공급업,4790,417.0,1997430.0,4783.0,5788.0,20250115,238185135420,0.5255496453834796,1.15606656728733,14.0,0.2100593871585763
20241112,2024,052690,한전기술,"건축기술,엔지니어링및관련기술서비스업",68100,29.0,1974900.0,67076.0,61901.0,20250115,2602782000000,0.5040260491031493,1.149567508737175,15.0,-0.07715572857769093
20241112,2024,006110,삼아알미늄,1차비철금속제조업,42800,46.0,1968800.0,41093.0,36699.0,20250115,629670004800,0.5189983944940368,1.147795262069927,16.0,-0.10692283308298889
20241112,2024,007810,코리아써키트,전자부품제조업,8590,232.0,1992880.0,8673.0,13919.0,20250218,202902251090,0.5313539527499299,1.1361593618741894,17.0,0.6047766555121634
20241112,2024,001820,삼화콘덴서,전자부품제조업,29200,68.0,1985600.0,28191.0,28744.0,20250115,303534000000,0.531340248324502,1.1352925173739905,18.0,0.01960710816271316
20241112,2024,014680,한솔케미칼,기초화학물질제조업,111500,17.0,1895500.0,110435.0,99439.0,20250115,1263874242500,0.5242966154463397,1.1141994611030952,19.0,-0.09957657143075704
20241112,2024,064550,바이오니아,의료용품및기타의약관련제품제조업,20650,96.0,1982400.0,20048.0,19141.0,20250115,532982509150,0.5073045667705274,1.0851015776775699,20.0,-0.04523534606633661
20241112,2024,185750,종근당,의약품제조업,100400,19.0,1907600.0,93907.0,92112.0,20250115,1322711768000,0.5187181511192812,1.0816516061274564,21.0,-0.019119249161388296
20241112,2024,215600,신라젠,자연과학및공학연구개발업,2540,787.0,1998980.0,2473.0,2659.0,20250115,348912497500,0.501167940345153,1.0778081082647577,22.0,0.07502475537075992
20241112,2024,023530,롯데쇼핑,종합소매업,60800,32.0,1945600.0,60272.0,53880.0,20250115,1719956304000,0.5088415073206405,1.0592691022109182,23.0,-0.10604952200078177
20241112,2024,049070,인탑스,통신및방송장비제조업,18350,108.0,1981800.0,17870.0,19000.0,20250115,315620000000,0.5288594326819578,1.055823077293001,24.0,0.0632120148005888
20241112,2024,019170,신풍제약,의약품제조업,10970,182.0,1996540.0,10597.0,10894.0,20250115,581245340300,0.5176150983519053,1.0429788011459533,25.0,0.02805960284967668
20241112,2024,101490,에스앤에스텍,전자부품제조업,20250,98.0,1984500.0,20357.0,29202.0,20250115,434391801750,0.529718570240015,1.0327166935261112,26.0,0.43451379167151627
20241112,2024,005930,삼성전자,통신및방송장비제조업,53000,37.0,1961000.0,50585.0,53680.0,20250115,316398475150000,0.5281070079848005,1.0289056397160377,27.0,0.06119331022486052
20241112,2024,001120,LX인터내셔널,상품중개업,28300,70.0,1981000.0,27308.0,25309.0,20250115,1096908000000,0.5126059251011602,1.0149978106366073,28.0,-0.07323024696278058
20241112,2024,453340,현대그린푸드,종합소매업,12990,153.0,1987470.0,12845.0,14504.0,20250115,440113072860,0.5084326535003165,1.0133628647813875,29.0,0.1291648554151461
20241112,2024,051370,인터플렉스,전자부품제조업,9160,218.0,1996880.0,8855.0,9055.0,20250311,213679643520,0.5294058609069053,1.0129369247942712,30.0,0.022676136872489927
20241112,2024,095610,테스,특수목적용기계제조업,14890,134.0,1995260.0,14874.0,17387.0,20250115,294348885140,0.5312401379079289,1.0080846008352409,31.0,0.16895053378524527
20241112,2024,001060,JW중외제약,의약품제조업,24700,80.0,1976000.0,24485.0,23236.0,20250115,575162471000,0.5165821622153971,1.0067642709376101,32.0,-0.05098536632073103
20241112,2024,086900,메디톡스,기초의약물질및생물학적제제제조업,129000,15.0,1935000.0,127704.0,117615.0,20250115,941506113000,0.5272553169346441,0.9942723372793658,33.0,-0.07900478170269754
20241112,2024,200880,서연이화,자동차신품부품제조업,12500,160.0,2000000.0,11942.0,13389.0,20250115,337855462500,0.5272126559690035,0.9881944324721438,34.0,0.12113079545103433
20241112,2024,249420,일동제약,의약품제조업,12220,163.0,1991860.0,12303.0,11891.0,20250120,342923762220,0.5158752734651652,0.9819808955725556,35.0,-0.033534819583480036
20241112,2024,017810,풀무원,동물용사료및조제식품제조업,9830,203.0,1995490.0,11419.0,13145.0,20250205,374724927860,0.5262131379192903,0.9635093597348691,36.0,0.15115246427402607
20241112,2024,319400,현대무벡스,일반목적용기계제조업,2965,674.0,1998410.0,2860.0,3996.0,20250115,349102236970,0.5130052664254722,0.957531134708702,37.0,0.39697641704731335
20241112,2024,075580,세진중공업,선박및보트건조업,7300,273.0,1992900.0,7161.0,9351.0,20250115,415001028800,0.5111729773348782,0.9531443008055428,38.0,0.30576202399312713
20241112,2024,293940,신한알파리츠,부동산임대및공급업,5480,364.0,1994720.0,5507.0,5776.0,20250115,482788674040,0.5138329372312423,0.9511570476793432,39.0,0.04893236120655753
20241112,2024,319660,피에스케이,특수목적용기계제조업,18020,110.0,1982200.0,17601.0,18560.0,20250115,521980186280,0.5298019926242543,0.9440869651735659,40.0,0.05449799179993775
20241112,2024,265520,AP시스템,특수목적용기계제조업,16520,121.0,1998920.0,16075.0,17839.0,20250910,252449074920,0.5296950827196731,0.9393294617421124,41.0,0.10971431075354543
20241112,2024,014830,유니드,기초화학물질제조업,61600,32.0,1971200.0,60629.0,68725.0,20250115,416884160000,0.5209716457889247,0.9342654867522379,42.0,0.13353542741089686
20241112,2024,084690,대상홀딩스,기타금융업,8230,243.0,1999890.0,7896.0,10066.0,20250115,298029187740,0.5191964762842237,0.8885655563618096,49.0,0.27494387982695834
20241112,2024,131970,두산테스나,"그외기타전문,과학및기술서비스업",25800,77.0,1986600.0,25321.0,29171.0,20250115,438769402800,0.5263790246482597,0.8837917655966837,50.0,0.15204620567398397
20241112,2024,089010,켐트로닉스,기타화학제품제조업,17040,117.0,1993680.0,16358.0,18063.0,20250115,261297255840,0.5230170535030264,0.8336614978594935,60.0,0.10420911258339571
20241112,2024,069960,현대백화점,종합소매업,42350,47.0,1990450.0,41907.0,47559.0,20250115,991093376350,0.5068139944833571,0.8316193137706293,61.0,0.13486320340805213
20241112,2024,357780,솔브레인,기타화학제품제조업,188800,10.0,1888000.0,187763.0,174474.0,20250115,1468593260800,0.5229234179808757,0.8299041330893749,62.0,-0.07077649409458886
20241112,2024,005290,동진쎄미켐,기초화학물질제조업,23850,83.0,1979550.0,23095.0,22446.0,20250115,1226235681900,0.5188321957814049,0.8184870639568528,64.0,-0.028101862490305773
20241112,2024,015750,성우하이텍,자동차신품부품제조업,5720,349.0,1996280.0,5489.0,5220.0,20250115,457600000000,0.5212745523551017,0.778214669481971,69.0,-0.049027961144791354
20241112,2024,348950,제이알글로벌리츠,부동산임대및공급업,2825,707.0,1997275.0,2930.0,2580.0,20250414,557587200000,0.5114250025976367,0.7704004526581107,70.0,-0.11954162169894611
20250102,2025,297890,HB솔루션,특수목적용기계제조업,2745,728.0,1998360.0,2865.0,2834.0,20250317,200771808930,0.5883464765415315,1.9713067305635128,1.0,-0.010730249774073775
20250102,2025,200130,콜마비앤에이치,기초의약물질및생물학적제제제조업,11610,172.0,1996920.0,11887.0,13137.0,20250320,341514628380,0.5988791701776103,1.7521326287819743,2.0,0.10515998689779793
20250102,2025,084010,대한제강,1차철강제조업,16610,120.0,1993200.0,10695.0,10706.0,20260116,388913134170,0.5844713995622903,1.628161872176778,3.0,0.0009919091278882686
20250102,2025,256840,한국비엔씨,기초의약물질및생물학적제제제조업,4150,481.0,1996150.0,4450.0,4015.0,20250311,281836638450,0.5895555166795883,1.607012131368907,4.0,-0.0978567289438248
20250102,2025,012630,HDC,기타금융업,12090,165.0,1994850.0,12265.0,14493.0,20250311,722277406890,0.5657296402468874,1.56609487290799,5.0,0.1816270288819799
20250102,2025,010620,현대미포조선,선박및보트건조업,134500,14.0,1883000.0,128022.0,101996.0,20250311,5372219040500,0.5588618374539889,1.532203196015899,6.0,-0.20329289749916502
20250102,2025,104830,원익머트리얼즈,기초화학물질제조업,17440,114.0,1988160.0,17726.0,21492.0,20250324,219883520000,0.574079579263083,1.4977946107344213,7.0,0.21239795527910066
20250102,2025,007340,DN오토모티브,일차전지및축전지제조업,18340,109.0,1999060.0,18342.0,21259.0,20250311,1083267964100,0.5562391520793913,1.4896806759999788,8.0,0.1590557522531788
20250102,2025,323990,박셀바이오,자연과학및공학연구개발업,10650,187.0,1991550.0,10795.0,8954.0,20250313,244877580000,0.5180026038026516,1.487438239160057,9.0,-0.17055487213797338
20250102,2025,018260,삼성에스디에스,"컴퓨터프로그래밍,시스템통합및관리업",124500,16.0,1992000.0,127975.0,118446.0,20250311,9633536100000,0.5521298875656642,1.4232392904668736,10.0,-0.07446463382274027
20250102,2025,170900,동아에스티,의약품제조업,59100,33.0,1950300.0,55942.0,43406.0,20250311,542117799000,0.5473352433394808,1.4083771519548165,11.0,-0.22408485029082204
20250102,2025,006060,화승인더,플라스틱제품제조업,4450,449.0,1998050.0,4475.0,4800.0,20250401,246174000000,0.5749262361145805,1.3788366293172516,12.0,0.07268931352461361
20250102,2025,161000,애경케미칼,기초화학물질제조업,6580,303.0,1993740.0,7178.0,7277.0,20250311,320108505220,0.5677159644585562,1.3476346638417174,13.0,0.013717695894710058
20250102,2025,079940,가비아,소프트웨어개발및공급업,17200,116.0,1995200.0,17253.0,19073.0,20250331,232813764800,0.5316519255973609,1.3393493541548898,14.0,0.10548502835278883
20250102,2025,066570,LG전자,통신및방송장비제조업,84000,23.0,1932000.0,85075.0,81767.0,20250311,13746416376000,0.5499224229507813,1.267509177756359,15.0,-0.038886761008488646
20250102,2025,319400,현대무벡스,일반목적용기계제조업,3480,574.0,1997520.0,3476.0,3550.0,20250311,409738881840,0.57363426299365,1.2656177142773029,16.0,0.02150107205704499
20250102,2025,086450,동국제약,의약품제조업,16300,122.0,1988600.0,16301.0,15315.0,20250311,724698000000,0.5420559882499701,1.2627743366561073,17.0,-0.06049141053901641
20250102,2025,006360,GS건설,건물건설업,17350,115.0,1995250.0,17943.0,17961.0,20250311,1484838851500,0.5384690672050594,1.261533741507144,18.0,0.001013185568159658
20250102,2025,019170,신풍제약,의약품제조업,10650,187.0,1991550.0,10525.0,8198.0,20250311,564290143500,0.5419940477980514,1.2610660077295195,19.0,-0.2211169163690183
20250102,2025,089010,켐트로닉스,기타화학제품제조업,16170,123.0,1988910.0,16460.0,27064.0,20250311,247956374820,0.5581523982083532,1.2373234955051153,20.0,0.6441907767628008
20250102,2025,096530,씨젠,의료용품및기타의약관련제품제조업,24200,82.0,1984400.0,23976.0,24379.0,20250311,1263869054800,0.5383741520183641,1.2322346672255196,21.0,0.01681932176356371
20250102,2025,047310,파워로직스,"전동기,발전기및전기변환ㆍ공급ㆍ제어장치제조업",6000,333.0,1998000.0,5998.0,5609.0,20260303,219664530000,0.5653886897320213,1.2104431305640437,22.0,-0.06481509654006978
20250102,2025,307950,현대오토에버,소프트웨어개발및공급업,135000,14.0,1890000.0,132230.0,129559.0,20250311,3702237570000,0.5245856618112105,1.194293302225573,23.0,-0.020196389077756227
20250102,2025,319660,피에스케이,특수목적용기계제조업,16360,122.0,1995920.0,17410.0,17474.0,20250311,473895441040,0.5534653851484016,1.1933455088223677,24.0,0.0036817625498368756
20250102,2025,001800,오리온홀딩스,기타금융업,15090,132.0,1991880.0,15050.0,15167.0,20250311,945319417980,0.5504921038474009,1.175889521418766,25.0,0.007809140266509473
20250102,2025,082920,비츠로셀,일차전지및축전지제조업,23150,86.0,1990900.0,11850.0,13136.0,20250311,529491730950,0.5466458012324021,1.1753363483531323,26.0,0.1085640847439231
20250102,2025,101160,월덱스,전자부품제조업,16410,121.0,1985610.0,17078.0,16671.0,20250311,270945395130,0.5610192265339208,1.170617358635675,27.0,-0.023825010414007086
20250102,2025,069080,웹젠,소프트웨어개발및공급업,13400,149.0,1996600.0,13858.0,13496.0,20250321,468341845600,0.5226879567143605,1.155337268682823,28.0,-0.026109139785702618
20250102,2025,166090,하나머티리얼즈,반도체제조업,22800,87.0,1983600.0,24203.0,29457.0,20250311,450930967200,0.5624009442483803,1.1548050948286392,29.0,0.21705994267163042
20250102,2025,025540,한국단자,"전동기,발전기및전기변환ㆍ공급ㆍ제어장치제조업",67000,29.0,1943000.0,66605.0,67102.0,20250311,697805000000,0.5624500489214355,1.1509601333950088,30.0,0.007458509931403068
20250102,2025,091700,파트론,전자부품제조업,6930,288.0,1995840.0,6976.0,6927.0,20250311,408303223020,0.5596187154034373,1.1415375430652441,31.0,-0.007009521187321899
20250102,2025,272290,이녹스첨단소재,전자부품제조업,19590,102.0,1998180.0,20648.0,25547.0,20250311,396259820220,0.5588819014807137,1.1262385479225692,32.0,0.23727466485406712
20250102,2025,185750,종근당,의약품제조업,89100,22.0,1960200.0,89601.0,77808.0,20250311,1173840822000,0.5365637231154758,1.1112966655850096,33.0,-0.13162470990576614
20250102,2025,001680,대상,동물용사료및조제식품제조업,18890,105.0,1983450.0,19196.0,24806.0,20250311,654501192250,0.5673781301183951,1.1087754655810182,34.0,0.2922707416428545
20250102,2025,001120,LX인터내셔널,상품중개업,26900,74.0,1990600.0,27808.0,26002.0,20250311,1042644000000,0.5608443829108801,1.1014171737011753,35.0,-0.06493714469711476
20250102,2025,140860,파크시스템스,"측정,시험,항해,제어및기타정밀기기제조업;광학기기제외",227500,8.0,1820000.0,226838.0,188993.0,20250311,1589673767500,0.5641304063768967,1.097160465156582,36.0,-0.16683765470728695
20250102,2025,352820,하이브,오디오물출판및원판녹음업,196300,10.0,1963000.0,200992.0,236971.0,20250311,8176306641100,0.5444934363815758,1.0940529056393558,37.0,0.1790050187372354
20250102,2025,023530,롯데쇼핑,종합소매업,52300,38.0,1987400.0,53176.0,67491.0,20250311,1479501886500,0.5454255442875551,1.0767669586001425,40.0,0.2691824063225605
20250102,2025,183300,코미코,특수목적용기계제조업,36500,54.0,1971000.0,38288.0,41243.0,20250311,381814966000,0.5474334730165245,1.0588143475504292,44.0,0.07718509505030191
20250102,2025,005930,삼성전자,통신및방송장비제조업,53400,37.0,1975800.0,54375.0,53592.0,20250311,318786388170000,0.5378630608071993,1.0287199541400294,46.0,-0.0144084470463266
20250102,2025,015750,성우하이텍,자동차신품부품제조업,5020,398.0,1997960.0,5099.0,5178.0,20250311,401600000000,0.5641897800136941,1.0194062089696179,47.0,0.015454481524901587
20250102,2025,249420,일동제약,의약품제조업,11510,173.0,1991230.0,11732.0,22798.0,20250903,322999386510,0.5309387880243553,0.9561599329867064,53.0,0.9431573894295919
20250102,2025,340570,티앤엘,의료용품및기타의약관련제품제조업,67400,29.0,1954600.0,67486.0,77583.0,20250311,547827200000,0.5288759632418673,0.916344450799693,55.0,0.14961076748728308
20250102,2025,456040,OCI,기초화학물질제조업,58200,34.0,1978800.0,61586.0,58366.0,20250311,521035209000,0.5484395751606543,0.8927765867631037,57.0,-0.05228260747730851
20250102,2025,215600,신라젠,자연과학및공학연구개발업,2535,788.0,1997580.0,2553.0,2404.0,20250311,348225661875,0.49534679018165456,0.8647466690559042,58.0,-0.0586217659517142
20250102,2025,357780,솔브레인,기타화학제품제조업,163000,12.0,1956000.0,170455.0,199349.0,20250311,1267906258000,0.5427994592317598,0.8478439178045636,59.0,0.16951434298324775
20250102,2025,453340,현대그린푸드,종합소매업,14030,142.0,1992260.0,13894.0,18228.0,20250605,475349223420,0.5377570866922815,0.843379747244764,61.0,0.31191716209480247
20250102,2025,014680,한솔케미칼,기초화학물질제조업,94000,21.0,1974000.0,102633.0,123333.0,20250311,1065508330000,0.546205986731196,0.8400713979278154,64.0,0.2016902916661225
20250102,2025,041020,폴라리스오피스,소프트웨어개발및공급업,6150,325.0,1998750.0,6187.0,5848.0,20250311,305811812700,0.5032100085400057,0.75549453037557,79.0,-0.05471857943988068
20250102,2025,095610,테스,특수목적용기계제조업,15360,130.0,1996800.0,16406.0,22958.0,20250311,303639951360,0.5332839709675049,0.7432346606358118,82.0,0.39940404384356687
20250310,2025,000430,대원강업,자동차신품부품제조업,3770,530.0,1998100.0,3723.0,,,233740000000,0.5855686388404178,2.0853371882522613,1.0,0.022497053246131937
20250310,2025,012630,HDC,기타금융업,14390,138.0,1985820.0,14493.0,19365.0,20250513,859683365190,0.5857453500044912,2.040078267159861,2.0,0.3361637712175547
20250310,2025,079940,가비아,소프트웨어개발및공급업,14970,133.0,1991010.0,14973.0,21000.0,20250521,202629189480,0.5496557694231968,1.958518030001983,3.0,0.40250651631035383
20250310,2025,114810,한솔아이원스,특수목적용기계제조업,6980,286.0,1996280.0,7171.0,7700.0,20250516,203209954520,0.5724942988958107,1.9460547792928955,4.0,0.07379203100784437
20250310,2025,307950,현대오토에버,소프트웨어개발및공급업,130300,15.0,1954500.0,129559.0,133992.0,20250513,3573344854600,0.5486282407152032,1.929554877270191,5.0,0.03421218991462882
20250310,2025,064260,다날,소프트웨어개발및공급업,2920,684.0,1997280.0,2977.0,8514.0,20250715,201331196800,0.5391764132628655,1.6631343675881327,6.0,1.8599321559244752
20250310,2025,007340,DN오토모티브,일차전지및축전지제조업,21850,91.0,1988350.0,21259.0,21157.0,20250513,1278462400250,0.5841951422121476,1.6401756864294605,7.0,-0.004775884693313581
20250310,2025,297890,HB솔루션,특수목적용기계제조업,2735,731.0,1999285.0,2784.0,,,200040399790,0.561034817450613,1.625322940895392,8.0,0.002118502111772669
20250310,2025,352820,하이브,오디오물출판및원판녹음업,239000,8.0,1912000.0,236971.0,266909.0,20250513,9954851183000,0.5508840382599308,1.5818190190306252,9.0,0.1263356072002595
20250310,2025,046890,서울반도체,반도체제조업,6690,298.0,1993620.0,6550.0,6850.0,20250514,390063126000,0.5532787612035991,1.5768408298874539,10.0,0.045784222924188045
20250310,2025,061970,LB세미콘,반도체제조업,3685,542.0,1997270.0,3664.0,3970.0,20250901,214035877110,0.5475593254685982,1.4425134021279364,11.0,0.08344095670924245
20250310,2025,069260,TKG휴켐스,기타화학제품제조업,16210,123.0,1993830.0,14385.0,17273.0,20250801,662641911480,0.5616224219091476,1.4352780940428136,12.0,0.20079831270198722
20250310,2025,005930,삼성전자,통신및방송장비제조업,53700,37.0,1986900.0,53592.0,56891.0,20250513,317884556411400,0.5691747648979584,1.424963133726941,13.0,0.061563881090631156
20250310,2025,001340,PKC,기초화학물질제조업,6850,291.0,1993350.0,6713.0,6113.0,20250513,307691087950,0.5452076237991307,1.4187341199274426,14.0,-0.08939455249245776
20250310,2025,101160,월덱스,전자부품제조업,16870,118.0,1990660.0,16671.0,18775.0,20250513,278540451910,0.5666070126571802,1.4157495106140479,15.0,0.12618380604957768
20250310,2025,003850,보령,의약품제조업,9830,203.0,1995490.0,9683.0,8531.0,20250513,853118244810,0.5628071625867473,1.4145101102670654,16.0,-0.11901990704795462
20250310,2025,091700,파트론,전자부품제조업,6970,286.0,1993420.0,6927.0,6600.0,20250519,397290000000,0.5662878287535172,1.4091497557652584,17.0,-0.04733284285764727
20250310,2025,185750,종근당,의약품제조업,79000,25.0,1975000.0,77808.0,80522.0,20250513,1090419620000,0.5615765765642419,1.383011370961458,18.0,0.03488608834021467
20250310,2025,236200,슈프리마,통신및방송장비제조업,28700,69.0,1980300.0,28240.0,36643.0,20250602,206446935100,0.5669436434080403,1.3827553189476232,19.0,0.29756006892863196
20250310,2025,093370,후성,기초화학물질제조업,4560,438.0,1997280.0,4444.0,4334.0,20250513,489084304800,0.5431255186174426,1.3706318762697527,20.0,-0.024655624210484728
20250310,2025,060720,KH바텍,전자부품제조업,9280,215.0,1995200.0,9216.0,11590.0,20251211,219726661760,0.564101521441507,1.3639435529530342,21.0,0.25749125248192284
20250310,2025,025540,한국단자,"전동기,발전기및전기변환ㆍ공급ㆍ제어장치제조업",68100,29.0,1974900.0,67102.0,65792.0,20250513,709261500000,0.5578749918774915,1.3526690864805628,22.0,-0.01952492079639012
20250310,2025,086450,동국제약,의약품제조업,15580,128.0,1994240.0,15315.0,15686.0,20250513,692686800000,0.5601756691079137,1.3471529929601223,23.0,0.024187882855425835
20250310,2025,206640,바디텍메드,의료용품및기타의약관련제품제조업,15060,132.0,1987920.0,14806.0,16004.0,20250513,353707593600,0.5624619218145755,1.3362292895152998,24.0,0.0809073398436897
20250310,2025,048870,시너지이노베이션,의료용기기제조업,2785,718.0,1999630.0,4017.0,2865.0,20250731,230383964395,0.5627494773625759,1.3266227127181498,25.0,-0.2866775274546497
20250310,2025,036890,진성티이씨,특수목적용기계제조업,10500,190.0,1995000.0,10347.0,11107.0,20250604,236063814000,0.5503062791100358,1.325048985067013,26.0,0.07351957409769572
20250310,2025,319400,현대무벡스,일반목적용기계제조업,3540,564.0,1996560.0,3550.0,4345.0,20250513,417174489540,0.5657944242363431,1.3107901559367514,27.0,0.22375754245687562
20250310,2025,002790,아모레퍼시픽홀딩스,기타화학제품제조업,21900,91.0,1992900.0,21486.0,22934.0,20250513,1740134142000,0.5552796737245319,1.281211492837108,28.0,0.06736856595678686
20250310,2025,051900,LG생활건강,기타화학제품제조업,319000,6.0,1914000.0,323286.0,325331.0,20250513,4982204843000,0.5542198711041151,1.2554686786934601,29.0,0.00632615681784765
20250310,2025,271560,오리온,동물용사료및조제식품제조업,107600,18.0,1936800.0,109233.0,122547.0,20250513,4254087803200,0.5564068908591047,1.2471956586353221,30.0,0.12188338207367377
20250310,2025,006060,화승인더,플라스틱제품제조업,5210,383.0,1995430.0,5185.0,4715.0,20250617,288217200000,0.5861353564179796,1.2378816579574339,31.0,-0.09061255567226545
20250310,2025,170900,동아에스티,의약품제조업,47050,42.0,1976100.0,43406.0,43780.0,20250807,431588473750,0.5557285155745462,1.2333212678814056,32.0,0.008604972112662423
20250310,2025,007310,오뚜기,동물용사료및조제식품제조업,404500,4.0,1618000.0,397989.0,395974.0,20250513,1621167235000,0.5554746788318076,1.2218033628966187,33.0,-0.005063409196713775
20250310,2025,075580,세진중공업,선박및보트건조업,8000,250.0,2000000.0,7859.0,9188.0,20250513,454795648000,0.5383304751207727,1.2128543189286105,34.0,0.16912776120492357
20250310,2025,054950,제이브이엠,일반목적용기계제조업,20800,96.0,1996800.0,21099.0,23700.0,20250513,251469753600,0.559829893113316,1.1691126298072863,35.0,0.1232640296596228
20250310,2025,000070,삼양홀딩스,기타금융업,60100,33.0,1983300.0,40181.0,54121.0,20250820,514712687100,0.5518192345166034,1.1689745099642999,36.0,0.34692669546776744
20250310,2025,004560,현대비앤지스틸,1차철강제조업,13600,147.0,1999200.0,13282.0,,,205071829600,0.5469499952822156,1.159620577199482,37.0,0.3050780508512714
20250310,2025,002350,넥센타이어,고무제품제조업,5360,373.0,1999280.0,5300.0,7281.0,20251125,523499820720,0.5526231486197396,1.1538555361249994,38.0,0.3736244581820627
20250310,2025,323990,박셀바이오,자연과학및공학연구개발업,8850,225.0,1991250.0,9094.0,10065.0,20250610,203489820000,0.52949027938479,1.1500679140990013,39.0,0.10677969078078675
20250310,2025,006360,GS건설,건물건설업,18610,107.0,1991270.0,17961.0,18810.0,20250513,1592671528900,0.5513864286735914,1.1409667426259604,41.0,0.04726147450828466
20250310,2025,200130,콜마비앤에이치,기초의약물질및생물학적제제제조업,12460,160.0,1993600.0,12466.0,14037.0,20250515,366517852680,0.5763908848194353,1.1336244050078415,42.0,0.12601136512832967
20250310,2025,256840,한국비엔씨,기초의약물질및생물학적제제제조업,4000,500.0,2000000.0,4015.0,4385.0,20250521,273579544000,0.5752293195036136,1.1175668654960318,44.0,0.09229727682278743
20250310,2025,066570,LG전자,통신및방송장비제조업,78500,25.0,1962500.0,81767.0,72973.0,20250513,12846353399000,0.5520559413492915,1.101113385137733,47.0,-0.10754392588249129
20250310,2025,001800,오리온홀딩스,기타금융업,15280,130.0,1986400.0,15167.0,19514.0,20250513,957222048160,0.5484898236769254,1.0834869069781417,51.0,0.2865749730391429
20250310,2025,140860,파크시스템스,"측정,시험,항해,제어및기타정밀기기제조업;광학기기제외",188900,10.0,1889000.0,188993.0,235474.0,20250513,1319953295300,0.5408098917125719,1.0079293428689324,57.0,0.24593832473511856
20250310,2025,161000,애경케미칼,기초화학물질제조업,7500,266.0,1995000.0,7277.0,10253.0,20250513,364865317500,0.5262596045380505,0.9809837856296659,61.0,0.4089984114761136
20250310,2025,104830,원익머트리얼즈,기초화학물질제조업,19380,103.0,1996140.0,19561.0,20338.0,20250513,244343040000,0.5258513721241858,0.9715525161561562,62.0,0.03968385390276419
20250310,2025,069080,웹젠,소프트웨어개발및공급업,12710,157.0,1995470.0,12647.0,14523.0,20250513,444225735640,0.5142272690655996,0.9598879587127006,63.0,0.14834722754654783
20250310,2025,456040,OCI,기초화학물질제조업,60100,33.0,1983300.0,58366.0,59166.0,20250513,538044949500,0.5218065992832517,0.8781073576474602,72.0,0.01371227950704057
20250310,2025,041020,폴라리스오피스,소프트웨어개발및공급업,5970,335.0,1999950.0,5848.0,5780.0,20250513,296861223060,0.5082873081015161,0.7924571168439961,86.0,-0.011732815149457676
20250512,2025,001800,오리온홀딩스,기타금융업,19680,101.0,1987680.0,19514.0,19207.0,20251017,1232861904960,0.6072928469969795,2.445779285108758,1.0,-0.015690226748524827
20250512,2025,161890,한국콜마,기타화학제품제조업,82100,24.0,1970400.0,83459.0,107930.0,20250714,1937976821700,0.5942925813819053,2.3284761679130512,2.0,0.29321455476006153
20250512,2025,307950,현대오토에버,소프트웨어개발및공급업,132700,15.0,1990500.0,133992.0,166096.0,20250714,3639162411400,0.5569936041694807,2.1518556999518657,3.0,0.23959841651644198
20250512,2025,046890,서울반도체,반도체제조업,6730,297.0,1998810.0,6780.0,7059.0,20250807,392395342000,0.5583341475928775,2.1362487586250998,4.0,0.04123458553199377
20250512,2025,319400,현대무벡스,일반목적용기계제조업,4380,456.0,1997280.0,4345.0,4960.0,20250714,516165046380,0.6130612388609002,2.102194925775122,5.0,0.1416283007798982
20250512,2025,002900,TYM,특수목적용기계제조업,4620,432.0,1995840.0,5021.0,5801.0,20250822,208135416720,0.56613952606507,1.9699494878756583,6.0,0.15531028184834028
20250512,2025,075580,세진중공업,선박및보트건조업,8850,225.0,1991250.0,9188.0,20095.0,20251017,503117685600,0.5591336316736274,1.8766504758336633,7.0,1.1870606054046222
20250512,2025,003850,보령,의약품제조업,8480,235.0,1992800.0,8531.0,8490.0,20251010,727475515360,0.5646567695317558,1.8278837027049986,8.0,-0.004761150028553263
20250512,2025,091700,파트론,전자부품제조업,6770,295.0,1997150.0,6600.0,6949.0,20251229,385890000000,0.5689521863931065,1.8059238149198709,9.0,0.05296343910798851
20250512,2025,008060,대덕,기타금융업,7950,251.0,1995450.0,7956.0,9056.0,20251104,269426692500,0.5782123548145051,1.7360605744581483,10.0,0.13829376247135494
20250512,2025,084010,대한제강,1차철강제조업,16430,121.0,1988030.0,10835.0,,,384698542710,0.5570993638587772,1.6874316987600912,11.0,0.14088657354750866
20250512,2025,236200,슈프리마,통신및방송장비제조업,33350,59.0,1967650.0,34843.0,33947.0,20250714,239895654550,0.5710745977288384,1.6806512834155911,12.0,-0.025716078188880664
20250512,2025,352820,하이브,오디오물출판및원판녹음업,265500,7.0,1858500.0,266909.0,272427.0,20250714,11058631753500,0.5639383333965754,1.622342283425645,13.0,0.020675094428185936
20250512,2025,185750,종근당,의약품제조업,79300,25.0,1982500.0,80522.0,,,1094560454000,0.5577266693505053,1.6175284829511962,14.0,0.06547557775510371
20250512,2025,241560,두산밥캣,특수목적용기계제조업,48050,41.0,1970050.0,48415.0,57106.0,20250714,4605883923250,0.5551291722600921,1.6077814790947766,15.0,0.1795244371973237
20250512,2025,016360,삼성증권,금융지원서비스업,54600,36.0,1965600.0,55497.0,,,4875780000000,0.5273377193226967,1.5888386219467556,16.0,0.4154833282744188
20250512,2025,095700,제넥신,자연과학및공학연구개발업,4455,448.0,1995840.0,4526.0,,,202882900770,0.546520104033139,1.5721013006931326,17.0,0.142780947564366
20250512,2025,025540,한국단자,"전동기,발전기및전기변환ㆍ공급ㆍ제어장치제조업",64300,31.0,1993300.0,65792.0,66786.0,20250714,669684500000,0.5663150040942057,1.5673229532108723,18.0,0.01511440133347075
20250512,2025,271560,오리온,동물용사료및조제식품제조업,123400,16.0,1974400.0,122547.0,121046.0,20250714,4878758688800,0.568532419092133,1.5521714276226055,19.0,-0.01224974909660248
20250512,2025,036890,진성티이씨,특수목적용기계제조업,9430,212.0,1999160.0,9617.0,10698.0,20250714,212007787240,0.5533834832478667,1.5503598262844474,20.0,0.1123645166825038
20250512,2025,280360,롯데웰푸드,동물용사료및조제식품제조업,116100,17.0,1973700.0,116066.0,107901.0,20260114,1095354041400,0.5684128481772095,1.5475671101820114,21.0,-0.07034329151900653
20250512,2025,192400,쿠쿠홀딩스,기타금융업,26500,75.0,1987500.0,26861.0,30899.0,20251212,942397902500,0.5703532022609826,1.5442554433038043,22.0,0.15033113735151726
20250512,2025,086450,동국제약,의약품제조업,15640,127.0,1986280.0,15686.0,18160.0,20250714,701981615400,0.5536228128060308,1.4929606379456355,23.0,0.1577530856841569
20250512,2025,456040,OCI,기초화학물질제조업,58300,34.0,1982200.0,59166.0,57474.0,20250714,521930458500,0.5557895592821029,1.4401098040388165,24.0,-0.028604822534169183
20250512,2025,088350,한화생명,보험업,2675,747.0,1998225.0,2682.0,,,2323317750000,0.5287910674556294,1.409804098439582,25.0,0.5587189651766957
20250512,2025,036540,SFA반도체,반도체제조업,3105,644.0,1999620.0,3110.0,3266.0,20250820,510649240815,0.5368187743711826,1.4051196303164137,26.0,0.050062542650937125
20250512,2025,256840,한국비엔씨,기초의약물질및생물학적제제제조업,4270,468.0,1998360.0,4310.0,5082.0,20250714,292046163220,0.568022991168461,1.384995188986248,27.0,0.1790593466744601
20250512,2025,001820,삼화콘덴서,전자부품제조업,25700,77.0,1978900.0,25901.0,33446.0,20250925,267151500000,0.5524277505909236,1.377046719051501,28.0,0.2912965624605588
20250512,2025,007310,오뚜기,동물용사료및조제식품제조업,397000,5.0,1985000.0,395974.0,410969.0,20250714,1591108510000,0.56361977584641,1.363000265135779,29.0,0.037869744518772785
20250512,2025,092730,네오팜,기타화학제품제조업,14160,141.0,1996560.0,14021.0,18790.0,20250725,226956324240,0.5544673514630517,1.3130864836122753,30.0,0.34019648411088954
20250512,2025,950170,JTC,종합소매업,5910,338.0,1997580.0,5800.0,7000.0,20250714,305820916680,0.5692044718514431,1.3069307281407665,31.0,0.20683765643566088
20250512,2025,190510,나무가,전자부품제조업,13470,148.0,1993560.0,13643.0,17604.0,20250925,203158001790,0.5488368889415288,1.2838490852990605,32.0,0.29033711097925496
20250512,2025,079940,가비아,소프트웨어개발및공급업,19850,100.0,1985000.0,19893.0,30050.0,20250916,268683327400,0.5205113739759926,1.2712239177509437,33.0,0.510535756113031
20250512,2025,004000,롯데정밀화학,기초화학물질제조업,36450,54.0,1968300.0,36342.0,40785.0,20250714,940410000000,0.5481565116802021,1.268089114627517,34.0,0.12223764517644797
20250512,2025,102710,이엔에프테크놀로지,기타화학제품제조업,27100,73.0,1978300.0,27000.0,40354.0,20250714,387200355600,0.552599853048064,1.2654724803814028,35.0,0.4945643244123148
20250512,2025,099190,아이센스,의료용기기제조업,16930,118.0,1997740.0,16914.0,18130.0,20250731,469219571890,0.5334501310496699,1.2614994311001622,36.0,0.07190260897475542
20250512,2025,372320,큐로셀,자연과학및공학연구개발업,26000,76.0,1976000.0,26784.0,33131.0,20250716,372413106000,0.5293703918408443,1.2571806009602158,37.0,0.23697158933994467
20250512,2025,079370,제우스,특수목적용기계제조업,14160,141.0,1996560.0,14002.0,12601.0,20250714,439200578400,0.5437636072893602,1.2339293661627955,38.0,-0.10008690666273268
20250512,2025,101160,월덱스,전자부품제조업,18720,106.0,1984320.0,18775.0,25015.0,20250714,309085788960,0.5464092062336355,1.2208407307679126,39.0,0.3323626664567987
20250512,2025,298050,HS효성첨단소재,화학섬유제조업,190000,10.0,1900000.0,188469.0,211976.0,20250714,851190120000,0.5524713916474224,1.2115026770157618,40.0,0.12472537991479338
20250512,2025,007070,GS리테일,종합소매업,14420,138.0,1989960.0,14175.0,18262.0,20250714,1205618924300,0.5652445708282887,1.2052918538787234,41.0,0.2883674732497965
20250512,2025,336260,두산퓨얼셀,"전동기,발전기및전기변환ㆍ공급ㆍ제어장치제조업",16280,122.0,1986160.0,16022.0,23202.0,20250714,1066237859280,0.5535808533221933,1.198080214141029,42.0,0.44814688135792746
20250512,2025,104830,원익머트리얼즈,기초화학물질제조업,20300,98.0,1989400.0,20338.0,22885.0,20250714,255942400000,0.5446050709637255,1.1880527631838909,43.0,0.12526853053301013
20250512,2025,272290,이녹스첨단소재,전자부품제조업,24450,81.0,1980450.0,24097.0,23495.0,20250714,494566238100,0.5451158984140202,1.187274071767839,44.0,-0.024979471670282583
20250512,2025,200130,콜마비앤에이치,기초의약물질및생물학적제제제조업,14130,141.0,1992330.0,13967.0,15167.0,20250714,415641834540,0.5560776648577455,1.1723839111646788,47.0,0.08595938766061328
20250512,2025,006360,GS건설,건물건설업,18970,105.0,1991850.0,18810.0,18260.0,20251017,1623480865300,0.5516766439315721,1.0699083946482275,63.0,-0.029244247800567336
20250512,2025,002790,아모레퍼시픽홀딩스,기타화학제품제조업,22900,87.0,1992300.0,22934.0,33873.0,20250714,1819592322000,0.5432082649864366,1.026023225313466,67.0,0.47698479054962073
20250512,2025,170900,동아에스티,의약품제조업,46150,43.0,1984450.0,45501.0,52367.0,20251202,431624566750,0.5374325003829785,1.0015223270178817,71.0,0.15090395166070802
20250512,2025,051900,LG생활건강,기타화학제품제조업,323000,6.0,1938000.0,325331.0,339207.0,20250714,5044677631000,0.5412265279786889,0.9754965787940564,78.0,0.04265055328606038
20250512,2025,054950,제이브이엠,일반목적용기계제조업,23400,85.0,1989000.0,23700.0,24802.0,20250714,282903472800,0.5592891296849365,0.8863313739007983,85.0,0.04649373654339439
20250711,2025,001390,KG케미칼,기초화학물질제조업,5130,389.0,1995570.0,5113.0,4776.0,20250911,351246175200,0.6101493897242561,2.5669262631737495,1.0,-0.06577382577714141
20250711,2025,046440,KG모빌리언스,소프트웨어개발및공급업,6010,332.0,1995320.0,5779.0,,,228444920020,0.5753042230294444,2.324161327911136,2.0,-0.11490065092289525
20250711,2025,013030,하이록코리아,1차철강제조업,28900,69.0,1994100.0,29096.0,38490.0,20250911,355338273800,0.5500303426343736,2.0944223080756155,3.0,0.32283694045744915
20250711,2025,069960,현대백화점,종합소매업,78600,25.0,1965000.0,83296.0,79521.0,20250911,1778624701800,0.5724651956572603,1.9171668927878267,4.0,-0.04532488543406887
20250711,2025,203650,드림시큐리티,소프트웨어개발및공급업,3975,503.0,1999425.0,,,,201157872150,0.5567416838931432,1.889610277939296,5.0,0.0
20250711,2025,000640,동아쏘시오홀딩스,기타금융업,121500,16.0,1944000.0,119456.0,105556.0,20250911,794176731000,0.6134399363119604,1.8539843225906745,6.0,-0.1163648582491309
20250711,2025,372320,큐로셀,자연과학및공학연구개발업,31200,64.0,1996800.0,30532.0,38877.0,20250911,446895727200,0.5274690214752371,1.8277301739791707,7.0,0.2733387123230735
20250711,2025,086450,동국제약,의약품제조업,18130,110.0,1994300.0,18160.0,19762.0,20250911,813742115550,0.5645273150844443,1.7993730754845878,8.0,0.08820724387097778
20250711,2025,002790,아모레퍼시픽홀딩스,기타화학제품제조업,32900,60.0,1974000.0,33873.0,27242.0,20250911,2614174122000,0.6010900084837735,1.7317217773218736,9.0,-0.19576643795875226
20250711,2025,054950,제이브이엠,일반목적용기계제조업,25000,80.0,2000000.0,24802.0,33305.0,20250911,302247300000,0.5673934487830743,1.6845594810501132,10.0,0.3428443908927348
20250711,2025,004710,한솔테크닉스,전자부품제조업,6300,317.0,1997100.0,6556.0,,,202292231400,0.5729613426306701,1.6715488294329965,11.0,-0.03586325133149815
20250711,2025,206640,바디텍메드,의료용품및기타의약관련제품제조업,14130,141.0,1992330.0,13974.0,,,331865092800,0.554664909025804,1.6536366732375085,12.0,0.029250633956415584
20250711,2025,078930,GS,기타금융업,52100,38.0,1979800.0,53588.0,46535.0,20250911,4840891193800,0.6015226778349398,1.6221053274070636,13.0,-0.13161571428657792
20250711,2025,015860,일진홀딩스,기타금융업,6160,324.0,1995840.0,6276.0,7004.0,20251106,303980495280,0.6012697418133358,1.61718384729917,14.0,0.11603236782934268
20250711,2025,079940,가비아,소프트웨어개발및공급업,26300,76.0,1998800.0,26498.0,26101.0,20251028,355988489200,0.5448121225613264,1.6103379561745161,15.0,-0.014958168730636379
20250711,2025,000490,대동,특수목적용기계제조업,10460,191.0,1997860.0,10332.0,,,276067202680,0.5707511541362464,1.5442788196619979,16.0,-0.048337535680791466
20250711,2025,253590,네오셈,특수목적용기계제조업,8890,224.0,1991360.0,8707.0,9236.0,20250911,389996867960,0.5681834803247964,1.4905060184182375,17.0,0.0608003266606616
20250711,2025,000990,DB하이텍,반도체제조업,46050,43.0,1980150.0,46798.0,51293.0,20250911,2044554977400,0.5420949707653349,1.4642197297490038,18.0,0.09605090631318491
20250711,2025,001120,LX인터내셔널,상품중개업,31900,62.0,1977800.0,32592.0,30843.0,20250911,1236444000000,0.5904900617006038,1.460937645846821,19.0,-0.05366977958649144
20250711,2025,004490,세방전지,일차전지및축전지제조업,72100,27.0,1946700.0,72339.0,63226.0,20250911,1009400000000,0.5589050698159556,1.3911166039927276,20.0,-0.12598630453165383
20250711,2025,352820,하이브,오디오물출판및원판녹음업,271000,7.0,1897000.0,272427.0,285399.0,20250911,11287718287000,0.5532604429573788,1.391116366532273,21.0,0.04761665133038773
20250711,2025,009900,명신산업,자동차신품부품제조업,8320,240.0,1996800.0,8442.0,9253.0,20250918,436551506560,0.5584169855482615,1.3903140742865387,22.0,0.09609130207868954
20250711,2025,066570,LG전자,통신및방송장비제조업,75300,26.0,1957800.0,77195.0,75896.0,20250911,12322680394200,0.5511609770998225,1.3872770400395817,23.0,-0.016830325845546223
20250711,2025,083450,GST,특수목적용기계제조업,19870,100.0,1987000.0,19687.0,21448.0,20250911,366204100000,0.5623475067156478,1.368287749279389,24.0,0.08946360450541024
20250711,2025,015750,성우하이텍,자동차신품부품제조업,6090,328.0,1997520.0,6299.0,6120.0,20250911,487200000000,0.5577328100341733,1.355750381819697,25.0,-0.028414622941005385
20250711,2025,001230,동국홀딩스,기타금융업,9050,220.0,1991000.0,9269.0,9930.0,20260326,287794371150,0.5868974446267003,1.337536155127063,26.0,0.07139432044898975
20250711,2025,018260,삼성에스디에스,"컴퓨터프로그래밍,시스템통합및관리업",184000,10.0,1840000.0,183636.0,163446.0,20250911,14237515200000,0.5647521541934457,1.3285948966539034,27.0,-0.10994831867016008
20250711,2025,099430,바이오플러스,기초의약물질및생물학적제제제조업,7090,282.0,1999380.0,7089.0,6190.0,20250911,428942582310,0.5629736653680704,1.268002283853159,28.0,-0.12684051536334595
20250711,2025,017390,서울가스,연료용가스제조및배관공급업,70900,28.0,1985200.0,71378.0,68098.0,20260317,354500000000,0.5984932952410245,1.2491003197035553,29.0,-0.0459607355353473
20250711,2025,007310,오뚜기,동물용사료및조제식품제조업,409500,4.0,1638000.0,410969.0,408873.0,20250911,1641206385000,0.5574610444772269,1.2275818028679766,30.0,-0.005101635932211246
20250711,2025,101160,월덱스,전자부품제조업,25000,80.0,2000000.0,25015.0,22560.0,20250911,412774825000,0.5533741573366148,1.2197220377147373,31.0,-0.09813839767286725
20250711,2025,272290,이녹스첨단소재,전자부품제조업,23600,84.0,1982400.0,23495.0,24187.0,20250911,477372728800,0.5529327227670818,1.209539259418045,32.0,0.02943909688646884
20250711,2025,079370,제우스,특수목적용기계제조업,12910,154.0,1988140.0,12601.0,13189.0,20250911,400429340900,0.5536319743028831,1.1857651133918976,33.0,0.04673069693363274
20250711,2025,310200,애니플러스,"영화,비디오물,방송프로그램제작및배급업",5850,341.0,1994850.0,5899.0,4099.0,20250911,286566456150,0.5313585302678044,1.1703054993438724,34.0,-0.3050640068458591
20250711,2025,028050,삼성E&A,"건축기술,엔지니어링및관련기술서비스업",24800,80.0,1984000.0,25355.0,28911.0,20250911,4860800000000,0.5636775774876513,1.162866242430956,35.0,0.14028626356229812
20250711,2025,298050,HS효성첨단소재,화학섬유제조업,214500,9.0,1930500.0,211976.0,198605.0,20250911,960948846000,0.5258350497123461,1.1548319487978145,36.0,-0.06307833485214054
20250711,2025,207940,삼성바이오로직스,기초의약물질및생물학적제제제조업,1057000,1.0,1057000.0,1533239.0,1524414.0,20250911,75230918000000,0.55655825193831,1.1509278144064672,37.0,-0.005755722914453032
20250711,2025,472850,폰드그룹,"섬유,의복,신발및가죽제품소매업",11980,166.0,1988680.0,7117.0,6052.0,20250911,387480317340,0.5431678821307354,1.129346208966389,38.0,-0.14962950977696732
20250711,2025,093320,케이아이엔엑스,"자료처리,호스팅,포털및기타인터넷정보매개서비스업",90200,22.0,1984400.0,90549.0,91517.0,20250911,440176000000,0.5627658957885482,1.1263874189729266,39.0,0.010689939829307438
20250711,2025,092730,네오팜,기타화학제품제조업,15330,130.0,1992900.0,15561.0,19745.0,20250911,245709071370,0.5629249351289857,1.0947123880678868,43.0,0.2688244777927815
20250711,2025,036540,SFA반도체,반도체제조업,3135,637.0,1996995.0,3145.0,3571.0,20250917,515583049905,0.5296089770600324,1.071591663974468,47.0,0.13546407445472153
20250711,2025,051900,LG생활건강,기타화학제품제조업,329500,6.0,1977000.0,339207.0,294160.0,20250911,5146195911500,0.5564939614780408,0.9873736556196498,57.0,-0.13279890841156083
20250711,2025,161890,한국콜마,기타화학제품제조업,105900,18.0,1906200.0,107930.0,78944.0,20250911,2499777654300,0.5564545623653244,0.9867160490039029,58.0,-0.2685598949791571
20250711,2025,200130,콜마비앤에이치,기초의약물질및생물학적제제제조업,15070,132.0,1989240.0,15167.0,14607.0,20251016,443292459060,0.5437704816762463,0.9175646126068273,66.0,-0.03696780518813958
20250711,2025,025540,한국단자,"전동기,발전기및전기변환ㆍ공급ㆍ제어장치제조업",65600,30.0,1968000.0,66786.0,62103.0,20250911,663544000000,0.5610587267630864,0.8820659565057783,68.0,-0.07012168902907923
20250711,2025,102710,이엔에프테크놀로지,기타화학제품제조업,40900,48.0,1963200.0,40354.0,44160.0,20250911,584372492400,0.549049345912446,0.8631163282306721,69.0,0.09432337383605827
20250711,2025,241560,두산밥캣,특수목적용기계제조업,56600,35.0,1981000.0,57106.0,54001.0,20250911,5425453279000,0.5330240511301445,0.754189361100937,79.0,-0.05437964485003988
20250711,2025,271560,오리온,동물용사료및조제식품제조업,120700,16.0,1931200.0,121046.0,110425.0,20250911,4772011132400,0.5437129512532669,0.7529527652741963,80.0,-0.08774171120316965
20250711,2025,036890,진성티이씨,특수목적용기계제조업,10830,184.0,1992720.0,10698.0,12879.0,20250912,243482962440,0.5326120881480644,0.7455619398699391,81.0,0.20387570560757107
20250711,2025,046890,서울반도체,반도체제조업,7060,283.0,1997980.0,6970.0,7770.0,20260130,411636124000,0.5181525821099093,0.7113398252997648,88.0,0.1148461223250612
20250910,2025,054950,제이브이엠,일반목적용기계제조업,33300,60.0,1998000.0,33305.0,26100.0,20251117,402593403600,0.6262108641627796,2.37407244393116,1.0,-0.2163251914712634
20250910,2025,190510,나무가,전자부품제조업,17540,114.0,1999560.0,17295.0,16333.0,20251117,251433707500,0.6083026879485074,2.340773386608964,2.0,-0.05561273178967707
20250910,2025,372320,큐로셀,자연과학및공학연구개발업,39300,50.0,1965000.0,38877.0,42888.0,20251117,565145043300,0.5811502673061636,2.1099508697494076,3.0,0.10318299989510238
20250910,2025,000990,DB하이텍,반도체제조업,50400,39.0,1965600.0,51293.0,70403.0,20251117,2237688835200,0.5891120098593731,2.0692856859981172,4.0,0.3725563011842439
20250910,2025,083310,엘오티베큠,특수목적용기계제조업,12400,161.0,1996400.0,12561.0,13202.0,20251117,220844409200,0.5706107388861561,1.829032567100085,5.0,0.0510803536608313
20250910,2025,010140,삼성중공업,선박및보트건조업,21550,92.0,1982600.0,22340.0,26190.0,20251117,18964000000000,0.5948627166357041,1.8033705833658467,6.0,0.17237069200409127
20250910,2025,001390,KG케미칼,기초화학물질제조업,4840,413.0,1998920.0,4776.0,5419.0,20251117,331390153600,0.5724983919010506,1.7682130883164764,7.0,0.13464132151934383
20250910,2025,196170,알테오젠,자연과학및공학연구개발업,486000,4.0,1944000.0,473130.0,548068.0,20251117,25983974448000,0.5596070214745192,1.7591950211443235,8.0,0.15838759057843577
20250910,2025,256840,한국비엔씨,기초의약물질및생물학적제제제조업,5180,386.0,1999480.0,5104.0,5474.0,20251117,354285509480,0.5826692745406061,1.753658759665375,9.0,0.07260109257132186
20250910,2025,086450,동국제약,의약품제조업,18470,108.0,1994760.0,19762.0,19307.0,20251117,829002585450,0.587768273853868,1.731569073670116,10.0,-0.023004353663822252
20250910,2025,032620,유비케어,소프트웨어개발및공급업,4190,477.0,1998630.0,4205.0,,,218706012410,0.5486595341158155,1.7111509376959215,11.0,-0.028680902788543516
20250910,2025,243070,휴온스,의약품제조업,31400,63.0,1978200.0,31336.0,27848.0,20251224,376161481000,0.5844230946712297,1.6667227849273385,12.0,-0.1113109278813762
20250910,2025,002380,KCC,기타화학제품제조업,418000,4.0,1672000.0,417935.0,427934.0,20251117,3714544878000,0.5775243974504061,1.6147226356609041,13.0,0.023925812903522692
20250910,2025,003000,부광약품,의약품제조업,3520,568.0,1999360.0,3484.0,3850.0,20251117,347299641920,0.5808038895273456,1.5965645037214422,14.0,0.10492151938171634
20250910,2025,004800,효성,기타금융업,89500,22.0,1969000.0,88601.0,141049.0,20251117,1498266426500,0.5748941943328845,1.583128464151944,15.0,0.5919545983801915
20250910,2025,099430,바이오플러스,기초의약물질및생물학적제제제조업,6160,324.0,1995840.0,6190.0,6100.0,20251117,372925229600,0.5741721818617214,1.5609075215455248,16.0,-0.014509599265195572
20250910,2025,013030,하이록코리아,1차철강제조업,38600,51.0,1968600.0,38490.0,33848.0,20251117,474604061200,0.5599738881074506,1.550789256117907,17.0,-0.12059812352237143
20250910,2025,009150,삼성전기,전자부품제조업,180500,11.0,1985500.0,188066.0,215594.0,20251117,13482212128000,0.5732694141416039,1.528799356860174,18.0,0.1463721799526838
20250910,2025,083450,GST,특수목적용기계제조업,21350,93.0,1985550.0,21448.0,29646.0,20251117,393480500000,0.5595484796437863,1.5119021761280014,19.0,0.3822266952973814
20250910,2025,000430,대원강업,자동차신품부품제조업,3975,503.0,1999425.0,4280.0,,,246450000000,0.5763784842404217,1.4736392603009518,20.0,0.0011969477844075982
20250910,2025,000640,동아쏘시오홀딩스,기타금융업,111700,17.0,1898900.0,105556.0,104571.0,20251117,730119677800,0.5686909883183514,1.419683273600678,21.0,-0.009330101541033753
20250910,2025,004490,세방전지,일차전지및축전지제조업,63200,31.0,1959200.0,63226.0,59011.0,20251117,884800000000,0.5557261854019,1.377923864289684,22.0,-0.06665298771176043
20250910,2025,025540,한국단자,"전동기,발전기및전기변환ㆍ공급ㆍ제어장치제조업",61400,32.0,1964800.0,62103.0,61509.0,20251120,621061000000,0.5678131774492142,1.3733669564264177,23.0,-0.009569900213477034
20250910,2025,023530,롯데쇼핑,종합소매업,68100,29.0,1974900.0,67995.0,73092.0,20251117,1926464215500,0.5495766457248774,1.3684953476167485,24.0,0.07495690363005458
20250910,2025,206640,바디텍메드,의료용품및기타의약관련제품제조업,14540,137.0,1991980.0,14397.0,,,341494582400,0.560219446215742,1.3631552173397874,25.0,-0.06656226262284282
20250910,2025,115310,인포바인,전기통신업,82700,24.0,1984800.0,80384.0,,,264051424100,0.50051057832014,1.3618177626831784,26.0,-0.12960748797988353
20250910,2025,051370,인터플렉스,전자부품제조업,9130,219.0,1999470.0,8971.0,9600.0,20251117,212979819360,0.5651074018915563,1.3396265717514004,27.0,0.07011472863212087
20250910,2025,007310,오뚜기,동물용사료및조제식품제조업,394500,5.0,1972500.0,408873.0,389919.0,20251117,1581088935000,0.5565978034758624,1.312885856569778,28.0,-0.046356238221027746
20250910,2025,036890,진성티이씨,특수목적용기계제조업,13080,152.0,1988160.0,12900.0,12280.0,20251117,294068065440,0.5508737854264073,1.2632179690011272,29.0,-0.0480479996261598
20250910,2025,025320,시노펙스,전자부품제조업,6990,286.0,1999140.0,6677.0,6000.0,20251117,613201916040,0.5610846163455259,1.2463895705898977,30.0,-0.10137681759872619
20250910,2025,041020,폴라리스오피스,소프트웨어개발및공급업,5610,356.0,1997160.0,5611.0,4780.0,20251117,278960043780,0.5265746215399836,1.190881265327916,31.0,-0.14794753696771923
20250910,2025,182360,큐브엔터,오디오물출판및원판녹음업,16300,122.0,1988600.0,16307.0,,,263192921500,0.5416652692401638,1.1868856311268978,32.0,-0.16554359584495837
20250910,2025,340570,티앤엘,의료용품및기타의약관련제품제조업,53300,37.0,1972100.0,53194.0,45858.0,20251117,433222400000,0.5515277233435896,1.1868254976603485,33.0,-0.13791152276883922
20250910,2025,137310,에스디바이오센서,의료용기기제조업,10270,194.0,1992380.0,10187.0,9506.0,20251117,1250363277540,0.5530405150443216,1.1762793592875684,34.0,-0.06686596061440575
20250910,2025,093320,케이아이엔엑스,"자료처리,호스팅,포털및기타인터넷정보매개서비스업",90800,22.0,1997600.0,91517.0,86091.0,20251117,443104000000,0.5490222062280812,1.153483226104551,35.0,-0.059283295637094446
20250910,2025,093520,매커스,기계장비및관련물품도매업,25250,79.0,1994750.0,24303.0,23049.0,20251117,357618073000,0.5529405688512338,1.1416433790699574,36.0,-0.05160022060720071
20250910,2025,093050,LF,봉제의복제조업,18800,106.0,1992800.0,18606.0,,,549712000000,0.5318261252465455,1.1410393780976464,37.0,-0.02155626745320205
20250910,2025,300720,한일시멘트,"시멘트,석회,플라스터및그제품제조업",20950,95.0,1990250.0,20942.0,17765.0,20251117,1451029263000,0.5752907583242792,1.1398663738560622,38.0,-0.15168513687861995
20250910,2025,051900,LG생활건강,기타화학제품제조업,292500,6.0,1755000.0,294160.0,289149.0,20251117,4475969257500,0.5514474196152931,1.0689344987065006,43.0,-0.017037044253057854
20250910,2025,207940,삼성바이오로직스,기초의약물질및생물학적제제제조업,1034000,1.0,1034000.0,1524414.0,1664718.0,20251210,73593916000000,0.5521389375635527,1.0610971418349737,46.0,0.09203776568473243
20250910,2025,036540,SFA반도체,반도체제조업,3475,575.0,1998125.0,3546.0,4356.0,20251117,571499552925,0.5418466368869086,1.0342943420600854,50.0,0.22845319825052357
20250910,2025,002790,아모레퍼시픽홀딩스,기타화학제품제조업,27300,73.0,1992900.0,27242.0,27640.0,20251117,2169208314000,0.5492165036436305,1.0222416848545817,52.0,0.014624992231169642
20250910,2025,079370,제우스,특수목적용기계제조업,13070,153.0,1999710.0,13189.0,13789.0,20251117,405392059300,0.5421705473890014,1.0137154739814593,53.0,0.04548207009261862
20250910,2025,271560,오리온,동물용사료및조제식품제조업,108300,18.0,1949400.0,110425.0,105419.0,20251117,4281763095600,0.5400088117067776,0.9952444323069292,55.0,-0.04533052245601177
20250910,2025,028050,삼성E&A,"건축기술,엔지니어링및관련기술서비스업",28650,69.0,1976850.0,28911.0,26312.0,20251117,5615400000000,0.5692643736041235,0.9694071614636897,60.0,-0.0899009626913092
20250910,2025,352820,하이브,오디오물출판및원판녹음업,291500,6.0,1749000.0,285399.0,294482.0,20251117,12141586275500,0.5359652041649366,0.9692209342843573,61.0,0.03182290170132207
20250910,2025,241560,두산밥캣,특수목적용기계제조업,54500,36.0,1962000.0,54001.0,56695.0,20251117,5224155542500,0.538757105114621,0.9158596690036891,67.0,0.049881374269722834
20250910,2025,310200,애니플러스,"영화,비디오물,방송프로그램제작및배급업",4180,478.0,1998040.0,4099.0,,,215400988660,0.5158996641394674,0.8754119626394464,72.0,-0.068195922130593
20250910,2025,078930,GS,기타금융업,46350,43.0,1993050.0,46535.0,59583.0,20251117,4306627770300,0.5477805250133345,0.8687238743164013,74.0,0.28038990545984444
20250910,2025,001120,LX인터내셔널,상품중개업,30700,65.0,1995500.0,30843.0,31000.0,20251117,1189932000000,0.5297824929580117,0.8348055817126866,82.0,0.005103933427617724
20251114,2025,234080,JW생명과학,의약품제조업,14990,133.0,1993670.0,15211.0,,,237359964460,0.6068467290868332,2.225159928206574,1.0,-0.15010146877989272
20251114,2025,053610,프로텍,특수목적용기계제조업,35800,55.0,1969000.0,37403.0,36491.0,20260119,393800000000,0.6051646676920174,1.9563014213193413,2.0,-0.024372829548044317
20251114,2025,282330,BGF리테일,종합소매업,110000,18.0,1980000.0,111078.0,114392.0,20260119,1901229660000,0.573663861248901,1.7483096125305895,3.0,0.029835432876745616
20251114,2025,014830,유니드,기초화학물질제조업,67500,29.0,1957500.0,66835.0,70117.0,20260119,456813000000,0.5709882205514722,1.6839205120914427,4.0,0.04909142800699784
20251114,2025,099430,바이오플러스,기초의약물질및생물학적제제제조업,6420,311.0,1996620.0,6100.0,4970.0,20260119,395733435240,0.5785208301009268,1.6487623974854155,5.0,-0.18515818859755762
20251114,2025,041020,폴라리스오피스,소프트웨어개발및공급업,4840,413.0,1998920.0,4780.0,4314.0,20260119,240671410320,0.5378297089566206,1.6309165074813847,6.0,-0.09752874571517212
20251114,2025,002900,TYM,특수목적용기계제조업,6350,314.0,1993900.0,6390.0,6130.0,20260119,286073570600,0.5854473936798665,1.61425610998302,7.0,-0.04063959854745702
20251114,2025,199820,제일일렉트릭,"전동기,발전기및전기변환ㆍ공급ㆍ제어장치제조업",9840,203.0,1997520.0,9806.0,10252.0,20260128,218644800000,0.5817136772380403,1.5991501987975547,8.0,0.045543633384643956
20251114,2025,005850,에스엘,자동차신품부품제조업,34300,58.0,1989400.0,34821.0,52405.0,20260119,1593184236000,0.562635653623347,1.4946501189985142,9.0,0.5050002170400738
20251114,2025,030520,한글과컴퓨터,소프트웨어개발및공급업,24200,82.0,1984400.0,24094.0,22447.0,20260119,585149804800,0.5314670947631758,1.4706356105846081,10.0,-0.0683534494415089
20251114,2025,196170,알테오젠,자연과학및공학연구개발업,554000,3.0,1662000.0,548068.0,496022.0,20260119,29642206552000,0.5462206605523541,1.4551101785960425,11.0,-0.09496298909913847
20251114,2025,340570,티앤엘,의료용품및기타의약관련제품제조업,45550,43.0,1958650.0,45858.0,43552.0,20260119,370230400000,0.5532467390999094,1.4519017195338342,12.0,-0.05029156197348583
20251114,2025,102120,어보브반도체,반도체제조업,11370,175.0,1989750.0,11557.0,11698.0,20260303,202167161610,0.5531254900037936,1.4392677148199275,13.0,0.012158590899938204
20251114,2025,041510,에스엠,오디오물출판및원판녹음업,101500,19.0,1928500.0,102587.0,113993.0,20260119,2323811035000,0.5295891132377902,1.4269511384327163,14.0,0.11118553247448326
20251114,2025,042370,비츠로테크,기타금융업,8520,234.0,1993680.0,8920.0,10728.0,20260119,223224213000,0.5749384198630844,1.405272590876895,15.0,0.20273488866764366
20251114,2025,025320,시노펙스,전자부품제조업,5970,335.0,1999950.0,6000.0,5620.0,20260119,523769269620,0.5691767832242979,1.3787438672994456,16.0,-0.06331417713116594
20251114,2025,054950,제이브이엠,일반목적용기계제조업,26050,76.0,1979800.0,26100.0,25156.0,20260119,314941686600,0.5543756886875244,1.3478890094945781,17.0,-0.03616603996608991
20251114,2025,352480,씨앤씨인터내셔널,기타화학제품제조업,33300,60.0,1998000.0,33258.0,32406.0,20260123,453875703300,0.555703262875996,1.3414201365268472,18.0,-0.02563737442046321
20251114,2025,017800,현대엘리베이터,일반목적용기계제조업,81800,24.0,1963200.0,81916.0,90417.0,20260119,3197757093000,0.5535746709334715,1.3217660577640464,19.0,0.10376794113079568
20251114,2025,190510,나무가,전자부품제조업,16350,122.0,1994700.0,16333.0,25453.0,20260119,234375206250,0.5650605071184429,1.305138767810155,20.0,0.5583470430544919
20251114,2025,001740,SK네트웍스,기타전문도매업,4610,433.0,1996130.0,4593.0,4474.0,20260119,1020091128220,0.570326799509246,1.295592552483192,21.0,-0.026036264221198646
20251114,2025,001390,KG케미칼,기초화학물질제조업,5710,350.0,1998500.0,5419.0,4841.0,20260119,390958218400,0.5515354928877468,1.2806725836684683,22.0,-0.10676042145182763
20251114,2025,033640,네패스,반도체제조업,16870,118.0,1990660.0,18029.0,16310.0,20260119,389008737740,0.5458339484591623,1.2734135040105066,23.0,-0.09536337550464458
20251114,2025,005010,휴스틸,1차철강제조업,3935,508.0,1998980.0,,,,221100075125,0.5390451014937929,1.2715629715502774,24.0,-0.002396905574257202
20251114,2025,090430,아모레퍼시픽,기타화학제품제조업,127400,15.0,1911000.0,127175.0,119669.0,20260119,7451977496600,0.5521252193219727,1.2616199615377413,25.0,-0.05902174851580588
20251114,2025,272110,케이엔제이,반도체제조업,27300,73.0,1992900.0,29251.0,35650.0,20260326,219093283500,0.5452439534680146,1.2599934126567967,26.0,0.21875997261458302
20251114,2025,025540,한국단자,"전동기,발전기및전기변환ㆍ공급ㆍ제어장치제조업",61300,32.0,1961600.0,60605.0,75215.0,20260119,620049500000,0.5616686479478078,1.2561674539162042,27.0,0.24107830333946945
20251114,2025,004490,세방전지,일차전지및축전지제조업,59800,33.0,1973400.0,59011.0,62894.0,20260119,837200000000,0.5630189834753262,1.2541057066507428,28.0,0.06579139545777268
20251114,2025,272290,이녹스첨단소재,전자부품제조업,24000,83.0,1992000.0,23888.0,24845.0,20260119,485463792000,0.5620533107457009,1.2513656528617498,29.0,0.0400658696607894
20251114,2025,008060,대덕,기타금융업,10230,195.0,1994850.0,10266.0,10027.0,20260119,346696234500,0.5673665859285916,1.2470911989723448,30.0,-0.023212642683772766
20251114,2025,069260,TKG휴켐스,기타화학제품제조업,18240,109.0,1988160.0,17824.0,18424.0,20260119,745625445120,0.5513510412917493,1.2443536702386653,31.0,0.03366562809533735
20251114,2025,011780,금호석유화학,기초화학물질제조업,121900,16.0,1950400.0,120040.0,140660.0,20260119,3173269349800,0.5492380653638331,1.2330477515248661,32.0,0.17178327989611764
20251114,2025,323990,박셀바이오,자연과학및공학연구개발업,10300,194.0,1998200.0,9930.0,9007.0,20260119,239550653500,0.5321749367991535,1.2319133968295493,33.0,-0.09288312901085893
20251114,2025,036890,진성티이씨,특수목적용기계제조업,12460,160.0,1993600.0,12280.0,13729.0,20260119,274526482580,0.5628163947208963,1.2216649698486064,34.0,0.11801245948621353
20251114,2025,086900,메디톡스,기초의약물질및생물학적제제제조업,127000,15.0,1905000.0,124791.0,116335.0,20260119,926909119000,0.554805790290098,1.2136697097801714,35.0,-0.06775725443810487
20251114,2025,243070,휴온스,의약품제조업,29350,68.0,1995800.0,29690.0,,,351603167750,0.5594027562498345,1.1975475923120138,36.0,-0.119074905088003
20251114,2025,000640,동아쏘시오홀딩스,기타금융업,107500,18.0,1935000.0,104571.0,99230.0,20260119,702666655000,0.5648824124335932,1.195194918022337,37.0,-0.05107305256275818
20251114,2025,003000,부광약품,의약품제조업,3900,512.0,1996800.0,3850.0,3810.0,20260119,384792216900,0.5591013148015226,1.1910185237641608,38.0,-0.010397581095072828
20251114,2025,051900,LG생활건강,기타화학제품제조업,294000,6.0,1764000.0,289149.0,263589.0,20260119,4498922946000,0.547565253808279,1.1599202364106205,41.0,-0.08839730577012916
20251114,2025,001120,LX인터내셔널,상품중개업,30850,64.0,1974400.0,31000.0,36196.0,20260119,1195746000000,0.5440266192130264,1.153554978346306,42.0,0.1675985686007455
20251114,2025,241560,두산밥캣,특수목적용기계제조업,57200,34.0,1944800.0,56695.0,60999.0,20260119,5482966918000,0.5566097102104025,1.1139945416519965,46.0,0.07593031133507
20251114,2025,372320,큐로셀,자연과학및공학연구개발업,40150,49.0,1967350.0,42888.0,46149.0,20260119,579469452100,0.5235440948658983,1.0947630315449615,49.0,0.07603457523963875
20251114,2025,051370,인터플렉스,전자부품제조업,8850,225.0,1991250.0,9600.0,10590.0,20260119,206448127200,0.5526465256822823,1.0831584353035189,51.0,0.10309552182281845
20251114,2025,093320,케이아이엔엑스,"자료처리,호스팅,포털및기타인터넷정보매개서비스업",86800,23.0,1996400.0,86091.0,120989.0,20260119,423584000000,0.5521858369007977,1.0575821868932571,54.0,0.40535271960973085
20251114,2025,002790,아모레퍼시픽홀딩스,기타화학제품제조업,27400,72.0,1972800.0,27640.0,25392.0,20260119,2177154132000,0.542584773790346,1.0488418856415538,56.0,-0.08135366469519045
20251114,2025,009150,삼성전기,전자부품제조업,213000,9.0,1917000.0,215594.0,292041.0,20260119,15909757248000,0.5482144132664141,1.003905715872555,60.0,0.35458819788985596
20251114,2025,028050,삼성E&A,"건축기술,엔지니어링및관련기술서비스업",26050,76.0,1979800.0,26312.0,25054.0,20260119,5105800000000,0.5450526255439121,0.9318230155985967,66.0,-0.04782165559721829
20251114,2025,086450,동국제약,의약품제조업,18000,111.0,1998000.0,19307.0,16422.0,20260119,814147560000,0.5465266273216761,0.9186571846599432,68.0,-0.14942838296392924
20251114,2025,083310,엘오티베큠,특수목적용기계제조업,12960,154.0,1995840.0,13202.0,13329.0,20260202,230818027680,0.5422277534100222,0.8645036186988493,79.0,0.009633614563493875
20251114,2025,007310,오뚜기,동물용사료및조제식품제조업,386000,5.0,1930000.0,389919.0,381495.0,20260119,1547022380000,0.5362375196642345,0.8096134707940422,87.0,-0.02160461145140813
20260102,2026,196170,알테오젠,자연과학및공학연구개발업,457000,4.0,1828000.0,468560.0,375555.0,20260310,24452145116000,0.567295674283119,2.2608622513887426,1.0,-0.19849231273439671
20260102,2026,033640,네패스,반도체제조업,16380,122.0,1998360.0,17218.0,16581.0,20260310,377709728760,0.5522881628226939,1.9874628050684402,2.0,-0.03697882090317184
20260102,2026,171090,선익시스템,특수목적용기계제조업,53000,37.0,1961000.0,54002.0,127590.0,20260310,506759712000,0.5871759142785458,1.953739994133818,3.0,1.3626627700574354
20260102,2026,207940,삼성바이오로직스,기초의약물질및생물학적제제제조업,1683000,1.0,1683000.0,1712825.0,1591930.0,20260310,77907670533000,0.5803241396755093,1.9368353131964453,4.0,-0.07058252721123937
20260102,2026,017800,현대엘리베이터,일반목적용기계제조업,87800,22.0,1931600.0,87008.0,88905.0,20260310,3432311403000,0.5661174035833673,1.735398146128169,5.0,0.02180890854583728
20260102,2026,095660,네오위즈,소프트웨어개발및공급업,25400,78.0,1981200.0,24957.0,26103.0,20260310,555163126400,0.5650501402565139,1.5980508496519958,6.0,0.04594253545086113
20260102,2026,000640,동아쏘시오홀딩스,기타금융업,107700,18.0,1938600.0,104681.0,103006.0,20260316,703973941800,0.571047459846919,1.592279749717116,7.0,-0.016000585803918166
20260102,2026,234080,JW생명과학,의약품제조업,12810,156.0,1998360.0,12800.0,,,202840636740,0.5813312087609435,1.5851007724280846,8.0,0.03669371955878287
20260102,2026,066570,LG전자,통신및방송장비제조업,91400,21.0,1919400.0,93014.0,115905.0,20260310,14887815771800,0.5796540725865079,1.4992820518375138,9.0,0.24611229158344727
20260102,2026,293940,신한알파리츠,부동산임대및공급업,5620,355.0,1995100.0,5598.0,,,679683491260,0.5536142261150702,1.48057450239958,10.0,-0.006863713963539242
20260102,2026,004490,세방전지,일차전지및축전지제조업,62400,32.0,1996800.0,61899.0,60006.0,20260310,873600000000,0.5464503071313846,1.4786291345792535,11.0,-0.030581290677960005
20260102,2026,236200,슈프리마,통신및방송장비제조업,39800,50.0,1990000.0,40497.0,47299.0,20260310,288839465400,0.5780887780747112,1.4683518272150224,12.0,0.16796348180476484
20260102,2026,002900,TYM,특수목적용기계제조업,6300,317.0,1997100.0,6590.0,6850.0,20260310,260820000000,0.5641039556467469,1.4476789241256809,13.0,0.03960771960146059
20260102,2026,065710,서호전기,"전동기,발전기및전기변환ㆍ공급ㆍ제어장치제조업",50300,39.0,1961700.0,52002.0,,,259045000000,0.5585835580750802,1.439568094459044,14.0,-0.06957939759676901
20260102,2026,053610,프로텍,특수목적용기계제조업,36350,55.0,1999250.0,37093.0,55403.0,20260310,399850000000,0.5635199299673389,1.4348688864106307,15.0,0.4936477990291983
20260102,2026,069260,TKG휴켐스,기타화학제품제조업,18260,109.0,1990340.0,18194.0,17902.0,20260310,746443016880,0.5674896779948485,1.4187593009668291,16.0,-0.016036168641236137
20260102,2026,190510,나무가,전자부품제조업,17140,116.0,1988240.0,22252.0,19061.0,20260310,245888297500,0.5655108558584073,1.417683789015695,17.0,-0.1434319738036639
20260102,2026,036890,진성티이씨,특수목적용기계제조업,12830,155.0,1988650.0,13698.0,15842.0,20260310,282678553090,0.5618080553821795,1.397320575141924,18.0,0.1564687626597483
20260102,2026,001390,KG케미칼,기초화학물질제조업,5130,389.0,1995570.0,5150.0,4965.0,20260310,344905443900,0.5635968539787898,1.3849100426184047,19.0,-0.03585935524392747
20260102,2026,007310,오뚜기,동물용사료및조제식품제조업,383000,5.0,1915000.0,381487.0,359982.0,20260310,1534998890000,0.5563413691595521,1.3750902573000483,20.0,-0.056371687246164925
20260102,2026,340570,티앤엘,의료용품및기타의약관련제품제조업,47150,42.0,1980300.0,47256.0,50699.0,20260310,383235200000,0.5390371917711893,1.32901274543753,21.0,0.07285598673237614
20260102,2026,035900,JYP Ent.,오디오물출판및원판녹음업,77500,25.0,1937500.0,72713.0,62608.0,20260310,2753768130000,0.578335897888956,1.309664188300989,22.0,-0.13897347803852234
20260102,2026,215000,골프존,소프트웨어개발및공급업,56700,35.0,1984500.0,55994.0,,,355816030500,0.5535307268918629,1.3071171918601059,23.0,-0.12427719509810364
20260102,2026,141080,리가켐바이오,자연과학및공학연구개발업,170800,11.0,1878800.0,176107.0,180487.0,20260310,6253045730400,0.5285909765457705,1.300256316332055,24.0,0.024871529111540003
20260102,2026,093320,케이아이엔엑스,"자료처리,호스팅,포털및기타인터넷정보매개서비스업",124600,16.0,1993600.0,117098.0,,,608048000000,0.5357944395512896,1.2913548748547845,25.0,-0.1332097847789262
20260102,2026,092730,네오팜,기타화학제품제조업,18990,105.0,1993950.0,18352.0,,,304371511110,0.5611930374083444,1.2720755166885176,26.0,-0.09651371282601162
20260102,2026,108380,대양전기공업,선박및보트건조업,26600,75.0,1995000.0,26451.0,28298.0,20260320,254491057800,0.5558973330316537,1.2700681336128756,27.0,0.0698455344587301
20260102,2026,029460,케이씨,"측정,시험,항해,제어및기타정밀기기제조업;광학기기제외",26550,75.0,1991250.0,27437.0,,,351290032650,0.5588594175154848,1.2336907482707744,28.0,0.13593074200887934
20260102,2026,007340,DN오토모티브,일차전지및축전지제조업,23600,84.0,1982400.0,23751.0,27749.0,20260310,1380856414000,0.5361985711580114,1.2237133887517608,29.0,0.16834016038492083
20260102,2026,329180,HD현대중공업,선박및보트건조업,504000,3.0,1512000.0,513013.0,582966.0,20260310,52900457400000,0.5548909829447052,1.2214761899524786,30.0,0.13635729662402363
20260102,2026,241560,두산밥캣,특수목적용기계제조업,56800,35.0,1988000.0,58999.0,59706.0,20260310,5444624492000,0.5529753706271848,1.2035841884965113,31.0,0.01198023753380939
20260102,2026,011780,금호석유화학,기초화학물질제조업,117200,17.0,1992400.0,118672.0,121797.0,20260310,3050920162400,0.5539441835631375,1.1839427907707831,32.0,0.026331294139354533
20260102,2026,000990,DB하이텍,반도체제조업,73700,27.0,1989900.0,75203.0,87692.0,20260310,3206288135600,0.5216924543854283,1.1673626471344534,33.0,0.16607631899510733
20260102,2026,091700,파트론,전자부품제조업,6940,288.0,1998720.0,6839.0,8251.0,20260310,381700000000,0.5531676346876256,1.1585693012735483,34.0,0.2063969721448462
20260102,2026,282330,BGF리테일,종합소매업,104200,19.0,1979800.0,103787.0,120493.0,20260310,1800983005200,0.568427057541101,1.1280279115164746,39.0,0.16096423943833726
20260102,2026,086450,동국제약,의약품제조업,17080,117.0,1998360.0,17340.0,19269.0,20260310,772535573600,0.5623866056252803,1.1163608404898941,40.0,0.11126565917225073
20260102,2026,099430,바이오플러스,기초의약물질및생물학적제제제조업,5120,390.0,1996800.0,5120.0,5011.0,20260310,315600496640,0.5448107438019298,1.0809228594682982,44.0,-0.02145977387516007
20260102,2026,051370,인터플렉스,전자부품제조업,10390,192.0,1994880.0,10350.0,12690.0,20260310,242372434080,0.5486852605289425,1.064473273346483,48.0,0.22616319959545383
20260102,2026,090430,아모레퍼시픽,기타화학제품제조업,126900,15.0,1903500.0,126555.0,129168.0,20260310,7422731117100,0.5521417856267311,1.0612215151708675,49.0,0.020647715766955788
20260102,2026,025320,시노펙스,전자부품제조업,6020,332.0,1998640.0,6021.0,5820.0,20260310,528155946920,0.5483810455203173,1.0580870541389726,50.0,-0.03340803800125225
20260102,2026,102120,어보브반도체,반도체제조업,12720,157.0,1997040.0,12891.0,11719.0,20260312,226171178160,0.5153007817101284,0.9960375810316757,54.0,-0.09091246334221792
20260102,2026,372320,큐로셀,자연과학및공학연구개발업,46500,43.0,1999500.0,48999.0,47502.0,20260310,671116551000,0.5157430511433985,0.9813856335421781,57.0,-0.030555922175287797
20260102,2026,054950,제이브이엠,일반목적용기계제조업,25500,78.0,1989000.0,25403.0,,,308292246000,0.55057034745592,0.9735959553706212,59.0,-0.04710095127708791
20260102,2026,014830,유니드,기초화학물질제조업,67000,29.0,1943000.0,67017.0,81604.0,20260310,453429200000,0.5429120284621074,0.95425486016294,65.0,0.21766108599808054
20260102,2026,041020,폴라리스오피스,소프트웨어개발및공급업,4635,431.0,1997685.0,4660.0,5040.0,20260320,230477683230,0.539461128963875,0.9517762157812668,67.0,0.08157331538523183
20260102,2026,009150,삼성전기,전자부품제조업,270000,7.0,1890000.0,270077.0,402028.0,20260310,20167297920000,0.542099868153854,0.9262297347885468,71.0,0.4885646595548696
20260102,2026,001740,SK네트웍스,기타전문도매업,4440,450.0,1998000.0,4469.0,5269.0,20260310,982473884880,0.5574530616493969,0.9219575567271083,73.0,0.1791904993397222
20260102,2026,025540,한국단자,"전동기,발전기및전기변환ㆍ공급ㆍ제어장치제조업",66300,30.0,1989000.0,69910.0,71208.0,20260310,670624500000,0.5345135988189216,0.9219424853365153,74.0,0.018579059106147877
20260102,2026,030520,한글과컴퓨터,소프트웨어개발및공급업,23600,84.0,1982400.0,22798.0,20300.0,20260310,570641958400,0.537967251754369,0.9140469367723882,79.0,-0.10954333674305217
20260102,2026,005850,에스엘,자동차신품부품제조업,41800,47.0,1964600.0,41658.0,63700.0,20260310,1941548136000,0.560220287816097,0.8755950328823203,85.0,0.5291176905823027
20260309,2026,051370,인터플렉스,전자부품제조업,11220,178.0,1997160.0,12690.0,,,261734235840,0.5607451318112061,1.7445211382901058,1.0,0.1853412924218163
20260309,2026,282330,BGF리테일,종합소매업,115500,17.0,1963500.0,120493.0,,,1996291143000,0.5631496122586946,1.7410385247273534,2.0,0.12821716047896214
20260309,2026,329180,HD현대중공업,선박및보트건조업,576000,3.0,1728000.0,582966.0,,,60457665600000,0.5787045684669446,1.716447451047111,3.0,-0.134457678827687
20260309,2026,007310,오뚜기,동물용사료및조제식품제조업,357500,5.0,1787500.0,359982.0,,,1432799225000,0.5538154141307954,1.7099381239036575,4.0,0.005651773597595611
20260309,2026,033640,네패스,반도체제조업,15550,128.0,1990400.0,16581.0,,,358570591100,0.5587040136275574,1.678898922376866,5.0,0.17735199659801215
20260309,2026,095660,네오위즈,소프트웨어개발및공급업,27800,71.0,1973800.0,26103.0,,,607619484800,0.543150310534899,1.6648526893918607,6.0,-0.09728717388860775
20260309,2026,207940,삼성바이오로직스,기초의약물질및생물학적제제제조업,1579000,1.0,1579000.0,1591930.0,,,73093411629000,0.5690043395965753,1.6119700351367954,7.0,0.017110887943851516
20260309,2026,236200,슈프리마,통신및방송장비제조업,44900,44.0,1975600.0,47299.0,,,313146563900,0.5488023511288793,1.587685432389868,8.0,0.09138436105813552
20260309,2026,064960,SNT모티브,자동차신품부품제조업,32350,61.0,1973350.0,33248.0,,,858577799200,0.5541991654276551,1.5073368629128847,9.0,0.04486512026278522
20260309,2026,000640,동아쏘시오홀딩스,기타금융업,104900,19.0,1993100.0,104594.0,,,685671926600,0.5629866837483919,1.4643268129911724,10.0,-0.03409978676820269
20260309,2026,083930,아바코,특수목적용기계제조업,13750,145.0,1993750.0,14574.0,,,201812173750,0.5456329437722265,1.461408375805616,11.0,0.04698902564132834
20260309,2026,278470,에이피알,기타화학제품제조업,296500,6.0,1779000.0,301526.0,,,11098930457500,0.5641770478008642,1.4451904703128187,12.0,0.10281296032913723
20260309,2026,340570,티앤엘,의료용품및기타의약관련제품제조업,49150,40.0,1966000.0,50699.0,,,399491200000,0.5550273002272531,1.4321046844478234,13.0,0.06610421720900095
20260309,2026,036890,진성티이씨,특수목적용기계제조업,13180,151.0,1990180.0,15842.0,,,290389971140,0.543537901310005,1.4139519735064758,14.0,0.21455908436598214
20260309,2026,069620,대웅제약,의약품제조업,162100,12.0,1945200.0,164424.0,,,1878183807500,0.5646361707823916,1.3973287989621141,15.0,0.03008985101210948
20260309,2026,123410,코리아에프티,자동차신품부품제조업,7200,277.0,1994400.0,7570.0,,,200455660800,0.5506983593529372,1.389306747780379,16.0,0.015342071370621602
20260309,2026,003850,보령,의약품제조업,9120,219.0,1997280.0,9209.0,,,782379327840,0.5636232649996079,1.3750914984705205,17.0,0.05825001789429485
20260309,2026,011200,HMM,해상운송업,20650,96.0,1982400.0,20899.0,,,19477864080500,0.5537695098750538,1.3521196522209717,18.0,-0.04788172304408722
20260309,2026,196170,알테오젠,자연과학및공학연구개발업,366500,5.0,1832500.0,375555.0,,,19609871302000,0.5288490902238531,1.3342537358953335,19.0,0.039455934642485424
20260309,2026,259960,크래프톤,소프트웨어개발및공급업,218500,9.0,1966500.0,236948.0,,,10357903133500,0.5324712913634307,1.3206015727850324,20.0,0.16505105694802946
20260309,2026,030520,한글과컴퓨터,소프트웨어개발및공급업,19900,100.0,1990000.0,20300.0,,,481176905600,0.5322465360352024,1.3133563125730605,21.0,0.027615903566634126
20260309,2026,102940,코오롱생명과학,기초의약물질및생물학적제제제조업,56800,35.0,1988000.0,57105.0,,,741967210400,0.5562911310064353,1.290969567139142,22.0,0.1354926179010636
20260309,2026,166090,하나머티리얼즈,반도체제조업,61800,32.0,1977600.0,62598.0,,,1222260253200,0.5415003867356396,1.2816571115020092,23.0,0.02586990507496334
20260309,2026,099430,바이오플러스,기초의약물질및생물학적제제제조업,4895,408.0,1997160.0,5011.0,,,301731334190,0.5554311098700379,1.269254577936056,24.0,0.0560662939998684
20260309,2026,014830,유니드,기초화학물질제조업,84500,23.0,1943500.0,81604.0,,,571862200000,0.556149188993033,1.2633339421622507,25.0,-0.0059447274452746335
20260309,2026,140860,파크시스템스,"측정,시험,항해,제어및기타정밀기기제조업;광학기기제외",265500,7.0,1858500.0,286491.0,,,1857564643500,0.5539335713300886,1.2555092210854542,26.0,-0.037632156801531425
20260309,2026,425420,티에프이,전자부품제조업,40550,49.0,1986950.0,50894.0,,,485006790500,0.5412543904462607,1.2533269216591116,27.0,0.7017471566764573
20260309,2026,069260,TKG휴켐스,기타화학제품제조업,17350,115.0,1995250.0,17902.0,,,709243501800,0.5549262769298556,1.2427270499176282,28.0,0.048870537880694176
20260309,2026,241560,두산밥캣,특수목적용기계제조업,56700,35.0,1984500.0,59706.0,,,5435038885500,0.5358723960274083,1.2403147756563846,29.0,0.05102929203118345
20260309,2026,190510,나무가,전자부품제조업,17980,111.0,1995780.0,19061.0,,,253253999660,0.5405207031598234,1.2348369655735085,30.0,-0.04172024153143772
20260309,2026,141080,리가켐바이오,자연과학및공학연구개발업,190300,10.0,1903000.0,180487.0,,,6966947321400,0.5246717918827027,1.232440777423481,31.0,0.1219894885119357
20260309,2026,067310,하나마이크론,반도체제조업,31950,62.0,1980900.0,34149.0,,,2122385015700,0.5391846275387884,1.2281848766827654,32.0,-0.026546657961427078
20260309,2026,001390,KG케미칼,기초화학물질제조업,5070,394.0,1997580.0,4965.0,,,340871462100,0.55328092525573,1.2028495739284641,33.0,0.05715750857954327
20260309,2026,086450,동국제약,의약품제조업,18860,106.0,1999160.0,19269.0,,,853045721200,0.5556716100697431,1.200521125701082,34.0,0.18241938350806097
20260309,2026,025540,한국단자,"전동기,발전기및전기변환ㆍ공급ㆍ제어장치제조업",68100,29.0,1974900.0,71208.0,,,688831500000,0.5590921900196837,1.194901386282341,35.0,0.1554931443740175
20260309,2026,160980,싸이맥스,특수목적용기계제조업,20000,100.0,2000000.0,21700.0,,,218484860000,0.5335926131365153,1.188673677217646,36.0,0.27999121926023585
20260309,2026,336570,원텍,의료용기기제조업,6940,288.0,1998720.0,7000.0,,,624384145180,0.5365813484673913,1.1820669732918325,37.0,0.03450521546236618
20260309,2026,251270,넷마블,소프트웨어개발및공급업,55200,36.0,1987200.0,55203.0,,,4524212479200,0.5280296639906826,1.1774203350637635,38.0,-0.054405197310755216
20260309,2026,000070,삼양홀딩스,기타금융업,68200,29.0,1977800.0,70003.0,,,529449626200,0.5513867813702908,1.1726476442947351,39.0,0.0336911620241398
20260309,2026,015750,성우하이텍,자동차신품부품제조업,7690,260.0,1999400.0,9391.0,,,615200000000,0.5440699758490619,1.165829968031064,40.0,0.16502115013982532
20260309,2026,290740,액트로,전자부품제조업,21950,91.0,1997450.0,25948.0,,,220926991450,0.5371998074432656,1.1511457021441145,41.0,-0.08428443284874387
20260309,2026,002900,TYM,특수목적용기계제조업,6500,307.0,1995500.0,6850.0,,,269100000000,0.5317513106885494,1.146964933218059,42.0,0.05064714557091543
20260309,2026,204620,글로벌텍스프리,금융지원서비스업,4160,480.0,1996800.0,4420.0,,,292378652800,0.528601128366964,1.1460021302705923,43.0,0.21643156722615053
20260309,2026,101160,월덱스,전자부품제조업,28500,70.0,1995000.0,30804.0,,,470563300500,0.536961187585342,1.1451321446302791,44.0,0.05250255690585748
20260309,2026,229640,LS에코에너지,기타금융업,39250,50.0,1962500.0,40856.0,,,1202026500750,0.5501264909609298,1.1409576828677754,45.0,0.12854464057551107
20260309,2026,183300,코미코,특수목적용기계제조업,97000,20.0,1940000.0,108009.0,,,1014686348000,0.5314480948384835,1.1400965600830608,46.0,0.10815496714089101
20260309,2026,025320,시노펙스,전자부품제조업,5600,357.0,1999200.0,5820.0,,,516065216800,0.5340441504324623,1.0716186875296072,55.0,0.050096252572579436
20260309,2026,017800,현대엘리베이터,일반목적용기계제조업,86200,23.0,1982600.0,88905.0,,,3369763587000,0.5475104786768635,0.9663133192979163,70.0,0.010356361504671119
20260309,2026,004490,세방전지,일차전지및축전지제조업,57900,34.0,1968600.0,60006.0,,,802494000000,0.5499752159736526,0.9635791755785545,71.0,0.04483415119554257
20260309,2026,171090,선익시스템,특수목적용기계제조업,122200,16.0,1955200.0,127590.0,,,1223846930800,0.5218659004030735,0.9230429765708564,76.0,-0.2405196235427639
