date,test_year,stock_code,name,sector,closing_price,shares,invested_krw,buy_price,sell_price,sell_date,market_cap,score,score_rank,rank_pos,forward_return_42d_lag1_close
20180102,2018,036540,SFA반도체,반도체제조업,2345,852.0,1997940.0,2389.0,2574.0,20180307,330824643415,0.5313488949326535,2.108450229509765,1.0,0.0777094908290692
20180102,2018,042670,HD현대인프라코어,특수목적용기계제조업,9080,220.0,1997600.0,7722.0,7433.0,20180307,1888617872040,0.5240873860701825,2.095672817463191,2.0,-0.037376352641876776
20180102,2018,090430,아모레퍼시픽,기타화학제품제조업,312500,6.0,1875000.0,311782.0,282765.0,20180307,18268278125000,0.5269019272215807,2.0568910582203617,3.0,-0.0930688048931827
20180102,2018,048260,오스템임플란트,의료용기기제조업,59100,33.0,1950300.0,489284.0,446006.0,20180307,844285874700,0.5244660180567442,1.868647173419706,4.0,-0.08845189489732097
20180102,2018,051910,LG화학,기초화학물질제조업,411000,4.0,1644000.0,409975.0,385355.0,20180307,29013452973000,0.5272313505241828,1.754517864536067,5.0,-0.06005154576976279
20180102,2018,214370,케어젠,기초의약물질및생물학적제제제조업,88300,22.0,1942600.0,13764.0,13734.0,20180307,948606900000,0.5241756273374505,1.7050725903098722,6.0,-0.0021454608522941676
20180102,2018,000880,한화,기타화학제품제조업,43250,46.0,1989500.0,43012.0,41707.0,20180307,3241965288750,0.5239346983493323,1.687753467526506,7.0,-0.0303402093442805
20180102,2018,168330,내츄럴엔도텍,자연과학및공학연구개발업,23750,84.0,1995000.0,46564.0,39772.0,20180307,480487200000,0.5175391268248173,1.6534174538436646,8.0,-0.145853076948103
20180102,2018,009150,삼성전기,전자부품제조업,101000,19.0,1919000.0,99955.0,91553.0,20180307,7544063296000,0.5313327477353542,1.6267354603599844,9.0,-0.08405113351927485
20180102,2018,034220,LG디스플레이,전자부품제조업,29850,67.0,1999950.0,28449.0,25530.0,20180307,10680798645000,0.5312627794720859,1.6207418124862394,10.0,-0.10262202668976994
20180102,2018,001060,JW중외제약,의약품제조업,45600,43.0,1960800.0,39005.0,35316.0,20180307,873296407200,0.5243797915308985,1.5061712181696356,11.0,-0.09458541142848576
20180102,2018,249420,일동제약,의약품제조업,22650,88.0,1993200.0,20975.0,21429.0,20180307,444603463800,0.5241142742837224,1.4804326208746188,12.0,0.021690162715970907
20180102,2018,122990,와이솔,전자부품제조업,14450,138.0,1994100.0,14367.0,15068.0,20180307,331972320350,0.5293008255340623,1.452676171012131,13.0,0.048816051163691254
20180102,2018,034730,SK,기타금융업,283000,7.0,1981000.0,280476.0,294036.0,20180307,19911964051000,0.5304240971925063,1.3737849142958576,14.0,0.04834861570640103
20180102,2018,170900,동아에스티,의약품제조업,100000,20.0,2000000.0,89302.0,93628.0,20180307,844386800000,0.5224747208689429,1.321498293498585,15.0,0.048445780362107005
20180102,2018,078930,GS,기타금융업,62500,32.0,2000000.0,61248.0,65939.0,20180307,5807211125000,0.5297237416132136,1.3213817522726652,16.0,0.07658467598508656
20180102,2018,023530,롯데쇼핑,종합소매업,200500,9.0,1804500.0,204422.0,198911.0,20180307,5638470423500,0.5284842298031571,1.31292582220989,17.0,-0.02696060865867178
20180102,2018,222800,심텍,전자부품제조업,10500,190.0,1995000.0,9804.0,8959.0,20180907,238906069500,0.5274575714786292,1.2947786438468385,18.0,-0.08624938153009187
20180102,2018,052790,액토즈소프트,소프트웨어개발및공급업,17700,112.0,1982400.0,19606.0,23714.0,20180308,200552292600,0.5170638633629856,1.2861326859580806,19.0,0.2095250546450509
20180102,2018,004150,한솔홀딩스,기타금융업,4565,438.0,1999470.0,4838.0,5412.0,20190712,211632811115,0.5292005681128323,1.2822360004327136,20.0,0.11863375909643126
20180102,2018,012330,현대모비스,자동차신품부품제조업,257000,7.0,1799000.0,255830.0,213936.0,20180307,25017372791000,0.5312003777267195,1.227783392396451,21.0,-0.16375793774114666
20180102,2018,015750,성우하이텍,자동차신품부품제조업,6420,311.0,1996620.0,5950.0,6208.0,20180307,385200000000,0.5311953206325988,1.2274243442017874,22.0,0.043293586028839925
20180102,2018,145020,휴젤,기초의약물질및생물학적제제제조업,555000,3.0,1665000.0,190431.0,197568.0,20180307,2390776275000,0.5202008655365227,1.2100089513910137,23.0,0.037481044795051544
20180102,2018,105630,한세실업,봉제의복제조업,26700,74.0,1975800.0,26588.0,21446.0,20180307,1068000000000,0.5162523911555641,1.181080686674329,24.0,-0.19340120270294792
20180102,2018,214320,이노션,광고업,73600,27.0,1987200.0,34879.0,29928.0,20180307,1472000000000,0.5259511442066381,1.1482748683351203,25.0,-0.14193951096383517
20180102,2018,267260,HD현대일렉트릭,"전동기,발전기및전기변환ㆍ공급ㆍ제어장치제조업",115500,17.0,1963500.0,50589.0,36583.0,20180307,1178767936500,0.5159603281913561,1.1286952314685152,26.0,-0.27685305907182634
20180102,2018,017800,현대엘리베이터,일반목적용기계제조업,55500,36.0,1998000.0,37945.0,41747.0,20180307,1367104471500,0.520786163563409,1.1283370182723407,27.0,0.10019953599013576
20180102,2018,022100,포스코DX,"건축기술,엔지니어링및관련기술서비스업",8460,236.0,1996560.0,8506.0,7963.0,20180307,1286213807340,0.5206673056162707,1.1108098726375328,28.0,-0.0637717138887427
20180102,2018,023410,유진기업,"시멘트,석회,플라스터및그제품제조업",4840,413.0,1998920.0,4778.0,5950.0,20180307,365426630800,0.5228903647308332,1.1000157094032923,29.0,0.245321457800461
20180102,2018,096530,씨젠,의료용품및기타의약관련제품제조업,33600,59.0,1982400.0,17863.0,17566.0,20180307,881463072000,0.5263503247261816,1.0944844283892023,30.0,-0.016670866426113817
20180102,2018,215790,이노인스트루먼트,통신및방송장비제조업,2135,936.0,1998360.0,9086.0,8156.0,20180413,213320121980,0.5267340987505127,1.0914258915181112,31.0,-0.10231400745479091
20180102,2018,056190,에스에프에이,특수목적용기계제조업,37900,52.0,1970800.0,37960.0,35954.0,20180307,1360942004000,0.5148038147857363,1.0909266701522786,32.0,-0.05284789615078067
20180102,2018,122870,와이지엔터테인먼트,오디오물출판및원판녹음업,28600,69.0,1973400.0,28239.0,27342.0,20180307,520111277400,0.5183121740290633,1.0842365075977267,33.0,-0.03178472627848583
20180102,2018,086450,동국제약,의약품제조업,63000,31.0,1953000.0,12264.0,13266.0,20180307,560196000000,0.5200235646612684,1.0838891618603097,34.0,0.08162872267438326
20180102,2018,144960,뉴파워프라즈마,특수목적용기계제조업,26550,75.0,1991250.0,5509.0,5700.0,20180307,219046447350,0.5147143213724829,1.081240940445351,35.0,0.034670990106006494
20180102,2018,161390,한국타이어앤테크놀로지,고무제품제조업,55000,36.0,1980000.0,54027.0,55426.0,20180307,6813128795000,0.5255407994205133,1.0789365005402285,36.0,0.025890022440698157
20180102,2018,098460,고영,특수목적용기계제조업,81600,24.0,1958400.0,16053.0,18584.0,20180307,1116773601600,0.5146564771141946,1.0749805484174948,37.0,0.15764210913286614
20180102,2018,111770,영원무역,상품종합도매업,31350,63.0,1975050.0,31507.0,27016.0,20180307,1389164521800,0.5229202081874375,1.0692393249420522,38.0,-0.14254256903012463
20180102,2018,010130,고려아연,1차비철금속제조업,499500,4.0,1998000.0,486657.0,506129.0,20180307,9425565000000,0.5307247898240308,1.0634943415402034,39.0,0.04000986875671231
20180102,2018,004990,롯데지주,기타식품제조업,65500,30.0,1965000.0,69357.0,60850.0,20180307,4826236500000,0.5229131763470116,1.063207118396399,40.0,-0.12265978267417255
20180102,2018,097950,CJ제일제당,기타식품제조업,371500,5.0,1857500.0,371136.0,322579.0,20180307,4895161882000,0.5228129140355572,1.0544779962195414,41.0,-0.13083265768608232
20180102,2018,009830,한화솔루션,기초화학물질제조업,32550,61.0,1985550.0,39787.0,37247.0,20180307,5364544635450,0.520320603514101,1.0523958366040602,42.0,-0.06384939943292889
20180102,2018,108670,LX하우시스,플라스틱제품제조업,96700,20.0,1934000.0,97679.0,79180.0,20180307,867173689000,0.5206469737625017,1.052104515383719,43.0,-0.18938322349650738
20180102,2018,120110,코오롱인더,화학섬유제조업,87000,22.0,1914000.0,88391.0,67056.0,20180307,2218488342000,0.5200462319771377,1.051943753961666,44.0,-0.24137568301586054
20180102,2018,014820,동원시스템즈,플라스틱제품제조업,47150,42.0,1980300.0,47287.0,37615.0,20180713,1207912793650,0.5206305439943033,1.0499860228751747,45.0,-0.20453354938410584
20180102,2018,095660,네오위즈,소프트웨어개발및공급업,12750,156.0,1989000.0,12666.0,14771.0,20180307,279416352000,0.5151215001244431,1.0493045374944316,46.0,0.16617415325578966
20180102,2018,036830,솔브레인홀딩스,기타화학제품제조업,65800,30.0,1974000.0,31420.0,27822.0,20180307,1144806231800,0.5187653984187603,1.0446676106208,47.0,-0.11450672902750625
20180102,2018,011170,롯데케미칼,기초화학물질제조업,360500,5.0,1802500.0,346212.0,424447.0,20180307,12356288549500,0.5201398984586424,1.0340364610096286,48.0,0.22597391638355124
20180102,2018,079160,CJ CGV,"영화,비디오물,방송프로그램제작및배급업",75600,26.0,1965600.0,44871.0,42022.0,20180307,1599795262800,0.5245367741348598,0.995065933755119,49.0,-0.06350091389276957
20180102,2018,091700,파트론,전자부품제조업,9900,202.0,1999800.0,9887.0,9437.0,20180307,536148459000,0.5238203580348473,0.9832062879620443,50.0,-0.04556073206669631
20180306,2018,042670,HD현대인프라코어,특수목적용기계제조업,9260,215.0,1990900.0,7433.0,8626.0,20180508,1927401226060,0.5284024361417391,2.294407915998023,1.0,0.16045100732785533
20180306,2018,009830,한화솔루션,기초화학물질제조업,30950,64.0,1980800.0,37247.0,33075.0,20180508,5100849661050,0.5351092501465204,2.256656586633104,2.0,-0.11199631540127508
20180306,2018,041960,코미팜,의약품제조업,40200,49.0,1969800.0,31379.0,27028.0,20180508,2218647607800,0.5300471940693904,2.213877065504063,3.0,-0.13867204220329998
20180306,2018,009150,삼성전기,전자부품제조업,92100,21.0,1934100.0,91553.0,115927.0,20180508,6879289401600,0.5303639459859446,1.9691854609476107,4.0,0.26622505033760424
20180306,2018,003550,LG,기타금융업,85800,23.0,1973400.0,81237.0,72416.0,20180508,14805401839800,0.5335514235443666,1.9058382323237781,5.0,-0.10858298214596485
20180306,2018,095340,ISC,전자부품제조업,17750,112.0,1988000.0,17034.0,16953.0,20200601,241444339500,0.5287992375622649,1.771221222154743,6.0,-0.004797930782204807
20180306,2018,090430,아모레퍼시픽,기타화학제품제조업,278000,7.0,1946000.0,282765.0,347912.0,20180508,16251460220000,0.5263452007259406,1.7339645662139007,7.0,0.23039507388584424
20180306,2018,051910,LG화학,기초화학물질제조업,387500,5.0,1937500.0,385355.0,330883.0,20180508,27354532912500,0.5296286138664545,1.6889383130645184,8.0,-0.1413561948925085
20180306,2018,034220,LG디스플레이,전자부품제조업,28550,70.0,1998500.0,25530.0,20638.0,20180508,10215638235000,0.5279790280138034,1.6674497101883319,9.0,-0.19159131991650147
20180306,2018,012330,현대모비스,자동차신품부품제조업,219500,9.0,1975500.0,213936.0,234380.0,20180508,21366977928500,0.5324027513232612,1.598744871732785,10.0,0.09555935217806333
20180306,2018,034730,SK,기타금융업,295500,6.0,1773000.0,294036.0,299530.0,20180508,20791467763500,0.5297702319438108,1.5848586450520614,11.0,0.018685034503529874
20180306,2018,003060,에이프로젠바이오로직스,의약품제조업,4200,476.0,1999200.0,24312.0,23164.0,20180508,363134020200,0.5230126366415673,1.520829432485791,12.0,-0.04721136693455408
20180306,2018,000880,한화,기타화학제품제조업,42200,47.0,1983400.0,41707.0,39207.0,20180508,3163258617000,0.5242524903964937,1.4983987306021112,13.0,-0.059942047269399
20180306,2018,041140,넥슨지티,소프트웨어개발및공급업,11550,173.0,1998150.0,11514.0,10767.0,20180508,408561869100,0.5209290069873584,1.4755970181822033,14.0,-0.06491115294489991
20180306,2018,098460,고영,특수목적용기계제조업,91600,21.0,1923600.0,18584.0,18747.0,20180508,1253633111600,0.5211470400797437,1.4748846651736258,15.0,0.008769842635360403
20180306,2018,111770,영원무역,상품종합도매업,27850,71.0,1977350.0,27016.0,29872.0,20180508,1234074383800,0.5298367990311218,1.466190747058119,16.0,0.10569564349153637
20180306,2018,005440,현대지에프홀딩스,종합소매업,14250,140.0,1995000.0,9310.0,10100.0,20180508,1392288868500,0.5274260344161299,1.4329820950528611,17.0,0.08482290804240544
20180306,2018,048260,오스템임플란트,의료용기기제조업,52300,38.0,1987400.0,446006.0,431636.0,20180508,747142999100,0.5159702957783546,1.4268830536510113,18.0,-0.03221767383599894
20180306,2018,115160,휴맥스,영상및음향기기제조업,8510,235.0,1999850.0,7956.0,5070.0,20210728,203489400980,0.5288602415689355,1.3919695859144534,19.0,-0.3627045143395198
20180306,2018,251270,넷마블,소프트웨어개발및공급업,144000,13.0,1872000.0,141915.0,134422.0,20180508,12243913920000,0.5192677413597442,1.323168328496645,20.0,-0.05279514527456797
20180306,2018,006120,SK디스커버리,화학섬유제조업,42950,46.0,1975700.0,42161.0,36352.0,20180622,463184954850,0.5257406882174793,1.3180651395653484,21.0,-0.13778608248571322
20180306,2018,066570,LG전자,통신및방송장비제조업,106000,18.0,1908000.0,106827.0,94754.0,20180508,17346668284000,0.5239385959556256,1.291928079858384,22.0,-0.11301585721755802
20180306,2018,012630,HDC,건물건설업,36950,54.0,1995300.0,27299.0,27013.0,20180620,2785445451000,0.5326007911597148,1.290205927560312,23.0,-0.010450329479086529
20180306,2018,046890,서울반도체,반도체제조업,23500,85.0,1997500.0,22753.0,18701.0,20180508,1370176900000,0.5237466924769034,1.258282060434729,24.0,-0.17809321506766473
20180306,2018,183190,아세아시멘트,"시멘트,석회,플라스터및그제품제조업",108000,18.0,1944000.0,10588.0,15633.0,20180508,420747372000,0.5224046388080716,1.2466223953650264,25.0,0.4765017327375747
20180306,2018,054950,제이브이엠,일반목적용기계제조업,54400,36.0,1958400.0,27917.0,16606.0,20200813,344401395200,0.5221216068044909,1.2134609300205186,26.0,-0.405152529384175
20180306,2018,182400,엔케이젠바이오텍코리아,기초의약물질및생물학적제제제조업,21450,93.0,1994850.0,18675.0,16356.0,20180508,522408036150,0.521030724054724,1.2097620087628376,27.0,-0.12418364424485162
20180306,2018,096530,씨젠,의료용품및기타의약관련제품제조업,35750,55.0,1966250.0,17566.0,16231.0,20180508,937866215000,0.5226457823128896,1.205716562659586,28.0,-0.07597932327407009
20180306,2018,096770,SK이노베이션,기타금융업,204500,9.0,1840500.0,199998.0,196636.0,20180508,18909207838000,0.5251964960368827,1.1966011805321926,29.0,-0.016810399728543923
20180306,2018,196170,알테오젠,자연과학및공학연구개발업,18900,105.0,1984500.0,5058.0,9166.0,20180508,238335237000,0.5289668832231854,1.186056739145203,30.0,0.8122879317512821
20180306,2018,005930,삼성전자,통신및방송장비제조업,2351000,0.0,0.0,48528.0,51196.0,20180511,301836647394000,0.5230456534306398,1.1837774531568197,31.0,0.054972283626985696
20180306,2018,108670,LX하우시스,플라스틱제품제조업,81200,24.0,1948800.0,79180.0,77576.0,20180508,728174804000,0.521721985699824,1.1775983206575997,32.0,-0.020267715004075204
20180306,2018,145020,휴젤,기초의약물질및생물학적제제제조업,582000,3.0,1746000.0,197568.0,161297.0,20180508,2507084310000,0.5207964287017339,1.1726160994922799,33.0,-0.1835872641084122
20180306,2018,214370,케어젠,기초의약물질및생물학적제제제조업,86000,23.0,1978000.0,13734.0,14645.0,20180508,923898000000,0.5207940392196775,1.1722372636231964,34.0,0.06630681218454404
20180306,2018,007310,오뚜기,기타식품제조업,695000,2.0,1390000.0,692979.0,750030.0,20180508,2390800000000,0.5255428640844142,1.1575603211703973,35.0,0.08232788414568804
20180306,2018,000270,기아,자동차용엔진및자동차제조업,34000,58.0,1972000.0,33051.0,33805.0,20180508,13782353798000,0.5271655698334012,1.1546924032515515,36.0,0.02283132049152492
20180306,2018,030520,한글과컴퓨터,소프트웨어개발및공급업,16900,118.0,1994200.0,16379.0,15332.0,20180508,390089365900,0.5172606138803638,1.1390052382428653,37.0,-0.06395345575117506
20180306,2018,097950,CJ제일제당,기타식품제조업,322500,6.0,1935000.0,322579.0,342577.0,20180508,4853265735000,0.525258387461832,1.1344306720501238,38.0,0.06199227455017864
20180306,2018,004990,롯데지주,기타식품제조업,61900,32.0,1980800.0,60850.0,61043.0,20180508,4560977700000,0.5252131808831504,1.1307551071009148,39.0,0.0031785474417418413
20180306,2018,122870,와이지엔터테인먼트,오디오물출판및원판녹음업,27700,72.0,1994400.0,27342.0,27242.0,20180508,503744139300,0.5273754922305052,1.0646321329818442,45.0,-0.003655079982245679
20180306,2018,022100,포스코DX,"건축기술,엔지니어링및관련기술서비스업",8010,249.0,1994490.0,7963.0,6974.0,20180508,1217798179290,0.5229567007782875,1.0444581609525594,47.0,-0.1241959150833688
20180306,2018,120110,코오롱인더,화학섬유제조업,68300,29.0,1980700.0,67056.0,67761.0,20180508,1752571648100,0.5226247702696638,0.9894413137875093,52.0,0.010511759104020468
20180306,2018,010130,고려아연,1차비철금속제조업,491500,4.0,1966000.0,506129.0,432314.0,20180508,9274605000000,0.526835351607467,0.9873157305614223,53.0,-0.14584077292875408
20180306,2018,001060,JW중외제약,의약품제조업,41850,47.0,1966950.0,35316.0,33772.0,20180508,821816192250,0.5174583832910645,0.9736219958779492,55.0,-0.04370995645216025
20180306,2018,079160,CJ CGV,"영화,비디오물,방송프로그램제작및배급업",67200,29.0,1948800.0,42022.0,45852.0,20180508,1422040233600,0.5227009110391546,0.9676307732034389,56.0,0.0911509268860311
20180306,2018,105630,한세실업,봉제의복제조업,21800,91.0,1983800.0,21446.0,20248.0,20180508,872000000000,0.5159628581066522,0.894988206708203,64.0,-0.05587655603783204
20180306,2018,056190,에스에프에이,특수목적용기계제조업,36100,55.0,1985500.0,35954.0,33309.0,20180508,1296306236000,0.5159091573312753,0.8832468468129214,67.0,-0.07356496739023255
20180306,2018,091700,파트론,전자부품제조업,9290,215.0,1997350.0,9437.0,7978.0,20180508,503113048900,0.5217651987551413,0.8812866394438005,68.0,-0.15450884095344353
20180306,2018,168330,내츄럴엔도텍,자연과학및공학연구개발업,20500,97.0,1988500.0,39772.0,33775.0,20180508,414736320000,0.5229754316198271,0.8523991943425036,72.0,-0.15079574503093884
20180306,2018,015750,성우하이텍,자동차신품부품제조업,6640,301.0,1998640.0,6208.0,4323.0,20180706,398400000000,0.5227219646867323,0.8522474189126803,73.0,-0.3036683013388721
20180504,2018,031980,피에스케이홀딩스,특수목적용기계제조업,23600,84.0,1982400.0,19747.0,21612.0,20180710,479825854400,0.5235632477444521,1.8625180952780274,1.0,0.09444311811283423
20180504,2018,017890,한국알콜,기타화학제품제조업,9400,212.0,1992800.0,9283.0,9492.0,20180717,203094144000,0.529528139841022,1.8393590442209646,2.0,0.022502675916159953
20180504,2018,007820,에스엠코어,일반목적용기계제조업,13100,152.0,1991200.0,13666.0,12364.0,20180711,262000000000,0.5300506851251514,1.8186004895207915,3.0,-0.09526843270812646
20180504,2018,108670,LX하우시스,플라스틱제품제조업,81500,24.0,1956000.0,77576.0,68267.0,20180710,730865105000,0.5288663129637213,1.708934273591149,4.0,-0.1199957167462522
20180504,2018,003550,LG,기타금융업,78400,25.0,1960000.0,72416.0,60842.0,20181012,13528479070400,0.5360499196072606,1.705081631726149,5.0,-0.1598334625836204
20180504,2018,003670,포스코퓨처엠,"시멘트,석회,플라스터및그제품제조업",35100,56.0,1965600.0,32358.0,42955.0,20180710,2073357000000,0.5298382518226302,1.6494573496055365,6.0,0.3274812949812218
20180504,2018,000210,DL,토목건설업,88200,22.0,1940400.0,75769.0,67731.0,20180710,3069360000000,0.5270954825092238,1.6327195556595835,7.0,-0.10607953209590326
20180504,2018,016250,SGC E&C,건물건설업,140000,14.0,1960000.0,37558.0,26235.0,20181012,392000000000,0.5249766494517467,1.6009581940343591,8.0,-0.30148954276529627
20180504,2018,012330,현대모비스,자동차신품부품제조업,235000,8.0,1880000.0,234380.0,204480.0,20180710,22875807805000,0.5320588049030397,1.5774463753057153,9.0,-0.12757003311071258
20180504,2018,000660,SK하이닉스,반도체제조업,83000,24.0,1992000.0,83551.0,87366.0,20180710,60424196295000,0.5207638278189894,1.5667559620411415,10.0,0.04565857126716932
20180504,2018,139480,이마트,종합소매업,265500,7.0,1858500.0,262157.0,245540.0,20180710,7401029944500,0.5249168911510858,1.5084279216284362,11.0,-0.06338703022846393
20180504,2018,009830,한화솔루션,기초화학물질제조업,28100,71.0,1995100.0,33075.0,25517.0,20180710,4631142987900,0.5309192733530784,1.4793314851447361,12.0,-0.2285239954960745
20180504,2018,161890,한국콜마,기타화학제품제조업,80300,24.0,1927200.0,79187.0,78274.0,20180710,1694688218300,0.5257096389583591,1.4737600601602805,13.0,-0.011536831174867368
20180504,2018,091120,이엠텍,전자부품제조업,16500,121.0,1996500.0,15628.0,13141.0,20200630,250780431000,0.5223907037600333,1.4687963952672516,14.0,-0.15914959693244068
20180504,2018,098460,고영,특수목적용기계제조업,96700,20.0,1934000.0,18747.0,20475.0,20180710,1323624861700,0.5202985729317151,1.468652706592924,15.0,0.09215925351354404
20180504,2018,086980,쇼박스,"영화,비디오물,방송프로그램제작및배급업",5280,378.0,1995840.0,5198.0,3673.0,20190812,330528000000,0.5298608750490252,1.4213090619108744,16.0,-0.29341026697506967
20180504,2018,140410,메지온,자연과학및공학연구개발업,55500,36.0,1998000.0,17282.0,19817.0,20180710,475582996500,0.516106626833777,1.42017840671533,17.0,0.1466817040121391
20180504,2018,051910,LG화학,기초화학물질제조업,341000,5.0,1705000.0,330883.0,325949.0,20180710,24071988963000,0.5299934536373465,1.417381091631135,18.0,-0.014910616563826307
20180504,2018,004710,한솔테크닉스,전자부품제조업,12250,163.0,1996750.0,11673.0,9534.0,20180710,270846005500,0.5217847064431833,1.405667322020807,19.0,-0.18324303314239032
20180504,2018,018260,삼성에스디에스,"컴퓨터프로그래밍,시스템통합및관리업",218500,9.0,1966500.0,208829.0,204323.0,20180710,16907049300000,0.5244800873225821,1.4012886170901837,20.0,-0.021577397487009486
20180504,2018,091700,파트론,전자부품제조업,8230,243.0,1999890.0,7978.0,8138.0,20180710,445707254300,0.5215854651698966,1.3849115916152417,21.0,0.020051974270507422
20180504,2018,034730,SK,기타금융업,299000,6.0,1794000.0,299530.0,262940.0,20180710,21037728803000,0.5316885169970911,1.3813448574816123,22.0,-0.12215984755204368
20180504,2018,086450,동국제약,의약품제조업,67000,29.0,1943000.0,13048.0,13192.0,20180809,595764000000,0.5265568803517584,1.3429929480082892,23.0,0.01102545971890656
20180504,2018,000880,한화,기타화학제품제조업,38500,51.0,1963500.0,39207.0,29101.0,20181012,2885911297500,0.5240794758382272,1.317681536444506,24.0,-0.2577589148790813
20180504,2018,066570,LG전자,통신및방송장비제조업,99000,20.0,1980000.0,94754.0,78097.0,20180710,16201133586000,0.5254240504096277,1.3064551191697038,25.0,-0.17578411679330042
20180504,2018,168330,내츄럴엔도텍,자연과학및공학연구개발업,17150,116.0,1989400.0,33775.0,53274.0,20180710,346962336000,0.5145360312211478,1.2882774593642472,26.0,0.5773235903576555
20180504,2018,200670,휴메딕스,의약품제조업,36300,55.0,1996500.0,32784.0,31984.0,20180903,339323433900,0.5259104291453112,1.28494612006676,27.0,-0.024393115691542344
20180504,2018,020150,롯데에너지머티리얼즈,전자부품제조업,31850,62.0,1974700.0,31897.0,43637.0,20180710,1465100000000,0.5205422183475088,1.2762325542112787,28.0,0.36809470049258053
20180504,2018,078930,GS,기타금융업,60500,33.0,1996500.0,60242.0,51361.0,20180710,5621380369000,0.5299086198815781,1.2492272333668943,29.0,-0.14741642446387992
20180504,2018,201490,미투온,소프트웨어개발및공급업,8480,235.0,1992800.0,8693.0,7091.0,20180710,264345089600,0.5219896562262334,1.2492136242609873,30.0,-0.18436125895385558
20180504,2018,002020,코오롱,기타금융업,51700,38.0,1964600.0,51111.0,18619.0,20190523,623563264500,0.5298204373151498,1.242681646510608,31.0,-0.6357252336984134
20180504,2018,005490,POSCO홀딩스,1차철강제조업,367500,5.0,1837500.0,359318.0,309292.0,20180710,32041161862500,0.5268234709228015,1.2289516693198297,32.0,-0.13922613608314205
20180504,2018,182400,엔케이젠바이오텍코리아,기초의약물질제조업,19100,104.0,1986400.0,16356.0,14902.0,20180710,471002581100,0.5237852696294563,1.199250844678229,33.0,-0.08888083030544913
20180504,2018,041960,코미팜,의약품제조업,36050,55.0,1982750.0,27028.0,21492.0,20180710,1993225156650,0.5249552384461273,1.1991766302523776,34.0,-0.20482480536097547
20180504,2018,090430,아모레퍼시픽,기타화학제품제조업,350000,5.0,1750000.0,347912.0,294325.0,20180710,20460471500000,0.5226305123885187,1.178951814641981,35.0,-0.1540257845680998
20180504,2018,111770,영원무역,상품종합도매업,31100,64.0,1990400.0,29872.0,39364.0,20190109,1378086654800,0.5205929755152432,1.1705946119253392,36.0,0.3177720715901682
20180504,2018,251270,넷마블,소프트웨어개발및공급업,136000,14.0,1904000.0,134422.0,162877.0,20180710,11573754088000,0.5208215898806369,1.1466183722294652,37.0,0.21168375608338041
20180504,2018,005930,삼성전자,통신및방송장비제조업,51900,38.0,1972200.0,52489.0,46208.0,20180710,333162951930000,0.5232341918040255,1.1430610767209888,38.0,-0.11967056909008045
20180504,2018,007310,오뚜기,도시락및식사용조리식품제조업,761000,2.0,1522000.0,750030.0,834254.0,20180710,2617840000000,0.522493996957798,1.0741009046136605,45.0,0.11229315963105324
20180504,2018,003060,에이프로젠바이오로직스,의약품제조업,3980,502.0,1997960.0,23164.0,21573.0,20180710,345422671680,0.52354328169162,1.0723927214710793,46.0,-0.06867786268737586
20180504,2018,000270,기아,자동차용엔진및자동차제조업,33750,59.0,1991250.0,33805.0,31069.0,20180710,13681012961250,0.531764914172965,1.0523294296489454,50.0,-0.08095230671799847
20180504,2018,097950,CJ제일제당,도시락및식사용조리식품제조업,342500,5.0,1712500.0,342577.0,336430.0,20180710,5155716205000,0.5217925784801818,1.012143338051049,54.0,-0.017942003632529513
20180504,2018,122870,와이지엔터테인먼트,오디오물출판및원판녹음업,27850,71.0,1977350.0,27242.0,47356.0,20190109,506471995650,0.5219076817462907,1.0099686844710345,55.0,0.7383648543663812
20180504,2018,105630,한세실업,봉제의복제조업,21500,93.0,1999500.0,20248.0,14999.0,20180710,860000000000,0.5162851909688362,0.9912532354775826,61.0,-0.25922390603621914
20180504,2018,041140,넥슨지티,소프트웨어개발및공급업,11200,178.0,1993600.0,10767.0,8012.0,20180713,396181206400,0.5187417331703807,0.9639374618662724,64.0,-0.25583242280915985
20180504,2018,214370,케어젠,기초의약물질제조업,94900,21.0,1992900.0,14645.0,12307.0,20180710,1019510700000,0.520268969578427,0.909287979420189,70.0,-0.159629647425943
20180504,2018,096530,씨젠,의료용품및기타의약관련제품제조업,33750,59.0,1991250.0,16231.0,14398.0,20180710,885398175000,0.5225490086014253,0.8704588419853914,76.0,-0.11294065588075719
20180504,2018,096770,SK이노베이션,기타금융업,197500,10.0,1975000.0,196636.0,188812.0,20180710,18261948890000,0.5244283420060568,0.8424389498802606,81.0,-0.03978824652261426
20180504,2018,056190,에스에프에이,특수목적용기계제조업,33500,59.0,1976500.0,33309.0,33774.0,20180710,1202943460000,0.5147957163263535,0.8047627695942319,87.0,0.013959921955412957
20180504,2018,145020,휴젤,기초의약물질제조업,479700,4.0,1918800.0,161297.0,179893.0,20180710,2090630938500,0.5188285986267616,0.7905114011651194,90.0,0.11528708273837429
20180709,2018,051910,LG화학,기초화학물질제조업,322500,6.0,1935000.0,325949.0,352367.0,20180907,22766030617500,0.5297391537773193,2.0440589747432107,1.0,0.08105055450454146
20180709,2018,048530,인트론바이오,기초의약물질및생물학적제제제조업,40150,49.0,1967350.0,20231.0,20253.0,20181207,603794249300,0.5295098912025074,1.8642486281919974,2.0,0.0011221223556459048
20180709,2018,090430,아모레퍼시픽,기타화학제품제조업,292500,6.0,1755000.0,294325.0,263369.0,20180907,17099108325000,0.526510059903933,1.7868835904187372,3.0,-0.10517631586189535
20180709,2018,011070,LG이노텍,전자부품제조업,160500,12.0,1926000.0,157685.0,146658.0,20180907,3798570673500,0.5265187655611179,1.6800448096773015,4.0,-0.06993203767829848
20180709,2018,034730,SK,기타금융업,261000,7.0,1827000.0,262940.0,266960.0,20180907,18364037517000,0.5295659093897134,1.6477273199442621,5.0,0.015290580932816988
20180709,2018,170900,동아에스티,의약품제조업,90400,22.0,1988800.0,82501.0,93213.0,20180907,763325667200,0.5258929001195141,1.6182678317802723,6.0,0.1298320504805126
20180709,2018,005490,POSCO홀딩스,1차철강제조업,305000,6.0,1830000.0,309292.0,308331.0,20180907,26591984675000,0.5308355210402769,1.614491735829809,7.0,-0.003107150109330936
20180709,2018,096770,SK이노베이션,기타금융업,193500,10.0,1935000.0,188812.0,95942.0,20200424,17892086634000,0.5278987019496524,1.5079946901527983,8.0,-0.49186767646855056
20180709,2018,003670,포스코퓨처엠,"시멘트,석회,플라스터및그제품제조업",48700,41.0,1996700.0,42955.0,60972.0,20180907,2876709000000,0.5275465376156445,1.4810865843404863,9.0,0.4194605087621075
20180709,2018,140410,메지온,자연과학및공학연구개발업,55500,36.0,1998000.0,19817.0,38591.0,20190610,476725575000,0.5219150639331241,1.4678275436557577,10.0,0.9474096576837625
20180709,2018,012330,현대모비스,자동차신품부품제조업,206000,9.0,1854000.0,204480.0,236433.0,20180907,20052835778000,0.5255893136733989,1.4631356919573806,11.0,0.1562678033197371
20180709,2018,028260,삼성물산,기타전문도매업,119000,16.0,1904000.0,118034.0,125008.0,20180907,22573115117000,0.5359563861132022,1.4594689480455603,12.0,0.05908914168037427
20180709,2018,042700,한미반도체,특수목적용기계제조업,8360,239.0,1998040.0,4431.0,5815.0,20180907,531546356000,0.5213615713442394,1.446815967742472,13.0,0.3123817484235889
20180709,2018,181710,NHN,소프트웨어개발및공급업,67900,29.0,1969100.0,35270.0,31001.0,20180907,1328465197500,0.5252043173311567,1.442324057860926,14.0,-0.12103744251223114
20180709,2018,056190,에스에프에이,특수목적용기계제조업,34450,58.0,1998100.0,33774.0,38436.0,20180907,1237056782000,0.5209044487373846,1.403853411773726,15.0,0.13801921041549203
20180709,2018,145990,삼양사,기타식품제조업,79300,25.0,1982500.0,78314.0,72629.0,20180917,815981377900,0.5287172744478175,1.3674527069605475,16.0,-0.07259744151278746
20180709,2018,089030,테크윙,특수목적용기계제조업,14750,135.0,1991250.0,7399.0,7880.0,20180914,277709047000,0.5203795822674854,1.354523965469781,17.0,0.06506586985217644
20180709,2018,098460,고영,특수목적용기계제조업,104000,19.0,1976000.0,20475.0,20335.0,20180907,1423546904000,0.5203190087518679,1.348830978476978,18.0,-0.006827065197478666
20180709,2018,064260,다날,소프트웨어개발및공급업,4580,436.0,1996880.0,4298.0,3564.0,20181221,248311560840,0.5239136579343112,1.3386499520371002,19.0,-0.17075951249101584
20180709,2018,007820,에스엠코어,일반목적용기계제조업,12450,160.0,1992000.0,12614.0,15172.0,20180907,249000000000,0.5221337108502363,1.3237832988056908,20.0,0.20274794908835925
20180709,2018,000660,SK하이닉스,반도체제조업,87600,22.0,1927200.0,87366.0,75965.0,20180907,63773007174000,0.5232053627195625,1.314279097799533,21.0,-0.13049670831816873
20180709,2018,096530,씨젠,의료용품및기타의약관련제품제조업,29350,68.0,1995800.0,14398.0,12007.0,20180907,769968487000,0.5187704448745087,1.3048113895841287,22.0,-0.16608046753871308
20180709,2018,003060,에이프로젠바이오로직스,의약품제조업,3590,557.0,1999630.0,21573.0,22720.0,20180907,387297076460,0.522415402548154,1.2821791339299855,23.0,0.053146109729934166
20180709,2018,066570,LG전자,통신및방송장비제조업,77700,25.0,1942500.0,78097.0,74186.0,20180907,12715435147800,0.5233681331258335,1.2681944710457969,24.0,-0.05008453528880008
20180709,2018,214370,케어젠,기초의약물질및생물학적제제제조업,75900,26.0,1973400.0,12307.0,13655.0,20180907,815393700000,0.5234163199206338,1.257160737815677,25.0,0.1095387685320599
20180709,2018,185750,종근당,의약품제조업,101500,19.0,1928500.0,73428.0,78498.0,20181207,1002742454000,0.5219737514763161,1.2394950110536225,26.0,0.06905399419793712
20180709,2018,011170,롯데케미칼,기초화학물질제조업,340000,5.0,1700000.0,325872.0,288697.0,20180907,11653642460000,0.522146161690676,1.239284838826978,27.0,-0.114077188058611
20180709,2018,004000,롯데정밀화학,기초화학물질제조업,57500,34.0,1955000.0,58097.0,57391.0,20180907,1483500000000,0.5220509290675655,1.2291912220945684,28.0,-0.012137307959545374
20180709,2018,003850,보령,의약품제조업,9340,214.0,1998760.0,7051.0,8130.0,20180907,412828000000,0.5215157977542895,1.1952352906790598,29.0,0.15310580395594475
20180709,2018,048260,오스템임플란트,의료용기기제조업,52500,38.0,1995000.0,445163.0,419823.0,20180907,750000142500,0.5205714586881969,1.1776762857804617,30.0,-0.05692223000624952
20180709,2018,010120,LS ELECTRIC,"전동기,발전기및전기변환ㆍ공급ㆍ제어장치제조업",71000,28.0,1988000.0,14296.0,15380.0,20180907,2130000000000,0.5252356421449506,1.1545137791157265,31.0,0.07578199232241656
20180709,2018,018880,한온시스템,일반목적용기계제조업,10600,188.0,1992800.0,9477.0,11523.0,20180907,5658280000000,0.5203922009478894,1.149988667451059,32.0,0.21586740024854278
20180709,2018,028670,팬오션,해상운송업,4830,414.0,1999620.0,4851.0,5020.0,20180907,2581854349620,0.5279418372265103,1.1491237620613797,33.0,0.0349289501740202
20180709,2018,009450,경동나비엔,가정용기기제조업,60000,33.0,1980000.0,60171.0,45076.0,20190610,764370600000,0.5173793062107765,1.1300180138283953,34.0,-0.25086335351913513
20180709,2018,115960,연우,플라스틱제품제조업,25300,79.0,1998700.0,25742.0,29474.0,20190423,313669400000,0.5244137776128188,1.129184579048132,35.0,0.14498895637039855
20180709,2018,241560,두산밥캣,기타금융업,31050,64.0,1987200.0,30856.0,36004.0,20180907,3112736604300,0.523355329798561,1.1272038398132218,36.0,0.16684038968532255
20180709,2018,010140,삼성중공업,선박및보트건조업,6900,289.0,1994100.0,6436.0,7100.0,20180907,4347000000000,0.5238884657662501,1.1225614704635503,37.0,0.10310362812389262
20180709,2018,022100,포스코DX,"건축기술,엔지니어링및관련기술서비스업",7030,284.0,1996520.0,7106.0,7369.0,20180907,1068804144870,0.5205904177866266,1.118041968495945,38.0,0.03692606005408172
20180709,2018,145720,덴티움,의료용기기제조업,91700,21.0,1925700.0,93987.0,96603.0,20180907,1015011711000,0.5202944102446422,1.1176421790434046,39.0,0.027834270322156573
20180709,2018,004490,세방전지,일차전지및축전지제조업,31400,63.0,1978200.0,31269.0,36526.0,20181008,439600000000,0.5211452062379668,1.1113605377759594,40.0,0.16812997132928387
20180709,2018,251270,넷마블,소프트웨어개발및공급업,160500,12.0,1926000.0,162877.0,112946.0,20180907,13673601529500,0.5210231101969509,1.10646247271889,41.0,-0.30656020973498155
20180709,2018,091700,파트론,전자부품제조업,8030,249.0,1999470.0,8138.0,7619.0,20180907,434875972300,0.521449500100887,1.0913481189667902,43.0,-0.06383363970129707
20180709,2018,086450,동국제약,의약품제조업,66700,29.0,1934300.0,13232.0,13313.0,20180907,593096400000,0.51986222334347,1.0354227648248666,49.0,0.006106329478063666
20180709,2018,139480,이마트,종합소매업,242000,8.0,1936000.0,245540.0,207493.0,20180907,6745948198000,0.523881348433651,1.0256796212315935,51.0,-0.15495352440529286
20180709,2018,097950,CJ제일제당,기타식품제조업,335500,5.0,1677500.0,336430.0,340453.0,20181207,5050343903000,0.5237179888261193,1.020330545374129,53.0,0.011955704313455495
20180709,2018,000210,DL,토목건설업,75200,26.0,1955200.0,67731.0,74312.0,20180907,2616960000000,0.5259111613849706,0.972449917812297,56.0,0.09715177340905412
20180709,2018,005930,삼성전자,통신및방송장비제조업,45600,43.0,1960800.0,46208.0,44824.0,20180907,292721206320000,0.5186545902421406,0.8460728187908281,63.0,-0.02994036258543542
20180709,2018,018260,삼성에스디에스,"컴퓨터프로그래밍,시스템통합및관리업",201500,9.0,1813500.0,204323.0,242891.0,20180907,15591626700000,0.5221040985563212,0.7925392719057072,65.0,0.18876449735368195
20180709,2018,078930,GS,기타금융업,51400,38.0,1953200.0,51361.0,51656.0,20180907,4775850429200,0.5189013839730691,0.7539080229939684,68.0,0.005737425070238222
20180709,2018,145020,휴젤,기초의약물질및생물학적제제제조업,535300,3.0,1605900.0,179893.0,149724.0,20180907,2332947136500,0.5174264308339132,0.6604024558435875,87.0,-0.16770324939234338
20180906,2018,042670,HD현대인프라코어,특수목적용기계제조업,9270,215.0,1993050.0,7925.0,6994.0,20181113,1929586337820,0.5263582557167947,2.1168641848316683,1.0,-0.11738748320759307
20180906,2018,003550,LG,기타금융업,71300,28.0,1996400.0,67651.0,64440.0,20181113,12303323440300,0.5352476725140914,2.0169979989556075,2.0,-0.047460331095235175
20180906,2018,051910,LG화학,기초화학물질제조업,351000,5.0,1755000.0,352367.0,335666.0,20181113,24777912393000,0.5290237840659648,1.908313815550271,3.0,-0.047398089726134573
20180906,2018,181710,NHN,소프트웨어개발및공급업,59300,33.0,1956900.0,31001.0,27549.0,20181113,1160205982500,0.5231079758959006,1.898904752387711,4.0,-0.11134850838222332
20180906,2018,011170,롯데케미칼,기초화학물질제조업,297500,6.0,1785000.0,288697.0,267248.0,20181113,10196937152500,0.5274708389356069,1.7557880226522964,5.0,-0.07429812343325215
20180906,2018,056190,에스에프에이,특수목적용기계제조업,38650,51.0,1971150.0,38436.0,41233.0,20181113,1387873574000,0.5207169923924916,1.6486803516184894,6.0,0.0727675445710072
20180906,2018,034220,LG디스플레이,전자부품제조업,21450,93.0,1994850.0,19437.0,16761.0,20181113,7675146765000,0.5269522563218064,1.6358991709510358,7.0,-0.1376638644223096
20180906,2018,001040,CJ,기타금융업,133500,14.0,1869000.0,125785.0,113543.0,20181113,3895129233000,0.5301466577553655,1.621402276009318,8.0,-0.09732696506109229
20180906,2018,012330,현대모비스,자동차신품부품제조업,231500,8.0,1852000.0,236433.0,186019.0,20181113,22535104284500,0.5271366209810658,1.6001868937052826,9.0,-0.21322867791168842
20180906,2018,093050,LF,봉제의복제조업,25500,78.0,1989000.0,25570.0,22729.0,20181113,745620000000,0.5211204897963224,1.591256570051387,10.0,-0.11111513315622357
20180906,2018,160550,NEW,"영화,비디오물,방송프로그램제작및배급업",7450,268.0,1996600.0,7497.0,10113.0,20210302,204175489700,0.5251951832472237,1.574272625667851,11.0,0.3489593338473216
20180906,2018,034730,SK,기타금융업,266000,7.0,1862000.0,266960.0,271973.0,20181113,18715839002000,0.5292188996289247,1.5494524456111924,12.0,0.018775858036361948
20180906,2018,086450,동국제약,의약품제조업,65900,30.0,1977000.0,13313.0,11732.0,20181120,585982800000,0.5219043116290736,1.5321578519695729,13.0,-0.1187099595772706
20180906,2018,108320,LX세미콘,반도체제조업,47050,42.0,1976100.0,45860.0,37958.0,20181113,765235315000,0.5201933773962615,1.4850942220792458,14.0,-0.17231519098375547
20180906,2018,005490,POSCO홀딩스,1차철강제조업,308500,6.0,1851000.0,308331.0,257289.0,20181113,26897138597500,0.5302994700269859,1.475072610931821,15.0,-0.16554281599083032
20180906,2018,011070,LG이노텍,전자부품제조업,148000,13.0,1924000.0,146658.0,103624.0,20181113,3502731836000,0.5252441852946723,1.4727947977970033,16.0,-0.29342864597527285
20180906,2018,053800,안랩,소프트웨어개발및공급업,58700,34.0,1995800.0,57330.0,41011.0,20181113,587813288500,0.5176657599721255,1.4303195388259324,17.0,-0.28464217451112594
20180906,2018,047040,대우건설,건물건설업,5210,383.0,1995430.0,5206.0,4767.0,20181113,2165393943980,0.5271932302597183,1.427468795126591,18.0,-0.08439512458533172
20180906,2018,145020,휴젤,기초의약물질및생물학적제제제조업,460300,4.0,1841200.0,149724.0,101279.0,20181113,2006081761500,0.5222023204361081,1.4110678950493625,19.0,-0.32356023156600056
20180906,2018,200130,콜마비앤에이치,기초의약물질및생물학적제제제조업,25800,77.0,1986600.0,25529.0,19642.0,20181113,762223796400,0.5217211698712592,1.374096991052083,20.0,-0.23058536247039318
20180906,2018,090430,아모레퍼시픽,기타화학제품제조업,261000,7.0,1827000.0,263369.0,153142.0,20181113,15257665890000,0.5239639045372046,1.357083790012649,21.0,-0.4185262324954099
20180906,2018,000210,DL,토목건설업,81700,24.0,1960800.0,74312.0,73580.0,20181113,2843160000000,0.5266146587878564,1.3514156480155959,22.0,-0.00984943348327838
20180906,2018,010120,LS ELECTRIC,"전동기,발전기및전기변환ㆍ공급ㆍ제어장치제조업",76000,26.0,1976000.0,15380.0,9409.0,20181113,2280000000000,0.520027909018748,1.3486693697597327,23.0,-0.38819050205274297
20180906,2018,000880,한화,기타화학제품제조업,31400,63.0,1978200.0,31347.0,29747.0,20181113,2353704279000,0.5237829173616231,1.342676183841263,24.0,-0.05103650672208415
20180906,2018,004990,롯데지주,기타식품제조업,47500,42.0,1995000.0,47856.0,49889.0,20181113,5536896257500,0.5217280532152878,1.3189853740785582,25.0,0.04248638086681655
20180906,2018,084990,헬릭스미스,자연과학및공학연구개발업,224500,8.0,1796000.0,121028.0,99859.0,20181113,3582180370000,0.5272516676539284,1.3117785509829811,26.0,-0.1749057133748234
20180906,2018,005930,삼성전자,통신및방송장비제조업,46100,43.0,1982300.0,44824.0,44425.0,20181113,295930868670000,0.5233991505774898,1.3078891553742868,27.0,-0.00890488652194954
20180906,2018,007570,일양약품,의약품제조업,33500,59.0,1976500.0,37465.0,32995.0,20181113,638040464000,0.519032230581813,1.2960671927555973,28.0,-0.11929465834290809
20180906,2018,018000,유니슨,일반목적용기계제조업,2210,904.0,1997840.0,1887.0,5666.0,20200916,206857339260,0.5187060936624374,1.255442460826206,29.0,2.0031013637944515
20180906,2018,064960,SNT모티브,자동차신품부품제조업,31700,63.0,1997100.0,17725.0,13705.0,20181113,463553411200,0.5237820174658416,1.2550000691234986,30.0,-0.2267977306194776
20180906,2018,098460,고영,특수목적용기계제조업,103600,19.0,1968400.0,20335.0,15824.0,20181113,1418071723600,0.515887304447832,1.2478513732205516,31.0,-0.22182769864349117
20180906,2018,003060,에이프로젠바이오로직스,의약품제조업,3915,510.0,1996650.0,22720.0,16150.0,20181113,422358789510,0.5184405046458807,1.2474261676628233,32.0,-0.28918123753268654
20180906,2018,003850,보령,의약품제조업,10950,182.0,1992900.0,8130.0,7676.0,20181113,483990000000,0.518341115293204,1.2392561691822255,33.0,-0.055834877417006656
20180906,2018,048260,오스템임플란트,의료용기기제조업,49300,40.0,1972000.0,419823.0,429922.0,20181113,704285848100,0.5194950890208256,1.233339716049682,34.0,0.02405496310329136
20180906,2018,249420,일동제약,의약품제조업,25400,78.0,1981200.0,22888.0,18342.0,20181113,548421890200,0.5179387535562494,1.2061812502795348,35.0,-0.19861805704073943
20180906,2018,016250,SGC E&C,건물건설업,118500,16.0,1896000.0,31603.0,21486.0,20181122,331800000000,0.5246510255584275,1.1883232007089948,36.0,-0.3201148038724987
20180906,2018,030520,한글과컴퓨터,소프트웨어개발및공급업,16900,118.0,1994200.0,16477.0,13482.0,20181113,390089365900,0.5146139310283344,1.1675512221310715,37.0,-0.1817791607675523
20180906,2018,018260,삼성에스디에스,"컴퓨터프로그래밍,시스템통합및관리업",239000,8.0,1912000.0,242891.0,186704.0,20181113,18493294200000,0.5230139723951934,1.154629343076744,38.0,-0.23132815606227186
20180906,2018,028670,팬오션,해상운송업,5010,399.0,1998990.0,5020.0,4495.0,20181113,2678088992010,0.5296033826042725,1.1427696432343544,39.0,-0.1046240249555288
20180906,2018,227840,현대코퍼레이션홀딩스,음ㆍ식료품및담배도매업,29150,68.0,1982200.0,29236.0,,,265289369400,0.5164498105974495,1.1405873700398048,40.0,-0.10788422740581338
20180906,2018,009290,광동제약,의약품제조업,7590,263.0,1996170.0,7568.0,6040.0,20181113,397874259090,0.5169929236612647,1.128432189672692,41.0,-0.20195905368989342
20180906,2018,170900,동아에스티,의약품제조업,102000,19.0,1938000.0,93213.0,85200.0,20181113,861274536000,0.5167088522796832,1.1050809685066436,42.0,-0.08596388830907908
20180906,2018,145990,삼양사,기타식품제조업,72000,27.0,1944000.0,72525.0,45011.0,20200528,740865816000,0.517075831587853,0.9392279371114896,56.0,-0.3793674899495316
20180906,2018,004490,세방전지,일차전지및축전지제조업,35450,56.0,1985200.0,35573.0,37935.0,20190211,496300000000,0.524902995832151,0.935433034721372,57.0,0.06637698240691736
20180906,2018,214370,케어젠,기초의약물질및생물학적제제제조업,84500,23.0,1943500.0,13655.0,12306.0,20181113,907783500000,0.5142949354350681,0.803476024436607,68.0,-0.09880177548949165
20180906,2018,004000,롯데정밀화학,기초화학물질제조업,57000,35.0,1995000.0,57391.0,41757.0,20181113,1470600000000,0.5176352852517705,0.7897682999387655,69.0,-0.2724215125253252
20180906,2018,091700,파트론,전자부품제조업,7610,262.0,1993820.0,7619.0,8628.0,20181113,412130280100,0.5175049242479112,0.7337697211727798,77.0,0.13242237551927016
20180906,2018,078930,GS,기타금융업,51100,39.0,1992900.0,51656.0,51665.0,20181113,4747975815800,0.5186183519803618,0.7273549789284589,78.0,0.00016962588090696507
20180906,2018,028260,삼성물산,기타전문도매업,126500,15.0,1897500.0,125008.0,106018.0,20181113,23995790439500,0.5275920962882426,0.7194384478052207,79.0,-0.15191510110560558
20180906,2018,010140,삼성중공업,선박및보트건조업,7470,267.0,1994490.0,7100.0,7026.0,20181113,4706100000000,0.5252815962041231,0.7071067811865498,84.0,-0.010465401642540395
20181112,2018,051910,LG화학,기초화학물질제조업,333500,5.0,1667500.0,335666.0,356161.0,20190115,23542546390500,0.5341487390878414,2.2374174736765977,1.0,0.0610579019126678
20181112,2018,086450,동국제약,의약품제조업,51300,38.0,1949400.0,10291.0,11269.0,20190115,456159600000,0.5251884210827964,2.0866250840205325,2.0,0.09501064241721102
20181112,2018,039840,디오,의료용기기제조업,26850,74.0,1986900.0,27337.0,27383.0,20190115,407352170550,0.5212306998226539,2.0575202876240333,3.0,0.0016989773436142386
20181112,2018,007570,일양약품,의약품제조업,29050,68.0,1975400.0,32995.0,31143.0,20190115,553285835200,0.5249187181807398,2.0567643171782373,4.0,-0.056135176644676155
20181112,2018,108320,LX세미콘,반도체제조업,38150,52.0,1983800.0,37958.0,35311.0,20190115,620483045000,0.5269010015290856,1.8719640329341596,5.0,-0.06973011403281315
20181112,2018,003550,LG,기타금융업,69000,28.0,1932000.0,64440.0,69274.0,20190115,11906442039000,0.5291953640080775,1.8540318101169346,6.0,0.07500932743012201
20181112,2018,012330,현대모비스,자동차신품부품제조업,186000,10.0,1860000.0,186019.0,201522.0,20190115,18105958518000,0.5287664397540086,1.8212253279589545,7.0,0.08333882349831945
20181112,2018,011070,LG이노텍,전자부품제조업,109500,18.0,1971000.0,103624.0,90216.0,20190115,2591548216500,0.5290138212277028,1.774530995002018,8.0,-0.12939801118884364
20181112,2018,005440,현대지에프홀딩스,종합소매업,12100,165.0,1996500.0,7761.0,9571.0,20190115,1182224232200,0.5251353037586419,1.7241589120692489,9.0,0.23319589659030737
20181112,2018,034730,SK,기타금융업,273500,7.0,1914500.0,271973.0,259937.0,20190115,19243541229500,0.5274283041408283,1.7063826765011243,10.0,-0.044254592033254214
20181112,2018,042670,HD현대인프라코어,특수목적용기계제조업,8280,241.0,1995480.0,6994.0,7018.0,20190115,1723540465080,0.5210668470196163,1.652317788740357,11.0,0.0033891075488805544
20181112,2018,056190,에스에프에이,특수목적용기계제조업,41250,48.0,1980000.0,41233.0,37597.0,20190529,1481236350000,0.5200479256154324,1.5709369411839091,12.0,-0.08817467391797174
20181112,2018,200130,콜마비앤에이치,기초의약물질및생물학적제제제조업,20350,98.0,1994300.0,19642.0,19839.0,20190115,601211405300,0.5161142796309854,1.5413687155263627,13.0,0.009992852953052633
20181112,2018,003410,쌍용양회,"시멘트,석회,플라스터및그제품제조업",5230,382.0,1997860.0,5786.0,6674.0,20190115,2635185681850,0.5210365294247009,1.5237984804358204,14.0,0.15349112783982144
20181112,2018,000240,한국앤컴퍼니,기타금융업,16200,123.0,1992600.0,16106.0,16008.0,20190117,1506926802600,0.5246822725136202,1.4769342021435186,15.0,-0.0061030779414958936
20181112,2018,181710,NHN,소프트웨어개발및공급업,51400,38.0,1953200.0,27549.0,31147.0,20190115,1005642285000,0.5197646450980598,1.467799077384701,16.0,0.13058752651883831
20181112,2018,047040,대우건설,건물건설업,4765,419.0,1996535.0,4767.0,3832.0,20200529,1980441870070,0.5288301973683209,1.437175280648974,17.0,-0.19602389240955775
20181112,2018,000880,한화,기타화학제품제조업,29400,68.0,1999200.0,29747.0,25044.0,20191128,2203786809000,0.5201325916173356,1.409174317899558,18.0,-0.15811029076328642
20181112,2018,066570,LG전자,통신및방송장비제조업,71200,28.0,1993600.0,70084.0,65705.0,20190115,11651724356800,0.5246962766595109,1.4010732574443354,19.0,-0.062479029151708665
20181112,2018,168330,내츄럴엔도텍,자연과학및공학연구개발업,17000,117.0,1989000.0,33981.0,28176.0,20190115,351318974000,0.5260204218474833,1.3552048325217798,20.0,-0.17081058927283332
20181112,2018,011790,SKC,기타화학제품제조업,35700,56.0,1999200.0,33002.0,36004.0,20190115,1339983613500,0.5192467883066634,1.335992872402461,21.0,0.09098063435957471
20181112,2018,005930,삼성전자,통신및방송장비제조업,45200,44.0,1988800.0,44425.0,41030.0,20190115,290153476440000,0.52368494442947,1.3226831771578293,22.0,-0.07642491710721688
20181112,2018,003240,태광산업,화학섬유제조업,1330000,1.0,1330000.0,1302907.0,1306946.0,20190115,1480822000000,0.5208590802939435,1.2772610196531389,23.0,0.0030999536838260955
20181112,2018,214370,케어젠,기초의약물질및생물학적제제제조업,75000,26.0,1950000.0,12306.0,16100.0,20210111,805725000000,0.5137275094140388,1.2704648322791905,24.0,0.30825848890637153
20181112,2018,003850,보령,의약품제조업,10200,196.0,1999200.0,7676.0,7291.0,20190115,450840000000,0.5178090108064758,1.2695969837868326,25.0,-0.050197137901354605
20181112,2018,030520,한글과컴퓨터,소프트웨어개발및공급업,13500,148.0,1998000.0,13482.0,13581.0,20190115,311609848500,0.5166917850265211,1.215876750931844,26.0,0.007327945615355658
20181112,2018,005490,POSCO홀딩스,1차철강제조업,258000,7.0,1806000.0,257289.0,256806.0,20190115,22494203430000,0.5307805066811921,1.2051953008458054,27.0,-0.0018785264010954261
20181112,2018,002380,KCC,기타화학제품제조업,268000,7.0,1876000.0,235424.0,256010.0,20190115,2829145484000,0.5176412322092416,1.203348396342833,28.0,0.08744277872122752
20181112,2018,014830,유니드,기초화학물질제조업,39350,50.0,1967500.0,45180.0,58025.0,20190524,349815322050,0.5216702216449104,1.1961374007289387,29.0,0.2843177047004428
20181112,2018,010120,LS ELECTRIC,"전동기,발전기및전기변환ㆍ공급ㆍ제어장치제조업",47400,42.0,1990800.0,9409.0,10246.0,20190115,1422000000000,0.5208307510406338,1.181056424410033,30.0,0.08894775076504535
20181112,2018,170900,동아에스티,의약품제조업,94000,21.0,1974000.0,85200.0,93209.0,20190115,793723592000,0.5167716690551195,1.1547453454217267,31.0,0.09401269585072347
20181112,2018,000210,DL,토목건설업,80900,24.0,1941600.0,73580.0,87757.0,20190115,2815320000000,0.5252445187654897,1.1541394531298015,32.0,0.19267757272325836
20181112,2018,007310,오뚜기,기타식품제조업,659000,3.0,1977000.0,660516.0,783805.0,20190115,2375851183000,0.5184480005607475,1.1534951395101227,33.0,0.18665633540481452
20181112,2018,028050,삼성E&A,"건축기술,엔지니어링및관련기술서비스업",18400,108.0,1987200.0,18280.0,17978.0,20190115,3606400000000,0.5210146659484247,1.1222411788404612,34.0,-0.016494968646424746
20181112,2018,214320,이노션,광고업,55100,36.0,1983600.0,27538.0,34285.0,20190115,1102000000000,0.5256352983182976,1.1119027980149634,35.0,0.24500466646849994
20181112,2018,053210,스카이라이프,텔레비전방송업,11200,178.0,1993600.0,10696.0,9602.0,20200806,535606019200,0.5208393539484737,1.1055884372984437,36.0,-0.10229500901368782
20181112,2018,004020,현대제철,1차철강제조업,43450,46.0,1998700.0,45061.0,50974.0,20190115,5798219358250,0.5288802200581671,1.0819757839027737,37.0,0.13120562805291702
20181112,2018,004990,롯데지주,기타식품제조업,50300,39.0,1961700.0,49889.0,51122.0,20190115,5863281721100,0.5174776514587169,1.0687016089592292,39.0,0.024706558928211608
20181112,2018,093050,LF,봉제의복제조업,22900,87.0,1992300.0,22729.0,24927.0,20190115,669596000000,0.5154168154391545,1.0081288480278876,42.0,0.09671624982973248
20181112,2018,098460,고영,특수목적용기계제조업,86000,23.0,1978000.0,15824.0,15566.0,20190115,1177163786000,0.5126392274696394,0.9792071650511874,43.0,-0.01634647463098604
20181112,2018,028670,팬오션,해상운송업,4385,456.0,1999560.0,4495.0,4634.0,20190115,2344085972695,0.5270152587226529,0.9782290516829693,44.0,0.030940567846767797
20181112,2018,078930,GS,기타금융업,50900,39.0,1985100.0,51665.0,51374.0,20190115,4729392740200,0.5178724792498084,0.907932498160627,49.0,-0.005621013346678416
20181112,2018,034220,LG디스플레이,전자부품제조업,18100,110.0,1991000.0,16761.0,18427.0,20190115,6476464170000,0.5171282977051466,0.8803703956065704,51.0,0.09939301063276496
20181112,2018,053800,안랩,소프트웨어개발및공급업,41500,48.0,1992000.0,41011.0,46383.0,20190115,415574982500,0.5115534847386216,0.7946234128672556,58.0,0.13097480553208363
20181112,2018,091700,파트론,전자부품제조업,8830,226.0,1995580.0,8628.0,8840.0,20190115,478201100300,0.515942383824022,0.7911528306616782,60.0,0.0245313697154117
20181112,2018,084990,헬릭스미스,자연과학및공학연구개발업,181000,11.0,1991000.0,99859.0,132914.0,20190115,2888083060000,0.516904912384989,0.7470653973739642,62.0,0.33101711251203336
20181112,2018,018260,삼성에스디에스,"컴퓨터프로그래밍,시스템통합및관리업",191000,10.0,1910000.0,186704.0,214754.0,20190115,14779159800000,0.5201544978975784,0.7071067811865476,69.0,0.150237282234974
20181112,2018,028260,삼성물산,기타전문도매업,102000,19.0,1938000.0,106018.0,110500.0,20190115,19348384386000,0.5310745980255369,0.7071067811865475,76.0,0.04227545710329106
20181112,2018,010140,삼성중공업,선박및보트건조업,7450,268.0,1996600.0,7026.0,7166.0,20190115,4693500000000,0.5110550904149734,0.7071067811865368,81.0,0.02000016425696427
20181112,2018,011170,롯데케미칼,기초화학물질제조업,286000,6.0,1716000.0,267248.0,256262.0,20190115,9802769834000,0.5150211259490824,0.6412981834219323,88.0,-0.04110717030395772
20190102,2019,237690,에스티팜,의약품제조업,19350,103.0,1993050.0,18593.0,22537.0,20190308,360993600000,0.5059749479565301,2.1736750659045923,1.0,0.2121026156634318
20190102,2019,001800,오리온홀딩스,기타금융업,16650,120.0,1998000.0,16726.0,19427.0,20190308,1043027478450,0.5059749479565301,2.081647222180417,2.0,0.1615193148633356
20190102,2019,204320,HL만도,자동차신품부품제조업,28850,69.0,1990650.0,29373.0,31218.0,20190308,1354712912000,0.5058215094170948,2.0050768499870637,3.0,0.06283961126093196
20190102,2019,033240,자화전자,전자부품제조업,11600,172.0,1995200.0,11979.0,12675.0,20190308,207640000000,0.5059749479565301,1.8479554414524297,4.0,0.05813353414339395
20190102,2019,161000,애경케미칼,기초화학물질제조업,7840,255.0,1999200.0,7543.0,9110.0,20190308,251193600000,0.5059749479565301,1.735368605138464,5.0,0.20783139985723564
20190102,2019,168330,내츄럴엔도텍,자연과학및공학연구개발업,13000,153.0,1989000.0,25978.0,8438.0,20210923,268655686000,0.5059749479565301,1.6870062031239803,6.0,-0.675188821994888
20190102,2019,041140,넥슨지티,소프트웨어개발및공급업,6370,313.0,1993810.0,8292.0,11766.0,20190308,225328061140,0.5059749479565301,1.6755397337628504,7.0,0.4189826507247658
20190102,2019,005490,POSCO홀딩스,1차철강제조업,237000,8.0,1896000.0,237291.0,249759.0,20190308,20663279895000,0.5058215094170948,1.6072471191897741,8.0,0.052543821597320184
20190102,2019,069960,현대백화점,종합소매업,87700,22.0,1929400.0,87510.0,96813.0,20190308,2052394075700,0.5058215094170948,1.4691193925151,9.0,0.10630282706065253
20190102,2019,003240,태광산업,화학섬유제조업,1334000,1.0,1334000.0,1311936.0,1514378.0,20190308,1485275600000,0.5058215094170948,1.4669388954954248,10.0,0.1543080252070692
20190102,2019,042670,HD현대인프라코어,특수목적용기계제조업,7330,272.0,1993760.0,6207.0,6460.0,20190308,1525796586040,0.5058215094170948,1.3735659430593663,11.0,0.040783063851854706
20190102,2019,084370,유진테크,특수목적용기계제조업,10650,187.0,1991550.0,10149.0,11350.0,20190308,244055847300,0.5058215094170948,1.3735659430593663,12.0,0.1183329130977433
20190102,2019,003850,보령,의약품제조업,10050,199.0,1999950.0,7404.0,7824.0,20190308,444210000000,0.5058215094170948,1.3488581379952462,13.0,0.056650072861426315
20190102,2019,067290,JW신약,의약품제조업,6570,304.0,1997280.0,4734.0,5193.0,20190308,273753280620,0.5058215094170948,1.3488581379952462,14.0,0.09694371416504155
20190102,2019,086450,동국제약,의약품제조업,56700,35.0,1984500.0,11070.0,11690.0,20190531,504176400000,0.5058215094170948,1.3488581379952462,15.0,0.05597289687220974
20190102,2019,005610,SPC삼립,기타식품제조업,125500,15.0,1882500.0,125042.0,114048.0,20190308,1082940629500,0.5058215094170948,1.348070705598195,16.0,-0.0879240219762557
20190102,2019,007310,오뚜기,기타식품제조업,716000,2.0,1432000.0,727522.0,762851.0,20190308,2581349692000,0.5058215094170948,1.348070705598195,17.0,0.0485608446350938
20190102,2019,000070,삼양홀딩스,기타금융업,78200,25.0,1955000.0,51589.0,58394.0,20190308,669725992200,0.5058215094170948,1.297500393754963,18.0,0.13190163093640983
20190102,2019,078930,GS,기타금융업,48500,41.0,1988500.0,48328.0,51370.0,20190308,4506395833000,0.5058215094170948,1.297500393754963,19.0,0.06294448939347319
20190102,2019,023410,유진기업,"시멘트,석회,플라스터및그제품제조업",6020,332.0,1998640.0,5850.0,7073.0,20190308,464274843340,0.5058215094170948,1.271987761168653,20.0,0.20898578554653047
20190102,2019,084110,휴온스글로벌,기타금융업,41500,48.0,1992000.0,34306.0,36907.0,20190311,431778408500,0.5058066129374514,1.2213720148610956,21.0,0.07582168461402206
20190102,2019,078160,메디포스트,기초의약물질및생물학적제제제조업,72000,27.0,1944000.0,30876.0,37218.0,20190308,566526312000,0.5058215094170948,1.2099958865404097,22.0,0.2053889191859397
20190102,2019,086900,메디톡스,기초의약물질및생물학적제제제조업,583000,3.0,1749000.0,449346.0,447529.0,20190308,3297759905000,0.5058215094170948,1.2099958865404097,23.0,-0.0040442639649390655
20190102,2019,200130,콜마비앤에이치,기초의약물질및생물학적제제제조업,20100,99.0,1989900.0,19190.0,29934.0,20190308,593825515800,0.5058215094170948,1.2099958865404097,24.0,0.5598682922484315
20190102,2019,082920,비츠로셀,일차전지및축전지제조업,10750,186.0,1999500.0,4918.0,5223.0,20190308,210597133250,0.5058215094170948,1.1547005383794766,25.0,0.062040328222433105
20190102,2019,089600,KT나스미디어,광고업,27100,73.0,1978300.0,20465.0,25128.0,20190308,237252126100,0.5060585703044409,1.1547005383793707,26.0,0.22788024704557608
20190102,2019,003490,대한항공,항공여객운송업,32400,61.0,1976400.0,20658.0,22536.0,20190308,3072966141600,0.5057244970059571,1.1547005383778377,27.0,0.09091669524427615
20190102,2019,010140,삼성중공업,선박및보트건조업,7240,276.0,1998240.0,7091.0,8223.0,20190308,4561200000000,0.5058779355453924,1.1511321611461367,28.0,0.1596698326878201
20190102,2019,035900,JYP Ent.,오디오물출판및원판녹음업,29050,68.0,1975400.0,28281.0,30093.0,20190308,1027069024800,0.5056791607071184,1.1453112171158972,29.0,0.06407351530370953
20190102,2019,012510,더존비즈온,"컴퓨터프로그래밍,시스템통합및관리업",51700,38.0,1964600.0,50302.0,45103.0,20190308,1534078590000,0.5055668628092287,1.1438400292831001,30.0,-0.10336489691724282
20190102,2019,022100,포스코DX,"건축기술,엔지니어링및관련기술서비스업",5120,390.0,1996800.0,5086.0,5789.0,20190308,778417812480,0.5059749479565301,1.1429510133699845,31.0,0.1380898208977559
20190102,2019,103140,풍산,1차비철금속제조업,26550,75.0,1991250.0,26462.0,29873.0,20190308,744044580900,0.5056791607071184,1.109477163145976,32.0,0.12891757920895275
20190102,2019,002380,KCC,기타화학제품제조업,308500,6.0,1851000.0,277495.0,269650.0,20190308,3256684260500,0.5058215094170948,1.0940523839307787,33.0,-0.028272173583691496
20190102,2019,011790,SKC,기타화학제품제조업,35450,56.0,1985200.0,32857.0,34683.0,20190308,1330599974750,0.5058215094170948,1.0940523839307787,34.0,0.05558798283293154
20190102,2019,036830,솔브레인홀딩스,기타화학제품제조업,46600,42.0,1957200.0,21443.0,24161.0,20190308,810759428600,0.5058215094170948,1.0940523839307787,35.0,0.12673821424061837
20190102,2019,051900,LG생활건강,기타화학제품제조업,1081000,1.0,1081000.0,1095935.0,1274125.0,20190308,16883270957000,0.5058215094170948,1.0940523839307787,36.0,0.1625921364224252
20190102,2019,161890,한국콜마,기타화학제품제조업,70000,28.0,1960000.0,69585.0,77386.0,20190308,1564268860000,0.5058215094170948,1.0940523839307787,37.0,0.11211260683993052
20190102,2019,041830,인바디,의료용기기제조업,21500,93.0,1999500.0,20996.0,22509.0,20190308,294201313000,0.5058215094170948,1.0885551172083776,38.0,0.07206353498293927
20190102,2019,100120,뷰웍스,의료용기기제조업,32350,61.0,1973350.0,31586.0,33727.0,20190308,323560332750,0.5058215094170948,1.0885551172083776,39.0,0.06777880251689572
20190102,2019,228850,레이언스,의료용기기제조업,16100,124.0,1996400.0,15931.0,13420.0,20200109,267115325400,0.5058215094170948,1.0885551172083776,40.0,-0.15765612668518336
20190102,2019,005930,삼성전자,통신및방송장비제조업,38750,51.0,1976250.0,37534.0,43731.0,20190308,231329073812500,0.5058215094170948,1.0540925533893104,42.0,0.16510234505639287
20190102,2019,066570,LG전자,통신및방송장비제조업,62800,31.0,1946800.0,62800.0,73597.0,20190308,10277082719200,0.5058215094170948,1.0540925533893104,45.0,0.1719399707378697
20190102,2019,108320,LX세미콘,반도체제조업,33700,59.0,1988300.0,31558.0,41109.0,20190308,548106910000,0.5058215094170948,0.9213269510315943,55.0,0.3026691102040173
20190102,2019,011070,LG이노텍,전자부품제조업,83700,23.0,1925100.0,81801.0,107146.0,20190308,1980936855900,0.5058215094170948,0.8683721866172691,57.0,0.30983906587454557
20190102,2019,004990,롯데지주,기타식품제조업,49950,40.0,1998000.0,50423.0,35661.0,20190911,5822483538150,0.5057244970059571,0.7932575129645152,63.0,-0.2927610990051638
20190102,2019,003410,쌍용양회,"시멘트,석회,플라스터및그제품제조업",6110,327.0,1997970.0,6608.0,6827.0,20190308,3078582125450,0.5057244970059571,0.786023075313754,64.0,0.0331092520373637
20190102,2019,053800,안랩,소프트웨어개발및공급업,46150,43.0,1984450.0,44728.0,52099.0,20190308,462139408250,0.5058215094170948,0.7230489425115181,71.0,0.16479957033222892
20190102,2019,181710,NHN,소프트웨어개발및공급업,57300,34.0,1948200.0,29895.0,42144.0,20190308,1121075932500,0.5058215094170948,0.7230489425115181,72.0,0.4097065725898261
20190102,2019,028260,삼성물산,기타전문도매업,104000,19.0,1976000.0,104514.0,109510.0,20190308,19727764472000,0.5058215094170948,0.7071067811865475,78.0,0.0477978639649117
20190102,2019,093050,LF,봉제의복제조업,25050,79.0,1978950.0,25128.0,24624.0,20190308,732462000000,0.5058215094170948,0.7071067811862718,84.0,-0.0200545316002394
20190307,2019,014680,한솔케미칼,기초화학물질제조업,86900,23.0,1998700.0,87102.0,82562.0,20190509,981552445500,0.5058101049707597,2.916691033710532,1.0,-0.05212392524444176
20190307,2019,006620,동구바이오제약,의약품제조업,21550,92.0,1982600.0,7281.0,8985.0,20210915,206966200000,0.5060585703044409,2.86672638529052,2.0,0.23402955467836906
20190307,2019,073070,에이팸,자동차신품부품제조업,6270,318.0,1993860.0,30439.0,28251.0,20190509,549670641630,0.5060585703044409,2.6537787595547817,3.0,-0.0718695374008883
20190307,2019,003060,에이프로젠바이오로직스,의약품제조업,2570,778.0,1999460.0,15559.0,14146.0,20190509,277257238580,0.5059051317650056,2.049011673243802,4.0,-0.09080858942286507
20190307,2019,067290,JW신약,의약품제조업,7000,285.0,1995000.0,5193.0,4573.0,20190509,291670162000,0.5059051317650056,2.049011673243802,5.0,-0.11950668473478021
20190307,2019,203690,아크솔루션스,기초의약물질및생물학적제제제조업,6550,305.0,1997750.0,33164.0,31570.0,20190509,297205051350,0.5060585703044409,1.9258325847876596,6.0,-0.04808381595926514
20190307,2019,005490,POSCO홀딩스,1차철강제조업,250500,7.0,1753500.0,249759.0,245249.0,20190509,21840302167500,0.5059051317650056,1.8591609387387857,7.0,-0.018057491418779992
20190307,2019,010120,LS ELECTRIC,"전동기,발전기및전기변환ㆍ공급ㆍ제어장치제조업",50100,39.0,1953900.0,9907.0,9148.0,20190509,1503000000000,0.5060585703044409,1.7888543819997116,8.0,-0.07661470813973714
20190307,2019,009150,삼성전기,전자부품제조업,101500,19.0,1928500.0,99597.0,99998.0,20190509,7581410144000,0.5059051317650056,1.7743291740757625,9.0,0.004030691899651773
20190307,2019,011070,LG이노텍,전자부품제조업,107500,18.0,1935000.0,107146.0,111639.0,20190509,2544214002500,0.5059051317650056,1.7743291740757625,10.0,0.041926821785465807
20190307,2019,008730,율촌화학,플라스틱제품제조업,13500,148.0,1998000.0,13597.0,14498.0,20190925,334800000000,0.5055821482959808,1.7398904961588202,11.0,0.06627003979202684
20190307,2019,078340,컴투스,소프트웨어개발및공급업,111700,17.0,1898900.0,114496.0,96416.0,20190509,1437179114000,0.5059749479565301,1.7222349021443992,12.0,-0.1579117823173546
20190307,2019,245620,EDGC,자연과학및공학연구개발업,6630,301.0,1995630.0,3145.0,3444.0,20190509,239826592200,0.5058902352853623,1.675176759665362,13.0,0.09487079799777054
20190307,2019,048410,현대바이오,기타화학제품제조업,6000,333.0,1998000.0,3506.0,7211.0,20190521,202313154000,0.5059051317650056,1.6525871747658116,14.0,1.0565928819287227
20190307,2019,069260,TKG휴켐스,기타화학제품제조업,20950,95.0,1990250.0,20335.0,20379.0,20190509,856406418600,0.5059051317650056,1.6525871747658116,15.0,0.002162765496230179
20190307,2019,042700,한미반도체,특수목적용기계제조업,8110,246.0,1995060.0,3951.0,4111.0,20190509,464085747900,0.5059051317650056,1.6456421506089511,16.0,0.040597391616930434
20190307,2019,095190,이엠코리아,특수목적용기계제조업,8320,240.0,1996800.0,8239.0,6539.0,20190509,302288097280,0.5059051317650056,1.6456421506089511,17.0,-0.20630267515486933
20190307,2019,109740,디에스케이,특수목적용기계제조업,12900,155.0,1999500.0,13173.0,11380.0,20190509,262576442700,0.5059051317650056,1.6456421506089511,18.0,-0.1361399998835534
20190307,2019,043150,바텍,의료용기기제조업,23950,83.0,1987850.0,23252.0,25101.0,20190509,355759431200,0.5060585703044409,1.6120501877104405,19.0,0.07952663060450482
20190307,2019,003410,쌍용양회,"시멘트,석회,플라스터및그제품제조업",6210,322.0,1999620.0,6827.0,6576.0,20190509,3128968084950,0.5057244970059571,1.4848178033454529,20.0,-0.036760527865201786
20190307,2019,005930,삼성전자,통신및방송장비제조업,44450,44.0,1955800.0,43731.0,42395.0,20190509,265356834347500,0.5058101049707597,1.4836234869687541,21.0,-0.03055515388729102
20190307,2019,003850,보령,의약품제조업,10300,194.0,1998200.0,7824.0,9855.0,20190509,455260000000,0.5057980528777722,1.4783598555024107,22.0,0.2596077152015881
20190307,2019,000070,삼양홀딩스,기타금융업,88000,22.0,1936000.0,58394.0,50434.0,20190704,753655848000,0.5059051317650056,1.4694437307805117,23.0,-0.1363180524161156
20190307,2019,078930,GS,기타금융업,51800,38.0,1968400.0,51370.0,49668.0,20190509,4813016580400,0.5059051317650056,1.4694437307805117,24.0,-0.03314075999296595
20190307,2019,084110,휴온스글로벌,기타금융업,43300,46.0,1991800.0,37212.0,33562.0,20190509,450506146700,0.5059051317650056,1.4694437307805117,25.0,-0.09808383172674362
20190307,2019,005610,SPC삼립,기타식품제조업,117000,17.0,1989000.0,114048.0,119535.0,20190509,1009594053000,0.5058215094170948,1.448199765931171,26.0,0.04811224974840256
20190307,2019,006360,GS건설,건물건설업,42400,47.0,1992800.0,41364.0,38412.0,20190509,3376292029600,0.5059051317650056,1.4034121891807279,27.0,-0.07136632083321859
20190307,2019,000990,DB하이텍,반도체제조업,11900,168.0,1999200.0,11661.0,14113.0,20190509,528343197200,0.5058215094170948,1.398086114036371,28.0,0.21027969719185746
20190307,2019,001250,GS글로벌,상품종합도매업,2665,750.0,1998750.0,2632.0,2461.0,20190906,219952481060,0.5058215094170948,1.3519244725286346,29.0,-0.0648665655766717
20190307,2019,001800,오리온홀딩스,기타금융업,19700,101.0,1989700.0,19427.0,18732.0,20190509,1234114813400,0.5058779355453924,1.3255515816982737,30.0,-0.035790368562954256
20190307,2019,078160,메디포스트,기초의약물질및생물학적제제제조업,84500,23.0,1943500.0,37218.0,29661.0,20190509,664881574500,0.5059051317650056,1.2520354345343316,31.0,-0.20302502322615856
20190307,2019,086900,메디톡스,기초의약물질및생물학적제제제조업,556800,3.0,1670400.0,447529.0,419993.0,20190509,3149558688000,0.5059051317650056,1.2520354345343316,32.0,-0.06152783481688584
20190307,2019,214320,이노션,광고업,71200,28.0,1993600.0,35246.0,34447.0,20190509,1424000000000,0.5057244970059571,1.247326302000425,33.0,-0.02266173894959156
20190307,2019,079980,휴비스,화학섬유제조업,7470,267.0,1994490.0,7441.0,7661.0,20190509,257715000000,0.5057627830550293,1.211904366870271,34.0,0.029573592647271996
20190307,2019,120110,코오롱인더,화학섬유제조업,52200,38.0,1983600.0,51263.0,44007.0,20190509,1408295448000,0.5057627830550293,1.211904366870271,35.0,-0.14154114580399846
20190307,2019,065620,제낙스,1차철강제조업,11750,170.0,1997500.0,58732.0,83720.0,20190509,264219242000,0.5057627830550293,1.2102382526018405,36.0,0.42543900898458875
20190307,2019,003490,대한항공,항공여객운송업,35400,56.0,1982400.0,22536.0,21172.0,20190509,3357500043600,0.5057244970059571,1.1547005383791187,39.0,-0.06051712787322383
20190307,2019,103140,풍산,1차비철금속제조업,31150,64.0,1993600.0,29873.0,25516.0,20190509,872956259700,0.5053862280501802,1.1547005383785678,40.0,-0.14587029703817778
20190307,2019,012510,더존비즈온,"컴퓨터프로그래밍,시스템통합및관리업",44900,44.0,1975600.0,45103.0,59893.0,20190509,1332304230000,0.5057627830550293,1.1487998268770507,42.0,0.3279181776206792
20190307,2019,168330,내츄럴엔도텍,자연과학및공학연구개발업,10000,200.0,2000000.0,19981.0,6490.0,20220420,206658220000,0.5057627830550293,1.0960767940708704,46.0,-0.6751768930345217
20190307,2019,042670,HD현대인프라코어,특수목적용기계제조업,7910,252.0,1993320.0,6460.0,5776.0,20190509,1646554870520,0.5057980528777722,1.08646806404253,47.0,-0.105857118580296
20190307,2019,035900,JYP Ent.,오디오물출판및원판녹음업,29350,68.0,1995800.0,30093.0,27200.0,20190509,1038805212400,0.5058215094170948,1.0568350347442605,52.0,-0.09612366152189245
20190307,2019,022100,포스코DX,"건축기술,엔지니어링및관련기술서비스업",5900,338.0,1994200.0,5789.0,5387.0,20190509,897004901100,0.5059749479565301,1.0531973098052263,53.0,-0.06945498221394564
20190307,2019,100120,뷰웍스,의료용기기제조업,33750,59.0,1991250.0,33727.0,31381.0,20190509,337562943750,0.5059051317650056,0.9945263033838714,55.0,-0.06953892392744643
20190307,2019,228850,레이언스,의료용기기제조업,16550,120.0,1986000.0,16579.0,14318.0,20200429,274581281700,0.5059051317650056,0.9945263033838714,56.0,-0.1363663607247435
20190307,2019,007310,오뚜기,기타식품제조업,763000,2.0,1526000.0,762851.0,699603.0,20190509,2750795831000,0.5057244970059571,0.8825746430729076,64.0,-0.08291029964579577
20190307,2019,108320,LX세미콘,반도체제조업,42700,46.0,1964200.0,41109.0,45504.0,20190509,694485610000,0.5057244970059571,0.8143291174464728,69.0,0.10689901737543406
20190307,2019,028260,삼성물산,기타전문도매업,110000,18.0,1980000.0,109510.0,97479.0,20190509,20865904730000,0.5058215094170948,0.7071067811865475,81.0,-0.10985766613313075
20190307,2019,093050,LF,봉제의복제조업,24850,80.0,1988000.0,24624.0,23822.0,20190509,726614000000,0.5058215094170948,0.7071067811865475,83.0,-0.03259549043229637
20190307,2019,002380,KCC,기타화학제품제조업,312000,6.0,1872000.0,269650.0,252633.0,20190509,3293632056000,0.5057244970059571,0.6358826200748083,89.0,-0.06310547671042432
20190508,2019,006620,동구바이오제약,의약품제조업,21200,94.0,1992800.0,9344.0,7182.0,20220228,203604800000,0.5059749479565301,2.526497972723962,1.0,-0.2313334229612456
20190508,2019,200230,텔콘RF제약,통신및방송장비제조업,7290,274.0,1997460.0,18837.0,16085.0,20190709,603147306240,0.5058215094170948,2.2347209721779544,2.0,-0.14607396551422003
20190508,2019,241710,코스메카코리아,기타화학제품제조업,22350,89.0,1989150.0,21366.0,27546.0,20230811,238698000000,0.5060585703044409,2.1559547119214475,3.0,0.28926159540684826
20190508,2019,139480,이마트,종합소매업,167000,11.0,1837000.0,162262.0,139225.0,20190709,4655261773000,0.5059749479565301,1.9155225063011005,4.0,-0.1419730916650146
20190508,2019,006260,LS,기타금융업,47500,42.0,1995000.0,46460.0,48463.0,20191014,1529500000000,0.5060585703044409,1.7243817589669652,5.0,0.043116522763048115
20190508,2019,012630,HDC,기타금융업,16300,122.0,1988600.0,15909.0,13504.0,20190709,973790052300,0.5060585703044409,1.7243817589669652,6.0,-0.15114962970329027
20190508,2019,084110,휴온스글로벌,기타금융업,39550,50.0,1977500.0,33562.0,27452.0,20190801,431939867100,0.5060585703044409,1.7243817589669652,7.0,-0.1820484381477494
20190508,2019,069080,웹젠,소프트웨어개발및공급업,18650,107.0,1995550.0,17801.0,18149.0,20190709,658547986600,0.5060585703044409,1.6755148799514905,8.0,0.019550414329597476
20190508,2019,006280,녹십자,의약품제조업,136500,14.0,1911000.0,132563.0,114551.0,20191014,1595212437000,0.5058215094170948,1.6480098405094605,9.0,-0.13587525195974104
20190508,2019,234080,JW생명과학,의약품제조업,23550,84.0,1978200.0,24189.0,22991.0,20190709,372903746700,0.5058215094170948,1.6480098405094605,10.0,-0.04954523510710618
20190508,2019,243070,휴온스,의약품제조업,64000,31.0,1984000.0,46867.0,41609.0,20190709,574960448000,0.5058215094170948,1.6480098405094605,11.0,-0.11218727989417032
20190508,2019,067630,HLB생명과학,"건축기술,엔지니어링및관련기술서비스업",16200,123.0,1992600.0,7217.0,3491.0,20190709,758068810200,0.5057627830550293,1.6468534134164714,12.0,-0.5163210604591122
20190508,2019,218410,RFHIC,통신및방송장비제조업,34000,58.0,1972000.0,33191.0,28939.0,20190709,797058668000,0.5057244970059571,1.6035867070138268,13.0,-0.12810410640360648
20190508,2019,006650,대한유화,기초화학물질제조업,151500,13.0,1969500.0,144523.0,130538.0,20190709,984750000000,0.5059749479565301,1.5858545906192034,14.0,-0.09676631433940963
20190508,2019,010060,OCI홀딩스,기초화학물질제조업,90800,22.0,1997600.0,71066.0,72737.0,20190709,2165522886800,0.5059749479565301,1.5858545906192034,15.0,0.023513691337688103
20190508,2019,243840,신흥에스이씨,일차전지및이차전지제조업,33200,60.0,1992000.0,6306.0,8344.0,20190722,217515875600,0.5056791607071184,1.4987928415392424,16.0,0.32327850345938236
20190508,2019,091810,트리니티항공,항공여객운송업,8300,240.0,1992000.0,3989.0,3119.0,20190709,389890939600,0.5059749479565301,1.49592443856158,17.0,-0.21813967689584168
20190508,2019,098460,고영,특수목적용기계제조업,93700,21.0,1967700.0,18334.0,17029.0,20190709,1282561008700,0.5058101049707597,1.4756957864983127,18.0,-0.07116172135707322
20190508,2019,255440,야스,특수목적용기계제조업,20500,97.0,1988500.0,19567.0,26114.0,20190709,267689000000,0.5058101049707597,1.4756957864983127,19.0,0.33461983844680354
20190508,2019,020150,롯데에너지머티리얼즈,전자부품제조업,36250,55.0,1993750.0,33401.0,37750.0,20190709,1671517768750,0.5059051317650056,1.4756499170923882,20.0,0.13022256009785038
20190508,2019,033240,자화전자,전자부품제조업,12800,156.0,1996800.0,12075.0,11633.0,20200103,229120000000,0.5059051317650056,1.4756499170923882,21.0,-0.03664263918486599
20190508,2019,078600,대주전자재료,전자부품제조업,17000,117.0,1989000.0,16162.0,17109.0,20191014,247370825000,0.5059051317650056,1.4756499170923882,22.0,0.05857760268587531
20190508,2019,036830,솔브레인홀딩스,기타화학제품제조업,48650,41.0,1994650.0,22888.0,26035.0,20190709,846425884150,0.5059051317650056,1.4104038535646843,23.0,0.13747206515772903
20190508,2019,086520,에코프로,기타화학제품제조업,26650,75.0,1998750.0,3202.0,2999.0,20200110,588703590150,0.5059051317650056,1.4104038535646843,24.0,-0.06338973833339467
20190508,2019,298040,효성중공업,"전동기,발전기및전기변환ㆍ공급ㆍ제어장치제조업",39350,50.0,1967500.0,37291.0,30671.0,20191014,366920963800,0.5059051317650056,1.3734568210803453,25.0,-0.17752241504435218
20190508,2019,046890,서울반도체,반도체제조업,18300,109.0,1994700.0,17799.0,17498.0,20190709,1066988820000,0.5059051317650056,1.3602962500470213,26.0,-0.01691468145701769
20190508,2019,115390,락앤락,플라스틱제품제조업,16550,120.0,1986000.0,16542.0,14624.0,20190709,896788230000,0.5059051317650056,1.3183877994258202,27.0,-0.1159745369481916
20190508,2019,120110,코오롱인더,화학섬유제조업,45200,44.0,1988800.0,44007.0,46859.0,20200110,1219443568000,0.5057627830550293,1.2867335754845846,28.0,0.06479547359455173
20190508,2019,041830,인바디,의료용기기제조업,22100,90.0,1989000.0,21000.0,24648.0,20190709,302411582200,0.5060585703044409,1.2766303599420052,29.0,0.17372353493745418
20190508,2019,085370,루트로닉,의료용기기제조업,8940,223.0,1993620.0,8579.0,8004.0,20190827,226586168460,0.5060585703044409,1.2766303599420052,30.0,-0.06700638684424431
20190508,2019,011690,와이투솔루션,반도체제조업,7790,256.0,1994240.0,37589.0,35289.0,20190709,453021225790,0.5058779355453924,1.247812671928904,31.0,-0.06119670192380533
20190508,2019,183190,아세아시멘트,"시멘트,석회,플라스터및그제품제조업",103000,19.0,1957000.0,9987.0,11644.0,20210423,401268327000,0.5058215094170948,1.2465697540304872,32.0,0.16590030856921967
20190508,2019,067290,JW신약,의약품제조업,6270,318.0,1993860.0,4573.0,4011.0,20200522,261253130820,0.505750543240475,1.2417042006186438,33.0,-0.12280051485973209
20190508,2019,095190,이엠코리아,특수목적용기계제조업,6980,286.0,1996280.0,6539.0,5519.0,20190709,253602273920,0.5057627830550293,1.1984869307199315,34.0,-0.15596913307542326
20190508,2019,138690,엘아이에스,특수목적용기계제조업,13850,144.0,1994400.0,37808.0,36702.0,20191014,217890762250,0.5057627830550293,1.1984869307199315,35.0,-0.029251233181514347
20190508,2019,214320,이노션,광고업,71700,27.0,1935900.0,34447.0,34806.0,20190709,1434000000000,0.5059051317650056,1.1939110511115805,36.0,0.010423166967154174
20190508,2019,093050,LF,봉제의복제조업,24600,81.0,1992600.0,23822.0,23472.0,20190709,719304000000,0.5059051317650056,1.1547005383789783,37.0,-0.014658194574080019
20190508,2019,097520,엠씨넥스,영상및음향기기제조업,20150,99.0,1994850.0,20181.0,24038.0,20191014,293530611400,0.5059501403008744,1.1546903423277237,38.0,0.19108414499246407
20190508,2019,079160,CJ CGV,"영화,비디오물,방송프로그램제작및배급업",40650,49.0,1991850.0,25334.0,24107.0,20190709,860207373450,0.5060585703044409,1.1527403602864603,39.0,-0.04843512800181782
20190508,2019,103140,풍산,1차비철금속제조업,26200,76.0,1991200.0,25516.0,25419.0,20190709,734236083600,0.5059749479565301,1.1512892906142962,40.0,-0.0037717574598307158
20190508,2019,214450,파마리서치,생활용품도매업,40600,49.0,1989400.0,39147.0,39603.0,20190709,384328410200,0.5059501403008744,1.1474968352335042,41.0,0.01165181040519081
20190508,2019,005250,녹십자홀딩스,회사본부및경영컨설팅서비스업,23500,85.0,1997500.0,22520.0,20423.0,20191016,1105162935000,0.5059749479565301,1.1409844017971484,42.0,-0.09308787193587764
20190508,2019,073070,에이팸,자동차신품부품제조업,5820,343.0,1996260.0,28251.0,26799.0,20190709,510220595580,0.5057627830550293,1.1378216018860563,43.0,-0.05141862158210386
20190508,2019,000240,한국앤컴퍼니,기타금융업,17150,116.0,1989400.0,16654.0,13960.0,20190910,1595295966950,0.5059051317650056,1.1291474320969277,44.0,-0.16175011922193916
20190508,2019,003550,LG,기타금융업,73300,27.0,1979100.0,68032.0,70763.0,20190709,12648437702300,0.5059051317650056,1.1291474320969277,45.0,0.040143274064354806
20190508,2019,034730,SK,기타금융업,254500,7.0,1781500.0,246901.0,223282.0,20190709,17906695586500,0.5059051317650056,1.1291474320969277,46.0,-0.09566171996953743
20190508,2019,018260,삼성에스디에스,"컴퓨터프로그래밍,시스템통합및관리업",212500,9.0,1912500.0,201713.0,213206.0,20190709,16442782500000,0.5057244970059571,1.119980666548125,47.0,0.056979692839014495
20190508,2019,078160,메디포스트,기초의약물질제조업,36050,55.0,1982750.0,29661.0,27328.0,20190709,563023204100,0.5058215094170948,1.1153683785246875,51.0,-0.07865471024215398
20190508,2019,007310,오뚜기,도시락및식사용조리식품제조업,720000,2.0,1440000.0,699603.0,679638.0,20190709,2595770640000,0.5058215094170948,1.0712715769423953,57.0,-0.028537538397853668
20190508,2019,078340,컴투스,소프트웨어개발및공급업,99900,20.0,1998000.0,96416.0,96019.0,20190709,1285355358000,0.5059051317650056,0.9689319277173288,70.0,-0.004117849590647982
20190708,2019,012630,HDC,기타금융업,13950,143.0,1994850.0,13504.0,12454.0,20190906,833397007950,0.5059749479565301,2.800015109607399,1.0,-0.0777834635860144
20190708,2019,049950,미래컴퍼니,특수목적용기계제조업,44400,45.0,1998000.0,39180.0,36068.0,20190906,361603900800,0.5059749479565301,2.561747962148354,2.0,-0.0794304531817196
20190708,2019,090430,아모레퍼시픽,기타화학제품제조업,162000,12.0,1944000.0,159037.0,136503.0,20190906,9470275380000,0.5059749479565301,2.109328093733788,3.0,-0.14168811037174844
20190708,2019,226320,잇츠한불,기타화학제품제조업,22150,90.0,1993500.0,21161.0,18308.0,20191202,485734327250,0.5059749479565301,2.109328093733788,4.0,-0.1348081798375954
20190708,2019,067080,대화제약,의약품제조업,15150,132.0,1999800.0,14937.0,12781.0,20190910,276108356100,0.5059749479565301,1.9428111462702706,5.0,-0.14438799133603586
20190708,2019,011690,와이투솔루션,반도체제조업,7200,277.0,1994400.0,35289.0,27571.0,20190906,418818247200,0.5059749479565301,1.9197495937050761,6.0,-0.21869711163785577
20190708,2019,006650,대한유화,기초화학물질제조업,135000,14.0,1890000.0,130538.0,123535.0,20190906,877500000000,0.5059749479565301,1.7294034859764782,7.0,-0.05364718130713719
20190708,2019,161000,애경케미칼,기초화학물질제조업,7810,256.0,1999360.0,7637.0,7319.0,20190906,250232400000,0.5059749479565301,1.7294034859764782,8.0,-0.04173894090699237
20190708,2019,139480,이마트,종합소매업,140500,14.0,1967000.0,139225.0,112198.0,20190906,3916552569500,0.5059749479565301,1.612283026808423,9.0,-0.19412693841739403
20190708,2019,009150,삼성전기,전자부품제조업,90600,22.0,1993200.0,90217.0,97182.0,20190906,6767248857600,0.5058215094170948,1.6046998026674337,10.0,0.07720037371353561
20190708,2019,020150,롯데에너지머티리얼즈,전자부품제조업,38500,51.0,1963500.0,37750.0,41955.0,20190906,1775267147500,0.5058215094170948,1.6046998026674337,11.0,0.11138191394441299
20190708,2019,078340,컴투스,소프트웨어개발및공급업,96600,20.0,1932000.0,96019.0,93217.0,20190906,1242896172000,0.5059749479565301,1.5928495697115503,12.0,-0.029177944601449846
20190708,2019,112040,위메이드,소프트웨어개발및공급업,31100,64.0,1990400.0,15717.0,14880.0,20190906,522480000000,0.5059749479565301,1.5928495697115503,13.0,-0.053232120320096055
20190708,2019,201490,미투온,소프트웨어개발및공급업,6550,305.0,1997750.0,6403.0,6714.0,20191106,204738393500,0.5059749479565301,1.5928495697115503,14.0,0.0486397662828697
20190708,2019,001680,대상,도시락및식사용조리식품제조업,24550,81.0,1988550.0,25013.0,21615.0,20190906,850609013750,0.5058215094170948,1.512281088951872,15.0,-0.13583924010562454
20190708,2019,007310,오뚜기,도시락및식사용조리식품제조업,681000,2.0,1362000.0,679638.0,569411.0,20190906,2455166397000,0.5058215094170948,1.512281088951872,16.0,-0.16218416969496197
20190708,2019,028300,HLB,선박및보트건조업,36200,55.0,1991000.0,13072.0,19099.0,20190906,1420313588400,0.5056791607071184,1.4985761274591414,17.0,0.4610495466139999
20190708,2019,067630,HLB생명과학,"건축기술,엔지니어링및관련기술서비스업",7940,251.0,1992940.0,3491.0,3240.0,20190906,371927727020,0.5056791607071184,1.4712928377882104,18.0,-0.07199377957968223
20190708,2019,064550,바이오니아,의료용품및기타의약관련제품제조업,9100,219.0,1992900.0,8981.0,29454.0,20200827,201086785900,0.5059051317650056,1.4609617957085765,19.0,2.2794618092878043
20190708,2019,065620,제낙스,1차철강제조업,13350,149.0,1989150.0,68225.0,,,300198032400,0.5055821482959808,1.4402905668815174,20.0,-0.3272452962002733
20190708,2019,091810,트리니티항공,항공여객운송업,6020,332.0,1998640.0,3119.0,2580.0,20190916,282788368240,0.5059749479565301,1.3232176867316772,21.0,-0.17273490051234697
20190708,2019,099190,아이센스,의료용기기제조업,25000,80.0,2000000.0,12871.0,13895.0,20190906,343430950000,0.5059051317650056,1.314125521641889,22.0,0.07952034038130562
20190708,2019,100120,뷰웍스,의료용기기제조업,30650,65.0,1992250.0,30931.0,25538.0,20190909,306557162250,0.5059051317650056,1.314125521641889,23.0,-0.17435711159809286
20190708,2019,011810,STX,상품종합도매업,10800,185.0,1998000.0,10219.0,8431.0,20230605,213050541600,0.5060585703044409,1.3123745374758502,24.0,-0.174980744383872
20190708,2019,103140,풍산,1차비철금속제조업,25550,78.0,1992900.0,25419.0,22315.0,20190906,716020302900,0.5059749479565301,1.311205994060613,25.0,-0.1221298972173549
20190708,2019,046890,서울반도체,반도체제조업,17550,113.0,1983150.0,17498.0,14949.0,20190906,1023259770000,0.5058215094170948,1.2295542174780687,26.0,-0.14571499588653114
20190708,2019,078160,메디포스트,기초의약물질제조업,31750,62.0,1968500.0,27328.0,26407.0,20190906,495866483500,0.5058215094170948,1.2131214878368544,27.0,-0.03371563717393378
20190708,2019,079160,CJ CGV,"영화,비디오물,방송프로그램제작및배급업",35750,55.0,1966250.0,24107.0,21317.0,20190906,756516939750,0.5059749479565301,1.159383145264691,28.0,-0.11573403492652701
20190708,2019,215600,신라젠,자연과학및공학연구개발업,47300,42.0,1986600.0,26940.0,7567.0,20190906,3336027612500,0.5059749479565301,1.1528451961892379,29.0,-0.7191082967194936
20190708,2019,268600,셀리버리,자연과학및공학연구개발업,36250,55.0,1993750.0,9418.0,11144.0,20190906,283478878750,0.5059749479565301,1.1528451961892379,30.0,0.1832704865205934
20190708,2019,105630,한세실업,봉제의복제조업,20150,99.0,1994850.0,19845.0,17094.0,20191206,806000000000,0.5058215094170948,1.1482852909889811,31.0,-0.13861263584240013
20190708,2019,298020,효성티앤씨,화학섬유제조업,139000,14.0,1946000.0,140484.0,150503.0,20190906,601547798000,0.5056791607071184,1.1354226345191571,32.0,0.07131548928006048
20190708,2019,214320,이노션,광고업,69700,28.0,1951600.0,34806.0,32095.0,20190906,1394000000000,0.5059051317650056,1.1240517758425026,33.0,-0.07787530014566701
20190708,2019,011200,HMM,해상운송업,3685,542.0,1997270.0,3638.0,3552.0,20190906,1166494838575,0.5058902352853623,1.1161721072437096,34.0,-0.023472970602423038
20190708,2019,014680,한솔케미칼,기초화학물질제조업,80400,24.0,1929600.0,80166.0,81770.0,20190906,908133678000,0.5058215094170948,1.0735843062781993,35.0,0.020001277245159876
20190708,2019,002020,코오롱,기타금융업,18150,110.0,1996500.0,17266.0,17866.0,20191016,229169631900,0.5056791607071184,1.0266755412832413,36.0,0.03474736083044627
20190708,2019,003090,대웅,기타금융업,16350,122.0,1994700.0,16108.0,14610.0,20191004,950621373000,0.5056791607071184,1.0266755412832413,37.0,-0.09305150980085053
20190708,2019,008930,한미사이언스,기타금융업,48900,40.0,1956000.0,44935.0,37476.0,20190906,3165925854000,0.5056791607071184,1.0266755412832413,38.0,-0.16600379647006047
20190708,2019,030530,원익홀딩스,기타금융업,3855,518.0,1996890.0,3871.0,4296.0,20190925,297752416755,0.5056791607071184,1.0266755412832413,39.0,0.1097722353969739
20190708,2019,035150,백산,플라스틱제품제조업,8420,237.0,1995540.0,8492.0,9770.0,20210504,203764000000,0.5057627830550293,1.0222530769929858,40.0,0.15045672214689687
20190708,2019,115960,연우,플라스틱제품제조업,23600,84.0,1982400.0,23738.0,22588.0,20190906,292592800000,0.5057627830550293,1.0222530769929858,41.0,-0.04848073753117632
20190708,2019,238090,앤디포스,플라스틱제품제조업,5200,384.0,1996800.0,13802.0,15220.0,20190909,218176504000,0.5057627830550293,1.0222530769929858,42.0,0.10273625244591922
20190708,2019,068240,다원시스,"전동기,발전기및전기변환ㆍ공급ㆍ제어장치제조업",13750,145.0,1993750.0,12473.0,13168.0,20190906,368499422500,0.5058215094170948,0.9988466671646303,43.0,0.055740277452023035
20190708,2019,009680,모토닉,자동차신품부품제조업,9900,202.0,1999800.0,9749.0,12858.0,20201007,326700000000,0.5057627830550293,0.9495880612660493,44.0,0.31887449474354823
20190708,2019,073070,에이팸,자동차신품부품제조업,5410,369.0,1996290.0,26799.0,28603.0,20190906,474277220290,0.5057627830550293,0.9495880612660493,45.0,0.0673176316008004
20190708,2019,215360,우리산업,자동차신품부품제조업,23750,84.0,1995000.0,23301.0,24201.0,20200205,216888871250,0.5057627830550293,0.9495880612660493,46.0,0.038650134287460114
20190708,2019,047810,한국항공우주,"항공기,우주선및부품제조업",33600,59.0,1982400.0,33412.0,41606.0,20190906,3275163595200,0.5058215094170948,0.9432752845886767,47.0,0.2452363562422082
20190708,2019,066970,엘앤에프,일차전지및이차전지제조업,26700,74.0,1975800.0,24176.0,25750.0,20190906,661058064300,0.5055668628092287,0.9408835899986507,48.0,0.06514364713456144
20190708,2019,084110,휴온스글로벌,의약품제조업,37200,53.0,1971600.0,30490.0,25195.0,20190924,406274666400,0.5058215094170948,0.9227667794171053,53.0,-0.17366428234310538
20190708,2019,095190,이엠코리아,특수목적용기계제조업,5590,357.0,1995630.0,5519.0,5521.0,20201027,203099815360,0.5056791607071184,0.7120895829165865,70.0,0.0002991506719076664
20190905,2019,004990,롯데지주,기타금융업,33950,58.0,1969100.0,33914.0,36773.0,20191111,3561668596150,0.5059749479565301,2.2163894440111984,1.0,0.08430296483253952
20190905,2019,042700,한미반도체,특수목적용기계제조업,6530,306.0,1998180.0,3259.0,3129.0,20191129,373672001700,0.5060585703044409,2.054948639884124,2.0,-0.03989945799803085
20190905,2019,010060,OCI홀딩스,기초화학물질제조업,67900,29.0,1969100.0,52440.0,51405.0,20191111,1619372290900,0.5059749479565301,2.053613461106171,3.0,-0.01973940499965443
20190905,2019,161000,애경케미칼,기초화학물질제조업,7380,271.0,1999980.0,7319.0,7910.0,20191128,236455200000,0.5059749479565301,2.053613461106171,4.0,0.08080985933294604
20190905,2019,046890,서울반도체,반도체제조업,15150,132.0,1999800.0,14949.0,13947.0,20191111,883326810000,0.5060585703044409,1.8671085794485704,5.0,-0.06702491169136993
20190905,2019,100120,뷰웍스,의료용기기제조업,25600,78.0,1996800.0,25388.0,24484.0,20191111,256047744000,0.5059749479565301,1.7195857086025028,6.0,-0.03561345308439845
20190905,2019,049070,인탑스,통신및방송장비제조업,13700,145.0,1986500.0,13487.0,14142.0,20191111,235640000000,0.5059051317650056,1.6912786835966989,7.0,0.0485031589645184
20190905,2019,200230,텔콘RF제약,통신및방송장비제조업,5330,375.0,1998750.0,14929.0,23438.0,20191111,442316744480,0.5059051317650056,1.6912786835966989,8.0,0.5700246585209685
20190905,2019,009150,삼성전기,전자부품제조업,98200,20.0,1964000.0,97182.0,109475.0,20191111,7334920947200,0.5058215094170948,1.524756863015465,9.0,0.12649077857205104
20190905,2019,272290,이녹스첨단소재,전자부품제조업,52400,38.0,1991200.0,24633.0,25492.0,20191111,483778808000,0.5058215094170948,1.524756863015465,10.0,0.03489914383044446
20190905,2019,140410,메지온,자연과학및공학연구개발업,103000,19.0,1957000.0,35853.0,83135.0,20191111,895013556000,0.5058215094170948,1.4720678963828335,11.0,1.3187896494803937
20190905,2019,267260,HD현대일렉트릭,"전동기,발전기및전기변환ㆍ공급ㆍ제어장치제조업",14050,142.0,1995100.0,11550.0,10039.0,20191223,286017746750,0.5059749479565301,1.4609563491029791,12.0,-0.13080384641289056
20190905,2019,051370,인터플렉스,전자부품제조업,11200,178.0,1993600.0,11184.0,15980.0,20191111,261267686400,0.5058066129374514,1.4388321368783124,13.0,0.4288405930674515
20190905,2019,084990,헬릭스미스,자연과학및공학연구개발업,193000,10.0,1930000.0,125577.0,65815.0,20191111,4114822725000,0.5058066129374514,1.3838775363565237,14.0,-0.4759015746809764
20190905,2019,005490,POSCO홀딩스,1차철강제조업,214000,9.0,1926000.0,215137.0,223699.0,20191111,18657982690000,0.5059051317650056,1.3651827399580025,15.0,0.039798892005191044
20190905,2019,082920,비츠로셀,일차전지및이차전지제조업,10250,195.0,1998750.0,5123.0,6335.0,20191204,220776308000,0.5059051317650056,1.3323547429934675,16.0,0.23672243597375542
20190905,2019,002380,KCC,기타화학제품제조업,224500,8.0,1796000.0,195134.0,202118.0,20191111,2369937168500,0.5058215094170948,1.327609783330369,17.0,0.03579255889548483
20190905,2019,004430,송원산업,기타화학제품제조업,18950,105.0,1989750.0,18771.0,15872.0,20191111,454800000000,0.5058215094170948,1.327609783330369,18.0,-0.15444318069488605
20190905,2019,008490,서흥,기타화학제품제조업,31500,63.0,1984500.0,31492.0,34038.0,20200316,364427059500,0.5058215094170948,1.327609783330369,19.0,0.0808550015386651
20190905,2019,049770,동원F&B,도시락및식사용조리식품제조업,214000,9.0,1926000.0,42629.0,43027.0,20191111,825852536000,0.5058215094170948,1.3265427181142324,20.0,0.0093395960939755
20190905,2019,271560,오리온,도시락및식사용조리식품제조업,94700,21.0,1988700.0,94902.0,108128.0,20191111,3744071700400,0.5058215094170948,1.3265427181142324,21.0,0.13935872814629824
20190905,2019,003550,LG,기타금융업,71100,28.0,1990800.0,68036.0,67924.0,20191111,12268812014100,0.5058215094170948,1.3201107750274763,22.0,-0.0016378148220640432
20190905,2019,042670,HD현대인프라코어,특수목적용기계제조업,6190,323.0,1999370.0,5218.0,4854.0,20191111,1288518317010,0.5059051317650056,1.312012311574356,23.0,-0.06971901925010804
20190905,2019,138690,엘아이에스,특수목적용기계제조업,13850,144.0,1994400.0,38647.0,,,221973548350,0.5059051317650056,1.312012311574356,24.0,-0.09379883025646385
20190905,2019,014680,한솔케미칼,기초화학물질제조업,78700,25.0,1967500.0,81770.0,91685.0,20191111,888931846500,0.5058215094170948,1.2916195501835217,25.0,0.12125862468626591
20190905,2019,002150,도화엔지니어링,"건축기술,엔지니어링및관련기술서비스업",10650,187.0,1991550.0,10370.0,9258.0,20191111,359118000000,0.5058066129374514,1.2488406966000676,26.0,-0.10720628452286063
20190905,2019,003090,대웅,기타금융업,17450,114.0,1989300.0,17261.0,13810.0,20191111,1014577551000,0.5058066129374514,1.2330961501722149,27.0,-0.19992925168955067
20190905,2019,006490,인스코비,전기통신업,2920,684.0,1997280.0,2977.0,4090.0,20191111,273723486400,0.5054832404613178,1.2037841849815318,28.0,0.3740134390842831
20190905,2019,003850,보령,의약품제조업,12250,163.0,1996750.0,9253.0,11321.0,20191111,541450000000,0.5058215094170948,1.157364526144378,29.0,0.22359189550922842
20190905,2019,009420,한올바이오파마,의약품제조업,27500,72.0,1980000.0,27515.0,32617.0,20191111,1436617545000,0.5058215094170948,1.157364526144378,30.0,0.18541006077452282
20190905,2019,019170,신풍제약,의약품제조업,6050,330.0,1996500.0,6067.0,7148.0,20191111,320559189500,0.5058215094170948,1.157364526144378,31.0,0.17807083445249527
20190905,2019,185750,종근당,의약품제조업,83700,23.0,1925100.0,62746.0,70981.0,20191111,867993273000,0.5058215094170948,1.157364526144378,32.0,0.13123751842488862
20190905,2019,234080,JW생명과학,의약품제조업,22400,89.0,1993600.0,22441.0,20894.0,20191111,354694009600,0.5058215094170948,1.157364526144378,33.0,-0.06892855557897959
20190905,2019,249420,일동제약,의약품제조업,16300,122.0,1988600.0,15507.0,15839.0,20191212,369528367600,0.5058215094170948,1.157364526144378,34.0,0.0214292422784077
20190905,2019,093050,LF,봉제의복제조업,20000,100.0,2000000.0,19776.0,20127.0,20191111,584800000000,0.5059051317650056,1.1547005383794313,35.0,0.01779196546012396
20190905,2019,028300,HLB,선박및보트건조업,48000,41.0,1968000.0,19099.0,56578.0,20191112,1883288736000,0.5058066129374514,1.1547005383793814,36.0,1.9624264659185773
20190905,2019,079160,CJ CGV,"영화,비디오물,방송프로그램제작및배급업",34000,58.0,1972000.0,21317.0,22048.0,20191111,719484642000,0.5058215094170948,1.1547005383792517,37.0,0.034297141668510056
20190905,2019,230360,에코마케팅,광고업,29000,68.0,1972000.0,14523.0,16892.0,20191111,469769173000,0.5056791607071184,1.1547005383792515,38.0,0.16312965090759324
20190905,2019,091810,트리니티항공,항공여객운송업,4960,403.0,1998880.0,2534.0,2888.0,20191212,232995067520,0.5056791607071184,1.0954451150103321,40.0,0.1397439083570482
20190905,2019,215360,우리산업,자동차신품부품제조업,22900,87.0,1992300.0,22954.0,22053.0,20200228,209126532700,0.5057627830550293,1.0553903880467057,43.0,-0.03925458923385372
20190905,2019,011200,HMM,해상운송업,3615,553.0,1999095.0,3552.0,3418.0,20191111,1144336184925,0.5059051317650056,0.9497060390141455,45.0,-0.0378981516978949
20190905,2019,298020,효성티앤씨,화학섬유제조업,152000,13.0,1976000.0,150503.0,164533.0,20191111,657807664000,0.5058215094170948,0.9327081336105961,48.0,0.09322157722188784
20190905,2019,078340,컴투스,소프트웨어개발및공급업,94000,21.0,1974000.0,93217.0,98031.0,20191111,1209443480000,0.5058215094170948,0.9118701272705184,54.0,0.05164327976002969
20190905,2019,139480,이마트,종합소매업,112500,17.0,1912500.0,112198.0,127229.0,20191111,3136029637500,0.5056791607071184,0.8897005531165267,59.0,0.13397551263989782
20190905,2019,103140,풍산,1차비철금속제조업,22400,89.0,1993600.0,22315.0,22362.0,20191111,627743827200,0.5059749479565301,0.8823907486607553,60.0,0.002093716781526922
20190905,2019,115960,연우,플라스틱제품제조업,23000,86.0,1978000.0,22588.0,23340.0,20191111,285154000000,0.5058215094170948,0.8343055693612905,68.0,0.033335896845498425
20190905,2019,112040,위메이드,소프트웨어개발및공급업,29450,67.0,1973150.0,14880.0,13920.0,20191111,494760000000,0.5058066129374514,0.8330315815186539,70.0,-0.06452580674605679
20190905,2019,078160,메디포스트,기초의약물질제조업,29750,67.0,1993250.0,26407.0,28646.0,20191111,464630799500,0.5058215094170948,0.8186461651513153,72.0,0.08477512296529
20190905,2019,099190,아이센스,의료용기기제조업,27550,72.0,1983600.0,13895.0,13594.0,20191111,378460906900,0.5058101049707597,0.7209059332164794,76.0,-0.02166108944862466
20190905,2019,047810,한국항공우주,"항공기,우주선및부품제조업",41050,48.0,1970400.0,41606.0,38094.0,20191111,4001353142350,0.5058101049707597,0.7071067811865475,81.0,-0.08440688337484781
20191108,2019,049770,동원F&B,도시락및식사용조리식품제조업,218000,9.0,1962000.0,43027.0,45240.0,20200206,841289032000,0.5057627830550293,2.307855327531946,1.0,0.05142961127427337
20191108,2019,003000,부광약품,의약품제조업,15500,129.0,1999500.0,12167.0,11887.0,20200113,984736188500,0.5060585703044409,2.298081043167282,2.0,-0.023009247912804898
20191108,2019,243070,휴온스,의약품제조업,46650,42.0,1959300.0,35052.0,44507.0,20200113,419092264050,0.5060585703044409,2.298081043167282,3.0,0.269737278462844
20191108,2019,009150,삼성전기,전자부품제조업,116000,17.0,1972000.0,109475.0,134461.0,20200113,8664468736000,0.5059501403008744,2.020734080942469,4.0,0.22823465506504736
20191108,2019,010060,OCI홀딩스,기초화학물질제조업,65100,30.0,1953000.0,51405.0,49990.0,20200113,1552594052100,0.5060585703044409,1.9927445318034285,5.0,-0.0275322232953622
20191108,2019,093370,후성,기초화학물질제조업,7880,253.0,1993640.0,7484.0,8418.0,20200113,729741733720,0.5060585703044409,1.9927445318034285,6.0,0.1247657319532216
20191108,2019,051370,인터플렉스,전자부품제조업,16100,124.0,1996400.0,15980.0,15733.0,20200113,375572299200,0.505935243821231,1.9285242502268545,7.0,-0.015485472089023733
20191108,2019,018250,애경산업,기타화학제품제조업,29450,67.0,1973150.0,29196.0,32648.0,20200113,777772585750,0.5060585703044409,1.9040990464981724,8.0,0.11822426075211223
20191108,2019,042700,한미반도체,특수목적용기계제조업,6440,310.0,1996400.0,3179.0,4768.0,20200122,368521851600,0.5060585703044409,1.8487455371318908,9.0,0.4998723240709222
20191108,2019,078150,HB테크놀러지,특수목적용기계제조업,2810,711.0,1997910.0,2769.0,2978.0,20200114,221963097060,0.5060585703044409,1.8487455371318908,10.0,0.07543213065232401
20191108,2019,003090,대웅,기타금융업,13800,144.0,1987200.0,13810.0,11811.0,20200130,802359324000,0.5059051317650056,1.813242302572905,11.0,-0.1447310075425563
20191108,2019,006120,SK디스커버리,기타금융업,23550,84.0,1978200.0,23527.0,27072.0,20200113,448341485250,0.5059051317650056,1.813242302572905,12.0,0.15070824344223954
20191108,2019,046890,서울반도체,반도체제조업,14000,142.0,1988000.0,13947.0,16196.0,20200113,816275600000,0.5060585703044409,1.8074553705387753,13.0,0.16124624267763243
20191108,2019,091700,파트론,전자부품제조업,11550,173.0,1998150.0,11371.0,12822.0,20200113,625506535500,0.5059051317650056,1.742129365427471,14.0,0.12754768835542274
20191108,2019,008930,한미사이언스,기타금융업,41850,47.0,1966950.0,38213.0,35135.0,20200113,2709488691000,0.5058902352853623,1.7361291506231002,15.0,-0.08053734024223624
20191108,2019,100120,뷰웍스,의료용기기제조업,24400,81.0,1976400.0,24484.0,38028.0,20200113,244045506000,0.5060585703044409,1.6704057689421725,16.0,0.5531870023584875
20191108,2019,088800,에이스테크,통신및방송장비제조업,7100,281.0,1995100.0,18825.0,23201.0,20200529,275891956200,0.5059051317650056,1.6683706479894993,17.0,0.2324874059154174
20191108,2019,950180,SNK,소프트웨어개발및공급업,18900,105.0,1984500.0,18691.0,16488.0,20200207,398068020000,0.5059051317650056,1.5233357048564555,18.0,-0.11785829044024987
20191108,2019,068760,셀트리온제약,의약품제조업,38600,51.0,1968600.0,29731.0,31490.0,20200113,1315839453000,0.5059051317650056,1.5223978116676646,19.0,0.059178262553205574
20191108,2019,069620,대웅제약,의약품제조업,142000,14.0,1988000.0,141143.0,141633.0,20200113,1645293650000,0.5059051317650056,1.5223978116676646,20.0,0.003471372979361842
20191108,2019,272450,진에어,항공여객운송업,15800,126.0,1990800.0,13588.0,13848.0,20200113,474000000000,0.5060585703044409,1.4641404075113928,21.0,0.019124951301352056
20191108,2019,036800,나이스정보통신,전기통신업,30250,66.0,1996500.0,29645.0,24996.0,20200408,302500000000,0.5055821482959808,1.4553401464460516,22.0,-0.1568310119194355
20191108,2019,001740,SK네트웍스,기타전문도매업,5970,335.0,1999950.0,5922.0,5434.0,20200113,1481680252590,0.5057244970059571,1.449786375583333,23.0,-0.08238171446249598
20191108,2019,053580,웹케시,소프트웨어개발및공급업,49600,40.0,1984000.0,24084.0,22543.0,20200113,335477288000,0.5058902352853623,1.4318138042295125,24.0,-0.06395493311930034
20191108,2019,007070,GS리테일,종합소매업,39650,50.0,1982500.0,34812.0,33832.0,20200113,3053050000000,0.5057980528777722,1.3587818646604162,25.0,-0.02814383441626045
20191108,2019,004020,현대제철,1차철강제조업,32950,60.0,1977000.0,32552.0,29411.0,20200113,4397038615750,0.5059749479565301,1.3196240781326602,26.0,-0.09649738164906851
20191108,2019,084370,유진테크,특수목적용기계제조업,14600,136.0,1985600.0,14198.0,17241.0,20200113,334574213200,0.5059501403008744,1.293878141404949,27.0,0.21437313613032605
20191108,2019,140410,메지온,자연과학및공학연구개발업,231500,8.0,1852000.0,83135.0,62158.0,20200113,2015427888000,0.5059501403008744,1.2823776317203643,28.0,-0.25232981057815496
20191108,2019,196170,알테오젠,자연과학및공학연구개발업,49850,40.0,1994000.0,13882.0,18878.0,20200113,689815227300,0.5059501403008744,1.2823776317203643,29.0,0.35989984848157297
20191108,2019,012330,현대모비스,자동차신품부품제조업,242000,8.0,1936000.0,240825.0,241338.0,20200113,23064219948000,0.5059051317650056,1.2708906132842122,30.0,0.0021328929381092543
20191108,2019,003550,LG,기타금융업,72400,27.0,1954800.0,67924.0,67922.0,20200113,12493136284400,0.5057980528777722,1.2589374802573616,31.0,-3.15115579664349e-05
20191108,2019,218410,RFHIC,통신및방송장비제조업,35800,55.0,1969000.0,34468.0,33084.0,20200113,849974411600,0.5058101049707597,1.2089757607214144,32.0,-0.040168088275469804
20191108,2019,051900,LG생활건강,기타화학제품제조업,1253000,1.0,1253000.0,1216813.0,1404972.0,20200113,19569600841000,0.5059051317650056,1.2048605265446426,33.0,0.15463249883189767
20191108,2019,092730,네오팜,기타화학제품제조업,48600,41.0,1992600.0,24968.0,23720.0,20200113,398877744600,0.5059051317650056,1.2048605265446426,34.0,-0.049967729853422904
20191108,2019,161890,한국콜마,기타화학제품제조업,47350,42.0,1988700.0,46690.0,52988.0,20200113,1083423873000,0.5059051317650056,1.2048605265446426,35.0,0.1348806606841071
20191108,2019,230360,에코마케팅,광고업,35500,56.0,1988000.0,16892.0,17315.0,20200113,575062263500,0.5054718360149826,1.1547005383792515,36.0,0.0250413341234641
20191108,2019,138080,오이솔루션,통신및방송장비제조업,48050,41.0,1970050.0,38637.0,49220.0,20200113,371884512600,0.5057980528777722,1.1507114580763476,37.0,0.2739190475717699
20191108,2019,101060,SBS미디어홀딩스,텔레비전방송업,2000,1000.0,2000000.0,2002.0,,,279792380000,0.5056791607071184,1.1354226345193432,38.0,0.012812243533892653
20191108,2019,282330,BGF리테일,종합소매업,182000,10.0,1820000.0,181556.0,167581.0,20200113,3145670892000,0.5057627830550293,1.12988735682279,39.0,-0.07697039350383883
20191108,2019,073240,금호타이어,고무제품제조업,4190,477.0,1998630.0,4180.0,4041.0,20200113,1203620602530,0.5059051317650056,1.1236572809067153,40.0,-0.03335837990614854
20191108,2019,025320,시노펙스,전자부품제조업,2830,706.0,1997980.0,2364.0,2473.0,20200602,205347992240,0.5057980528777722,1.0793065843818228,41.0,0.04638215886218977
20191108,2019,012630,HDC,기타금융업,11850,168.0,1990800.0,11555.0,10305.0,20200113,707939393850,0.5057627830550293,1.076359631964892,42.0,-0.10814538577433186
20191108,2019,042670,HD현대인프라코어,특수목적용기계제조업,5740,348.0,1997520.0,4854.0,4381.0,20200113,1194845741460,0.5059051317650056,1.0635565674721978,44.0,-0.09749485976109729
20191108,2019,011200,HMM,해상운송업,3415,585.0,1997775.0,3418.0,3783.0,20200113,1081025745925,0.5059051317650056,1.004462438661951,47.0,0.10693759236914802
20191108,2019,234080,JW생명과학,의약품제조업,21150,94.0,1988100.0,20894.0,18946.0,20200210,334900817100,0.5057980528777722,0.9810781563824553,49.0,-0.09324248380034017
20191108,2019,115960,연우,플라스틱제품제조업,24000,83.0,1992000.0,23340.0,25286.0,20200113,297552000000,0.5059051317650056,0.9042317042133917,61.0,0.08335690933117457
20191108,2019,014680,한솔케미칼,기초화학물질제조업,91100,21.0,1913100.0,91685.0,104596.0,20200113,1028992264500,0.5058101049707597,0.8613403977442788,62.0,0.14082384242660684
20191108,2019,047810,한국항공우주,"항공기,우주선및부품제조업",38700,51.0,1973700.0,38094.0,33399.0,20200113,3772286640900,0.5058101049707597,0.7071067811865475,80.0,-0.1232621595490081
20191108,2019,093050,LF,봉제의복제조업,20200,99.0,1999800.0,20127.0,14237.0,20201016,590648000000,0.5058215094170948,0.7071067811865475,81.0,-0.29264828657409003
20191108,2019,112040,위메이드,소프트웨어개발및공급업,28400,70.0,1988000.0,13920.0,17985.0,20200113,477120000000,0.5057627830550293,0.6487650142821376,87.0,0.29202038574803435
20200102,2020,208340,파멥신,의약품제조업,38900,51.0,1983900.0,14146.0,10959.0,20200310,268830470100,0.5406634355872262,3.005178389086496,1.0,-0.22533526487459243
20200102,2020,008930,한미사이언스,기타금융업,38150,52.0,1983800.0,35941.0,31786.0,20200305,2469940109000,0.5502319672809717,2.5333542919998715,2.0,-0.11559212802767072
20200102,2020,042670,HD현대인프라코어,특수목적용기계제조업,5500,363.0,1996500.0,4643.0,3683.0,20200305,1144887034500,0.513811162066247,1.8951979288856111,3.0,-0.20681552817082516
20200102,2020,307950,현대오토에버,소프트웨어개발및공급업,49400,40.0,1976000.0,48492.0,39338.0,20200305,1037400000000,0.5375583774810112,1.8907146154788663,4.0,-0.1887831116365285
20200102,2020,121800,비덴트,통신및방송장비제조업,8150,245.0,1996750.0,8055.0,6704.0,20200306,277030912450,0.518620882241455,1.8625347389616567,5.0,-0.1676563329096471
20200102,2020,012630,HDC,기타금융업,10900,183.0,1994700.0,10805.0,9856.0,20200305,651184758900,0.5368350096945351,1.8617565631861608,6.0,-0.08786968045781107
20200102,2020,003000,부광약품,의약품제조업,14050,142.0,1995100.0,11512.0,11927.0,20200305,892615706350,0.5235714944244879,1.807308208254962,7.0,0.03607325991747157
20200102,2020,002150,도화엔지니어링,"건축기술,엔지니어링및관련기술서비스업",8920,224.0,1998080.0,8546.0,9457.0,20210428,300782400000,0.5459575428504704,1.5395095542243966,8.0,0.10651885041572862
20200102,2020,272450,진에어,항공여객운송업,15300,130.0,1989000.0,13240.0,11721.0,20200305,459000000000,0.5169770966553617,1.5359331629370836,9.0,-0.11469395776225788
20200102,2020,004020,현대제철,1차철강제조업,31200,64.0,1996800.0,30863.0,25397.0,20200305,4163508492000,0.5310529450710466,1.529658568007698,10.0,-0.1771062252636496
20200102,2020,038540,상상인,"컴퓨터프로그래밍,시스템통합및관리업",8500,235.0,1997500.0,8554.0,7904.0,20200305,470290660500,0.5411266976446503,1.5150930862279313,11.0,-0.07603277962743349
20200102,2020,017800,현대엘리베이터,일반목적용기계제조업,67600,29.0,1960400.0,45096.0,37692.0,20200305,1838674978400,0.5307964702379889,1.5092007388108089,12.0,-0.1641854671196915
20200102,2020,085660,차바이오텍,기초의약물질제조업,14650,136.0,1992400.0,13426.0,12920.0,20200305,768840262600,0.5198659404670015,1.506786891805908,13.0,-0.03768312199916968
20200102,2020,192650,드림텍,전자부품제조업,6970,286.0,1993420.0,6656.0,6094.0,20200305,425623865490,0.51368090896487,1.4772990486828979,14.0,-0.08444890111518744
20200102,2020,215600,신라젠,자연과학및공학연구개발업,14400,138.0,1987200.0,8913.0,7726.0,20200305,1023150600000,0.5458578114030106,1.4669492129778618,15.0,-0.1331697991392331
20200102,2020,007310,오뚜기,도시락및식사용조리식품제조업,549000,3.0,1647000.0,549254.0,524124.0,20200305,1979275113000,0.5236788043296536,1.418817959273808,16.0,-0.045754122662665875
20200102,2020,298040,효성중공업,"전동기,발전기및전기변환ㆍ공급ㆍ제어장치제조업",26900,74.0,1990600.0,27222.0,27467.0,20200623,250830341200,0.5323219746739596,1.4069712862108747,17.0,0.009005352087396945
20200102,2020,192820,코스맥스,기타화학제품제조업,83800,23.0,1927400.0,79842.0,82492.0,20200305,842148854200,0.5198236618069125,1.3995013547954485,18.0,0.0331956512126339
20200102,2020,008060,대덕,전자부품제조업,10300,194.0,1998200.0,10359.0,9495.0,20200305,803471811600,0.5125183958877488,1.3982956289019801,19.0,-0.08346209727768994
20200102,2020,048260,오스템임플란트,의료용기기제조업,42000,47.0,1974000.0,345911.0,305566.0,20200305,600000114000,0.5189284488619713,1.3670918240790686,20.0,-0.11663427887646027
20200102,2020,051900,LG생활건강,기타화학제품제조업,1266000,1.0,1266000.0,1263779.0,1298900.0,20200305,19772637402000,0.5192122432618703,1.3553488616751543,21.0,0.027790297175005252
20200102,2020,086900,메디톡스,기초의약물질제조업,300600,6.0,1803600.0,260410.0,217513.0,20200305,1748016054000,0.5171104260897021,1.3358798385728714,22.0,-0.16472718926780372
20200102,2020,011690,와이투솔루션,반도체제조업,4960,403.0,1998880.0,24297.0,8750.0,20260225,288643236960,0.5172897616813164,1.31257273381463,23.0,-0.6398850996512588
20200102,2020,018250,애경산업,기타화학제품제조업,29350,68.0,1995800.0,29449.0,27903.0,20200305,775131592250,0.5185477281444499,1.3073620948553655,24.0,-0.05250204119253665
20200102,2020,067080,대화제약,의약품제조업,12800,156.0,1996800.0,12428.0,11422.0,20200602,233279667200,0.5161484102628136,1.2870693961499002,25.0,-0.08093904021282428
20200102,2020,123040,엠에스오토텍,자동차신품부품제조업,6070,329.0,1997030.0,6048.0,6137.0,20200605,205041619630,0.5147438026647599,1.27341826270197,26.0,0.014781800884153817
20200102,2020,091700,파트론,전자부품제조업,13400,149.0,1996600.0,13171.0,9781.0,20200305,725695894000,0.5106638404480863,1.2722615869714764,27.0,-0.2574010241432707
20200102,2020,001820,삼화콘덴서,전자부품제조업,52600,38.0,1998800.0,53539.0,62327.0,20200305,546777000000,0.5106566103705041,1.2717702369251709,28.0,0.16413985543773157
20200102,2020,263750,펄어비스,소프트웨어개발및공급업,182400,10.0,1824000.0,37109.0,36016.0,20200305,2375395200000,0.528297985086075,1.2571008882434258,29.0,-0.029447201670373957
20200102,2020,282880,코윈테크,특수목적용기계제조업,25000,80.0,2000000.0,21316.0,25595.0,20200305,227941175000,0.5075630669890696,1.244037680696985,30.0,0.20070878408644943
20200102,2020,053580,웹케시,소프트웨어개발및공급업,43400,46.0,1996400.0,22062.0,21587.0,20200305,293542627000,0.5272065510174562,1.1824228855458905,31.0,-0.02154056845730079
20200102,2020,282330,BGF리테일,종합소매업,168500,11.0,1853500.0,168576.0,162620.0,20200305,2912338161000,0.5109517413529164,1.1816301062639052,32.0,-0.035326271274323195
20200102,2020,145720,덴티움,의료용기기제조업,53800,37.0,1990600.0,53439.0,44456.0,20200305,595503054000,0.5165772212700448,1.1805473015586485,33.0,-0.16809472833875871
20200102,2020,294870,IPARK현대산업개발,건물건설업,25400,78.0,1981200.0,23390.0,17134.0,20200305,1116030788000,0.5417145446414356,1.1534524230814753,34.0,-0.2674713316070756
20200102,2020,035900,JYP Ent.,오디오물출판및원판녹음업,24100,82.0,1976200.0,24185.0,23031.0,20200305,855429307200,0.5145427498932766,1.1465926752317963,35.0,-0.0477213009537405
20200102,2020,255440,야스,특수목적용기계제조업,20100,99.0,1989900.0,19955.0,15656.0,20200305,262465800000,0.5065268001630596,1.1360406423549982,36.0,-0.21546630680906054
20200102,2020,005880,대한해운,해상운송업,23000,86.0,1978000.0,2112.0,1642.0,20200305,561809592000,0.5055213443791485,1.1308373187060794,37.0,-0.2223602896768303
20200102,2020,073490,LIG아큐버,통신및방송장비제조업,34400,58.0,1995200.0,34047.0,36649.0,20200317,206486000000,0.5111973856188545,1.120908230805274,38.0,0.07640285463762342
20200102,2020,027410,BGF,기타금융업,5500,363.0,1996500.0,5559.0,4899.0,20210114,526442350500,0.5220292942559616,1.119536936240775,39.0,-0.11876030326716824
20200102,2020,028150,GS홈쇼핑,텔레비전방송업,146500,13.0,1904500.0,145863.0,125852.0,20200305,961406250000,0.5144499289451727,1.1134900697818606,40.0,-0.13718776940864286
20200102,2020,122990,와이솔,전자부품제조업,15050,132.0,1986600.0,14875.0,12879.0,20200305,423987712050,0.5082704862224801,1.109611228630341,41.0,-0.13415947235189107
20200102,2020,243070,휴온스,의약품제조업,53800,37.0,1990600.0,45909.0,39162.0,20200305,483326126600,0.5123821517618803,1.0231152490687823,51.0,-0.1469711707305329
20200102,2020,047810,한국항공우주,"항공기,우주선및부품제조업",33800,59.0,1994200.0,33953.0,26651.0,20200305,3294658616600,0.5126773582227674,0.9966866897457103,54.0,-0.21507808321811017
20200102,2020,161890,한국콜마,기타화학제품제조업,48500,41.0,1988500.0,47488.0,42994.0,20200305,1109737230000,0.5131400931238121,0.9168594351277484,59.0,-0.0946194145935958
20200102,2020,069620,대웅제약,의약품제조업,136500,14.0,1911000.0,135625.0,101077.0,20200305,1581567487500,0.5107003106073602,0.9052452336789022,61.0,-0.2547322062433407
20200102,2020,084370,유진테크,특수목적용기계제조업,16550,120.0,1986000.0,16542.0,19842.0,20200305,379260495100,0.5039340596118886,0.865831953156897,64.0,0.19948371782768803
20200102,2020,092730,네오팜,기타화학제품제조업,47350,42.0,1988700.0,23538.0,17751.0,20200305,388618543350,0.512414998843688,0.8644980527746253,65.0,-0.24582942994213197
20200102,2020,049770,동원F&B,도시락및식사용조리식품제조업,223500,8.0,1788000.0,44532.0,32822.0,20200330,862514214000,0.5138208790509273,0.8279057167787889,71.0,-0.26295127383236416
20200102,2020,010060,OCI홀딩스,기초화학물질제조업,62800,31.0,1946800.0,49982.0,40755.0,20200305,1497740498800,0.5125340150429079,0.8191537859515676,72.0,-0.18461038689617582
20200102,2020,007070,GS리테일,종합소매업,38900,51.0,1983900.0,33360.0,31434.0,20200305,2995300000000,0.5069179389522119,0.7826320204673495,75.0,-0.05775077695280395
20200304,2020,042670,HD현대인프라코어,특수목적용기계제조업,4260,469.0,1997940.0,3683.0,3792.0,20200508,886767048540,0.5511155523392217,2.6130001821293907,1.0,0.029631259444675706
20200304,2020,208340,파멥신,의약품제조업,31800,62.0,1971600.0,11783.0,13075.0,20200604,219763726200,0.5445539735255613,2.57021501087718,2.0,0.10962904700099263
20200304,2020,192650,드림텍,전자부품제조업,5940,336.0,1995840.0,6094.0,6458.0,20200511,372573639900,0.5329960564673422,2.212836608437295,3.0,0.059773756333263206
20200304,2020,255440,야스,특수목적용기계제조업,15600,128.0,1996800.0,15656.0,18901.0,20210702,203704800000,0.5378013438705163,1.944645951186539,4.0,0.20730680645148603
20200304,2020,143160,아이디스,통신및방송장비제조업,21450,93.0,1994850.0,21745.0,34165.0,20200914,229866565500,0.5423963387756097,1.8545985331272157,5.0,0.5711554425414089
20200304,2020,004430,송원산업,기타화학제품제조업,11750,170.0,1997500.0,11882.0,13831.0,20200514,282000000000,0.5505140448207777,1.827859497171754,6.0,0.16400768621668327
20200304,2020,005420,코스모화학,기타화학제품제조업,8650,231.0,1998150.0,7402.0,7462.0,20200612,225858636250,0.5489347120218324,1.7549386122364767,7.0,0.008157246642231053
20200304,2020,006650,대한유화,기초화학물질제조업,91100,21.0,1913100.0,91061.0,128593.0,20200508,592150000000,0.5450471801368666,1.6937127041441518,8.0,0.4121623627027806
20200304,2020,012330,현대모비스,자동차신품부품제조업,209000,9.0,1881000.0,210014.0,175656.0,20200508,19866431046000,0.5306615941018351,1.6262438150557659,9.0,-0.16360136529311187
20200304,2020,023530,롯데쇼핑,종합소매업,97600,20.0,1952000.0,98773.0,93474.0,20200508,2760982488000,0.5538992258049267,1.601764167521489,10.0,-0.053648717071908436
20200304,2020,008930,한미사이언스,기타금융업,31150,64.0,1993600.0,31786.0,28195.0,20200508,2056247291350,0.5556364852393154,1.575447483321031,11.0,-0.1129980246102581
20200304,2020,091700,파트론,전자부품제조업,9760,204.0,1991040.0,9781.0,8094.0,20200508,528566561600,0.5225867505952606,1.528753766507397,12.0,-0.17245411117414178
20200304,2020,007310,오뚜기,도시락및식사용조리식품제조업,516000,3.0,1548000.0,524124.0,538053.0,20200508,1860302292000,0.5192506632024463,1.5200391278496777,13.0,0.026575892796322886
20200304,2020,003090,대웅,기타금융업,10650,187.0,1991550.0,10561.0,16969.0,20200508,619212087000,0.554208633898138,1.5146383809066783,14.0,0.6066789232807168
20200304,2020,307950,현대오토에버,소프트웨어개발및공급업,38650,51.0,1971150.0,39338.0,42733.0,20200508,811650000000,0.5296625905934353,1.4679868563189413,15.0,0.08631426153893274
20200304,2020,048260,오스템임플란트,의료용기기제조업,35600,56.0,1993600.0,305566.0,292815.0,20200508,508571525200,0.534915409701537,1.4487481346667472,16.0,-0.04172818059615657
20200304,2020,179900,유티아이,전자부품제조업,15750,126.0,1984500.0,15817.0,17864.0,20200601,249872096250,0.5211483329309324,1.434223270834777,17.0,0.12944099772832685
20200304,2020,003000,부광약품,의약품제조업,13250,150.0,1987500.0,11927.0,20394.0,20200508,818723197500,0.5250272193409979,1.408614473900823,18.0,0.7098900332336775
20200304,2020,069620,대웅제약,의약품제조업,100000,20.0,2000000.0,101077.0,105038.0,20200508,1158657500000,0.5242979542045539,1.3652322114887134,19.0,0.039185097576191374
20200304,2020,085660,차바이오텍,기초의약물질제조업,13350,149.0,1989150.0,12920.0,17717.0,20200508,700615529400,0.5334625241626466,1.3367122022418652,20.0,0.37127149424080463
20200304,2020,243840,신흥에스이씨,일차전지및이차전지제조업,42400,47.0,1992800.0,8393.0,8042.0,20200608,284858760800,0.5077242027498685,1.3303073896329929,21.0,-0.04179707337180194
20200304,2020,234080,JW생명과학,의약품제조업,17050,117.0,1994850.0,17447.0,19296.0,20200515,269979145700,0.5231063233891375,1.2943449056936969,22.0,0.10599453157996752
20200304,2020,298000,효성화학,기초화학물질제조업,108000,18.0,1944000.0,109895.0,98475.0,20200821,344533608000,0.5367974206791544,1.2927929249273347,23.0,-0.10391561052398723
20200304,2020,011170,롯데케미칼,기초화학물질제조업,183500,10.0,1835000.0,174975.0,186344.0,20200508,6289539386500,0.5367873768556057,1.2923048176630862,24.0,0.0649807195507357
20200304,2020,263750,펄어비스,소프트웨어개발및공급업,178900,11.0,1967900.0,36016.0,41964.0,20200508,2329814700000,0.5269161493402587,1.2868173895470056,25.0,0.16513251683412822
20200304,2020,049070,인탑스,통신및방송장비제조업,12300,162.0,1992600.0,12742.0,17980.0,20200904,211560000000,0.5308667372229229,1.2212466760197482,26.0,0.4110907786581963
20200304,2020,005440,현대지에프홀딩스,종합소매업,8650,231.0,1998150.0,5797.0,5369.0,20200508,845143769300,0.5461036092077949,1.220572447834883,27.0,-0.07380796900850084
20200304,2020,161890,한국콜마,기타화학제품제조업,42500,47.0,1997500.0,42994.0,43885.0,20200508,972450150000,0.5372425248208594,1.2150874560436464,28.0,0.020723187014953348
20200304,2020,038540,상상인,"컴퓨터프로그래밍,시스템통합및관리업",7870,254.0,1998980.0,7904.0,8074.0,20200508,435433823310,0.5333953602282355,1.2063152759756575,29.0,0.02158418825212216
20200304,2020,025540,한국단자,"전동기,발전기및전기변환ㆍ공급ㆍ제어장치제조업",32550,61.0,1985550.0,32713.0,36172.0,20200714,339008250000,0.5477915365388195,1.2018604881540802,30.0,0.10574114851888772
20200304,2020,145720,덴티움,의료용기기제조업,44200,45.0,1989000.0,44456.0,35649.0,20201015,489242286000,0.5303682683611992,1.176596740152603,31.0,-0.19810521724235797
20200304,2020,030000,제일기획,광고업,19850,100.0,1985000.0,20090.0,17689.0,20200508,2283568316250,0.5181642027772885,1.1702531263693,32.0,-0.11949951554501359
20200304,2020,115390,락앤락,플라스틱제품제조업,12400,161.0,1996400.0,12648.0,11188.0,20200508,671913840000,0.5249235348935182,1.1416944204570976,33.0,-0.11547802206668334
20200304,2020,061970,LB세미콘,반도체제조업,7770,257.0,1996890.0,8092.0,7225.0,20200512,340206279840,0.4994824599825957,1.1330472166397643,34.0,-0.10710302582487197
20200304,2020,079160,CJ CGV,"영화,비디오물,방송프로그램제작및배급업",24400,81.0,1976400.0,16351.0,15181.0,20200508,516336037200,0.5515035685528706,1.1286544517110608,35.0,-0.07153787299392345
20200304,2020,042000,카페24,"자료처리,호스팅,포털및기타인터넷정보매개서비스업",35100,56.0,1965600.0,17780.0,22179.0,20200511,331013954700,0.5619815368461002,1.1199319619304309,36.0,0.2474119937024597
20200304,2020,004990,롯데지주,기타금융업,29850,67.0,1999950.0,30929.0,38733.0,20200508,3131540724450,0.5447707848553008,1.1127007894597662,37.0,0.25230177894033456
20200304,2020,001230,동국홀딩스,1차철강제조업,4625,432.0,1998000.0,3980.0,5989.0,20200608,441376408625,0.5456398036564717,1.0874794285475353,38.0,0.5048099554550751
20200304,2020,215600,신라젠,자연과학및공학연구개발업,11700,170.0,1989000.0,7726.0,10042.0,20221028,837159862500,0.5592053117590934,1.0689461149998198,40.0,0.299713543481692
20200304,2020,012630,HDC,기타금융업,9400,212.0,1992800.0,9856.0,9307.0,20200508,561572177400,0.5413760043453344,0.9681244251342098,47.0,-0.05569757713573109
20200304,2020,005880,대한해운,해상운송업,17450,114.0,1989300.0,1642.0,1689.0,20200508,426253052050,0.5259324136381227,0.954804106100073,48.0,0.02855868103572079
20200304,2020,010060,OCI홀딩스,기초화학물질제조업,50100,39.0,1953900.0,40755.0,32630.0,20200508,1194853487100,0.5294851171158892,0.9374313964878608,51.0,-0.199349131887132
20200304,2020,086900,메디톡스,기초의약물질제조업,279300,7.0,1955100.0,217513.0,128022.0,20200508,1624154637000,0.5257528003770015,0.9023579246713062,59.0,-0.41142693567716315
20200304,2020,192820,코스맥스,기타화학제품제조업,84000,23.0,1932000.0,82492.0,85825.0,20200508,844158756000,0.5298480105507836,0.8736682664969166,63.0,0.040402150791198466
20200304,2020,092730,네오팜,기타화학제품제조업,34200,58.0,1983600.0,17751.0,15954.0,20200515,280691746200,0.5293599005692922,0.8511312737745057,65.0,-0.10127926476913718
20200304,2020,049770,동원F&B,도시락및식사용조리식품제조업,207000,9.0,1863000.0,41933.0,41016.0,20200511,798838668000,0.5105032037317285,0.8479221222147191,67.0,-0.02186429315640126
20200304,2020,017800,현대엘리베이터,일반목적용기계제조업,55400,36.0,1994400.0,37692.0,43749.0,20200508,1506843103600,0.5411773163636855,0.8442297245366756,68.0,0.16071755866543214
20200304,2020,121800,비덴트,통신및방송장비제조업,6740,296.0,1995040.0,6945.0,9992.0,20210915,229102865020,0.5230093937296222,0.7896217780844341,75.0,0.43886188302643303
20200304,2020,008060,대덕,전자부품제조업,9570,208.0,1990560.0,9495.0,7006.0,20200605,746526722040,0.5106774403460825,0.7460930491839421,79.0,-0.2621456035415728
20200304,2020,122990,와이솔,전자부품제조업,12950,154.0,1994300.0,12879.0,11126.0,20200508,364826635950,0.5101742096330636,0.7130215360072842,81.0,-0.136122224573341
20200507,2020,049950,미래컴퍼니,특수목적용기계제조업,30400,65.0,1976000.0,28558.0,26815.0,20200811,254214102400,0.5323467004870932,3.189017729421388,1.0,-0.06104768856592002
20200507,2020,208340,파멥신,의약품제조업,33150,60.0,1989000.0,12195.0,15225.0,20200727,229093318350,0.5448896579785987,2.9719155171458578,2.0,0.24841016016942286
20200507,2020,112040,위메이드,소프트웨어개발및공급업,24400,81.0,1976400.0,12578.0,19212.0,20201013,409920000000,0.5397741004870404,2.619354328018717,3.0,0.5274316794888512
20200507,2020,008930,한미사이언스,기타금융업,28900,69.0,1994100.0,28195.0,54979.0,20201013,1907722206100,0.5405868124103244,2.5522781219380613,4.0,0.9499928881851645
20200507,2020,234080,JW생명과학,의약품제조업,15950,125.0,1993750.0,16949.0,19496.0,20200707,252561136300,0.536411490845599,2.3297175729035837,5.0,0.15030292986432525
20200507,2020,034220,LG디스플레이,전자부품제조업,10800,185.0,1998000.0,10071.0,11269.0,20200707,3864409560000,0.5349482403643829,2.0170701373491147,6.0,0.11892888242390542
20200507,2020,086900,메디톡스,기초의약물질제조업,125500,15.0,1882500.0,128022.0,180459.0,20200707,750169849500,0.5261791727895717,1.9782704510974811,7.0,0.40958771026582697
20200507,2020,226950,올릭스,자연과학및공학연구개발업,38250,52.0,1989000.0,19362.0,23641.0,20200707,251031728250,0.5406087237673507,1.8586726709426291,8.0,0.2210065253472806
20200507,2020,005420,코스모화학,기타화학제품제조업,7770,257.0,1996890.0,6825.0,7005.0,20200708,202881110250,0.5252569264220692,1.7959279895519678,9.0,0.026410032767114844
20200507,2020,143160,아이디스,통신및방송장비제조업,23600,84.0,1982400.0,23803.0,25112.0,20201022,252906804000,0.5325600343570374,1.739175402327389,10.0,0.055007699426372625
20200507,2020,204320,HL만도,자동차신품부품제조업,22950,87.0,1996650.0,24735.0,23237.0,20200707,1077665904000,0.532938551703111,1.6893647144587047,11.0,-0.06055528592646564
20200507,2020,270870,뉴트리,도시락및식사용조리식품제조업,24650,81.0,1996650.0,24869.0,27869.0,20200707,223642646600,0.5126577933938398,1.6657627470846237,12.0,0.12061987009546615
20200507,2020,002380,KCC,기타화학제품제조업,157500,12.0,1890000.0,157325.0,135408.0,20200707,1399619182500,0.5229457167827426,1.644790008279343,13.0,-0.1393096169590139
20200507,2020,048260,오스템임플란트,의료용기기제조업,34500,57.0,1966500.0,292815.0,254680.0,20200707,492857236500,0.5145781327534366,1.5737913390644764,14.0,-0.13023661169281597
20200507,2020,010060,OCI홀딩스,기초화학물질제조업,38800,51.0,1978800.0,32630.0,33070.0,20200707,925355594800,0.5179444772927912,1.561768264107304,15.0,0.013466543390141528
20200507,2020,093370,후성,기초화학물질제조업,6890,290.0,1998100.0,6744.0,7856.0,20200707,638060982910,0.5172515355009818,1.5091654151812295,16.0,0.16495662047167237
20200507,2020,042520,한스바이오메드,의료용품및기타의약관련제품제조업,20450,97.0,1983650.0,21798.0,21197.0,20200717,202505184300,0.5284558041312443,1.4878144630529988,17.0,-0.027562227191154642
20200507,2020,238090,앤디포스,플라스틱제품제조업,4110,486.0,1997460.0,11172.0,16890.0,20200907,209195991480,0.5283347231113458,1.48441188677645,18.0,0.5118460975535111
20200507,2020,011000,진원생명과학,의약품제조업,9960,200.0,1992000.0,5968.0,5981.0,20200707,329863327680,0.5252275004944705,1.482560929345063,19.0,0.0020433013954672674
20200507,2020,122990,와이솔,전자부품제조업,10900,183.0,1994700.0,11126.0,13022.0,20200707,307074156900,0.5255684296002963,1.4387536636610605,20.0,0.17040000350175188
20200507,2020,243840,신흥에스이씨,일차전지및이차전지제조업,30550,65.0,1985750.0,6512.0,8722.0,20200707,205363973750,0.5163755426118319,1.4169157686902156,21.0,0.3393782591886283
20200507,2020,000660,SK하이닉스,반도체제조업,82400,24.0,1977600.0,85110.0,84871.0,20200707,59987394876000,0.5189764719061984,1.3809648883668322,22.0,-0.0028105013981158944
20200507,2020,023530,롯데쇼핑,종합소매업,94900,21.0,1992900.0,93474.0,80712.0,20200707,2684602849500,0.5181419495820331,1.3527584641619208,23.0,-0.13653568972818697
20200507,2020,128940,한미약품,의약품제조업,259000,7.0,1813000.0,256316.0,227116.0,20200707,3067344511000,0.523329169079977,1.3387675229691525,24.0,-0.11392034693328823
20200507,2020,003070,코오롱글로벌,토목건설업,8130,246.0,1999980.0,8085.0,17270.0,20200827,204960860940,0.5144222394061926,1.3350660902615614,25.0,1.1358824875037388
20200507,2020,030000,제일기획,광고업,17350,115.0,1995250.0,17689.0,17337.0,20200707,1995965253750,0.5171579702408645,1.1674900601741964,26.0,-0.019912117829053555
20200507,2020,051370,인터플렉스,전자부품제조업,10650,187.0,1991550.0,10739.0,12837.0,20200707,248437576800,0.5211561343960105,1.1667116078465452,27.0,0.19536889698036553
20200507,2020,207760,미스터블루,기타정보서비스업,8380,238.0,1994440.0,2754.0,4540.0,20200717,205435733520,0.5216628526009677,1.153795237264861,28.0,0.6486430047620977
20200507,2020,048410,현대바이오,기타화학제품제조업,11250,177.0,1991250.0,5326.0,6196.0,20200707,404053616250,0.5154184884980412,1.152558551569327,29.0,0.163445386497856
20200507,2020,105630,한세실업,봉제의복제조업,11700,170.0,1989000.0,11843.0,11095.0,20200707,468000000000,0.5224776562440159,1.1508403476504991,30.0,-0.06313775597982496
20200507,2020,060570,드림어스컴퍼니,기타전문도매업,5200,384.0,1996800.0,5289.0,5761.0,20210427,295671204400,0.5147539998322882,1.1265016922131723,31.0,0.0892396691602435
20200507,2020,096770,SK이노베이션,석유정제품제조업,98700,20.0,1974000.0,96923.0,131199.0,20200707,9126351166800,0.5281641842727016,1.119412083825071,32.0,0.35364304746773967
20200507,2020,067290,JW신약,의약품제조업,4860,411.0,1997460.0,3614.0,3678.0,20200721,202502426760,0.5203816350508642,1.115499891606638,33.0,0.017774651638468697
20200507,2020,028050,삼성E&A,"건축기술,엔지니어링및관련기술서비스업",11600,172.0,1995200.0,11662.0,12254.0,20200707,2273600000000,0.536325532227387,1.1147886798712627,34.0,0.05075535514125096
20200507,2020,121800,비덴트,통신및방송장비제조업,7120,280.0,1993600.0,7467.0,9430.0,20211013,242019643760,0.5200650261785811,1.108334585780876,35.0,0.2629801058448591
20200507,2020,067900,와이엔텍,폐기물처리업,12400,161.0,1996400.0,12252.0,11802.0,20200709,225675771600,0.5162846750442742,1.1046788745099283,36.0,-0.03672101296610497
20200507,2020,081660,미스토홀딩스,생활용품도매업,33750,59.0,1991250.0,33717.0,40967.0,20201013,2050387492500,0.5123144163499953,1.1017638064305895,37.0,0.2150292547131738
20200507,2020,010140,삼성중공업,선박및보트건조업,4260,469.0,1997940.0,4025.0,5416.0,20200707,2683800000000,0.552563769081075,1.101556429078077,38.0,0.34566167236607703
20200507,2020,045970,코아시아,"그외기타전문,과학및기술서비스업",8400,238.0,1999200.0,8800.0,9208.0,20200707,219532656000,0.5123587595871086,1.083033161222166,39.0,0.04630801827410114
20200507,2020,010130,고려아연,1차비철금속제조업,373500,5.0,1867500.0,374287.0,366278.0,20200707,7047945000000,0.5132497615176984,1.0653656037636945,40.0,-0.021398470425155747
20200507,2020,017670,SK텔레콤,전기통신업,207000,9.0,1863000.0,35703.0,37601.0,20200707,16714362177000,0.5111779495979902,1.0623357711780526,41.0,0.05317326533600086
20200507,2020,042000,카페24,"자료처리,호스팅,포털및기타인터넷정보매개서비스업",48300,41.0,1980300.0,22757.0,28085.0,20200707,455497835100,0.5402341572368299,1.0090840749409613,46.0,0.23413598841126282
20200507,2020,012630,HDC,기타금융업,9240,216.0,1995840.0,9307.0,8595.0,20200707,552013502040,0.5157742941237417,0.9765049270412609,49.0,-0.07646030974678275
20200507,2020,005440,현대지에프홀딩스,종합소매업,8170,244.0,1993480.0,5369.0,5256.0,20200707,798245617940,0.5106699799862487,0.9063225015415983,54.0,-0.021033383759068935
20200507,2020,161890,한국콜마,기타화학제품제조업,43950,45.0,1977750.0,43885.0,42780.0,20200707,1005627861000,0.5115417513395979,0.8990453184632218,56.0,-0.025196417850002706
20200507,2020,263750,펄어비스,소프트웨어개발및공급업,199300,10.0,1993000.0,41964.0,43716.0,20200707,2606814105000,0.5098823990545952,0.897836187956144,57.0,0.04175897071267798
20200507,2020,092730,네오팜,기타화학제품제조업,31750,62.0,1968500.0,16802.0,17437.0,20200707,260583711750,0.5106707798405241,0.8420894837885466,62.0,0.03781097972258074
20200507,2020,298000,효성화학,기초화학물질제조업,121000,16.0,1936000.0,121872.0,129327.0,20201019,386005246000,0.508295768675476,0.8293119918380255,63.0,0.06117330832585144
20200507,2020,061970,LB세미콘,반도체제조업,7350,272.0,1999200.0,7236.0,8654.0,20200707,321816751200,0.510312119895683,0.8155940984147927,65.0,0.19599433855474158
20200507,2020,007310,오뚜기,도시락및식사용조리식품제조업,534000,3.0,1602000.0,538053.0,566277.0,20200707,1925196558000,0.5002555159618411,0.8085034798692423,68.0,0.05245642444582144
20200706,2020,006840,AK홀딩스,기타금융업,19200,104.0,1996800.0,19200.0,26296.0,20210115,254353171200,0.5418659705809183,2.486464434532253,1.0,0.3696075597746553
20200706,2020,082270,젬백스,특수목적용기계제조업,23000,86.0,1978000.0,22998.0,,,903012269000,0.5328179410957801,2.320292661562253,2.0,-0.026245555574349266
20200706,2020,091700,파트론,전자부품제조업,9130,219.0,1999470.0,9031.0,10132.0,20200904,494448023300,0.5289499616479691,2.25827875508937,3.0,0.1218941376590017
20200706,2020,170900,동아에스티,의약품제조업,91200,21.0,1915200.0,80514.0,86293.0,20200904,770080761600,0.5301365928131407,2.142553777590733,4.0,0.07177915601543194
20200706,2020,000100,유한양행,의약품제조업,52300,38.0,1987400.0,43618.0,54585.0,20200904,3496611163000,0.5286089059202757,1.952989616721712,5.0,0.2514337113379892
20200706,2020,179900,유티아이,전자부품제조업,16000,125.0,2000000.0,15617.0,13422.0,20200921,257870320000,0.5261289122804584,1.9226396405944535,6.0,-0.14054740680938593
20200706,2020,086900,메디톡스,기초의약물질및생물학적제제제조업,166000,12.0,1992000.0,180459.0,215445.0,20200904,992256534000,0.5168178476804051,1.8258544459268358,7.0,0.19387185926181938
20200706,2020,002380,KCC,기타화학제품제조업,136000,14.0,1904000.0,135408.0,141884.0,20200904,1208560056000,0.5333598522847736,1.7114244882549723,8.0,0.04782261297045576
20200706,2020,267260,HD현대일렉트릭,"전동기,발전기및전기변환ㆍ공급ㆍ제어장치제조업",8060,248.0,1998880.0,8095.0,17388.0,20200909,290539908100,0.5305767465877274,1.6840733659799547,9.0,1.147926388888271
20200706,2020,005420,코스모화학,기타화학제품제조업,8140,245.0,1994300.0,6936.0,9467.0,20200904,212542115500,0.5326837310412897,1.6734144762821734,10.0,0.36482228983620524
20200706,2020,079940,가비아,소프트웨어개발및공급업,14950,133.0,1988350.0,15303.0,16402.0,20200904,202358475800,0.5319899631571974,1.6400817241345111,11.0,0.07180317898467181
20200706,2020,278650,HLB바이오스텝,자연과학및공학연구개발업,27750,72.0,1998000.0,3009.0,2961.0,20210205,211021212000,0.5320381854020224,1.639528318389359,12.0,-0.016111721832832382
20200706,2020,001820,삼화콘덴서,전자부품제조업,53500,37.0,1979500.0,55132.0,55541.0,20200904,556132500000,0.5236898197267567,1.6324444833158016,13.0,0.007403649535982604
20200706,2020,204320,HL만도,자동차신품부품제조업,23450,85.0,1993250.0,23237.0,30757.0,20200904,1101144464000,0.5323403480192344,1.6236453007273193,14.0,0.32362998135470256
20200706,2020,265520,AP시스템,특수목적용기계제조업,24950,80.0,1996000.0,24601.0,23140.0,20200904,361281663650,0.5265615217323599,1.623336389334328,15.0,-0.05939612112593429
20200706,2020,061040,알에프텍,통신및방송장비제조업,8430,237.0,1997910.0,8179.0,13496.0,20200904,213507073650,0.5193264321975136,1.528582856070993,16.0,0.6499762311797164
20200706,2020,084110,휴온스글로벌,의약품제조업,34000,58.0,1972000.0,30234.0,49487.0,20210416,389780318000,0.5251416678881173,1.5227548145715233,17.0,0.6368359944926951
20200706,2020,036490,SK머티리얼즈,기초화학물질제조업,201900,9.0,1817100.0,197690.0,248653.0,20200904,2129575178700,0.5216473242236255,1.5147712066194108,18.0,0.2577933374627377
20200706,2020,000660,SK하이닉스,반도체제조업,86000,23.0,1978000.0,84871.0,78761.0,20200904,62608203390000,0.5189533912474751,1.5147650561359671,19.0,-0.07199160286984552
20200706,2020,006060,화승인더,플라스틱제품제조업,7050,283.0,1995150.0,7457.0,7119.0,20200904,390006000000,0.5424995695827985,1.5053588349645866,20.0,-0.045334686546313674
20200706,2020,128940,한미약품,의약품제조업,245500,8.0,1964000.0,227116.0,278670.0,20200904,2907463619500,0.5247512989636344,1.474315597121557,21.0,0.22699044639310872
20200706,2020,000640,동아쏘시오홀딩스,기타금융업,99300,20.0,1986000.0,93164.0,101932.0,20200907,609532892100,0.5298563682490423,1.4240411198061431,22.0,0.09411817799127364
20200706,2020,001630,종근당홀딩스,의약품제조업,119000,16.0,1904000.0,121926.0,119943.0,20200904,596173459000,0.5241970513928965,1.405541376336321,23.0,-0.016259666651592508
20200706,2020,010060,OCI홀딩스,기초화학물질제조업,42100,47.0,1978700.0,33070.0,53888.0,20200904,1004058519100,0.5207177760786008,1.40279366125341,24.0,0.6295252361926655
20200706,2020,086450,동국제약,의약품제조업,137000,14.0,1918000.0,26308.0,26206.0,20200923,1218204000000,0.5240654204605734,1.3892078544956974,25.0,-0.003907774201076797
20200706,2020,155650,와이엠씨,전자부품제조업,10050,199.0,1999950.0,10991.0,11791.0,20200907,200742297900,0.5213171445692024,1.3501514479520496,26.0,0.07280714093472196
20200706,2020,033500,동성화인텍,기초화학물질제조업,9010,221.0,1991210.0,8930.0,10137.0,20200904,243122317090,0.5202180436143589,1.3425936436588055,27.0,0.13513127255491453
20200706,2020,001740,SK네트웍스,기타전문도매업,5000,400.0,2000000.0,4948.0,4884.0,20201203,1240938235000,0.5195270009552406,1.3419224444190099,28.0,-0.012847634574029598
20200706,2020,243840,신흥에스이씨,일차전지및축전지제조업,39950,50.0,1997500.0,8722.0,8562.0,20200904,269416088400,0.5006286200557426,1.3415374598854832,29.0,-0.018308926743311416
20200706,2020,048260,오스템임플란트,의료용기기제조업,30300,66.0,1999800.0,254680.0,344953.0,20200904,432857225100,0.5317014319891655,1.3021395867572763,30.0,0.35445657765606087
20200706,2020,319660,피에스케이,특수목적용기계제조업,28200,70.0,1974000.0,13638.0,13614.0,20200904,416373564000,0.5231832041058357,1.246996581751952,31.0,-0.001779861133260785
20200706,2020,248170,샘표식품,기타식품제조업,44250,45.0,1991250.0,45028.0,46589.0,20200904,202146655500,0.5133983685606494,1.235439663027521,32.0,0.03466041474693782
20200706,2020,023530,롯데쇼핑,종합소매업,81700,24.0,1960800.0,80712.0,78618.0,20200904,2311191283500,0.539986266706699,1.2111788051677836,33.0,-0.025945132683413696
20200706,2020,222800,심텍,전자부품제조업,11450,174.0,1992300.0,11111.0,20760.0,20200904,364729937350,0.5197818372396187,1.167485664604292,34.0,0.8685237184878156
20200706,2020,204270,제이앤티씨,전자부품제조업,14050,142.0,1995100.0,14095.0,11698.0,20200904,812770947300,0.5197382166548241,1.1622958318339713,35.0,-0.17007864596158262
20200706,2020,089590,제주항공,항공여객운송업,16400,121.0,1984400.0,13785.0,15504.0,20201203,432250831200,0.5159987881929555,1.149262601819891,36.0,0.12472245245041602
20200706,2020,038540,상상인,"컴퓨터프로그래밍,시스템통합및관리업",6060,330.0,1999800.0,6042.0,8582.0,20210608,335289576780,0.5194494568408312,1.1454526279559305,37.0,0.42054320583541305
20200706,2020,005880,대한해운,해상운송업,17250,115.0,1983750.0,1592.0,2747.0,20201224,421367630250,0.5229767890056652,1.1395998149509547,38.0,0.7255706052318562
20200706,2020,093320,케이아이엔엑스,"자료처리,호스팅,포털및기타인터넷정보매개서비스업",61400,32.0,1964800.0,60678.0,88473.0,20200904,299632000000,0.5083473989273809,1.130245441740709,39.0,0.4580752004124007
20200706,2020,002020,코오롱,기타금융업,18800,106.0,1992800.0,19013.0,22013.0,20201008,237376808800,0.5264231737051688,1.1203253241781412,40.0,0.15779504189751314
20200706,2020,243070,휴온스,의약품제조업,62000,32.0,1984000.0,51284.0,59307.0,20200904,612606128000,0.5218572068379639,1.1152000297611075,41.0,0.1564580597097629
20200706,2020,096530,씨젠,의료용품및기타의약관련제품제조업,130000,15.0,1950000.0,66390.0,117262.0,20200904,3410422600000,0.531015897844836,1.1151725223696833,42.0,0.7662641094638194
20200706,2020,270870,뉴트리,기타식품제조업,27150,73.0,1981950.0,27869.0,22662.0,20200918,246324456600,0.5110371091808354,1.0785380190732807,43.0,-0.1868233639949598
20200706,2020,000720,현대건설,토목건설업,34600,57.0,1972200.0,32977.0,31129.0,20200904,3852909469000,0.5028875128927808,1.0776627509306203,44.0,-0.05603859676129619
20200706,2020,067160,SOOP,소프트웨어개발및공급업,67400,29.0,1954600.0,67539.0,59920.0,20200904,774747295800,0.5271059860031758,1.0722272136282516,45.0,-0.11280233496388536
20200706,2020,040910,아이씨디,특수목적용기계제조업,14900,134.0,1996600.0,14469.0,15717.0,20201203,264664155500,0.5214042519950783,1.0488238315628247,46.0,0.08625008488682973
20200706,2020,066570,LG전자,통신및방송장비제조업,68100,29.0,1974900.0,65353.0,83828.0,20200904,11144416133400,0.5118745298630881,1.0376669764335151,47.0,0.282697634905976
20200706,2020,226950,올릭스,자연과학및공학연구개발업,46650,42.0,1959300.0,23641.0,27064.0,20200904,306160264650,0.5258969746124569,0.8081126403575583,64.0,0.14478591675968722
20200706,2020,067900,와이엔텍,폐기물처리업,11550,173.0,1998150.0,11452.0,13149.0,20200904,210206061450,0.5140406428308282,0.7071067811865475,83.0,0.14821545801702363
20200706,2020,105630,한세실업,봉제의복제조업,11250,177.0,1991250.0,11095.0,18695.0,20201008,450000000000,0.5294317859136985,0.7071067811865475,86.0,0.6849492374401571
20200903,2020,185750,종근당,의약품제조업,180500,11.0,1985500.0,137999.0,129686.0,20201109,1964866142500,0.5364888367825982,2.3404137881865394,1.0,-0.060235018884479574
20200903,2020,033160,엠케이전자,전자부품제조업,10350,193.0,1997550.0,10082.0,9490.0,20201118,225709581150,0.5205348763304364,2.331562033354501,2.0,-0.05876787665761829
20200903,2020,308170,씨티알모빌리티,자동차신품부품제조업,25150,79.0,1986850.0,24520.0,27559.0,20210129,216541500000,0.530591963232652,2.320871216970019,3.0,0.12396010855371298
20200903,2020,008060,대덕,전자부품제조업,6260,319.0,1996940.0,6155.0,7586.0,20210420,212152339000,0.5197117125317192,2.267827591548754,4.0,0.2324938466753721
20200903,2020,084990,헬릭스미스,자연과학및공학연구개발업,48050,41.0,1970050.0,39210.0,17319.0,20201109,1286092557700,0.5436035865977116,2.186564094719909,5.0,-0.5583055219998023
20200903,2020,243070,휴온스,의약품제조업,72600,27.0,1960200.0,59307.0,49954.0,20201109,717342014400,0.5330927137585773,1.9836090372492434,6.0,-0.15770536560464454
20200903,2020,078930,GS,기타금융업,33500,59.0,1976500.0,33421.0,34474.0,20201109,3112665163000,0.5197961928977448,1.9550542858185818,7.0,0.03151289035237759
20200903,2020,131390,원익피앤이,"전동기,발전기및전기변환ㆍ공급ㆍ제어장치제조업",21500,93.0,1999500.0,21064.0,20011.0,20201109,318606565000,0.518482624010671,1.9321689605688963,8.0,-0.049996930318301325
20200903,2020,288330,파라택시스코리아,기초의약물질및생물학적제제제조업,34250,58.0,1986500.0,8097.0,9410.0,20201126,218756736500,0.5182859675319856,1.916640252102299,9.0,0.1621584961474083
20200903,2020,236200,슈프리마,통신및방송장비제조업,31600,63.0,1990800.0,31375.0,29685.0,20201229,227307426800,0.5167189815969151,1.8898300420271643,10.0,-0.05384691462252278
20200903,2020,108230,톱텍,특수목적용기계제조업,15850,126.0,1997100.0,15461.0,15460.0,20201109,602668433250,0.5232516483715535,1.850660113753314,11.0,-6.879030851913992e-05
20200903,2020,001630,종근당홀딩스,의약품제조업,121000,16.0,1936000.0,119943.0,102449.0,20201109,606193181000,0.5316652298815375,1.8336341907517428,12.0,-0.14585656828186777
20200903,2020,014680,한솔케미칼,기초화학물질제조업,158000,12.0,1896000.0,156101.0,153583.0,20201109,1784640810000,0.5225122919435548,1.7939298197521687,13.0,-0.016130405060591713
20200903,2020,006060,화승인더,플라스틱제품제조업,7280,274.0,1994720.0,7119.0,7239.0,20201109,402729600000,0.5272205281934239,1.7555972765678767,14.0,0.01682542076264104
20200903,2020,263750,펄어비스,소프트웨어개발및공급업,184700,10.0,1847000.0,40835.0,40557.0,20201109,2415848295000,0.535330763955282,1.6796377208433173,15.0,-0.00680788137636823
20200903,2020,222040,코스맥스엔비티,기타식품제조업,10950,182.0,1992900.0,10850.0,10506.0,20210601,225876600000,0.5235293663036632,1.6787357942722174,16.0,-0.03174345798855238
20200903,2020,000660,SK하이닉스,반도체제조업,78700,25.0,1967500.0,78761.0,86071.0,20201109,57293786125500,0.5190692577857188,1.6497150292615606,17.0,0.09281329685687645
20200903,2020,078070,유비쿼스홀딩스,통신및방송장비제조업,28300,70.0,1981000.0,32293.0,28400.0,20201130,529114572400,0.5131093767334429,1.6214130136213591,18.0,-0.1205490561710355
20200903,2020,092730,네오팜,기타화학제품제조업,28650,69.0,1976850.0,14513.0,14666.0,20201203,235140892650,0.5173433217272019,1.6085174269760523,19.0,0.010553395404939492
20200903,2020,033500,동성화인텍,기초화학물질제조업,9680,206.0,1994080.0,10137.0,10887.0,20201109,261201335120,0.5207428376529428,1.5827602291229121,20.0,0.07400908778155779
20200903,2020,265520,AP시스템,특수목적용기계제조업,23400,85.0,1989000.0,23140.0,21689.0,20201109,338837311800,0.5191906432287616,1.565695704503585,21.0,-0.06272450360305382
20200903,2020,033240,자화전자,전자부품제조업,13100,152.0,1991200.0,12980.0,15027.0,20201109,234490000000,0.5100173023257271,1.5172262846427145,22.0,0.157681930099983
20200903,2020,013580,계룡건설,토목건설업,24500,81.0,1984500.0,23945.0,26646.0,20201223,218807221500,0.49843148071897214,1.4995640841970326,23.0,0.11278442751534934
20200903,2020,018260,삼성에스디에스,"컴퓨터프로그래밍,시스템통합및관리업",159500,12.0,1914000.0,157090.0,175169.0,20201109,12341759100000,0.5133258762814831,1.48115567335712,24.0,0.11508907566543192
20200903,2020,042370,비츠로테크,기타금융업,9260,215.0,1990900.0,9362.0,11588.0,20210215,206996863980,0.514089158521249,1.4584165761628198,25.0,0.23786276140869966
20200903,2020,036810,에프에스티,전자부품제조업,24350,82.0,1996700.0,22806.0,21334.0,20201109,492693370900,0.5091473671336921,1.4498705117601753,26.0,-0.06454125593370819
20200903,2020,000100,유한양행,의약품제조업,66900,29.0,1940100.0,54585.0,54432.0,20201109,4472720589000,0.527989223025669,1.447424179696534,27.0,-0.0028063245772863565
20200903,2020,067160,SOOP,소프트웨어개발및공급업,57500,34.0,1955000.0,59920.0,61929.0,20201109,660949102500,0.5329848275205528,1.4438979415350581,28.0,0.03352093579624493
20200903,2020,067310,하나마이크론,반도체제조업,7240,276.0,1998240.0,4850.0,5555.0,20201109,219875259640,0.5160744226730509,1.4413798830240099,29.0,0.14528090966524876
20200903,2020,036490,SK머티리얼즈,기초화학물질제조업,251500,7.0,1760500.0,248653.0,238147.0,20201109,2652739759500,0.5194397960018806,1.4272530914208592,30.0,-0.042250012220264144
20200903,2020,237880,클리오,기타화학제품제조업,17150,116.0,1989400.0,17028.0,21978.0,20210421,294124009200,0.5139726864792238,1.3799862507129692,31.0,0.2906701471786872
20200903,2020,036890,진성티이씨,특수목적용기계제조업,8980,222.0,1993560.0,10249.0,11046.0,20201109,201890766640,0.5165424935812695,1.379872645096255,32.0,0.07776957656061723
20200903,2020,270870,뉴트리,기타식품제조업,23500,85.0,1997500.0,23363.0,27204.0,20210208,213209014000,0.5187609886134683,1.379103108048051,33.0,0.16440205204639557
20200903,2020,003230,삼양식품,기타식품제조업,111000,18.0,1998000.0,108055.0,102537.0,20201109,836164665000,0.5186538520927768,1.372370922476108,34.0,-0.051059618153249775
20200903,2020,298020,효성티앤씨,화학섬유제조업,99500,20.0,1990000.0,98243.0,176066.0,20201109,430604359000,0.5274362300990523,1.3675449962321369,35.0,0.7921388455898084
20200903,2020,007860,서연,기타금융업,9490,210.0,1992900.0,9467.0,11718.0,20201201,222823719560,0.5128691785632696,1.3522514451707672,36.0,0.23769073173546995
20200903,2020,234080,JW생명과학,의약품제조업,20200,99.0,1999800.0,20339.0,19593.0,20201112,319857990800,0.5269695828671215,1.3402983629216574,37.0,-0.036696604886494955
20200903,2020,053300,한국정보인증,소프트웨어개발및공급업,6750,296.0,1998000.0,6601.0,7819.0,20201109,210363750000,0.5316971183566679,1.314497899141122,38.0,0.18450102752248987
20200903,2020,123420,위메이드플레이,소프트웨어개발및공급업,25650,77.0,1975050.0,24876.0,23219.0,20210310,245466447300,0.5315883264839398,1.3035655602730387,39.0,-0.06661701468213499
20200903,2020,004990,롯데지주,기타금융업,30400,65.0,1976000.0,30024.0,30273.0,20201109,3189240804800,0.5122078208844465,1.2946987582224099,40.0,0.008293682085895204
20200903,2020,052260,현대바이오랜드,기타화학제품제조업,27400,72.0,1972800.0,13295.0,12566.0,20201109,411000000000,0.5126715575843701,1.2917688985123228,41.0,-0.05481435338901841
20200903,2020,074430,아미노로직스,기타전문도매업,2495,801.0,1998495.0,2414.0,2454.0,20220428,219127975780,0.5165374585472,1.2825005136601222,42.0,0.016591920394567694
20200903,2020,098460,고영,특수목적용기계제조업,88500,22.0,1947000.0,17265.0,18182.0,20201109,1215189163500,0.5148621199610297,1.26195930611406,43.0,0.05314343456550108
20200903,2020,155650,와이엠씨,전자부품제조업,11650,171.0,1992150.0,11241.0,,,232701270700,0.5066169178426931,1.253947448414939,45.0,-0.11499240260736954
20200903,2020,278650,HLB바이오스텝,자연과학및공학연구개발업,28700,69.0,1980300.0,3054.0,3022.0,20210315,218245361600,0.5328865537124947,1.23130161498037,46.0,-0.010387966223236456
20200903,2020,096530,씨젠,의료용품및기타의약관련제품제조업,241300,8.0,1930400.0,117262.0,138083.0,20201109,6330269026000,0.5350516947951842,1.185011368844457,51.0,0.177565648317366
20200903,2020,067900,와이엔텍,폐기물처리업,13400,149.0,1996600.0,13149.0,12453.0,20201111,243875430600,0.5153463024453506,1.1315245911992555,58.0,-0.05291686158295583
20200903,2020,243840,신흥에스이씨,일차전지및축전지제조업,43800,45.0,1971000.0,8562.0,8663.0,20201109,305046589200,0.5008993264687658,1.0655243456863632,65.0,0.011791566062221648
20200903,2020,023530,롯데쇼핑,종합소매업,79300,25.0,1982500.0,78618.0,89897.0,20201109,2243298271500,0.5275564246622928,0.9599710150606234,73.0,0.14347342795480533
20200903,2020,002380,KCC,기타화학제품제조업,146500,13.0,1904500.0,141884.0,162859.0,20201109,1301868001500,0.504636476712286,0.7469853939287602,89.0,0.1478383302496309
20201106,2020,108230,톱텍,특수목적용기계제조업,15250,131.0,1997750.0,15460.0,8981.0,20211018,579854486250,0.5358722801146836,2.436856701648371,1.0,-0.4191133218291587
20201106,2020,084990,헬릭스미스,자연과학및공학연구개발업,19800,101.0,1999800.0,17319.0,27504.0,20210111,529961137200,0.5431559526591825,2.3993853245868015,2.0,0.5880841952864608
20201106,2020,012610,경인양행,기초화학물질제조업,6860,291.0,1996260.0,6879.0,7171.0,20210111,282950063900,0.5132622955453163,2.371894062886757,3.0,0.04247748363085191
20201106,2020,026890,스틱인베스트먼트,"전동기,발전기및전기변환ㆍ공급ㆍ제어장치제조업",9820,203.0,1993460.0,10000.0,8290.0,20210111,409279678500,0.5433111828207577,2.25912214358148,4.0,-0.17098485138779684
20201106,2020,063160,종근당바이오,의약품제조업,40200,49.0,1969800.0,41640.0,76070.0,20210111,220535672400,0.5398812769137766,2.216942375724106,5.0,0.8268778668200385
20201106,2020,005420,코스모화학,기타화학제품제조업,8560,233.0,1994480.0,7501.0,11102.0,20210112,223508662000,0.5424926281121318,2.1392002635342937,6.0,0.47999133386655046
20201106,2020,041960,코미팜,의약품제조업,13000,153.0,1989000.0,11860.0,11312.0,20210111,834416388000,0.538272308086797,2.1223116762396215,7.0,-0.04620958631168404
20201106,2020,236200,슈프리마,통신및방송장비제조업,28600,69.0,1973400.0,28882.0,27988.0,20250228,205727607800,0.5357706982658462,2.11399629405418,8.0,-0.03094457897568681
20201106,2020,066590,스모트로닉,자동차신품부품제조업,9150,218.0,1994700.0,9796.0,9167.0,20210111,262982931600,0.520995598030584,1.854773692205337,9.0,-0.06416137268253141
20201106,2020,052260,현대바이오랜드,기타화학제품제조업,24400,81.0,1976400.0,12566.0,11618.0,20210111,366000000000,0.5367374433181799,1.8504150738060985,10.0,-0.0754433789559319
20201106,2020,006060,화승인더,플라스틱제품제조업,7150,279.0,1994850.0,7239.0,6860.0,20210112,395538000000,0.5256292776627061,1.8107075651009112,11.0,-0.052377721173317515
20201106,2020,205470,휴마시스,의료용품및기타의약관련제품제조업,10600,188.0,1992800.0,2806.0,2156.0,20210111,362772439000,0.5255384897750534,1.6614260675017352,12.0,-0.23177273804805598
20201106,2020,263050,유틸렉스,기초의약물질및생물학적제제제조업,32200,62.0,1996400.0,19899.0,33985.0,20210111,482287639400,0.5226821560913899,1.6461364112811496,13.0,0.7079161960018259
20201106,2020,251370,와이엠티,기초화학물질제조업,17600,113.0,1988800.0,17756.0,19152.0,20210111,263207612800,0.5054356229912711,1.611790708516029,14.0,0.07858683149187962
20201106,2020,068790,DMS,특수목적용기계제조업,9090,220.0,1999800.0,14327.0,12691.0,20210112,209638006830,0.5223402285930854,1.566686170031138,15.0,-0.11421105099781437
20201106,2020,265520,AP시스템,특수목적용기계제조업,21250,94.0,1997500.0,21689.0,25043.0,20210111,307704823750,0.5220343561409606,1.5470172237632598,16.0,0.15466166781975654
20201106,2020,118990,모트렉스,자동차신품부품제조업,6520,306.0,1995120.0,11437.0,13118.0,20210111,254286774280,0.515241174830926,1.4996020371973038,17.0,0.1469924281864734
20201106,2020,016380,KG스틸,1차철강제조업,8370,238.0,1992060.0,8462.0,11966.0,20210121,837074467890,0.5340588903606653,1.4745075075861547,18.0,0.41404674015576504
20201106,2020,041140,넥슨지티,소프트웨어개발및공급업,13050,153.0,1996650.0,13403.0,14504.0,20210111,461621852100,0.528512857947394,1.4706482861030803,19.0,0.08219063312080555
20201106,2020,003090,대웅,기타금융업,24300,82.0,1992600.0,24519.0,62930.0,20210112,1412850114000,0.5222278768234662,1.421076279142794,20.0,1.5666289545769474
20201106,2020,036810,에프에스티,전자부품제조업,21650,92.0,1991800.0,21334.0,31057.0,20210111,438062073100,0.5167614645437653,1.376594292075343,21.0,0.4557759651578279
20201106,2020,091990,셀트리온헬스케어,기타전문도매업,91500,21.0,1921500.0,85400.0,68733.0,20220708,13886005413000,0.5092969681798627,1.318446749866944,22.0,-0.19515663635336633
20201106,2020,033160,엠케이전자,전자부품제조업,9360,213.0,1993680.0,9591.0,11179.0,20210114,204119969040,0.5154304153214776,1.2679823446900111,23.0,0.16553740124531569
20201106,2020,060720,KH바텍,전자부품제조업,17650,113.0,1994450.0,17867.0,19616.0,20210111,417844387950,0.5149802998907828,1.2312534899960195,24.0,0.09788456601075879
20201106,2020,284620,카이노스메드,자연과학및공학연구개발업,4080,490.0,1999200.0,19295.0,20591.0,20210111,428165926320,0.5253992905287874,1.2222094592934591,25.0,0.06720056458491563
20201106,2020,039030,이오테크닉스,특수목적용기계제조업,94400,21.0,1982400.0,95223.0,114153.0,20210111,1162965520000,0.5169288078651838,1.218707975883198,26.0,0.19879404172816684
20201106,2020,004370,농심,기타식품제조업,300500,6.0,1803000.0,302505.0,297930.0,20210111,1827833921000,0.517406367742483,1.2110297655879634,27.0,-0.015120843837863496
20201106,2020,030000,제일기획,광고업,21200,94.0,1992800.0,21191.0,20447.0,20210111,2438873970000,0.49491174719313247,1.2055611141113916,28.0,-0.035116352379334415
20201106,2020,043150,바텍,의료용기기제조업,21600,92.0,1987200.0,21758.0,24607.0,20210111,320851929600,0.5187930600050841,1.1939783614499029,29.0,0.13091391156296184
20201106,2020,251270,넷마블,소프트웨어개발및공급업,126500,15.0,1897500.0,129045.0,127067.0,20210111,10859119007000,0.5244344070505503,1.171280918464188,30.0,-0.015326475327437139
20201106,2020,011040,경동제약,의약품제조업,9870,202.0,1993740.0,10245.0,10247.0,20210111,298557175980,0.5220381040505409,1.1675050586318199,31.0,0.000241560247860928
20201106,2020,000210,DL,토목건설업,78900,25.0,1972500.0,73637.0,78299.0,20210203,2745720000000,0.5155945938036407,1.1572000484261677,32.0,0.06330084167475158
20201106,2020,010950,S-Oil,석유정제품제조업,57100,35.0,1998500.0,57885.0,72966.0,20210111,6428477423200,0.5318446354301476,1.1352051795104858,33.0,0.2605257191850818
20201106,2020,007700,F&F홀딩스,봉제의복제조업,90300,22.0,1986600.0,46232.0,42077.0,20210111,1390620000000,0.5062051882309258,1.1335937079059248,34.0,-0.0898717928959587
20201106,2020,028300,HLB,선박및보트건조업,93000,21.0,1953000.0,42351.0,42256.0,20210111,4896890820000,0.5296185165819522,1.1321100956517323,35.0,-0.0022307918281844197
20201106,2020,001820,삼화콘덴서,전자부품제조업,52600,38.0,1998800.0,53219.0,74914.0,20210111,546777000000,0.5136729205840509,1.1245729780376537,36.0,0.4076610235499525
20201106,2020,079160,CJ CGV,"영화,비디오물,방송프로그램제작및배급업",20650,96.0,1982400.0,14471.0,18241.0,20210111,724815000000,0.5430255550044641,1.1241673098714295,37.0,0.2604871332465224
20201106,2020,098460,고영,특수목적용기계제조업,88000,22.0,1936000.0,18182.0,24011.0,20210111,1208323688000,0.5154375485982949,1.122813434913068,38.0,0.32059497898545275
20201106,2020,028050,삼성E&A,"건축기술,엔지니어링및관련기술서비스업",11250,177.0,1991250.0,11452.0,18698.0,20210526,2205000000000,0.5287411967189928,1.11931894028656,39.0,0.6327154316452441
20201106,2020,067310,하나마이크론,반도체제조업,8040,248.0,1993920.0,5555.0,7943.0,20210111,246182010120,0.5110411283302574,1.1163835079405477,40.0,0.4299626753058381
20201106,2020,204270,제이앤티씨,전자부품제조업,11500,173.0,1989500.0,11499.0,11449.0,20210111,665257359000,0.5134055083986411,1.102752479046632,41.0,-0.004351413052837261
20201106,2020,020150,롯데에너지머티리얼즈,전자부품제조업,45650,43.0,1962950.0,46851.0,58658.0,20210111,2104959617750,0.5133041419306532,1.0944811023737149,42.0,0.2520138694793188
20201106,2020,011070,LG이노텍,전자부품제조업,152500,13.0,1982500.0,153740.0,188800.0,20210111,3609233817500,0.5132072072518356,1.0865713541395638,43.0,0.22804850296481893
20201106,2020,104830,원익머트리얼즈,기초화학물질제조업,27450,72.0,1976400.0,27483.0,34124.0,20210111,346089600000,0.5000119097468573,1.085055674980849,44.0,0.24166525687256346
20201106,2020,068330,일신바이오,일반목적용기계제조업,6130,326.0,1998380.0,5234.0,6549.0,20210111,271044938200,0.51298570512715,1.0838788590407267,45.0,0.25125422568228983
20201106,2020,067900,와이엔텍,폐기물처리업,11500,173.0,1989500.0,12102.0,13001.0,20210111,209296078500,0.5196721742703085,0.9653409274257989,58.0,0.07424992299689515
20201106,2020,001630,종근당홀딩스,의약품제조업,102500,19.0,1947500.0,102449.0,117928.0,20210111,513510752500,0.518538377378944,0.9616703790629058,60.0,0.15108864776833242
20201106,2020,243840,신흥에스이씨,일차전지및축전지제조업,42200,47.0,1983400.0,8663.0,10005.0,20210111,293903334800,0.5058506708337933,0.9592635579996663,61.0,0.1548967725576269
20201106,2020,033500,동성화인텍,기초화학물질제조업,9840,203.0,1997520.0,10887.0,11936.0,20210111,267684221040,0.4980117548986016,0.8908065353979977,71.0,0.09629975891953446
20201106,2020,078930,GS,기타금융업,34000,58.0,1972000.0,34474.0,39863.0,20210111,3159122852000,0.5149510421003636,0.8906615547024257,72.0,0.1563336050350046
20210104,2021,042370,비츠로테크,기타금융업,9530,209.0,1991770.0,9352.0,9720.0,20210309,213032409690,0.5039202730473904,1.8259981778923233,1.0,0.0392619554011
20210104,2021,160980,싸이맥스,특수목적용기계제조업,20850,95.0,1980750.0,20419.0,18614.0,20210309,227770466550,0.5039906840221342,1.7460422194757872,2.0,-0.08836402336566695
20210104,2021,037460,삼지전자,통신및방송장비제조업,12400,161.0,1996400.0,12535.0,12634.0,20210309,202349672800,0.5039202730473904,1.6196142085913985,3.0,0.00788263808563383
20210104,2021,033540,파라텍,특수목적용기계제조업,14000,142.0,1988000.0,13752.0,,,237771660000,0.5039202730473904,1.5753834340971367,4.0,-0.08229869407982993
20210104,2021,086040,바이오톡스텍,자연과학및공학연구개발업,14450,138.0,1994100.0,15054.0,,,211333027350,0.5039202730473904,1.5661417378945044,5.0,-0.006967387431527805
20210104,2021,006060,화승인더,플라스틱제품제조업,7050,283.0,1995150.0,6960.0,7998.0,20210316,390006000000,0.5039308274292917,1.5590304531476247,6.0,0.14924076910445772
20210104,2021,084010,대한제강,1차철강제조업,10700,186.0,1990200.0,7525.0,11919.0,20210406,263720053800,0.5038894866457858,1.5118703344705526,7.0,0.5838762315410047
20210104,2021,214370,케어젠,기초의약물질및생물학적제제제조업,73100,27.0,1973700.0,15280.0,14520.0,20210901,785313300000,0.5039498364592874,1.486046521154194,8.0,-0.049731850904331854
20210104,2021,243070,휴온스,의약품제조업,59800,33.0,1973400.0,54531.0,50536.0,20210309,590868491200,0.5038114929424693,1.4381846279911312,9.0,-0.0732733632795386
20210104,2021,102120,어보브반도체,반도체제조업,17650,113.0,1994450.0,17165.0,12279.0,20210309,308162875450,0.5039202730473904,1.3947175585135345,10.0,-0.2846852476502387
20210104,2021,051160,지어소프트,소프트웨어개발및공급업,14150,141.0,1995150.0,14609.0,22560.0,20210318,206229953250,0.5039202730473904,1.3899859724947785,11.0,0.5442781544448692
20210104,2021,139670,키네마스터,소프트웨어개발및공급업,28600,69.0,1973400.0,29368.0,54456.0,20210309,387424380200,0.5039202730473904,1.3899859724947785,12.0,0.8542595016749519
20210104,2021,001740,SK네트웍스,기타전문도매업,5040,396.0,1995840.0,5234.0,5184.0,20210309,1250865740880,0.5036503740501823,1.3809592758067604,13.0,-0.009546488487355953
20210104,2021,215360,우리산업,자동차신품부품제조업,24800,80.0,1984000.0,26707.0,25204.0,20210309,226477642400,0.5039906840221342,1.3797653477182183,14.0,-0.05627512014198888
20210104,2021,348210,넥스틴,특수목적용기계제조업,171000,11.0,1881000.0,58260.0,79669.0,20210323,540325800000,0.5038370660805579,1.373710329210514,15.0,0.3674747808769627
20210104,2021,106240,파인테크닉스,통신및방송장비제조업,4745,421.0,1997645.0,2013.0,2359.0,20210324,205966860320,0.5037683855572435,1.3446560063499176,16.0,0.17157458679755933
20210104,2021,006120,SK디스커버리,기타금융업,66100,30.0,1983000.0,65825.0,57529.0,20210309,1258402215500,0.503649051070421,1.316312784245225,17.0,-0.12602156215287041
20210104,2021,245620,EDGC,자연과학및공학연구개발업,9490,210.0,1992900.0,4638.0,4532.0,20210330,407258832760,0.5037683855572435,1.31329025649347,18.0,-0.022683164653258592
20210104,2021,026890,스틱인베스트먼트,"전동기,발전기및전기변환ㆍ공급ㆍ제어장치제조업",8680,230.0,1996400.0,8640.0,11052.0,20210309,361766559000,0.5038608239262159,1.2992438606033176,19.0,0.2792023828757708
20210104,2021,200880,서연이화,자동차신품부품제조업,7460,268.0,1999280.0,7547.0,8875.0,20210323,201632140020,0.5039202730473904,1.273689315587919,20.0,0.17602479080528588
20210104,2021,030530,원익홀딩스,기타금융업,6270,318.0,1993860.0,6182.0,6011.0,20210309,484282140870,0.5036248821367038,1.2708940735885161,21.0,-0.02762799430398455
20210104,2021,234080,JW생명과학,의약품제조업,20400,98.0,1999200.0,20747.0,20046.0,20210309,323024901600,0.5037190545734969,1.266563382345916,22.0,-0.03379414289502014
20210104,2021,053080,케이엔솔,일반목적용기계제조업,47850,41.0,1961850.0,16223.0,16200.0,20210421,205474742550,0.5039202730473904,1.2578354581136526,23.0,-0.0014009087852216995
20210104,2021,104460,디와이피엔에프,일반목적용기계제조업,19800,101.0,1999800.0,20012.0,26416.0,20210318,212129775000,0.5039202730473904,1.2578354581136526,24.0,0.3200228295312484
20210104,2021,073490,LIG아큐버,통신및방송장비제조업,63500,31.0,1968500.0,63028.0,44937.0,20210309,427834044000,0.5037190545734969,1.2553533350591732,25.0,-0.2870375201243074
20210104,2021,192650,드림텍,전자부품제조업,11800,169.0,1994200.0,11585.0,8659.0,20210309,777183223000,0.5037683855572435,1.2466479645268498,26.0,-0.25256700920732955
20210104,2021,012610,경인양행,기초화학물질제조업,7210,277.0,1997170.0,7151.0,7042.0,20210531,297602591650,0.5037428124191548,1.2396086026885684,27.0,-0.015332035527068966
20210104,2021,000390,삼화페인트,기타화학제품제조업,14550,137.0,1993350.0,15569.0,10528.0,20210309,384683827050,0.5038894866457858,1.230928259194773,28.0,-0.3238199276635648
20210104,2021,017960,한국카본,"구조용금속제품,탱크및증기발생기제조업",14250,140.0,1995000.0,14356.0,11305.0,20210309,626440787250,0.503649051070421,1.226080301594312,29.0,-0.21255907003065966
20210104,2021,028670,팬오션,해상운송업,5370,372.0,1997640.0,5425.0,5804.0,20210309,2870638279440,0.5036197262817661,1.1460025301586614,30.0,0.06988612855751031
20210104,2021,001060,JW중외제약,의약품제조업,36200,55.0,1991000.0,33649.0,27734.0,20210324,757305954800,0.5036503740501823,1.1390509965927407,31.0,-0.17577180868480213
20210104,2021,170900,동아에스티,의약품제조업,92900,21.0,1950900.0,81401.0,73627.0,20210309,784435337200,0.5036503740501823,1.1390509965927407,32.0,-0.09550099377354004
20210104,2021,009290,광동제약,의약품제조업,10150,197.0,1999550.0,10094.0,8004.0,20210930,532071637650,0.503649051070421,1.1365947499375766,33.0,-0.20709540425052253
20210104,2021,243840,신흥에스이씨,일차전지및축전지제조업,49100,40.0,1964000.0,9585.0,8483.0,20210309,342211189800,0.503649051070421,1.1297966105663886,34.0,-0.11499245590787377
20210104,2021,267250,HD현대,석유정제품제조업,276500,7.0,1935500.0,56471.0,55884.0,20210309,4368317600500,0.5024702165466234,1.121068997804746,35.0,-0.01038175191181201
20210104,2021,180640,한진칼,항공여객운송업,62300,32.0,1993600.0,64381.0,58378.0,20210309,4128154373000,0.5034664176387678,1.096614978825261,36.0,-0.09323624064764435
20210104,2021,207760,미스터블루,기타정보서비스업,11550,173.0,1998150.0,3789.0,3292.0,20210309,285823634250,0.5035803705471065,1.0964042345319345,37.0,-0.13119217765246072
20210104,2021,185750,종근당,의약품제조업,232500,8.0,1860000.0,192926.0,133041.0,20210309,2530921762500,0.5036248821367038,1.091722663199332,38.0,-0.3104026852299394
20210104,2021,017800,현대엘리베이터,일반목적용기계제조업,40900,48.0,1963200.0,41801.0,43291.0,20210309,1669341311900,0.5037887175670004,1.0843389229206055,39.0,0.03565559441881061
20210104,2021,238090,앤디포스,플라스틱제품제조업,5610,356.0,1997160.0,15172.0,11195.0,20210309,309457282860,0.5037683855572435,1.0723553159112165,40.0,-0.2621239533713089
20210104,2021,086980,쇼박스,"영화,비디오물,방송프로그램제작및배급업",3500,571.0,1998500.0,3559.0,4814.0,20210309,219100000000,0.5030628770151784,1.0712099233063523,41.0,0.3525131342909624
20210104,2021,006360,GS건설,건물건설업,38050,52.0,1978600.0,40001.0,38002.0,20210309,3058090409650,0.503649051070421,1.0618024089191498,42.0,-0.04996386123483154
20210104,2021,181710,NHN,소프트웨어개발및공급업,74000,27.0,1998000.0,38556.0,35533.0,20210309,1447811850000,0.5037887175670004,1.0557197210534344,43.0,-0.07839267208785539
20210104,2021,033500,동성화인텍,기초화학물질제조업,12150,164.0,1992600.0,12386.0,12184.0,20210325,334046425950,0.503649051070421,1.0557134573593636,45.0,-0.016300459088082864
20210104,2021,067900,와이엔텍,폐기물처리업,13700,145.0,1986500.0,13553.0,15451.0,20210309,249335328300,0.5033130440102771,1.0307689774338868,49.0,0.14009658360328636
20210104,2021,284620,카이노스메드,자연과학및공학연구개발업,4660,429.0,1999140.0,23305.0,15046.0,20210803,489032651140,0.503569511665537,0.9822191585292908,67.0,-0.35436109128796134
20210104,2021,001820,삼화콘덴서,전자부품제조업,69200,28.0,1937600.0,69019.0,63322.0,20210309,719334000000,0.5036248821367038,0.9479925135833145,70.0,-0.08253643061507909
20210104,2021,036810,에프에스티,전자부품제조업,30700,65.0,1995500.0,31792.0,29883.0,20210309,621178089800,0.5036248821367038,0.9479925135833145,71.0,-0.060051649212065406
20210104,2021,265520,AP시스템,특수목적용기계제조업,25500,78.0,1989000.0,25195.0,28802.0,20210309,369245788500,0.503649051070421,0.9180084534779022,77.0,0.1431871097087647
20210104,2021,204270,제이앤티씨,전자부품제조업,11450,174.0,1992300.0,11249.0,10148.0,20210507,662364935700,0.5035803705471065,0.8553561930454868,89.0,-0.09788726566053751
20210308,2021,238090,앤디포스,플라스틱제품제조업,4220,473.0,1996060.0,11195.0,14635.0,20210507,232782483720,0.5039906840221342,1.6112107752463074,1.0,0.30732327869431186
20210308,2021,192650,드림텍,전자부품제조업,8870,225.0,1995750.0,8659.0,9985.0,20210507,584660532860,0.5039312349009597,1.5407785101072529,2.0,0.15313142298209703
20210308,2021,023800,인지컨트롤스,자동차신품부품제조업,16400,121.0,1984400.0,15936.0,19936.0,20210507,248626099200,0.5037683855572435,1.486544820210107,3.0,0.2509993146102918
20210308,2021,200880,서연이화,자동차신품부품제조업,9090,220.0,1999800.0,8574.0,9337.0,20210507,245688492330,0.5037683855572435,1.486544820210107,4.0,0.08895845365771393
20210308,2021,054780,키이스트,"영화,비디오물,방송프로그램제작및배급업",15200,131.0,1991200.0,15692.0,14596.0,20210507,268017070400,0.5034443754262026,1.4677935924432475,5.0,-0.06986687673932357
20210308,2021,042420,네오위즈홀딩스,소프트웨어개발및공급업,32400,61.0,1976400.0,30756.0,35299.0,20210507,286962458400,0.5039906840221342,1.443938080544136,6.0,0.14768448437880854
20210308,2021,007310,오뚜기,기타식품제조업,579000,3.0,1737000.0,583932.0,540797.0,20210507,2126076999000,0.5038811559359728,1.419778301301395,7.0,-0.07386925211993156
20210308,2021,065680,우주일렉트로,전자부품제조업,24800,80.0,1984000.0,23980.0,29223.0,20210507,246368656000,0.5038387965319872,1.3464673744989621,8.0,0.2186131141935388
20210308,2021,180640,한진칼,항공여객운송업,58600,34.0,1992400.0,58378.0,51282.0,20210507,3882991524400,0.5036288595108162,1.3164437470594974,9.0,-0.12155717124001408
20210308,2021,053080,케이엔솔,일반목적용기계제조업,47600,42.0,1999200.0,15866.0,,,204401206800,0.5037683855572435,1.3149700913644204,10.0,0.19146956513312374
20210308,2021,004560,현대비앤지스틸,1차철강제조업,19000,105.0,1995000.0,18671.0,23222.0,20210507,286497409000,0.5039202730473904,1.3069916675750242,11.0,0.24377341801547736
20210308,2021,061040,알에프텍,통신및방송장비제조업,7930,252.0,1998360.0,8018.0,7670.0,20210527,229176349740,0.5037366499929969,1.2566860421050607,12.0,-0.043481334295821794
20210308,2021,030530,원익홀딩스,기타금융업,6150,325.0,1998750.0,6011.0,6812.0,20210507,475013583150,0.503649051070421,1.237874809507288,13.0,0.13317154150121358
20210308,2021,042370,비츠로테크,기타금융업,9990,200.0,1998000.0,9720.0,10739.0,20210507,242526720510,0.503649051070421,1.237874809507288,14.0,0.10491579602100631
20210308,2021,092190,서울바이오시스,반도체제조업,14850,134.0,1989900.0,14420.0,17652.0,20210507,567621247050,0.5037683855572435,1.2038793507861913,15.0,0.224204412884073
20210308,2021,181710,NHN,소프트웨어개발및공급업,68000,29.0,1972000.0,35533.0,37414.0,20210507,1330421700000,0.5038811559359728,1.201493319508051,16.0,0.05293580765121142
20210308,2021,002020,코오롱,기타금융업,21800,91.0,1983800.0,21407.0,29550.0,20210823,275256086800,0.5036182646688163,1.182135241770201,17.0,0.38036004689598135
20210308,2021,281740,레이크머티리얼즈,기타화학제품제조업,3525,567.0,1998675.0,3375.0,3975.0,20210507,231700181700,0.5039202730473904,1.1683803731838307,18.0,0.1778949014045077
20210308,2021,000020,동화약품,의약품제조업,14400,138.0,1987200.0,14753.0,14853.0,20210507,402213168000,0.5038387965319872,1.1652768578540114,19.0,0.00679229268464554
20210308,2021,045100,한양이엔지,"건축기술,엔지니어링및관련기술서비스업",15750,126.0,1984500.0,16250.0,18302.0,20210507,283500000000,0.5036248821367038,1.1546469070306749,20.0,0.12625114694591666
20210308,2021,028670,팬오션,해상운송업,6480,308.0,1995840.0,5804.0,7430.0,20210507,3464010437760,0.5036897297848419,1.1529575282772326,21.0,0.2801493493405325
20210308,2021,115450,HLB테라퓨틱스,기타전문도매업,19450,102.0,1983900.0,8227.0,5627.0,20210507,526861969550,0.5033617229589361,1.1507238454163253,22.0,-0.31597451638222496
20210308,2021,267250,HD현대,석유정제품제조업,274000,7.0,1918000.0,55884.0,75976.0,20210512,4328821058000,0.5025626549155959,1.1377593589779535,23.0,0.3595163092925202
20210308,2021,030000,제일기획,광고업,20250,98.0,1984500.0,20445.0,23244.0,20210507,2329584806250,0.5036503740501823,1.1301737096386906,24.0,0.13688219918564437
20210308,2021,001120,LX인터내셔널,상품중개업,26900,74.0,1990600.0,26855.0,35439.0,20210507,1042644000000,0.5037190545734969,1.1263758956239147,25.0,0.31966334761716286
20210308,2021,000640,동아쏘시오홀딩스,기타금융업,102500,19.0,1947500.0,94889.0,123236.0,20210510,630922965000,0.5035803705471065,1.1135269649405675,26.0,0.2987347296262679
20210308,2021,006120,SK디스커버리,기타금융업,58800,34.0,1999200.0,57529.0,55830.0,20210507,1119425874000,0.5035803705471065,1.1135269649405675,27.0,-0.029544127647393115
20210308,2021,118990,모트렉스,자동차신품부품제조업,5700,350.0,1995000.0,9179.0,9181.0,20210517,222305922300,0.5035803705471065,1.1061803622675694,28.0,0.0002477514980028239
20210308,2021,004000,롯데정밀화학,기초화학물질제조업,51100,39.0,1992900.0,51505.0,65897.0,20210507,1318380000000,0.5037428124191548,1.105484259678548,29.0,0.2794425404429519
20210308,2021,026890,스틱인베스트먼트,"전동기,발전기및전기변환ㆍ공급ㆍ제어장치제조업",11250,177.0,1991250.0,11052.0,14602.0,20210507,468879468750,0.5038128971468406,1.1001428067253716,30.0,0.32121357295152597
20210308,2021,010130,고려아연,1차비철금속제조업,403500,4.0,1614000.0,397269.0,455181.0,20210507,7614045000000,0.503649051070421,1.0961513647710504,31.0,0.14577678332517108
20210308,2021,251370,와이엠티,기초화학물질제조업,18800,106.0,1992800.0,18753.0,22398.0,20210512,281153586400,0.5037194620451647,1.060463548229896,32.0,0.1943828398027554
20210308,2021,243840,신흥에스이씨,일차전지및축전지제조업,42100,47.0,1978700.0,8483.0,9562.0,20210507,299975214200,0.5036182646688163,1.0415371641031574,33.0,0.12714449781578296
20210308,2021,019170,신풍제약,의약품제조업,95000,21.0,1995000.0,97979.0,64282.0,20210507,5033574050000,0.5037854169036153,1.0338038824282036,34.0,-0.34391815990331476
20210308,2021,009070,KCTC,도로화물운송업,10500,190.0,1995000.0,8851.0,7253.0,20210610,315000000000,0.5039202730473904,1.0273768941888093,35.0,-0.1805129884077099
20210308,2021,006360,GS건설,건물건설업,36350,55.0,1999250.0,38002.0,45666.0,20210507,3100222253250,0.503649051070421,1.0239337140304083,36.0,0.20167442435802863
20210308,2021,092040,아미코젠,기타식품제조업,28400,70.0,1988000.0,13261.0,15904.0,20210507,545692084000,0.5037683855572435,1.023268171887493,37.0,0.1993146238159864
20210308,2021,131370,알서포트,소프트웨어개발및공급업,8280,241.0,1995480.0,8057.0,8587.0,20210507,441051447240,0.5037985470211868,1.0186352115406774,38.0,0.06577552053855995
20210308,2021,050890,쏠리드,통신및방송장비제조업,8190,244.0,1998360.0,7751.0,7187.0,20210507,427396583250,0.5036442116240244,1.0165392464752019,39.0,-0.07283369194107026
20210308,2021,121600,나노신소재,기타화학제품제조업,25450,78.0,1985100.0,24725.0,30576.0,20210507,276090074850,0.5038387965319872,1.0130051236511288,40.0,0.2366566836323447
20210308,2021,084850,아이티엠반도체,전자부품제조업,45500,43.0,1956500.0,43353.0,44055.0,20210507,1051956087000,0.5036728089160789,0.9975511992944532,41.0,0.016200864189563458
20210308,2021,084010,대한제강,1차철강제조업,13600,147.0,1999200.0,9155.0,14583.0,20210507,335195582400,0.5036952931114475,0.9854281807355345,47.0,0.5928945961589478
20210308,2021,001820,삼화콘덴서,전자부품제조업,65700,30.0,1971000.0,63322.0,65316.0,20210507,682951500000,0.503649051070421,0.9476107468535178,54.0,0.03149288391723659
20210308,2021,207760,미스터블루,기타정보서비스업,9910,201.0,1991910.0,3292.0,3689.0,20210527,245387802850,0.5036507815218503,0.9467415249757849,57.0,0.12047647978155984
20210308,2021,245620,EDGC,자연과학및공학연구개발업,9370,213.0,1995810.0,4340.0,4343.0,20210507,402296555470,0.5037375991556388,0.9029649131427339,67.0,0.0007018592565519732
20210308,2021,036810,에프에스티,전자부품제조업,30450,65.0,1979250.0,29883.0,27327.0,20210507,616119636300,0.5036248821367038,0.8968061620340121,69.0,-0.08553083618946022
20210308,2021,265520,AP시스템,특수목적용기계제조업,29500,67.0,1976500.0,28802.0,28792.0,20210507,427166696500,0.503649051070421,0.8766549907265876,82.0,-0.0003536980507310439
20210308,2021,102120,어보브반도체,반도체제조업,12550,159.0,1995450.0,12279.0,16321.0,20210507,219118645150,0.5035803705471065,0.8639310359156117,85.0,0.3292116292294214
20210308,2021,073490,LIG아큐버,통신및방송장비제조업,46100,43.0,1982300.0,44937.0,43470.0,20211201,310600778400,0.5035803705471065,0.8506857137722148,89.0,-0.032645108183170124
20210308,2021,106240,파인테크닉스,통신및방송장비제조업,4680,427.0,1998360.0,2084.0,2779.0,20210507,203145396480,0.5035803705471065,0.8506857137722148,90.0,0.33343222775986225
20210506,2021,055490,테이팩스,플라스틱제품제조업,58000,34.0,1972000.0,59690.0,89895.0,20211124,273623700000,0.5039202730473904,1.9631455829021085,1.0,0.5060297355246042
20210506,2021,015890,태경산업,기초화학물질제조업,6970,286.0,1993420.0,7129.0,6861.0,20220303,203724387500,0.5040827149194387,1.8294432676471724,2.0,-0.0376703359296765
20210506,2021,048910,대원미디어,기타전문도매업,31350,63.0,1975050.0,32589.0,36690.0,20210707,394349957100,0.5039202730473904,1.726337684327147,3.0,0.1258315114894426
20210506,2021,009410,태영건설,토목건설업,13200,151.0,1993200.0,27764.0,26138.0,20210707,513468093600,0.5039498364592874,1.6901723509861304,4.0,-0.05856314451658007
20210506,2021,058430,포스코스틸리온,1차철강제조업,60500,33.0,1996500.0,60854.0,77125.0,20210707,363000000000,0.5039906840221342,1.6251267872457364,5.0,0.26737192354124506
20210506,2021,224110,에이텍모빌리티,통신및방송장비제조업,38100,52.0,1981200.0,38907.0,,,203454000000,0.5039202730473904,1.5428508669522687,6.0,0.00019172840488201892
20210506,2021,064550,바이오니아,의료용품및기타의약관련제품제조업,18200,109.0,1983800.0,18151.0,30108.0,20210707,457403091600,0.5040691709461098,1.5379206819290765,7.0,0.6587548179334859
20210506,2021,289220,자이언트스텝,"영화,비디오물,방송프로그램제작및배급업",39200,51.0,1999200.0,19521.0,31506.0,20210707,369576228000,0.5039202730473904,1.5345599906244813,8.0,0.6139901087199846
20210506,2021,028300,HLB,선박및보트건조업,32700,61.0,1994700.0,29752.0,31006.0,20210707,3468543609000,0.5036100329300848,1.4786009454128188,9.0,0.042164036676371586
20210506,2021,181710,NHN,소프트웨어개발및공급업,72000,27.0,1944000.0,37414.0,42840.0,20210707,1408681800000,0.5038811559359728,1.4685907400141496,10.0,0.1450100671012413
20210506,2021,058610,에스피지,"전동기,발전기및전기변환ㆍ공급ㆍ제어장치제조업",11700,170.0,1989000.0,11842.0,17298.0,20230105,249889980600,0.5039202730473904,1.4493912529255732,11.0,0.46069796278900443
20210506,2021,009470,삼화전기,전자부품제조업,34450,58.0,1998100.0,36412.0,36959.0,20210707,227846099000,0.5039202730473904,1.418655832750681,12.0,0.015025876147149786
20210506,2021,014470,부방,기타금융업,3480,574.0,1997520.0,3516.0,3371.0,20210729,208981864800,0.5039202730473904,1.3983171523288236,13.0,-0.04120810019774934
20210506,2021,140860,파크시스템스,"측정,시험,항해,제어및기타정밀기기제조업;광학기기제외",144900,13.0,1883700.0,144021.0,131069.0,20210707,967244449500,0.5035007082034847,1.3726308733425803,14.0,-0.0899361107232538
20210506,2021,950190,고스트스튜디오,소프트웨어개발및공급업,21600,92.0,1987200.0,21718.0,21719.0,20210812,290572380000,0.5038383890603193,1.3639147116239756,15.0,4.2489194953532206e-05
20210506,2021,950220,네오이뮨텍,자연과학및공학연구개발업,11950,167.0,1995650.0,10468.0,9565.0,20210707,1175784519500,0.5039202730473904,1.3623176585640515,16.0,-0.08623166657021408
20210506,2021,001250,GS글로벌,상품종합도매업,2910,687.0,1999170.0,2862.0,2739.0,20221011,240173253240,0.5037677606195822,1.3513737361018638,17.0,-0.04280424420740969
20210506,2021,035900,JYP Ent.,오디오물출판및원판녹음업,30950,64.0,1980800.0,33013.0,39056.0,20210707,1098647377400,0.5035803705471065,1.340369199664419,18.0,0.18306847805650217
20210506,2021,001120,LX인터내셔널,상품중개업,34700,57.0,1977900.0,35439.0,39848.0,20220824,1344972000000,0.5036948856397796,1.3172368440433215,19.0,0.12440812311134675
20210506,2021,121600,나노신소재,기타화학제품제조업,29750,67.0,1993250.0,30576.0,47220.0,20211013,322737906750,0.5037683855572435,1.2935650356570014,20.0,0.5443268497296292
20210506,2021,114810,한솔아이원스,특수목적용기계제조업,8540,234.0,1998360.0,8454.0,9864.0,20210831,217797105960,0.5037960991141714,1.274925857001934,21.0,0.1667882665051139
20210506,2021,084850,아이티엠반도체,전자부품제조업,43250,46.0,1989500.0,44055.0,48657.0,20210707,999936280500,0.5038383890603193,1.2700600465759813,22.0,0.10445160785196284
20210506,2021,018250,애경산업,기타화학제품제조업,25500,78.0,1989000.0,26105.0,26611.0,20210707,673453342500,0.5037428124191548,1.248028672349791,23.0,0.019397415766406967
20210506,2021,051900,LG생활건강,기타화학제품제조업,1581000,1.0,1581000.0,1573094.0,1744842.0,20210707,24692369457000,0.5037428124191548,1.248028672349791,24.0,0.10917833808819366
20210506,2021,023600,삼보판지,"펄프,종이및판지제조업",16500,121.0,1996500.0,17456.0,15800.0,20211203,266805000000,0.50361526130948,1.2370993259582623,25.0,-0.0948271431136295
20210506,2021,052260,현대바이오랜드,기타화학제품제조업,21600,92.0,1987200.0,10965.0,9107.0,20220112,324000000000,0.5037366499929969,1.2370556554520453,26.0,-0.16943993019982728
20210506,2021,050960,수산아이앤티,소프트웨어개발및공급업,30550,65.0,1985750.0,30989.0,,,206243050000,0.5037683855572435,1.1925744263353242,27.0,-0.017755672164668557
20210506,2021,131370,알서포트,소프트웨어개발및공급업,8540,234.0,1998360.0,8587.0,11147.0,20210707,454900888820,0.5037683855572435,1.1925744263353242,28.0,0.29807435568853213
20210506,2021,032500,케이엠더블유,통신및방송장비제조업,51200,39.0,1996800.0,51581.0,52681.0,20210707,2038829209600,0.5037683855572435,1.1697731404741998,29.0,0.021334598974852792
20210506,2021,138080,오이솔루션,통신및방송장비제조업,41600,48.0,1996800.0,41660.0,32874.0,20211013,441962352000,0.5037683855572435,1.1697731404741998,30.0,-0.2108977487053112
20210506,2021,048260,오스템임플란트,의료용기기제조업,89800,22.0,1975600.0,759025.0,933351.0,20210707,1282857386600,0.5036248821367038,1.169411949602391,31.0,0.22967024316550422
20210506,2021,035890,서희건설,건물건설업,2035,982.0,1998370.0,2139.0,2239.0,20210713,467660209995,0.5036248821367038,1.1658524573450637,32.0,0.04675916906574473
20210506,2021,118990,모트렉스,자동차신품부품제조업,5840,342.0,1997280.0,9836.0,10880.0,20210803,227766067760,0.5036503740501823,1.1619232650125781,33.0,0.10612405920713464
20210506,2021,267980,매일유업,"곡물가공품,전분및전분제품제조업",76600,26.0,1991600.0,76369.0,76483.0,20210805,600822670800,0.503649051070421,1.154622781400764,34.0,0.0014956722048096172
20210506,2021,230360,에코마케팅,광고업,23600,84.0,1982400.0,23392.0,25893.0,20210707,769309826400,0.5035803705471065,1.1528694673015059,35.0,0.1069077905486282
20210506,2021,031430,신세계인터내셔날,"섬유,의복,신발및가죽제품소매업",203500,9.0,1831500.0,41283.0,39667.0,20210707,1452990000000,0.5033348079303706,1.1524224457771224,36.0,-0.039131811807914474
20210506,2021,101490,에스앤에스텍,전자부품제조업,30700,65.0,1995500.0,30752.0,32705.0,20210707,658559422900,0.5037683855572435,1.1430239074404231,37.0,0.06352046255613963
20210506,2021,192650,드림텍,전자부품제조업,10050,199.0,1999950.0,9985.0,12831.0,20210707,656112752550,0.5037683855572435,1.1430239074404231,38.0,0.28504930313886523
20210506,2021,003410,쌍용양회,"시멘트,석회,플라스터및그제품제조업",7550,264.0,1993200.0,7732.0,8211.0,20210707,3804139942250,0.5038114929424693,1.140225565228414,39.0,0.06194333957904008
20210506,2021,256630,포인트엔지니어링,기타금속가공제품제조업,3750,533.0,1998750.0,3785.0,4140.0,20210707,214276170000,0.5035803705471065,1.1395644419296127,40.0,0.09361052058507213
20210506,2021,044340,위닉스,가정용기기제조업,22900,87.0,1992300.0,23220.0,11797.0,20230630,409301432500,0.5035803705471065,1.1379985775499624,41.0,-0.49197243511470645
20210506,2021,069260,TKG휴켐스,기타화학제품제조업,21900,91.0,1992900.0,22040.0,23283.0,20210707,895241077200,0.5036728089160789,1.1233781528170865,42.0,0.05640677121290549
20210506,2021,180640,한진칼,항공여객운송업,51200,39.0,1996800.0,51282.0,66270.0,20210707,3392647884800,0.5034664176387678,1.0853967033097356,49.0,0.29226045563470926
20210506,2021,007310,오뚜기,도시락및식사용조리식품제조업,533000,3.0,1599000.0,540797.0,539896.0,20210707,1957165873000,0.5037428124191548,1.077632062643108,52.0,-0.0016669910231980056
20210506,2021,243840,신흥에스이씨,일차전지및이차전지제조업,47250,42.0,1984500.0,9562.0,12141.0,20210707,340802957250,0.5036948856397796,0.959360793544641,65.0,0.26980853020573514
20210506,2021,065680,우주일렉트로,전자부품제조업,28800,69.0,1987200.0,29223.0,25080.0,20211020,286105536000,0.5036507815218503,0.9296065504986579,71.0,-0.14175512943163704
20210506,2021,084010,대한제강,1차철강제조업,21600,92.0,1987200.0,14583.0,14753.0,20210707,532369454400,0.503524877137202,0.8934951124179019,81.0,0.011642203828699849
20210506,2021,006120,SK디스커버리,기타금융업,55100,36.0,1983600.0,55830.0,48275.0,20211013,1048985810500,0.503643484127424,0.8787742084858572,83.0,-0.13531253821449452
20210506,2021,092190,서울바이오시스,반도체제조업,17550,113.0,1983150.0,17652.0,14066.0,20220105,670825110150,0.5035803705471065,0.8736519103265676,88.0,-0.20316856870053057
20210506,2021,050890,쏠리드,통신및방송장비제조업,7410,269.0,1993290.0,7187.0,6955.0,20210707,386692146750,0.5036442116240244,0.8647675824233695,90.0,-0.03221065885716867
20210706,2021,007310,오뚜기,도시락및식사용조리식품제조업,542000,3.0,1626000.0,539896.0,521691.0,20210906,1990213702000,0.5038811559359728,2.033089308655682,1.0,-0.03371993540660578
20210706,2021,136510,스마트솔루션즈,특수목적용기계제조업,38700,51.0,1973700.0,9538.0,7648.0,20210930,261813781800,0.5039202730473904,1.824194105184771,2.0,-0.19820585036541316
20210706,2021,014280,금강공업,1차철강제조업,9700,206.0,1998200.0,9233.0,9807.0,20220330,283001719500,0.5038894866457858,1.618322668322225,3.0,0.06215263601594678
20210706,2021,016880,웅진,기타금융업,2685,744.0,1997640.0,2645.0,2699.0,20250724,214604209800,0.5037683855572435,1.600147018339272,4.0,0.020248468241599094
20210706,2021,130660,한전산업,"건축기술,엔지니어링및관련기술서비스업",17650,113.0,1994450.0,16814.0,15514.0,20210906,575390000000,0.5039202730473904,1.542353799769098,5.0,-0.07732531202761528
20210706,2021,006060,화승인더,플라스틱제품제조업,7850,254.0,1993900.0,7739.0,6529.0,20211105,434262000000,0.5036728089160789,1.5085491669511446,6.0,-0.15633165735188503
20210706,2021,069260,TKG휴켐스,기타화학제품제조업,23500,85.0,1997500.0,23283.0,28138.0,20210906,960646818000,0.5037887175670004,1.480976514305244,7.0,0.2085075379024337
20210706,2021,040910,아이씨디,특수목적용기계제조업,15850,126.0,1997100.0,15759.0,11975.0,20211213,286336796050,0.5037887175670004,1.4589565948342909,8.0,-0.24014574557844293
20210706,2021,041460,한국전자인증,소프트웨어개발및공급업,9920,201.0,1993920.0,9857.0,11810.0,20210906,212875750080,0.5039202730473904,1.458365789405883,9.0,0.198070855129012
20210706,2021,192250,케이사인,소프트웨어개발및공급업,3075,650.0,1998750.0,29883.0,,,217314115275,0.5039202730473904,1.458365789405883,10.0,-0.06640624900854997
20210706,2021,039860,나노엔텍,의료용기기제조업,8480,235.0,1992800.0,9045.0,9267.0,20210906,227249812960,0.5037683855572435,1.4450246452840958,11.0,0.024533492584657424
20210706,2021,206560,덱스터,"영화,비디오물,방송프로그램제작및배급업",9310,214.0,1992340.0,9322.0,13451.0,20210906,235991146160,0.5036442116240244,1.4258271727684302,12.0,0.44294034188702747
20210706,2021,036830,솔브레인홀딩스,회사본부및경영컨설팅서비스업,37950,52.0,1973400.0,37496.0,37695.0,20210923,795585925200,0.5037683855572435,1.4049491033340171,13.0,0.005289009554769963
20210706,2021,006650,대한유화,기초화학물질제조업,237000,8.0,1896000.0,231665.0,235137.0,20210906,1540500000000,0.5037683855572435,1.3957766926744133,14.0,0.014986685868994654
20210706,2021,028670,팬오션,해상운송업,8190,244.0,1998360.0,8379.0,7549.0,20210906,4378124303280,0.5036197262817661,1.378321502469355,15.0,-0.09902452220220537
20210706,2021,096530,씨젠,의료용품및기타의약관련제품제조업,78900,25.0,1972500.0,89654.0,65600.0,20210906,4120630926600,0.5037683855572435,1.3709726159819218,16.0,-0.2682971792985377
20210706,2021,052260,현대바이오랜드,기타화학제품제조업,22800,87.0,1983600.0,11311.0,7880.0,20220826,342000000000,0.5037428124191548,1.3705900496194283,17.0,-0.3033194779541746
20210706,2021,140410,메지온,자연과학및공학연구개발업,139700,14.0,1955800.0,45715.0,60625.0,20210906,1242311028200,0.5038811559359728,1.339340888234068,18.0,0.32614929893640854
20210706,2021,099750,이지케어텍,소프트웨어개발및공급업,32650,61.0,1991650.0,19471.0,20374.0,20220317,208502900000,0.5038689579959306,1.3353277111688264,19.0,0.04639863903402297
20210706,2021,192400,쿠쿠홀딩스,기타금융업,124000,16.0,1984000.0,24210.0,15560.0,20220714,881942188000,0.5036507815218503,1.3067124300434363,20.0,-0.3573165633158961
20210706,2021,010690,화신,자동차신품부품제조업,9830,203.0,1995490.0,9616.0,8494.0,20210906,343267630300,0.5039202730473904,1.28878689785428,21.0,-0.11664575611909112
20210706,2021,092200,디아이씨,자동차신품부품제조업,7150,279.0,1994850.0,7252.0,5542.0,20210906,278053268350,0.5039202730473904,1.28878689785428,22.0,-0.23582856576885236
20210706,2021,001820,삼화콘덴서,전자부품제조업,61400,32.0,1964800.0,63426.0,64931.0,20210906,638253000000,0.5038811559359728,1.2675931225413686,23.0,0.023718792799307886
20210706,2021,091700,파트론,전자부품제조업,10450,191.0,1995950.0,10230.0,10131.0,20210906,565934484500,0.5038811559359728,1.2675931225413686,24.0,-0.009650049880377876
20210706,2021,122990,와이솔,전자부품제조업,13000,153.0,1989000.0,12829.0,12329.0,20210906,366430233000,0.5038811559359728,1.2675931225413686,25.0,-0.0390194401088636
20210706,2021,079980,휴비스,화학섬유제조업,11350,176.0,1997600.0,11131.0,10331.0,20210906,391575000000,0.5038119004141373,1.2383175218751359,26.0,-0.07185103853208485
20210706,2021,271560,오리온,도시락및식사용조리식품제조업,122000,16.0,1952000.0,120012.0,125030.0,20210906,4823408104000,0.5035803705471065,1.2307058889568132,27.0,0.041805128322859764
20210706,2021,031390,녹십자셀,기초의약물질제조업,42400,47.0,1992800.0,42398.0,39744.0,20210906,537683558400,0.5037428124191548,1.1724615785555144,28.0,-0.06259957412504003
20210706,2021,200130,콜마비앤에이치,기초의약물질제조업,49900,40.0,1996000.0,49381.0,39435.0,20210906,1474223544200,0.5037428124191548,1.1724615785555144,29.0,-0.20141829034170777
20210706,2021,042510,라온시큐어,소프트웨어개발및공급업,5310,376.0,1996560.0,26423.0,,,205320421260,0.5037985470211868,1.166503345357616,30.0,-0.024331728971372812
20210706,2021,009410,태영건설,토목건설업,13050,153.0,1996650.0,26138.0,20139.0,20220412,507633228900,0.5035381367749364,1.1637609906487714,31.0,-0.229484151189019
20210706,2021,139480,이마트,종합소매업,159500,12.0,1914000.0,158379.0,176468.0,20210906,4446193130500,0.5035803705471065,1.149536044309996,32.0,0.11421298337307673
20210706,2021,092070,디엔에프,기타화학제품제조업,25000,80.0,2000000.0,24968.0,26668.0,20210906,269045700000,0.5036507815218503,1.1492866474505647,33.0,0.06808989799065213
20210706,2021,104540,코렌텍,의료용기기제조업,17600,113.0,1988800.0,17395.0,,,204983363200,0.5036507815218503,1.1491899296418453,34.0,-0.011399998149581592
20210706,2021,028300,HLB,선박및보트건조업,34350,58.0,1992300.0,31006.0,58525.0,20210906,3643765353900,0.5036747646586617,1.145222603852578,35.0,0.8875120476684122
20210706,2021,093320,케이아이엔엑스,"자료처리,호스팅,포털및기타인터넷정보매개서비스업",66900,29.0,1940100.0,68317.0,49889.0,20211217,326472000000,0.5036507815218503,1.1443428169013026,36.0,-0.2697466405873872
20210706,2021,095700,제넥신,자연과학및공학연구개발업,90400,22.0,1988800.0,68613.0,56031.0,20210906,2256926219200,0.5037683855572435,1.1442081417544419,37.0,-0.18337562579150612
20210706,2021,003410,쌍용양회,"시멘트,석회,플라스터및그제품제조업",8250,242.0,1996500.0,8211.0,8423.0,20210906,4156841658750,0.503200135789228,1.1412896912051087,38.0,0.025831509581653922
20210706,2021,000020,동화약품,의약품제조업,15700,127.0,1993900.0,16106.0,15906.0,20210906,438524079000,0.5037683855572435,1.1252218420869378,39.0,-0.012402161494188602
20210706,2021,007570,일양약품,의약품제조업,38450,52.0,1999400.0,42007.0,39824.0,20210906,733843780800,0.5037683855572435,1.1252218420869378,40.0,-0.05196431658644651
20210706,2021,009420,한올바이오파마,의약품제조업,22250,89.0,1980250.0,22097.0,25100.0,20210906,1162354195500,0.5037683855572435,1.1252218420869378,41.0,0.13590268920323711
20210706,2021,053030,바이넥스,의약품제조업,21850,91.0,1988350.0,21801.0,19345.0,20210906,693978898800,0.5037683855572435,1.1252218420869378,42.0,-0.11264446649748183
20210706,2021,185750,종근당,의약품제조업,138000,14.0,1932000.0,113480.0,108934.0,20210906,1576801662000,0.5037683855572435,1.1252218420869378,43.0,-0.040064281458623174
20210706,2021,271980,제일약품,의약품제조업,44400,45.0,1998000.0,44977.0,38664.0,20210917,652896316800,0.5037683855572435,1.1252218420869378,44.0,-0.14035946014824163
20210706,2021,078890,가온그룹,통신및방송장비제조업,14000,142.0,1988000.0,12699.0,,,221927244000,0.5039202730473904,1.1233790251658813,45.0,0.05360814282069026
20210706,2021,091580,상신이디피,일차전지및이차전지제조업,15950,125.0,1993750.0,16534.0,17233.0,20210906,212664954700,0.5039202730473904,1.1187958961795266,46.0,0.042274341142135796
20210706,2021,014470,부방,기타금융업,3605,554.0,1997170.0,3540.0,,,216488397300,0.5034774807682324,0.8743086003686574,79.0,-0.06366728020602652
20210706,2021,180640,한진칼,항공여객운송업,68000,29.0,1972000.0,66270.0,65394.0,20210906,4529140680000,0.5024702165466234,0.8454809816489316,83.0,-0.013209400156000028
20210706,2021,065680,우주일렉트로,전자부품제조업,27950,71.0,1984450.0,27427.0,28078.0,20211102,277661449000,0.5036507815218503,0.8361743096670905,84.0,0.023762337307616788
20210706,2021,950220,네오이뮨텍,자연과학및공학연구개발업,11700,170.0,1989000.0,9565.0,8527.0,20210906,1151186517000,0.5035803705471065,0.8188754992573234,86.0,-0.10857073750548218
20210903,2021,046890,서울반도체,반도체제조업,16500,121.0,1996500.0,16545.0,14246.0,20211110,962039100000,0.5038811559359728,1.4953001217503605,1.0,-0.1389547682970561
20210903,2021,137310,에스디바이오센서,의료용기기제조업,47150,42.0,1980300.0,45999.0,46101.0,20211110,4869244293950,0.5039202730473904,1.4381801910194423,2.0,0.0022090772565446226
20210903,2021,006110,삼아알미늄,1차비철금속제조업,26150,76.0,1987400.0,30772.0,23381.0,20211110,287650000000,0.5039906840221342,1.4122989620914215,3.0,-0.24018532421147776
20210903,2021,007860,서연,기타금융업,12050,165.0,1988250.0,12271.0,13672.0,20211110,282932120200,0.5038387965319872,1.33352406156384,4.0,0.11413371329498712
20210903,2021,091700,파트론,전자부품제조업,10200,196.0,1999200.0,10131.0,10233.0,20211110,552395382000,0.5038811559359728,1.314459310403962,5.0,0.010065515378079759
20210903,2021,048910,대원미디어,기타전문도매업,32550,61.0,1985550.0,33979.0,27685.0,20211110,409444692300,0.5036507815218503,1.2773082793627968,6.0,-0.1852424878572113
20210903,2021,007070,GS리테일,종합소매업,34300,58.0,1989400.0,29412.0,27879.0,20211110,3591824724600,0.5038811559359728,1.264567086496558,7.0,-0.052126947834503556
20210903,2021,005490,POSCO홀딩스,1차철강제조업,348000,5.0,1740000.0,349235.0,274305.0,20211110,30341018580000,0.5037887175670004,1.2214187967760641,8.0,-0.21455461603537207
20210903,2021,013360,일성건설,토목건설업,3935,508.0,1998980.0,4091.0,5882.0,20211110,212587902800,0.5039202730473904,1.199385003937025,9.0,0.43756211039012927
20210903,2021,035900,JYP Ent.,오디오물출판및원판녹음업,40650,49.0,1991850.0,40658.0,52043.0,20211110,1442973049800,0.503649051070421,1.1854351533972771,10.0,0.2799981719872977
20210903,2021,271980,제일약품,의약품제조업,40200,49.0,1969800.0,40021.0,31358.0,20211213,591135854400,0.5038387965319872,1.1767320041813063,11.0,-0.21647020603253064
20210903,2021,278650,HLB바이오스텝,자연과학및공학연구개발업,29600,67.0,1983200.0,3323.0,3319.0,20220104,225533292800,0.5038811559359728,1.1612200157769672,12.0,-0.0013514142548822772
20210903,2021,066590,스모트로닉,자동차신품부품제조업,5980,334.0,1997320.0,5868.0,,,212996238000,0.5039308274292917,1.1588983208918273,13.0,-0.04847271567116507
20210903,2021,003090,대웅,기타금융업,36450,54.0,1968300.0,36467.0,30809.0,20211110,2119275171000,0.5037683855572435,1.1479722135261057,14.0,-0.1551386276260006
20210903,2021,259960,크래프톤,소프트웨어개발및공급업,509000,3.0,1527000.0,482115.0,484141.0,20211110,24916285505000,0.5039202730473904,1.140922631804442,15.0,0.004203426729453952
20210903,2021,003490,대한항공,항공여객운송업,31200,64.0,1996800.0,31250.0,30497.0,20211110,10852009740000,0.5036161387489448,1.1385319761624058,16.0,-0.024080887446468746
20210903,2021,004250,NPC,플라스틱제품제조업,5840,342.0,1997280.0,5984.0,5534.0,20211110,214444800000,0.5039202730473904,1.1360754640538198,17.0,-0.0752004509723867
20210903,2021,122350,삼기,자동차신품부품제조업,6200,322.0,1996400.0,6084.0,,,237704453600,0.5039202730473904,1.1313302449621336,18.0,-0.1438621148295699
20210903,2021,263050,유틸렉스,기초의약물질및생물학적제제제조업,30100,66.0,1986600.0,18376.0,14797.0,20211110,464989435400,0.5038689579959306,1.1286666619756667,19.0,-0.19477319026581041
20210903,2021,012450,한화에어로스페이스,"항공기,우주선및부품제조업",50900,39.0,1985100.0,52103.0,41620.0,20211110,2577067000000,0.5033106389966533,1.1235757947648157,20.0,-0.20120126513121828
20210903,2021,234340,헥토파이낸셜,기타정보서비스업,33200,60.0,1992000.0,22443.0,16568.0,20220830,313839600000,0.5037428124191548,1.1155754455109905,21.0,-0.2617619982081516
20210903,2021,077500,유니퀘스트,기계장비및관련물품도매업,10850,184.0,1996400.0,5421.0,5521.0,20211213,296522091250,0.5036507815218503,1.1110965614375943,22.0,0.01840527668845371
20210903,2021,001740,SK네트웍스,기타전문도매업,5500,363.0,1996500.0,5631.0,5140.0,20211110,1365032058500,0.5035803705471065,1.0999885542379926,23.0,-0.08715834077666118
20210903,2021,025320,시노펙스,전자부품제조업,3450,579.0,1997550.0,2909.0,2572.0,20211111,252688205100,0.5037683855572435,1.0806700258027218,24.0,-0.11595382941873444
20210903,2021,006650,대한유화,기초화학물질제조업,232000,8.0,1856000.0,235137.0,177046.0,20211110,1508000000000,0.5037683855572435,1.0709368415615874,25.0,-0.24704865872343762
20210903,2021,056190,에스에프에이,특수목적용기계제조업,39300,50.0,1965000.0,39085.0,34317.0,20211110,1411214268000,0.5037428124191548,1.0586592377021748,26.0,-0.12198082547240319
20210903,2021,241690,유니테크노,자동차신품부품제조업,14650,136.0,1992400.0,14614.0,9127.0,20211110,345821893500,0.5038894866457858,1.0509160752863536,27.0,-0.375503401586862
20210903,2021,161390,한국타이어앤테크놀로지,고무제품제조업,46150,43.0,1984450.0,46480.0,42545.0,20211110,5716834434350,0.5037887175670004,1.0503062882834464,28.0,-0.08465426661285591
20210903,2021,079980,휴비스,화학섬유제조업,10400,192.0,1996800.0,10331.0,,,358800000000,0.5036507815218503,1.0480166372548234,29.0,-0.11270694970613893
20210903,2021,339770,교촌에프앤비,음ㆍ식료품및담배도매업,20500,97.0,1988500.0,10244.0,8245.0,20211216,512142070000,0.5036503740501823,1.0468680990395225,30.0,-0.19507232064493052
20210903,2021,298020,효성티앤씨,화학섬유제조업,732000,2.0,1464000.0,734540.0,542324.0,20211110,3167863224000,0.503649051070421,1.0430838427020834,31.0,-0.2616824467559349
20210903,2021,054780,키이스트,"영화,비디오물,방송프로그램제작및배급업",13800,144.0,1987200.0,13553.0,13550.0,20211110,244785228000,0.5035510457584516,1.036439850608839,32.0,-0.00017221076011553205
20210903,2021,039560,다산네트웍스,통신및방송장비제조업,8450,236.0,1994200.0,8724.0,7536.0,20211207,307418081100,0.5038387965319872,1.0340631405148422,33.0,-0.1361871901331989
20210903,2021,138080,오이솔루션,통신및방송장비제조업,39000,51.0,1989000.0,40735.0,32518.0,20211110,414339705000,0.5038387965319872,1.0340631405148422,34.0,-0.20170211078227185
20210903,2021,000020,동화약품,의약품제조업,15100,132.0,1993200.0,15906.0,14303.0,20211110,421765197000,0.5037683855572435,1.0312153886469173,35.0,-0.1007373553386055
20210903,2021,007570,일양약품,의약품제조업,36450,54.0,1968300.0,39824.0,32445.0,20211110,695672452800,0.5037683855572435,1.0312153886469173,36.0,-0.18528579710460513
20210903,2021,053030,바이넥스,의약품제조업,19600,102.0,1999200.0,19345.0,14301.0,20211110,622516540800,0.5037683855572435,1.0312153886469173,37.0,-0.2607752789978929
20210903,2021,185750,종근당,의약품제조업,132500,15.0,1987500.0,108934.0,94812.0,20211110,1513958117500,0.5037683855572435,1.0312153886469173,38.0,-0.12963239883355615
20210903,2021,001820,삼화콘덴서,전자부품제조업,64200,31.0,1990200.0,64931.0,53752.0,20211110,667359000000,0.5037428124191548,1.0276532165471994,39.0,-0.17215868464961626
20210903,2021,122990,와이솔,전자부품제조업,12150,164.0,1992600.0,12329.0,9416.0,20211130,342471333150,0.5037428124191548,1.0276532165471994,40.0,-0.2362685885394047
20210903,2021,065680,우주일렉트로,전자부품제조업,25450,78.0,1985100.0,25079.0,25032.0,20211112,252825899000,0.50374150425773,1.0249412089519523,41.0,-0.001867838804202937
20210903,2021,357230,에이치피오,기타식품제조업,17200,116.0,1995200.0,8110.0,6728.0,20220412,342936352000,0.5036507815218503,1.0020553829934717,42.0,-0.1704414055722051
20210903,2021,256630,포인트엔지니어링,기타금속가공제품제조업,3830,522.0,1999260.0,3805.0,,,220155857010,0.503626612588133,0.9785839027492962,43.0,-0.07021439792862372
20210903,2021,041140,넥슨지티,소프트웨어개발및공급업,11650,171.0,1992150.0,11653.0,15203.0,20211124,412099201300,0.5038387965319872,0.9748228421935619,44.0,0.30461392544946975
20210903,2021,042420,네오위즈홀딩스,소프트웨어개발및공급업,27750,72.0,1998000.0,27388.0,59979.0,20211111,245778031500,0.5038387965319872,0.9748228421935619,45.0,1.1899337579684253
20210903,2021,078340,컴투스,소프트웨어개발및공급업,103300,19.0,1962700.0,103979.0,169425.0,20211110,1329101186000,0.5038383890603193,0.9739921616230004,46.0,0.6294085412694581
20210903,2021,039860,나노엔텍,의료용기기제조업,9220,216.0,1991520.0,9267.0,7496.0,20220324,247080574940,0.5036710932829862,0.9681381634165563,48.0,-0.191074121760347
20210903,2021,200130,콜마비앤에이치,기초의약물질및생물학적제제제조업,39650,50.0,1982500.0,39435.0,33694.0,20211110,1171402074700,0.5037683855572435,0.9474081362770128,49.0,-0.14558444366777967
20210903,2021,950220,네오이뮨텍,자연과학및공학연구개발업,9880,202.0,1995760.0,8527.0,8880.0,20211110,972360058800,0.5036728089160789,0.8589672672258658,61.0,0.041433977624323326
20210903,2021,040910,아이씨디,특수목적용기계제조업,14050,142.0,1995100.0,14113.0,12173.0,20230503,253819052650,0.5036507815218503,0.8454169092254208,66.0,-0.13743210644461823
20211109,2021,079160,CJ CGV,"영화,비디오물,방송프로그램제작및배급업",30000,66.0,1980000.0,20301.0,16853.0,20220110,1130256630000,0.5029756775797081,1.8107501313353545,1.0,-0.16983753346047648
20211109,2021,122990,와이솔,전자부품제조업,10350,193.0,1997550.0,10083.0,10384.0,20220110,291734839350,0.5039312349009597,1.781551306637997,2.0,0.02977398191200753
20211109,2021,011780,금호석유화학,기초화학물질제조업,169000,11.0,1859000.0,162110.0,175113.0,20220110,5149039779000,0.5039308274292917,1.4737309355144765,3.0,0.08021155524057777
20211109,2021,123040,엠에스오토텍,자동차신품부품제조업,5860,341.0,1998260.0,5755.0,4784.0,20220616,208932949820,0.5038387965319872,1.437446685592011,4.0,-0.16876185622543294
20211109,2021,298020,효성티앤씨,화학섬유제조업,553000,3.0,1659000.0,542324.0,601217.0,20220110,2393208146000,0.5038383890603193,1.4042249138375666,5.0,0.10859313893029499
20211109,2021,034310,NICE,회사본부및경영컨설팅서비스업,16750,119.0,1993250.0,16733.0,14833.0,20220707,634528525000,0.5036507815218503,1.362452055057211,6.0,-0.11357494297261905
20211109,2021,022100,포스코DX,"건축기술,엔지니어링및관련기술서비스업",6550,305.0,1997750.0,6554.0,6342.0,20220110,995827474950,0.5038811559359728,1.3544671538199988,7.0,-0.03227562006253404
20211109,2021,007070,GS리테일,종합소매업,33100,60.0,1986000.0,27879.0,25091.0,20220110,3466163218200,0.5038811559359728,1.3441684433579881,8.0,-0.10000623192623914
20211109,2021,003090,대웅,기타금융업,31650,63.0,1993950.0,30809.0,29653.0,20220110,1840193667000,0.5037683855572435,1.3204649398037382,9.0,-0.037524916501673666
20211109,2021,260930,씨티케이,기타화학제품제조업,12000,166.0,1992000.0,11004.0,10351.0,20220223,232099092000,0.5038689579959306,1.313954882959557,10.0,-0.05937305259822423
20211109,2021,011200,HMM,해상운송업,26700,74.0,1975800.0,26717.0,26222.0,20220110,10823979402900,0.5037683855572435,1.2964634103961832,11.0,-0.018550831516819466
20211109,2021,006060,화승인더,플라스틱제품제조업,6550,305.0,1997750.0,6549.0,4933.0,20220128,362346000000,0.5037887175670004,1.2866485516258543,12.0,-0.246752762912116
20211109,2021,003410,쌍용양회,"시멘트,석회,플라스터및그제품제조업",8060,248.0,1998880.0,7982.0,8013.0,20220110,4061108335700,0.5037428124191548,1.2831877371813172,13.0,0.003915691399120513
20211109,2021,058630,엠게임,소프트웨어개발및공급업,11200,178.0,1993600.0,11806.0,11655.0,20220110,218891422400,0.5039202730473904,1.2619812199752087,14.0,-0.01286653025334994
20211109,2021,086960,MDS테크,소프트웨어개발및공급업,22800,87.0,1983600.0,2332.0,2982.0,20230313,201748262400,0.5039202730473904,1.2619812199752087,15.0,0.2786971250727124
20211109,2021,101730,위메이드맥스,소프트웨어개발및공급업,32000,62.0,1984000.0,30743.0,40433.0,20220112,505460320000,0.5039202730473904,1.2619812199752087,16.0,0.31518858751502066
20211109,2021,093320,케이아이엔엑스,"자료처리,호스팅,포털및기타인터넷정보매개서비스업",57200,34.0,1944800.0,56101.0,55090.0,20220203,279136000000,0.5037375991556388,1.2610128025630483,17.0,-0.018020982304600808
20211109,2021,009900,명신산업,자동차신품부품제조업,29150,68.0,1982200.0,28088.0,27884.0,20220110,1529504376950,0.5037683855572435,1.2558911869159113,18.0,-0.0072549184274054435
20211109,2021,001800,오리온홀딩스,기타금융업,16150,123.0,1986450.0,15840.0,15594.0,20220110,1011723565300,0.5037432198908227,1.2475446357161828,19.0,-0.015526494818450587
20211109,2021,004830,덕성,플라스틱제품제조업,18650,107.0,1995550.0,18063.0,16560.0,20220110,292432000000,0.5037683855572435,1.2347261312525397,20.0,-0.08319450572459752
20211109,2021,215200,메가스터디교육,일반교습학원,76100,26.0,1978600.0,74084.0,77604.0,20220110,902689068000,0.5031339395006429,1.2336881736645047,21.0,0.047513401754407436
20211109,2021,102710,이엔에프테크놀로지,기타화학제품제조업,28100,71.0,1995100.0,26764.0,32118.0,20220110,401488191600,0.5038387965319872,1.2336415446211295,22.0,0.20005193597706383
20211109,2021,298000,효성화학,기초화학물질제조업,247500,8.0,1980000.0,239651.0,364459.0,20220110,789556185000,0.5038229674695385,1.2188125757881298,23.0,0.5207903481153351
20211109,2021,150840,인트로메딕,의료용기기제조업,5770,346.0,1996420.0,5734.0,6019.0,20220228,220610295400,0.5036669309299322,1.191024157663251,24.0,0.04975704997711694
20211109,2021,001430,세아베스틸지주,1차철강제조업,20350,98.0,1994300.0,19702.0,21850.0,20220110,729794121650,0.5038387965319872,1.189508050807504,25.0,0.10899796445242416
20211109,2021,004560,현대비앤지스틸,1차철강제조업,16050,124.0,1990200.0,15334.0,15985.0,20220121,242014916550,0.5038387965319872,1.189508050807504,26.0,0.042455973631589705
20211109,2021,241690,유니테크노,자동차신품부품제조업,9350,213.0,1991550.0,9127.0,9657.0,20220110,233858132750,0.50374150425773,1.1865774505844502,27.0,0.05814016987930981
20211109,2021,004370,농심,기타식품제조업,280500,7.0,1963500.0,277949.0,322991.0,20220110,1706181081000,0.5036728089160789,1.170840659892201,28.0,0.1620527314897342
20211109,2021,039840,디오,의료용기기제조업,37600,53.0,1992800.0,36439.0,36830.0,20220110,593114018400,0.5036507815218503,1.158478157681109,29.0,0.010736262165555122
20211109,2021,145720,덴티움,의료용기기제조업,59000,33.0,1947000.0,58041.0,66628.0,20220110,653060970000,0.5036507815218503,1.158478157681109,30.0,0.14793317460425537
20211109,2021,012450,한화에어로스페이스,"항공기,우주선및부품제조업",42550,47.0,1999850.0,41620.0,52008.0,20220110,2154306500000,0.5035803705471065,1.1540153686489296,31.0,0.24960148488791578
20211109,2021,012610,경인양행,기초화학물질제조업,6800,294.0,1999200.0,6693.0,7373.0,20220422,282515282000,0.5037887175670004,1.1378656794999376,32.0,0.1015376143271931
20211109,2021,004690,삼천리,연료용가스제조및배관공급업,92600,21.0,1944600.0,97818.0,108617.0,20220413,375495315000,0.5031031530990382,1.121238928578658,33.0,0.11040090038081485
20211109,2021,004490,세방전지,일차전지및축전지제조업,80700,24.0,1936800.0,78822.0,45036.0,20221128,1129800000000,0.5036728089160789,1.1160167294377372,34.0,-0.4286441009261992
20211109,2021,079370,제우스,특수목적용기계제조업,19500,102.0,1989000.0,6528.0,7828.0,20220113,202488000000,0.5038387965319872,1.1150673055096354,35.0,0.19926977838147342
20211109,2021,089970,브이엠,특수목적용기계제조업,15800,126.0,1990800.0,15592.0,19947.0,20220110,374469401000,0.5038387965319872,1.1150673055096354,36.0,0.27928273256267633
20211109,2021,025540,한국단자,"전동기,발전기및전기변환ㆍ공급ㆍ제어장치제조업",72900,27.0,1968300.0,71029.0,71139.0,20220110,759253500000,0.5036507815218503,1.1004332733745779,37.0,0.0015547909816837624
20211109,2021,057050,현대홈쇼핑,무점포소매업,68400,29.0,1983600.0,67440.0,58528.0,20220304,820800000000,0.5038811559359728,1.099562719689356,38.0,-0.1321505792405373
20211109,2021,010120,LS ELECTRIC,"전동기,발전기및전기변환ㆍ공급ㆍ제어장치제조업",61900,32.0,1980800.0,12087.0,11029.0,20220110,1857000000000,0.5036503740501823,1.0988716056265704,39.0,-0.08748867480581757
20211109,2021,006110,삼아알미늄,1차비철금속제조업,24500,81.0,1984500.0,23381.0,26578.0,20220110,269500000000,0.5037683855572435,1.0969033809650564,40.0,0.13675174052662187
20211109,2021,006650,대한유화,기초화학물질제조업,182500,10.0,1825000.0,177046.0,193551.0,20220110,1186250000000,0.5037683855572435,1.0898126059679905,42.0,0.09322278198910827
20211109,2021,001820,삼화콘덴서,전자부품제조업,54900,36.0,1976400.0,53752.0,57233.0,20220110,570685500000,0.5036507815218503,1.0480016259412221,47.0,0.0647631068939114
20211109,2021,025320,시노펙스,전자부품제조업,3200,625.0,2000000.0,2691.0,2449.0,20220608,234377465600,0.5036507815218503,1.0480016259412221,48.0,-0.08967643640275558
20211109,2021,007860,서연,기타금융업,14550,137.0,1993350.0,13672.0,13320.0,20220110,341631730200,0.5036710932829862,1.0385498056843274,54.0,-0.025754222946767547
20211109,2021,137310,에스디바이오센서,의료용기기제조업,47150,42.0,1980300.0,46101.0,55751.0,20220110,4869244293950,0.5035803705471065,1.0165784935491633,58.0,0.20932140089924678
20211109,2021,048910,대원미디어,기타전문도매업,28100,71.0,1995100.0,27685.0,19690.0,20220110,353468382600,0.5037683855572435,0.9989761716962695,60.0,-0.28877428600366495
20211109,2021,039560,다산네트웍스,통신및방송장비제조업,7560,264.0,1995840.0,7396.0,6786.0,20220414,275039135280,0.5038387965319872,0.9085080894831407,76.0,-0.08239026851159625
20211109,2021,138080,오이솔루션,통신및방송장비제조업,33450,59.0,1973550.0,32518.0,32477.0,20220110,355375977750,0.5038387965319872,0.9085080894831407,79.0,-0.0012754938396730697
20211109,2021,161390,한국타이어앤테크놀로지,고무제품제조업,42900,46.0,1973400.0,42545.0,39788.0,20220110,5314240460100,0.5035803705471065,0.8752709472343327,81.0,-0.06480993087944764
20211109,2021,091700,파트론,전자부품제조업,10200,196.0,1999200.0,10233.0,11783.0,20220110,552395382000,0.5035803705471065,0.8638357292603493,90.0,0.15140189971659268
20220103,2022,009150,삼성전기,전자부품제조업,194500,10.0,1945000.0,192008.0,157003.0,20220310,14527923872000,0.5547338789949714,2.494279046538233,1.0,-0.18230689990693372
20220103,2022,000660,SK하이닉스,반도체제조업,128500,15.0,1927500.0,128555.0,120082.0,20220310,93548303902500,0.5478706973501073,2.483833494547626,2.0,-0.06591004373817888
20220103,2022,051910,LG화학,기초화학물질제조업,618000,3.0,1854000.0,644119.0,496581.0,20220310,43626067974000,0.5419043009021691,2.423136174493347,3.0,-0.2290540720767985
20220103,2022,005930,삼성전자,통신및방송장비제조업,78600,25.0,1965000.0,78705.0,71208.0,20220310,469224908430000,0.5501113823682884,2.2035066593384753,4.0,-0.09525806432570894
20220103,2022,160980,싸이맥스,특수목적용기계제조업,20000,100.0,2000000.0,19866.0,20416.0,20240320,218484860000,0.5323035120382348,2.1292608747825477,5.0,0.027695963981763994
20220103,2022,012330,현대모비스,자동차신품부품제조업,256500,7.0,1795500.0,255189.0,219221.0,20220310,24257998611000,0.5303774995995587,2.006328678258293,6.0,-0.1409456121610312
20220103,2022,259960,크래프톤,소프트웨어개발및공급업,460000,4.0,1840000.0,443719.0,294779.0,20220310,22524840700000,0.5431488173307188,1.9397615781984434,7.0,-0.33566356761581007
20220103,2022,034220,LG디스플레이,전자부품제조업,24700,80.0,1976000.0,23848.0,17381.0,20220310,8838047790000,0.5444562682797989,1.8845389279588578,8.0,-0.27115597350351117
20220103,2022,006060,화승인더,플라스틱제품제조업,6080,328.0,1994240.0,6200.0,5471.0,20220330,336345600000,0.5266615823029809,1.8640964774186768,9.0,-0.11759395104499248
20220103,2022,002020,코오롱,기타금융업,33050,60.0,1983000.0,32608.0,25804.0,20220512,417303379300,0.5278393895255582,1.8269146029263421,10.0,-0.20864188532346506
20220103,2022,078350,한양디지텍,반도체제조업,18150,110.0,1996500.0,17824.0,13931.0,20220310,276685533300,0.53809416958113,1.820749356576647,11.0,-0.21843784819856216
20220103,2022,047560,이스트소프트,소프트웨어개발및공급업,18150,110.0,1996500.0,18336.0,28748.0,20240306,206458645800,0.5409504200803971,1.8157301752382613,12.0,0.5679001881683641
20220103,2022,009470,삼화전기,전자부품제조업,30600,65.0,1989000.0,30300.0,73594.0,20240603,202382892000,0.5425661318021322,1.772402744563403,13.0,1.4288493493194614
20220103,2022,950190,고스트스튜디오,소프트웨어개발및공급업,22800,87.0,1983600.0,22524.0,18961.0,20220310,309621537600,0.5372714847956773,1.6081682777255544,14.0,-0.15818992791539122
20220103,2022,136540,윈스테크넷,"컴퓨터프로그래밍,시스템통합및관리업",16600,120.0,1992000.0,16608.0,,,202713605800,0.5182124803366575,1.5960104903538725,15.0,-0.030317123388185596
20220103,2022,086450,동국제약,의약품제조업,21450,93.0,1994850.0,22005.0,21053.0,20220310,953667000000,0.5390032993707071,1.595313834449421,16.0,-0.043261952927612035
20220103,2022,026890,스틱인베스트먼트,"전동기,발전기및전기변환ㆍ공급ㆍ제어장치제조업",14650,136.0,1992400.0,14506.0,9976.0,20220310,610585263750,0.5050885765523575,1.5797302412679382,17.0,-0.31226927543097227
20220103,2022,338220,뷰노,"자료처리,호스팅,포털및기타인터넷정보매개서비스업",18950,105.0,1989750.0,19227.0,30026.0,20230612,212404031200,0.5185565657943498,1.5715414653869468,18.0,0.5616921604874956
20220103,2022,009290,광동제약,의약품제조업,7530,265.0,1995450.0,7526.0,6660.0,20220831,394729008030,0.5379402161632567,1.5440741396959918,19.0,-0.1151671935170826
20220103,2022,033500,동성화인텍,기초화학물질제조업,11500,173.0,1989500.0,11785.0,10938.0,20220310,333558236000,0.5289810938411048,1.4941149083277732,20.0,-0.07189444945195245
20220103,2022,060980,HL홀딩스,기타금융업,46050,43.0,1980150.0,46040.0,40485.0,20220310,482238823500,0.5227742908553077,1.4484362720218973,21.0,-0.12064329668940654
20220103,2022,083310,엘오티베큠,특수목적용기계제조업,16900,118.0,1994200.0,16339.0,14446.0,20220426,300989557700,0.5237000382008734,1.4343186823141991,22.0,-0.11586372518655874
20220103,2022,049950,미래컴퍼니,특수목적용기계제조업,33100,60.0,1986000.0,33186.0,23718.0,20220311,276792328600,0.5236502025345797,1.4302932261029118,23.0,-0.2853078951127689
20220103,2022,001680,대상,도시락및식사용조리식품제조업,23050,86.0,1982300.0,22797.0,21744.0,20220310,798636976250,0.5084292989384874,1.4296868585304565,24.0,-0.046190816622657116
20220103,2022,002990,금호건설,건물건설업,11600,172.0,1995200.0,11832.0,11736.0,20220321,424953518400,0.5096196438105618,1.4251176990003285,25.0,-0.008108030809294897
20220103,2022,119860,커넥트웨이브,소프트웨어개발및공급업,26050,76.0,1979800.0,25819.0,23507.0,20220318,340599113100,0.5339522449798882,1.4209000435365986,26.0,-0.08952429302901732
20220103,2022,207940,삼성바이오로직스,기초의약물질제조업,911000,2.0,1822000.0,1290729.0,1166434.0,20220310,60276315000000,0.5364022769424696,1.4129392117064719,27.0,-0.09629770694553352
20220103,2022,096530,씨젠,의료용품및기타의약관련제품제조업,61500,32.0,1968000.0,60912.0,55119.0,20220310,3211898631000,0.5256820567899444,1.3874975193430035,28.0,-0.09510744583342912
20220103,2022,053300,한국정보인증,소프트웨어개발및공급업,6780,294.0,1993320.0,6733.0,6892.0,20220419,283243524180,0.5332852501520065,1.3832688536971576,29.0,0.023690982973257002
20220103,2022,066570,LG전자,통신및방송장비제조업,139500,14.0,1953000.0,141908.0,120392.0,20220310,22828870053000,0.5322913889859537,1.3595937539927185,30.0,-0.15162104559464507
20220103,2022,091700,파트론,전자부품제조업,12700,157.0,1993900.0,12782.0,10237.0,20220310,687786407000,0.535524477075216,1.3546422837739687,31.0,-0.199096204120208
20220103,2022,030190,NICE평가정보,기타정보서비스업,17900,111.0,1986900.0,18116.0,18369.0,20220310,1086795278000,0.5291295126472635,1.3430372885378354,32.0,0.013967234320394484
20220103,2022,054780,키이스트,"영화,비디오물,방송프로그램제작및배급업",13150,152.0,1998800.0,13000.0,12802.0,20220316,238383173700,0.5132747957761321,1.3411478969145076,33.0,-0.01526204357181049
20220103,2022,002840,미원상사,기타화학제품제조업,201500,9.0,1813500.0,205166.0,149268.0,20250908,1001455000000,0.5255335096221199,1.2691428024168092,34.0,-0.27245367434486334
20220103,2022,120110,코오롱인더,화학섬유제조업,71500,27.0,1930500.0,71866.0,57255.0,20220310,1967615006500,0.5112700527405265,1.2672696566353876,35.0,-0.2033069367128998
20220103,2022,348030,모비릭스,소프트웨어개발및공급업,25000,80.0,2000000.0,26653.0,,,232600000000,0.5312052001704852,1.265914486829379,36.0,-0.13609437443560657
20220103,2022,009900,명신산업,자동차신품부품제조업,29800,67.0,1996600.0,29831.0,23540.0,20220310,1563609963400,0.5214579074168645,1.2623383758275206,37.0,-0.21086092528481581
20220103,2022,003410,쌍용양회,"시멘트,석회,플라스터및그제품제조업",7690,260.0,1999400.0,7903.0,8119.0,20220310,3874680285550,0.511562342113671,1.2441174037362248,38.0,0.027358088768303368
20220103,2022,051900,LG생활건강,기타화학제품제조업,1104000,1.0,1104000.0,1103303.0,937261.0,20220310,17242489488000,0.5246672194357822,1.2198755975282034,39.0,-0.15049509692350227
20220103,2022,352820,하이브,오디오물출판및원판녹음업,350500,5.0,1752500.0,337738.0,285174.0,20220310,14494362143500,0.5292830606878705,1.2056502381085317,40.0,-0.1556355626847159
20220103,2022,099190,아이센스,의료용기기제조업,31350,63.0,1975050.0,16007.0,15106.0,20220509,430662411300,0.5293504521532699,1.1946991733468737,41.0,-0.05629972086012969
20220103,2022,001060,JW중외제약,의약품제조업,23100,86.0,1986600.0,22155.0,25916.0,20220310,497572290600,0.5305426511514726,1.1875178791267555,42.0,0.16974326331040657
20220103,2022,090850,현대이지웰,소프트웨어개발및공급업,10550,189.0,1993950.0,10602.0,11001.0,20220420,250524108550,0.5296210487892066,1.1765382295162194,43.0,0.03760421118314605
20220103,2022,034310,NICE,회사본부및경영컨설팅서비스업,16150,123.0,1986450.0,16132.0,13487.0,20220906,611799145000,0.5193374045992944,1.1538502641553923,45.0,-0.16391791671409173
20220103,2022,012450,한화에어로스페이스,"항공기,우주선및부품제조업",49600,40.0,1984000.0,51295.0,54861.0,20220310,2511248000000,0.49475287808141977,1.151144253425726,46.0,0.06953610817353995
20220103,2022,260930,씨티케이,기타화학제품제조업,11800,169.0,1994200.0,11952.0,11299.0,20220419,228230773800,0.5217945211672814,1.0565009957960696,60.0,-0.0546285346993155
20220103,2022,012610,경인양행,기초화학물질제조업,6790,294.0,1996260.0,6744.0,6762.0,20220526,282303518350,0.5227488256041518,1.0460906910248027,64.0,0.0027816107059159823
20220103,2022,079160,CJ CGV,"영화,비디오물,방송프로그램제작및배급업",25150,79.0,1986850.0,17341.0,17866.0,20220310,954528311800,0.5083043218316128,0.9955956640170007,69.0,0.0302948110387391
20220103,2022,001800,오리온홀딩스,기타금융업,15750,126.0,1984500.0,15743.0,13896.0,20220310,986665396500,0.5155588186367868,0.9092760187393834,76.0,-0.11729754385597613
20220103,2022,039840,디오,의료용기기제조업,37800,52.0,1965600.0,39285.0,36130.0,20220310,596268880200,0.52336700381924,0.9034210586043724,78.0,-0.08029931240745636
20220308,2022,000660,SK하이닉스,반도체제조업,118000,16.0,1888000.0,120082.0,110096.0,20220510,85904279070000,0.5276622941515838,2.022363103316203,1.0,-0.08315828565161942
20220308,2022,950190,고스트스튜디오,소프트웨어개발및공급업,18400,108.0,1987200.0,18961.0,16406.0,20220715,249870012800,0.5329339905811834,2.016421901436639,2.0,-0.13471225487130878
20220308,2022,009150,삼성전기,전자부품제조업,156500,12.0,1878000.0,157003.0,160510.0,20220510,11689563424000,0.534922071663036,1.9604278804758748,3.0,0.02233712805492294
20220308,2022,002020,코오롱,기타금융업,28350,70.0,1984500.0,25804.0,25945.0,20221025,357959177100,0.5331883723380049,1.8498941130404043,4.0,0.005436737670003744
20220308,2022,005930,삼성전자,통신및방송장비제조업,69500,28.0,1946000.0,71208.0,65721.0,20220510,414899887225000,0.5497645403142086,1.7882572505889633,5.0,-0.07705170614468293
20220308,2022,161000,애경케미칼,기초화학물질제조업,10050,199.0,1999950.0,10051.0,9461.0,20221221,488919525450,0.5383142979983647,1.7181644989767935,6.0,-0.058682459371074414
20220308,2022,131370,알서포트,소프트웨어개발및공급업,5900,338.0,1994200.0,6040.0,5131.0,20220513,314275789700,0.528608541600888,1.693949994917352,7.0,-0.1505832145563657
20220308,2022,086900,메디톡스,기초의약물질제조업,122100,16.0,1953600.0,120200.0,116442.0,20220510,764462971800,0.5245785928895372,1.6743268590765203,8.0,-0.03126494043240513
20220308,2022,215000,골프존,소프트웨어개발및공급업,147000,13.0,1911000.0,146977.0,180999.0,20220510,922486005000,0.5281957295498805,1.6631739321943928,9.0,0.2314778406940321
20220308,2022,179290,엠아이텍,의료용기기제조업,6400,312.0,1996800.0,6796.0,9743.0,20220511,200268787200,0.5503968686428048,1.652089415254602,10.0,0.4335856626334531
20220308,2022,036200,유니셈,특수목적용기계제조업,11200,178.0,1993600.0,11300.0,10204.0,20220510,343439297600,0.5227650873307679,1.6116222771437527,11.0,-0.09694341879711799
20220308,2022,010690,화신,자동차신품부품제조업,6340,315.0,1997100.0,6390.0,8582.0,20220510,221395399400,0.5101785929281658,1.5843830730148833,12.0,0.34306551625445825
20220308,2022,340570,티앤엘,의료용품및기타의약관련제품제조업,38700,51.0,1973700.0,39455.0,37712.0,20220510,314553600000,0.521832475237346,1.5722318559040496,13.0,-0.04418401786780879
20220308,2022,036710,심텍홀딩스,통신및방송장비제조업,5050,396.0,1999800.0,5107.0,5247.0,20220510,205351073950,0.5451644670325776,1.5686446004743955,14.0,0.027433094738596564
20220308,2022,083450,GST,특수목적용기계제조업,31250,64.0,2000000.0,15794.0,14614.0,20220510,291179531250,0.5221539103104011,1.5657838098005752,15.0,-0.07466485797836608
20220308,2022,005490,POSCO홀딩스,1차철강제조업,276500,7.0,1935500.0,283736.0,276209.0,20220510,24107159877500,0.5319074338131387,1.5529760781067283,16.0,-0.02652945931719941
20220308,2022,048910,대원미디어,기타전문도매업,16550,120.0,1986000.0,17288.0,16186.0,20220531,208181556300,0.537267712673444,1.484398410097274,17.0,-0.06373351627281887
20220308,2022,049770,동원F&B,도시락및식사용조리식품제조업,167500,11.0,1842500.0,34302.0,39503.0,20240517,646403270000,0.5264501885027344,1.4766508287877398,18.0,0.15161516337802894
20220308,2022,036810,에프에스티,전자부품제조업,19900,100.0,1990000.0,20731.0,19649.0,20220510,432960101100,0.5270013623895917,1.4690363339481296,19.0,-0.05219474127367629
20220308,2022,084690,대상홀딩스,기타금융업,8890,224.0,1991360.0,9070.0,8267.0,20230627,321929462820,0.5280065997543352,1.4614943229559167,20.0,-0.08852393614998078
20220308,2022,337930,젝시믹스,기타정보서비스업,8000,250.0,2000000.0,7989.0,8198.0,20220524,236579328000,0.5205405770771366,1.454180269038422,21.0,0.026134501307443436
20220308,2022,120110,코오롱인더,화학섬유제조업,56400,35.0,1974000.0,57255.0,65343.0,20220510,1552076732400,0.511406638716631,1.4437175661714199,22.0,0.14126843727159688
20220308,2022,016580,환인제약,의약품제조업,17450,114.0,1989300.0,17444.0,14811.0,20230829,324571221500,0.5393834433880198,1.414223780241345,23.0,-0.15094798195952708
20220308,2022,259960,크래프톤,소프트웨어개발및공급업,273500,7.0,1914500.0,294779.0,244833.0,20220510,13421204307500,0.5245390950596817,1.3905636434428048,24.0,-0.1694342494787593
20220308,2022,251970,펌텍코리아,플라스틱제품제조업,17000,117.0,1989000.0,17186.0,17624.0,20221208,210800000000,0.5252605830741763,1.3770005838240509,25.0,0.0254977573500883
20220308,2022,290510,코리아센터,소프트웨어개발및공급업,5910,338.0,1997580.0,6120.0,6500.0,20220510,450345764670,0.5243474950195731,1.3762794314443654,26.0,0.06207487158549707
20220308,2022,056090,시지메드텍,의료용기기제조업,23250,86.0,1999500.0,9423.0,2035.0,20260414,228262873500,0.5441797475302702,1.3741058712453202,27.0,-0.7840159866262058
20220308,2022,101160,월덱스,전자부품제조업,22900,87.0,1992300.0,23040.0,26189.0,20220510,378101739700,0.5252609605339387,1.3610638368011376,28.0,0.1366781363074867
20220308,2022,950210,프레스티지바이오파마,자연과학및공학연구개발업,13500,148.0,1998000.0,13518.0,15867.0,20220510,811298092500,0.5308507518717538,1.348674473185544,29.0,0.1737519631432647
20220308,2022,075580,세진중공업,선박및보트건조업,6750,296.0,1998000.0,6804.0,5941.0,20220623,383733828000,0.519851753703731,1.346808668170569,30.0,-0.12672267793955128
20220308,2022,003410,쌍용양회,"시멘트,석회,플라스터및그제품제조업",7860,254.0,1996440.0,8119.0,7948.0,20220510,3960336416700,0.5222082289497683,1.3467440314059025,31.0,-0.02100632516057266
20220308,2022,032620,GC메디아이,소프트웨어개발및공급업,6660,300.0,1998000.0,6788.0,6655.0,20220510,347632945740,0.5239336264512784,1.345424602992015,32.0,-0.01950280726734932
20220308,2022,002990,금호건설,건물건설업,10650,187.0,1991550.0,10938.0,9038.0,20220527,390151290600,0.518378223051857,1.3438452691070624,33.0,-0.173644085404968
20220308,2022,051910,LG화학,기초화학물질제조업,503000,3.0,1509000.0,496581.0,501029.0,20220510,35507948529000,0.5303680718673054,1.296133877840505,34.0,0.008957542702307641
20220308,2022,139990,아주스틸,1차철강제조업,15500,129.0,1999500.0,15549.0,,,410008929500,0.5284628362900828,1.2825429246027746,35.0,-0.006340521609687788
20220308,2022,000070,삼양홀딩스,기타금융업,80000,25.0,2000000.0,54882.0,44929.0,20220921,685141680000,0.5255953489261628,1.280759004996447,36.0,-0.1813464893049156
20220308,2022,011070,LG이노텍,전자부품제조업,346000,5.0,1730000.0,353439.0,338771.0,20220510,8188819022000,0.523777768636132,1.2690483448420808,37.0,-0.04150098184486728
20220308,2022,090850,현대이지웰,소프트웨어개발및공급업,9990,200.0,1998000.0,10001.0,8852.0,20220530,237226146390,0.5224751595128228,1.2366926271019614,39.0,-0.11481909246029831
20220308,2022,049950,미래컴퍼니,특수목적용기계제조업,24150,82.0,1980300.0,23914.0,40014.0,20230411,201949689900,0.5173251930361642,1.2036285066582293,41.0,0.6732685428527272
20220308,2022,060980,HL홀딩스,기타금융업,40250,49.0,1972250.0,40485.0,33216.0,20221206,421500817500,0.5239804303313416,1.1597127735950892,44.0,-0.17955898029875705
20220308,2022,026890,스틱인베스트먼트,"전동기,발전기및전기변환ㆍ공급ㆍ제어장치제조업",9900,202.0,1999800.0,9976.0,9456.0,20220510,412613932500,0.5232267961972838,1.1235295210862255,50.0,-0.052187371551168704
20220308,2022,086450,동국제약,의약품제조업,20300,98.0,1989400.0,21053.0,20859.0,20220510,902538000000,0.5331705385818579,1.1002848197864934,52.0,-0.009229806355548709
20220308,2022,066570,LG전자,통신및방송장비제조업,118000,16.0,1888000.0,120392.0,111399.0,20220510,19310442052000,0.5343720378686109,1.0534019456808386,57.0,-0.07469452413323674
20220308,2022,033500,동성화인텍,기초화학물질제조업,10900,183.0,1994700.0,10938.0,11711.0,20230511,318066447200,0.5256873896672416,1.0475389871774643,59.0,0.07071725474680957
20220308,2022,009290,광동제약,의약품제조업,7260,275.0,1996500.0,7326.0,6061.0,20221104,380575378260,0.5320491293732043,1.0436198535278653,60.0,-0.1727232133442882
20220308,2022,091700,파트론,전자부품제조업,10350,193.0,1997550.0,10237.0,11290.0,20220510,609803514900,0.5198307052970885,1.0241771481528794,62.0,0.10283728542168857
20220308,2022,078350,한양디지텍,반도체제조업,13650,146.0,1992900.0,13931.0,16879.0,20220510,208085814300,0.512317857765189,0.982288345720666,66.0,0.2116020561342178
20220308,2022,001680,대상,도시락및식사용조리식품제조업,21550,92.0,1982600.0,21744.0,24048.0,20220510,746664938750,0.519303311537004,0.9578599198701806,69.0,0.10594920160530119
20220308,2022,079160,CJ CGV,"영화,비디오물,방송프로그램제작및배급업",24400,81.0,1976400.0,17866.0,18529.0,20220510,995749750400,0.502734473136349,0.9251355253527567,74.0,0.037120972949710174
20220308,2022,001800,오리온홀딩스,기타금융업,13650,146.0,1992900.0,13896.0,13994.0,20220510,855110010300,0.5197843416982877,0.8451949289891331,90.0,0.007018947982418311
20220509,2022,042420,네오위즈홀딩스,소프트웨어개발및공급업,35450,56.0,1985200.0,34789.0,29090.0,20220711,313975899700,0.5394389615823008,2.623509495486869,1.0,-0.16380627234210265
20220509,2022,005930,삼성전자,통신및방송장비제조업,66100,30.0,1983000.0,65721.0,58813.0,20220711,394602626555000,0.5629375972364308,2.462991734603111,2.0,-0.10511294363252732
20220509,2022,051910,LG화학,기초화학물질제조업,504000,3.0,1512000.0,501029.0,522186.0,20220711,35578540872000,0.5353147362728562,2.3563733636379864,3.0,0.04222715803966848
20220509,2022,146320,비씨엔씨,반도체제조업,21300,93.0,1980900.0,21442.0,17449.0,20220726,263436759900,0.5507858266323937,2.27391107020006,4.0,-0.18621994233261752
20220509,2022,226950,올릭스,자연과학및공학연구개발업,20350,98.0,1994300.0,20247.0,17040.0,20221013,278859306000,0.5290641038706458,2.015889164714098,5.0,-0.15838509025333947
20220509,2022,009150,삼성전기,전자부품제조업,160500,12.0,1926000.0,160510.0,134006.0,20220711,11988338208000,0.5362061308145561,1.931691205196555,6.0,-0.16512502924786976
20220509,2022,357230,에이치피오,도시락및식사용조리식품제조업,12450,160.0,1992000.0,5654.0,4939.0,20220826,248230092000,0.5251989456187628,1.876569835201445,7.0,-0.1264907898808938
20220509,2022,015890,태경산업,기초화학물질제조업,7180,278.0,1996040.0,7001.0,6912.0,20230307,209862425000,0.527982715181764,1.8353347474054624,8.0,-0.012778856617522427
20220509,2022,005490,POSCO홀딩스,1차철강제조업,281000,7.0,1967000.0,276209.0,230149.0,20220711,24499500635000,0.5449187496672128,1.7448258639353316,9.0,-0.16675797710035223
20220509,2022,036200,유니셈,특수목적용기계제조업,10200,196.0,1999200.0,10204.0,7291.0,20220711,312775074600,0.5309164846028774,1.6795607104965022,10.0,-0.2854374975683772
20220509,2022,282330,BGF리테일,종합소매업,187000,10.0,1870000.0,187376.0,185868.0,20220711,3232090422000,0.520638283480513,1.6747115747289403,11.0,-0.0080482006011382
20220509,2022,011070,LG이노텍,전자부품제조업,332000,6.0,1992000.0,338771.0,338769.0,20220711,7857479524000,0.5317795881691896,1.6674502564385483,12.0,-5.749015222766829e-06
20220509,2022,182360,큐브엔터,오디오물출판및원판녹음업,15500,129.0,1999500.0,15184.0,16285.0,20221005,213972648500,0.5050614003382156,1.666265705379994,13.0,0.0725332844135973
20220509,2022,053300,한국정보인증,소프트웨어개발및공급업,6260,319.0,1996940.0,6102.0,5073.0,20230118,261519832060,0.5273114158329014,1.6436245383467787,14.0,-0.16865523752810752
20220509,2022,005390,신성통상,기타전문도매업,3440,581.0,1998640.0,3408.0,2842.0,20220711,494356861600,0.5236000618273193,1.6376371761794704,15.0,-0.16586034203666622
20220509,2022,121440,골프존홀딩스,상품중개업,8940,223.0,1993620.0,8900.0,6361.0,20250709,382961152920,0.527451832960023,1.6026080489666286,16.0,-0.285320876167966
20220509,2022,206640,바디텍메드,의료용품및기타의약관련제품제조업,14350,139.0,1994650.0,14054.0,13400.0,20220711,337032136000,0.5221946104878313,1.590074743831192,17.0,-0.046512538838664574
20220509,2022,017890,한국알콜,기타화학제품제조업,11400,175.0,1995000.0,11796.0,10144.0,20221014,246305664000,0.5265239760825842,1.5528027284196342,18.0,-0.1400053297212719
20220509,2022,100120,뷰웍스,의료용기기제조업,38800,51.0,1978800.0,38691.0,33602.0,20230523,388072362000,0.5283756874063504,1.538362863722884,19.0,-0.1315256140614085
20220509,2022,012330,현대모비스,자동차신품부품제조업,201000,9.0,1809000.0,198730.0,200759.0,20220711,19009191894000,0.5199014884783105,1.4617824160385158,20.0,0.010208727510624849
20220509,2022,003850,보령,의약품제조업,12150,164.0,1992600.0,12012.0,10757.0,20220711,834583500000,0.5340929110659982,1.3959259745143802,21.0,-0.1044366621134728
20220509,2022,000660,SK하이닉스,반도체제조업,107500,18.0,1935000.0,110096.0,93761.0,20220711,78260254237500,0.5329884658683176,1.3836968606462023,22.0,-0.1483745749214611
20220509,2022,000970,한국주철관,1차철강제조업,9760,204.0,1991040.0,9933.0,,,222532880000,0.5376667030166684,1.370066101995715,23.0,-0.09231702853039747
20220509,2022,095610,테스,특수목적용기계제조업,26300,76.0,1998800.0,26741.0,14839.0,20221013,519904343800,0.5263269210825035,1.3608651067080964,24.0,-0.4450827854326521
20220509,2022,033170,시그네틱스,반도체제조업,2405,831.0,1998555.0,2394.0,,,206176607195,0.5323924049473052,1.3538822207858898,25.0,-0.010402354311384698
20220509,2022,251970,펌텍코리아,플라스틱제품제조업,18700,106.0,1982200.0,18737.0,21027.0,20230516,231880000000,0.5284142215528762,1.3468782628058917,26.0,0.12223214098961122
20220509,2022,066570,LG전자,통신및방송장비제조업,113000,17.0,1921000.0,111399.0,78051.0,20221013,18492202982000,0.5404907514311237,1.3308083965305602,27.0,-0.2993541239992381
20220509,2022,047310,파워로직스,"전동기,발전기및전기변환ㆍ공급ㆍ제어장치제조업",7030,284.0,1996520.0,7003.0,6725.0,20220727,241979503460,0.5241779926019362,1.3292848643030826,28.0,-0.03972915660203635
20220509,2022,030530,원익홀딩스,특수목적용기계제조업,4700,425.0,1997500.0,4622.0,3324.0,20231109,363018510700,0.5257745420924651,1.3225083533983706,29.0,-0.280885402316118
20220509,2022,143240,사람인,"자료처리,호스팅,포털및기타인터넷정보매개서비스업",45550,43.0,1958650.0,45912.0,32484.0,20220727,531079429650,0.5316500748332582,1.3208203290199412,30.0,-0.29246840310289535
20220509,2022,007570,일양약품,의약품제조업,23600,84.0,1982400.0,25741.0,26861.0,20220715,450421670400,0.5327355357563832,1.320797764101961,31.0,0.04347970314752314
20220509,2022,006060,화승인더,플라스틱제품제조업,5500,363.0,1996500.0,5542.0,3950.0,20230508,304260000000,0.5274731475816506,1.2888704665230435,32.0,-0.28737615513913584
20220509,2022,003410,쌍용양회,"시멘트,석회,플라스터및그제품제조업",8010,249.0,1994490.0,7948.0,6469.0,20220711,4035915355950,0.5045057408110363,1.2881043303315882,33.0,-0.18616595963894178
20220509,2022,232140,와이씨,특수목적용기계제조업,5030,397.0,1996910.0,5079.0,4046.0,20230227,412688110500,0.5252349648408868,1.2850405425229232,34.0,-0.20345403853212862
20220509,2022,265520,AP시스템,특수목적용기계제조업,22650,88.0,1993200.0,22220.0,16863.0,20220711,346124185650,0.5249199526638144,1.2631663500148274,35.0,-0.24109880927352179
20220509,2022,086450,동국제약,의약품제조업,20600,97.0,1998200.0,20859.0,19661.0,20220711,915876000000,0.53119920587235,1.235764749302782,36.0,-0.057438100273132786
20220509,2022,185750,종근당,의약품제조업,94300,21.0,1980300.0,80687.0,77800.0,20220711,1130471983400,0.530797414045461,1.2135263155411775,37.0,-0.035770125826821375
20220509,2022,083310,엘오티베큠,특수목적용기계제조업,13600,147.0,1999200.0,13848.0,12300.0,20221220,242216448800,0.5240873332975855,1.2053499301160084,38.0,-0.11180633458072198
20220509,2022,011040,경동제약,의약품제조업,10000,200.0,2000000.0,9944.0,9061.0,20220711,307687660000,0.5303563774547239,1.1891157567563169,39.0,-0.08872905247974472
20220509,2022,206560,덱스터,"영화,비디오물,방송프로그램제작및배급업",16150,123.0,1986450.0,15794.0,14745.0,20220711,410376926400,0.5102707007677969,1.1820054060229694,40.0,-0.0664527237491973
20220509,2022,009970,영원무역홀딩스,기타금융업,49500,40.0,1980000.0,50447.0,60528.0,20230116,674961804000,0.5150891115623306,1.1710658398005005,41.0,0.19981543329980989
20220509,2022,102460,이연제약,의약품제조업,25900,77.0,1994300.0,25107.0,25508.0,20220711,466163144300,0.529929105011784,1.1654670180698021,42.0,0.01596045648407496
20220509,2022,281740,레이크머티리얼즈,기타화학제품제조업,4390,455.0,1997450.0,4634.0,4579.0,20220711,288557105720,0.5189277853239826,1.1527904966353815,43.0,-0.011937511873234885
20220509,2022,090850,현대이지웰,소프트웨어개발및공급업,10600,188.0,1992800.0,10201.0,,,251711426600,0.5209564393161538,1.1301533034888946,44.0,-0.1941712854005655
20220509,2022,069080,웹젠,소프트웨어개발및공급업,20450,97.0,1983650.0,19988.0,18641.0,20220711,722107577800,0.5206819744893524,1.1079770148478023,45.0,-0.06741721597929862
20220509,2022,000070,삼양홀딩스,기타금융업,83100,24.0,1994400.0,54214.0,41932.0,20221019,711690920100,0.5142533687668953,1.1040567995050723,47.0,-0.22655183857729178
20220509,2022,001800,오리온홀딩스,기타금융업,14050,142.0,1995100.0,13994.0,14798.0,20220711,880168179100,0.5130421551242419,1.0069428737491686,64.0,0.05748981186708124
20220509,2022,026890,스틱인베스트먼트,"전동기,발전기및전기변환ㆍ공급ㆍ제어장치제조업",9770,204.0,1993080.0,9456.0,7396.0,20220711,407195769750,0.5188396390146719,0.9985416590849114,66.0,-0.2178086312157479
20220509,2022,084690,대상홀딩스,기타금융업,9940,201.0,1997940.0,10052.0,6797.0,20230731,359952627720,0.5120572824155183,0.9279767427993305,74.0,-0.3238368873215538
20220509,2022,032620,GC메디아이,소프트웨어개발및공급업,6730,297.0,1998810.0,6655.0,5045.0,20230106,351286745470,0.5179636146397315,0.8883381876869956,78.0,-0.2419878381180488
20220708,2022,000660,SK하이닉스,반도체제조업,94800,21.0,1990800.0,93761.0,90457.0,20220908,69014624202000,0.5396932474231975,2.5322666925496677,1.0,-0.03523026187547884
20220708,2022,005930,삼성전자,통신및방송장비제조업,58700,34.0,1995800.0,58813.0,55599.0,20220908,350426235685000,0.5557830384161362,2.3417709359669865,2.0,-0.054647853427202686
20220708,2022,009150,삼성전기,전자부품제조업,134500,14.0,1883000.0,134006.0,137504.0,20220908,10046302112000,0.539747830388878,2.3398305990421893,3.0,0.026101496396116808
20220708,2022,083450,GST,특수목적용기계제조업,21750,91.0,1979250.0,10828.0,11301.0,20221121,202660953750,0.529177325636154,2.3338007847120115,4.0,0.043684415694173584
20220708,2022,007700,F&F홀딩스,기타금융업,18800,106.0,1992800.0,19105.0,25397.0,20221209,735350099600,0.5359609877627374,2.160748159998027,5.0,0.329355645393808
20220708,2022,042000,카페24,"자료처리,호스팅,포털및기타인터넷정보매개서비스업",12500,160.0,2000000.0,12517.0,12818.0,20220908,281214975000,0.5341652534564861,1.9011762702348154,6.0,0.024049618309236687
20220708,2022,009900,명신산업,자동차신품부품제조업,16650,120.0,1998000.0,17749.0,23549.0,20220908,873627714450,0.5261111754803662,1.769875278447327,7.0,0.3267815015120701
20220708,2022,036200,유니셈,특수목적용기계제조업,7360,271.0,1994560.0,7291.0,7120.0,20220908,225688681280,0.5233259285848262,1.747301553800379,8.0,-0.023493138713712836
20220708,2022,009160,SIMPAC,1차철강제조업,6250,320.0,2000000.0,6256.0,6198.0,20220908,408934475000,0.5218571906364184,1.5955014231845879,9.0,-0.009170505267521722
20220708,2022,064290,인텍플러스,특수목적용기계제조업,19200,104.0,1996800.0,19089.0,17088.0,20220908,243954470400,0.5210560091550536,1.5197822130147636,10.0,-0.10482295126371599
20220708,2022,194480,데브시스터즈,소프트웨어개발및공급업,45000,44.0,1980000.0,44513.0,55771.0,20230426,532222200000,0.5295203310997686,1.461406894913598,11.0,0.25293506016069967
20220708,2022,094480,갤럭시아머니트리,소프트웨어개발및공급업,6080,328.0,1994240.0,6354.0,6166.0,20220908,238517415040,0.5290756218013859,1.4338813881388983,12.0,-0.02964837262205333
20220708,2022,950220,네오이뮨텍,자연과학및공학연구개발업,4520,442.0,1997840.0,3780.0,3729.0,20220908,446311625200,0.5373208471872545,1.4285958572978947,13.0,-0.013413129767760879
20220708,2022,002020,코오롱,기타금융업,22850,87.0,1987950.0,23301.0,23446.0,20221108,288513834100,0.5246527714502711,1.3902080438756383,14.0,0.006224940902253451
20220708,2022,051910,LG화학,기초화학물질제조업,540000,3.0,1620000.0,522186.0,726923.0,20230426,38119865220000,0.5210828068397126,1.3700489726469771,15.0,0.3920781010337815
20220708,2022,026890,스틱인베스트먼트,"전동기,발전기및전기변환ㆍ공급ㆍ제어장치제조업",7310,273.0,1995630.0,7396.0,7387.0,20220908,304667459250,0.5217276494283752,1.3447729620243292,16.0,-0.001289458938178445
20220708,2022,010140,삼성중공업,선박및보트건조업,5500,363.0,1996500.0,5422.0,5661.0,20220908,4840000000000,0.5066484502997579,1.3161447266600013,17.0,0.044033732374554324
20220708,2022,041830,인바디,의료용기기제조업,23100,86.0,1986600.0,22739.0,20992.0,20220916,316095364200,0.5226113032222008,1.3105962025254694,18.0,-0.07683971536805434
20220708,2022,035600,KG이니시스,소프트웨어개발및공급업,13700,145.0,1986500.0,13655.0,13953.0,20220908,382290745800,0.5267725007121005,1.2913285443449145,19.0,0.021820558143243574
20220708,2022,047820,초록뱀미디어,"영화,비디오물,방송프로그램제작및배급업",15500,129.0,1999500.0,23540.0,22042.0,20220908,336391881000,0.5286727955750968,1.2853642243615895,20.0,-0.06361459433981842
20220708,2022,035900,JYP Ent.,오디오물출판및원판녹음업,53400,37.0,1975800.0,53470.0,62953.0,20220908,1895566072800,0.513581255637797,1.2837298886057373,21.0,0.17736149260304823
20220708,2022,065680,우주일렉트로,전자부품제조업,21400,93.0,1990200.0,21193.0,22494.0,20220914,212592308000,0.5219113407018534,1.2408977261657315,22.0,0.061407459756958716
20220708,2022,101160,월덱스,전자부품제조업,18550,107.0,1984850.0,18546.0,18694.0,20220908,306278920150,0.5217555109672943,1.2312968225752028,23.0,0.008004509544566218
20220708,2022,011780,금호석유화학,기초화학물질제조업,138000,14.0,1932000.0,127101.0,127086.0,20220908,4180826472000,0.5193390013452912,1.2061320991731337,24.0,-0.00011379867121830145
20220708,2022,007570,일양약품,의약품제조업,23250,86.0,1999500.0,26411.0,23613.0,20220908,443741688000,0.5310022978387545,1.192973991530867,25.0,-0.10592794369275704
20220708,2022,194700,노바렉스,기타식품제조업,29100,68.0,1978800.0,15712.0,11738.0,20221011,262008834000,0.5174311639747879,1.1764200858225418,26.0,-0.25290896508035166
20220708,2022,136490,선진,동물용사료및조제식품제조업,10150,197.0,1999550.0,10146.0,9946.0,20220908,241362980600,0.5161790400417572,1.1601626277674253,27.0,-0.019725238144712387
20220708,2022,124560,태웅로직스,기타운송관련서비스업,5460,366.0,1998360.0,5408.0,5647.0,20221111,209754548640,0.5261704554541682,1.1546467141418546,28.0,0.04415193319099742
20220708,2022,000020,동화약품,의약품제조업,10500,190.0,1995000.0,10904.0,9295.0,20220908,293280435000,0.530276281973543,1.1534214420124052,29.0,-0.14754986138558657
20220708,2022,108670,LX하우시스,플라스틱제품제조업,42100,47.0,1978700.0,40942.0,41443.0,20220908,377538907000,0.5205867814100368,1.1531128165565625,30.0,0.01223348783648004
20220708,2022,073240,금호타이어,고무제품제조업,3475,575.0,1998125.0,3442.0,4152.0,20220908,998229497325,0.5168702180836646,1.1530889188408777,31.0,0.2062505515013897
20220708,2022,005880,대한해운,해상운송업,2440,819.0,1998360.0,2412.0,2078.0,20220908,778793002400,0.4923521412187801,1.1523003997806487,32.0,-0.13860980121772926
20220708,2022,005440,현대지에프홀딩스,종합소매업,7720,259.0,1999480.0,4966.0,4841.0,20220908,754278601040,0.5008569653956243,1.1474855176795,33.0,-0.025158331173952275
20220708,2022,950210,프레스티지바이오파마,자연과학및공학연구개발업,11750,170.0,1997500.0,11823.0,10976.0,20220908,706129821250,0.5309050722692956,1.1454035614104514,34.0,-0.07169460084819645
20220708,2022,002990,금호건설,건물건설업,8010,249.0,1994490.0,7901.0,7763.0,20221212,295998295950,0.5180347395601366,1.1438574829834955,35.0,-0.017468528863371358
20220708,2022,022100,포스코DX,"건축기술,엔지니어링및관련기술서비스업",5260,380.0,1998800.0,5160.0,6429.0,20220908,799702674540,0.5304124692293164,1.1379027533182389,36.0,0.24591017047860553
20220708,2022,376980,원티드랩,소프트웨어개발및공급업,21900,91.0,1992900.0,21571.0,,,205994378400,0.5242689221954527,1.1363682867753104,37.0,-0.022652018472462565
20220708,2022,340570,티앤엘,의료용품및기타의약관련제품제조업,33700,59.0,1988300.0,32960.0,34150.0,20220908,273913600000,0.5220557426233645,1.1345488522319285,38.0,0.03609550767057379
20220708,2022,089010,켐트로닉스,기타화학제품제조업,19000,105.0,1995000.0,18898.0,16044.0,20221208,282304983000,0.5166005252637197,1.11950775743069,39.0,-0.15103942227748712
20220708,2022,012610,경인양행,기초화학물질제조업,5460,366.0,1998360.0,5461.0,5099.0,20230419,227225352900,0.5183746370813394,1.1154823245608918,40.0,-0.0662972034909235
20220708,2022,084110,휴온스글로벌,의약품제조업,21800,91.0,1983800.0,21773.0,25812.0,20230816,275148525600,0.5288378043064298,1.0750547535060526,41.0,0.1855334830668085
20220708,2022,373220,LG에너지솔루션,일차전지및축전지제조업,388000,5.0,1940000.0,395069.0,612433.0,20230612,90792000000000,0.5364444243126574,1.0703056444999575,42.0,0.5501927453102204
20220708,2022,245620,EDGC,자연과학및공학연구개발업,3280,609.0,1997520.0,3109.0,,,275769053680,0.529172979957834,1.0689490092099405,43.0,-0.24844027295505478
20220708,2022,185750,종근당,의약품제조업,88800,22.0,1953600.0,77800.0,72310.0,20220908,1064537774400,0.5286916095028925,1.067090220658598,44.0,-0.07057422314578465
20220708,2022,042420,네오위즈홀딩스,소프트웨어개발및공급업,29450,67.0,1973150.0,29090.0,31932.0,20220908,260834703700,0.5226758438940475,1.0377639001851722,50.0,0.09769395096963418
20220708,2022,005390,신성통상,기타전문도매업,2945,679.0,1999655.0,2842.0,2752.0,20220908,423221208550,0.5279691368088464,0.8805466270237983,61.0,-0.03184599184173642
20220708,2022,011040,경동제약,의약품제조업,8930,223.0,1991390.0,9061.0,7682.0,20221123,274765080380,0.5239875242249152,0.8108168045920406,67.0,-0.15219233597844362
20220708,2022,102460,이연제약,의약품제조업,23250,86.0,1999500.0,25508.0,21560.0,20220908,418466915250,0.5238011563129794,0.8006636847792293,68.0,-0.15475310934272246
20220708,2022,003850,보령,의약품제조업,10350,193.0,1997550.0,10757.0,10458.0,20220908,710941500000,0.5224051103709861,0.7246086302045577,76.0,-0.027776709234874963
20220708,2022,005490,POSCO홀딩스,1차철강제조업,231000,8.0,1848000.0,230149.0,241655.0,20220908,20140158885000,0.5128366976762018,0.7119989722309819,78.0,0.04999612163993605
20220907,2022,000660,SK하이닉스,반도체제조업,90400,22.0,1988800.0,90457.0,93569.0,20221111,65811413796000,0.5425446100117627,2.210163941292508,1.0,0.03439523159705837
20220907,2022,015890,태경산업,기초화학물질제조업,7120,280.0,1993600.0,7319.0,7293.0,20230330,208108700000,0.5361289297687688,2.2014812968155195,2.0,-0.0036392167287018218
20220907,2022,192650,드림텍,전자부품제조업,9510,210.0,1997100.0,10039.0,9589.0,20221111,640788526470,0.5360026064434414,1.9843772227594445,3.0,-0.04484946738258
20220907,2022,005930,삼성전자,통신및방송장비제조업,56000,35.0,1960000.0,55599.0,62888.0,20221111,334307822800000,0.5608234376316366,1.9728954608713272,4.0,0.13108895516918206
20220907,2022,119860,커넥트웨이브,소프트웨어개발및공급업,17600,113.0,1988800.0,17547.0,15596.0,20230131,230116867200,0.5376097669859595,1.8901349908962612,5.0,-0.11117453052195381
20220907,2022,000070,삼양홀딩스,기타금융업,65600,30.0,1968000.0,45000.0,43601.0,20221122,561816177600,0.5104063603230108,1.7534204717883677,6.0,-0.031100133445714384
20220907,2022,041830,인바디,의료용기기제조업,21650,92.0,1991800.0,21090.0,19541.0,20221111,296253880300,0.5294087081028629,1.6972111161850163,7.0,-0.07344822772278103
20220907,2022,336570,원텍,의료용기기제조업,2830,706.0,1997980.0,2843.0,3829.0,20221125,246314571330,0.5284005486175962,1.6104961162069469,8.0,0.346842043600442
20220907,2022,006400,삼성SDI,일차전지및축전지제조업,554000,3.0,1662000.0,559253.0,731598.0,20221111,38095549620000,0.5438290680208073,1.5747389366760696,9.0,0.30817014080287874
20220907,2022,026890,스틱인베스트먼트,"전동기,발전기및전기변환ㆍ공급ㆍ제어장치제조업",7380,271.0,1999980.0,7387.0,6216.0,20221202,307584931500,0.5285067082784716,1.5247356850706812,10.0,-0.15848478178468728
20220907,2022,011070,LG이노텍,전자부품제조업,332000,6.0,1992000.0,337719.0,319597.0,20221111,7857479524000,0.5290781628836063,1.4982070419541142,11.0,-0.053660007921863984
20220907,2022,010140,삼성중공업,선박및보트건조업,5690,351.0,1997190.0,5661.0,5520.0,20221111,5007200000000,0.5148948580741304,1.4852825625829875,12.0,-0.024878370090759327
20220907,2022,005440,현대지에프홀딩스,종합소매업,7320,273.0,1998360.0,4841.0,4533.0,20221111,715196808240,0.507018058839593,1.476168896996589,13.0,-0.06370117191393043
20220907,2022,091700,파트론,전자부품제조업,8190,244.0,1998360.0,8194.0,8922.0,20221111,482540172660,0.5287301863416752,1.473775357755265,14.0,0.0888865699956698
20220907,2022,143240,사람인,"자료처리,호스팅,포털및기타인터넷정보매개서비스업",34800,57.0,1983600.0,26525.0,18046.0,20240119,406264352400,0.5361970781257477,1.45467018222784,15.0,-0.31965034030370265
20220907,2022,005490,POSCO홀딩스,1차철강제조업,246000,8.0,1968000.0,241655.0,285686.0,20221111,20804522580000,0.5433795595473756,1.4460741320143473,16.0,0.18220459743517292
20220907,2022,005390,신성통상,기타전문도매업,2725,733.0,1997425.0,2752.0,2091.0,20231102,391605362750,0.5307737915606606,1.333932669134545,17.0,-0.24033255153516064
20220907,2022,140410,메지온,자연과학및공학연구개발업,16350,122.0,1994700.0,17096.0,13494.0,20221111,437231994300,0.5153283079181075,1.3063673920113543,18.0,-0.2107041940331792
20220907,2022,232140,와이씨,특수목적용기계제조업,3825,522.0,1996650.0,3656.0,3931.0,20230316,313823463750,0.5263652262388805,1.2876699189401075,19.0,0.07503992503747714
20220907,2022,078930,GS,기타금융업,45300,44.0,1993200.0,45361.0,47565.0,20221111,4209066623400,0.5059563946104377,1.2780949037538594,20.0,0.048577374716567645
20220907,2022,035600,KG이니시스,소프트웨어개발및공급업,13650,146.0,1992900.0,13953.0,13653.0,20221111,380895524100,0.5278206478250212,1.2626317128071298,21.0,-0.021517235542952817
20220907,2022,091120,이엠텍,전자부품제조업,28250,70.0,1977500.0,28214.0,29412.0,20221111,484005442000,0.5254153882743127,1.2410409926301644,22.0,0.042496324871189595
20220907,2022,035900,JYP Ent.,오디오물출판및원판녹음업,61600,32.0,1971200.0,62953.0,56764.0,20221111,2186645507200,0.5060496157882315,1.2388940463232772,23.0,-0.09831323673302161
20220907,2022,010690,화신,자동차신품부품제조업,11750,170.0,1997500.0,11866.0,9359.0,20221111,410314817500,0.5143305950656134,1.1970093909615542,24.0,-0.2112604465582535
20220907,2022,046440,KG파이낸셜,소프트웨어개발및공급업,6610,302.0,1996220.0,6616.0,6077.0,20221114,256637004480,0.5267959024727804,1.1969433646354548,25.0,-0.0814631487424814
20220907,2022,069080,웹젠,소프트웨어개발및공급업,17100,116.0,1983600.0,17243.0,15841.0,20221111,603816116400,0.5267720563089637,1.1954147750127515,26.0,-0.08131741347417976
20220907,2022,047820,초록뱀미디어,"영화,비디오물,방송프로그램제작및배급업",14250,140.0,1995000.0,22042.0,15744.0,20221121,309406003500,0.5305614555247304,1.1851695910935267,27.0,-0.2857551562446311
20220907,2022,950220,네오이뮨텍,자연과학및공학연구개발업,4305,464.0,1997520.0,3729.0,3791.0,20221111,425082200550,0.5132765302519894,1.1632549411513857,28.0,0.01653885936441135
20220907,2022,064290,인텍플러스,특수목적용기계제조업,16950,117.0,1983150.0,17088.0,16181.0,20230309,215577930900,0.5243792097889393,1.158325380803776,29.0,-0.05310901121583289
20220907,2022,124560,태웅로직스,기타운송관련서비스업,5680,352.0,1999360.0,5647.0,,,218206197120,0.5117780489088963,1.1541697146533383,30.0,-0.08290666017732773
20220907,2022,230360,에코마케팅,광고업,15300,130.0,1989000.0,15200.0,14451.0,20221111,494159843700,0.511490958377232,1.1534356123583003,31.0,-0.0493159834189314
20220907,2022,060250,NHN KCP,기타정보서비스업,13100,152.0,1991200.0,13259.0,13356.0,20221111,526104004100,0.5090163582280127,1.1487277255281552,32.0,0.0073842162935795486
20220907,2022,012610,경인양행,기초화학물질제조업,5370,372.0,1997640.0,5400.0,,,223479880050,0.520662818856717,1.1457841585626654,33.0,-0.07292267375912087
20220907,2022,009150,삼성전기,전자부품제조업,136500,14.0,1911000.0,137504.0,141520.0,20221111,10195689504000,0.5239840441060003,1.1405452853448201,34.0,0.029205383473613677
20220907,2022,034310,NICE,회사본부및경영컨설팅서비스업,14450,138.0,1994100.0,14437.0,13586.0,20221214,547399235000,0.5138015626507944,1.1338531378940728,35.0,-0.05894653951792017
20220907,2022,102460,이연제약,의약품제조업,21500,93.0,1999500.0,21560.0,20205.0,20221111,386969405500,0.5253497630133427,1.1237315198702795,36.0,-0.06287840968552172
20220907,2022,103140,풍산,1차비철금속제조업,30450,65.0,1979250.0,28508.0,29815.0,20221111,853339265100,0.5184242003250155,1.122283626335576,37.0,0.04585781621901708
20220907,2022,013120,동원개발,건물건설업,3680,543.0,1998240.0,3774.0,,,334173808000,0.5133622616060416,1.1220119988989448,38.0,-0.001203785947113456
20220907,2022,001820,삼화콘덴서,전자부품제조업,38900,51.0,1983900.0,39066.0,34572.0,20221111,404365500000,0.5236676250309895,1.1183292736784745,39.0,-0.1150347209671303
20220907,2022,005010,휴스틸,1차철강제조업,8070,247.0,1993290.0,7787.0,5805.0,20221117,316247765250,0.5365071184837316,1.1132666030730394,40.0,-0.25448257872528335
20220907,2022,007810,코리아써키트,전자부품제조업,17350,115.0,1995250.0,18001.0,15653.0,20221111,409820029850,0.5234864829936516,1.10561116047804,41.0,-0.13046438014487105
20220907,2022,007570,일양약품,의약품제조업,20450,97.0,1983650.0,23613.0,20312.0,20221205,390301828800,0.5237385874852494,1.0279953160125122,46.0,-0.1397873846868649
20220907,2022,009160,SIMPAC,1차철강제조업,6390,312.0,1993680.0,6198.0,5779.0,20221129,418094607240,0.533197042358379,0.9529715571520343,60.0,-0.06769401313170709
20220907,2022,950210,프레스티지바이오파마,자연과학및공학연구개발업,10800,185.0,1998000.0,10976.0,11192.0,20230922,649038474000,0.5102608649315719,0.9529108760486089,61.0,0.019732667032219764
20220907,2022,101160,월덱스,전자부품제조업,18650,107.0,1995550.0,18694.0,20548.0,20221111,307930019450,0.5210244060311721,0.9327469596708586,64.0,0.09917846234601102
20220907,2022,036200,유니셈,특수목적용기계제조업,7150,279.0,1994850.0,7120.0,6761.0,20230202,219249194450,0.5208722809563355,0.9299274286400178,66.0,-0.050421623161216234
20220907,2022,094480,갤럭시아머니트리,소프트웨어개발및공급업,6110,327.0,1997970.0,6166.0,7176.0,20230127,239694310180,0.5224397943593396,0.9177076054261704,69.0,0.1638443678281125
20220907,2022,005880,대한해운,해상운송업,2115,945.0,1998675.0,2078.0,2162.0,20221130,675060327900,0.48376959696692334,0.9155865741156337,70.0,0.040534315983417724
20220907,2022,185750,종근당,의약품제조업,82600,24.0,1982400.0,72310.0,74315.0,20221111,990211938800,0.5212747171064481,0.8815919026344698,74.0,0.027734097445986983
20220907,2022,194700,노바렉스,기타식품제조업,14250,140.0,1995000.0,13886.0,10701.0,20230203,267256584000,0.5186348935418474,0.8341105416175301,77.0,-0.22935920561068923
20221110,2022,011040,경동제약,의약품제조업,7550,264.0,1993200.0,7653.0,7782.0,20230120,232304183300,0.5462867783559461,2.264601510254218,1.0,0.01686999049077742
20221110,2022,000660,SK하이닉스,반도체제조업,89100,22.0,1960200.0,93569.0,87355.0,20230111,64865010721500,0.5433473277947647,2.1375914573517805,2.0,-0.06641330309607951
20221110,2022,005930,삼성전자,통신및방송장비제조업,60400,33.0,1993200.0,62888.0,60507.0,20230111,360574866020000,0.5589843530350628,2.0680875330169832,3.0,-0.037859964744348384
20221110,2022,011070,LG이노텍,전자부품제조업,287500,6.0,1725000.0,319597.0,278105.0,20230111,6804293262500,0.537384516465951,2.01370167584831,4.0,-0.12982346043420567
20221110,2022,123040,엠에스오토텍,자동차신품부품제조업,4655,429.0,1996995.0,4796.0,5149.0,20230322,203180723130,0.5327436462194971,1.985218719410951,5.0,0.07360879187983671
20221110,2022,005010,휴스틸,1차철강제조업,5670,352.0,1995840.0,6114.0,5476.0,20230127,222196385250,0.5488477417006044,1.940596552120924,6.0,-0.10449535161460999
20221110,2022,001340,PKC,기초화학물질제조업,4525,441.0,1995525.0,5360.0,6367.0,20230308,203255791675,0.5327522316811685,1.8089816677353487,7.0,0.18772894575826582
20221110,2022,094480,갤럭시아머니트리,소프트웨어개발및공급업,5150,388.0,1998200.0,5425.0,7817.0,20230303,202033665700,0.5361499025901022,1.6983321624315695,8.0,0.4409172525431162
20221110,2022,004430,송원산업,기타화학제품제조업,18200,109.0,1983800.0,18494.0,19241.0,20230111,436800000000,0.5268742523918071,1.6250243121791834,9.0,0.0404205177067003
20221110,2022,083790,CG인바이츠,자연과학및공학연구개발업,3565,561.0,1999965.0,3627.0,3418.0,20230130,246863722590,0.5189005716339319,1.5225786938384556,10.0,-0.057739184000145216
20221110,2022,018880,한온시스템,일반목적용기계제조업,7930,252.0,1998360.0,7712.0,8140.0,20230111,4233034000000,0.5237673562850504,1.4826863805290558,11.0,0.05547381941026952
20221110,2022,054210,이랜텍,전자부품제조업,12000,166.0,1992000.0,12441.0,12082.0,20230601,303494520000,0.5281251335201842,1.4616068726972347,12.0,-0.028859193327749333
20221110,2022,185750,종근당,의약품제조업,84400,23.0,1941200.0,74315.0,76283.0,20230111,1011790407200,0.5318662584014406,1.4130226486173862,13.0,0.026483392836177844
20221110,2022,041830,인바디,의료용기기제조업,20650,96.0,1982400.0,19541.0,20241.0,20230111,282570098300,0.5262769554080722,1.3937504631258608,14.0,0.03584637472675567
20221110,2022,282330,BGF리테일,종합소매업,178000,11.0,1958000.0,177372.0,189376.0,20230111,3076535268000,0.5095813730086867,1.3921535745020572,15.0,0.06767160102454861
20221110,2022,005610,SPC삼립,기타식품제조업,69800,28.0,1954400.0,70627.0,70840.0,20230111,602304828200,0.5237703335341571,1.390309964829976,16.0,0.003026471766944816
20221110,2022,287410,제이시스메디칼,의료용기기제조업,7310,273.0,1995630.0,7408.0,8508.0,20230111,521199140320,0.5257629696625167,1.3600244417477938,17.0,0.14842508792271425
20221110,2022,207940,삼성바이오로직스,기초의약물질및생물학적제제제조업,907000,2.0,1814000.0,1323735.0,1181216.0,20230111,64554818000000,0.5424424773459693,1.349977959216417,18.0,-0.10766445096203514
20221110,2022,053300,한국정보인증,소프트웨어개발및공급업,4790,417.0,1997430.0,4871.0,5853.0,20230307,200108625490,0.5309957970542127,1.317789578036954,19.0,0.20140282340333737
20221110,2022,009290,광동제약,의약품제조업,6110,327.0,1997970.0,6131.0,7734.0,20231025,320291399610,0.5302415096554866,1.3170759218772614,20.0,0.26151107883210756
20221110,2022,002990,금호건설,건물건설업,6490,308.0,1998920.0,6624.0,8083.0,20230111,239828831550,0.5120197862773304,1.2860082288333292,21.0,0.2201315047111263
20221110,2022,206640,바디텍메드,의료용품및기타의약관련제품제조업,10550,189.0,1993950.0,10600.0,11259.0,20230215,247783208000,0.5148420622408836,1.2749046153420005,22.0,0.06215650476139101
20221110,2022,006400,삼성SDI,일차전지및축전지제조업,725000,2.0,1450000.0,731598.0,610974.0,20230111,49854284250000,0.5526435331865378,1.2568018096103801,23.0,-0.16487702007069582
20221110,2022,022100,포스코DX,"건축기술,엔지니어링및관련기술서비스업",6250,320.0,2000000.0,6389.0,6439.0,20230111,950217056250,0.5315635672801207,1.235493481428325,24.0,0.007693999665010054
20221110,2022,017390,서울가스,연료용가스제조및배관공급업,330000,6.0,1980000.0,331315.0,445857.0,20230111,1650000000000,0.4969575695059989,1.2200119941964158,25.0,0.3457171898988134
20221110,2022,035900,JYP Ent.,오디오물출판및원판녹음업,56000,35.0,1960000.0,56764.0,65372.0,20230111,1987859552000,0.5244706667870382,1.2184472622222586,26.0,0.15164586657732593
20221110,2022,319660,피에스케이,특수목적용기계제조업,15950,125.0,1993750.0,18404.0,17601.0,20230111,462019088300,0.5231347700364157,1.2159307352164155,27.0,-0.04362897486062578
20221110,2022,089030,테크윙,특수목적용기계제조업,6290,317.0,1993930.0,6492.0,6271.0,20230131,234954427050,0.5230869052222413,1.2126705905392563,28.0,-0.033994860213897304
20221110,2022,051370,인터플렉스,전자부품제조업,10500,190.0,1995000.0,10853.0,10703.0,20230307,244938456000,0.5231416206409029,1.1644627132858825,29.0,-0.01377635879188932
20221110,2022,140410,메지온,자연과학및공학연구개발업,12500,160.0,2000000.0,13494.0,13000.0,20230111,334275225000,0.5136238272768694,1.1286242106213116,30.0,-0.036631123478083394
20221110,2022,365550,ESR켄달스퀘어리츠,부동산임대및공급업,3675,544.0,1999200.0,3830.0,4008.0,20230111,783102075000,0.5124716857354781,1.122296862857449,31.0,0.04653610223293492
20221110,2022,048530,인트론바이오,기초의약물질및생물학적제제제조업,9180,217.0,1992060.0,9691.0,8062.0,20230111,313503995160,0.5361382483377715,1.1089726486636537,32.0,-0.16809010470568886
20221110,2022,018260,삼성에스디에스,"컴퓨터프로그래밍,시스템통합및관리업",127000,15.0,1905000.0,128548.0,124065.0,20230111,9826980600000,0.5206035587414584,1.1020165471855576,33.0,-0.03487186271202525
20221110,2022,093320,케이아이엔엑스,"자료처리,호스팅,포털및기타인터넷정보매개서비스업",52500,38.0,1995000.0,52443.0,59939.0,20230120,256200000000,0.5289255798496013,1.0959779498076747,34.0,0.1429427958856775
20221110,2022,084370,유진테크,특수목적용기계제조업,23050,86.0,1982300.0,25535.0,24538.0,20230111,528214768100,0.5213323905382599,1.093167949473145,35.0,-0.03905734405346917
20221110,2022,206650,유바이오로직스,의약품제조업,10550,189.0,1993950.0,11301.0,9159.0,20230111,384492713850,0.5263020208643832,1.08443622575377,36.0,-0.18954494245617481
20221110,2022,017800,현대엘리베이터,일반목적용기계제조업,27100,73.0,1978300.0,27987.0,29234.0,20230111,1106091676100,0.5154754926256839,1.0837700242689443,37.0,0.04455108753015247
20221110,2022,230360,에코마케팅,광고업,13750,145.0,1993750.0,14451.0,12797.0,20230111,445060398750,0.5177521447917015,1.075410690656234,38.0,-0.11440031766580483
20221110,2022,010140,삼성중공업,선박및보트건조업,5320,375.0,1995000.0,5520.0,5120.0,20230111,4681600000000,0.4888362207176893,1.0717847108176215,39.0,-0.07233426198499082
20221110,2022,010120,LS ELECTRIC,"전동기,발전기및전기변환ㆍ공급ㆍ제어장치제조업",53600,37.0,1983200.0,10809.0,18357.0,20230713,1608000000000,0.5105832967842249,1.0532278921228706,40.0,0.6983298608156285
20221110,2022,183190,아세아시멘트,"시멘트,석회,플라스터및그제품제조업",9310,214.0,1992340.0,9379.0,9890.0,20230411,362699817900,0.49882653818236256,1.0450820876087068,41.0,0.054483414746111736
20221110,2022,043610,KT지니뮤직,"자료처리,호스팅,포털및기타인터넷정보매개서비스업",3710,539.0,1999690.0,3766.0,4542.0,20230130,215608274980,0.5284279246286536,1.0434369786527486,42.0,0.2060553975403303
20221110,2022,141080,리가켐바이오,자연과학및공학연구개발업,34100,58.0,1977800.0,36088.0,38395.0,20230111,831121959800,0.5122946358622082,1.0293886059707573,43.0,0.06392575609840567
20221110,2022,005880,대한해운,해상운송업,2025,987.0,1998675.0,2087.0,2087.0,20230111,646334356500,0.5066638751254293,1.025056755236854,44.0,5.351185565460881e-05
20221110,2022,005490,POSCO홀딩스,1차철강제조업,281000,7.0,1967000.0,285686.0,292143.0,20230111,23764515630000,0.5304987704759807,0.9710411047536868,47.0,0.022601321261388696
20221110,2022,194700,노바렉스,기타식품제조업,11250,177.0,1991250.0,11638.0,15445.0,20250520,210992040000,0.5203753558773458,0.9457531546962467,49.0,0.3271207114603545
20221110,2022,001820,삼화콘덴서,전자부품제조업,34050,58.0,1974900.0,34572.0,37729.0,20230111,353949750000,0.5194349294126653,0.94344960949896,50.0,0.09132968250266571
20221110,2022,091120,이엠텍,전자부품제조업,29150,68.0,1982200.0,29412.0,23013.0,20230111,499425084400,0.5179516294638096,0.8550071940514036,66.0,-0.21756389662058662
20221110,2022,007810,코리아써키트,전자부품제조업,15100,132.0,1993200.0,15653.0,13850.0,20230111,356673340100,0.5158956855434536,0.732420628548403,81.0,-0.11516073986164899
20221110,2022,069080,웹젠,소프트웨어개발및공급업,15200,131.0,1991200.0,15841.0,17196.0,20230113,536725436800,0.5228080991152997,0.713268053939225,85.0,0.08556046503682624
20230102,2023,043150,바텍,의료용기기제조업,32000,62.0,1984000.0,31923.0,33069.0,20230307,475336192000,0.5415216344016798,1.9992207819966759,1.0,0.035888477402453045
20230102,2023,030520,한글과컴퓨터,소프트웨어개발및공급업,12000,166.0,1992000.0,12238.0,14626.0,20230307,302445960000,0.5966491535082639,1.923674705344481,2.0,0.19519419805664295
20230102,2023,095700,제넥신,자연과학및공학연구개발업,18550,107.0,1984850.0,14344.0,14163.0,20230307,466439416100,0.5678658231990116,1.9060086369447269,3.0,-0.01258168033493734
20230102,2023,016380,KG스틸,1차철강제조업,7150,279.0,1994850.0,7266.0,9338.0,20230307,715063613550,0.5557719292322134,1.8989598914081394,4.0,0.2851498910558501
20230102,2023,032500,케이엠더블유,통신및방송장비제조업,25950,77.0,1998150.0,26468.0,24325.0,20230307,1033351913850,0.5570663239432574,1.832892925918053,5.0,-0.08093643556933516
20230102,2023,047820,초록뱀미디어,"영화,비디오물,방송프로그램제작및배급업",10150,197.0,1999550.0,15668.0,16131.0,20230307,220383925300,0.559636892997182,1.82230439871877,6.0,0.02956549460919078
20230102,2023,007810,코리아써키트,전자부품제조업,11750,170.0,1997500.0,12500.0,15508.0,20230307,277543824250,0.57076088728454,1.8087800157292515,7.0,0.24065446835676085
20230102,2023,009900,명신산업,자동차신품부품제조업,14450,138.0,1994100.0,14802.0,20506.0,20230307,758193421850,0.5484115568773631,1.7960940759965796,8.0,0.38530903921994786
20230102,2023,102710,이엔에프테크놀로지,기타화학제품제조업,19550,102.0,1994100.0,19952.0,21250.0,20230307,279327193800,0.573043485780447,1.7446740896944004,9.0,0.06506177957585813
20230102,2023,005440,현대지에프홀딩스,종합소매업,6540,305.0,1994700.0,4350.0,4043.0,20230417,638987312280,0.5314182746723266,1.727982349201012,10.0,-0.0707658279979313
20230102,2023,048530,인트론바이오,기초의약물질및생물학적제제제조업,8200,243.0,1992600.0,7972.0,8961.0,20230307,280036248400,0.5597736230748851,1.642281321670109,11.0,0.12410281211445873
20230102,2023,243840,신흥에스이씨,일차전지및축전지제조업,39950,50.0,1997500.0,8041.0,10983.0,20230307,310140998550,0.552369916046149,1.6383415366442196,12.0,0.3659392710940852
20230102,2023,319660,피에스케이,특수목적용기계제조업,15050,132.0,1986600.0,15453.0,17653.0,20230307,435949045700,0.5697372213827244,1.6226769951329119,13.0,0.14234015633386177
20230102,2023,053030,바이넥스,의약품제조업,11300,176.0,1988800.0,11099.0,10669.0,20230307,358899842400,0.5543105243875771,1.6141564845016392,14.0,-0.03873998737668305
20230102,2023,206650,유바이오로직스,의약품제조업,8650,231.0,1998150.0,8769.0,8120.0,20230307,315247580550,0.5541760146757105,1.609331770472907,15.0,-0.07403763732790059
20230102,2023,063080,컴투스홀딩스,소프트웨어개발및공급업,37700,53.0,1998100.0,37758.0,49552.0,20230307,248638738400,0.5852921374261171,1.6022145227976203,16.0,0.3123611032492639
20230102,2023,010690,화신,자동차신품부품제조업,7600,263.0,1998800.0,7434.0,9774.0,20230307,265395116000,0.5444692016739532,1.5856818846713778,17.0,0.31475238903696945
20230102,2023,243070,휴온스,의약품제조업,28150,71.0,1998650.0,29061.0,32425.0,20230410,335985704350,0.5523880034933617,1.5451977944551332,18.0,0.11574759641531096
20230102,2023,217820,원익피앤이,특수목적용기계제조업,7470,267.0,1994490.0,7201.0,8287.0,20230307,324605555730,0.5646002837791176,1.4314391165936307,19.0,0.1507638849457711
20230102,2023,060980,HL홀딩스,기타금융업,29600,67.0,1983200.0,29814.0,35405.0,20240207,309973272000,0.5476950065020403,1.3578881254079256,20.0,0.18752273998264468
20230102,2023,092040,아미코젠,기타식품제조업,19150,104.0,1991600.0,8851.0,8690.0,20230307,378302658200,0.5325363449707765,1.3517076532377466,21.0,-0.018178518947542854
20230102,2023,006120,SK디스커버리,기타금융업,29400,68.0,1999200.0,28915.0,32814.0,20230308,559712937000,0.5470818132992377,1.3339422010232131,22.0,0.13485506862519792
20230102,2023,001390,KG케미칼,기초화학물질제조업,19950,100.0,1995000.0,4033.0,6664.0,20230307,276628615200,0.5688670447247554,1.3193641980944064,23.0,0.6522002701343645
20230102,2023,042000,카페24,"자료처리,호스팅,포털및기타인터넷정보매개서비스업",9750,205.0,1998750.0,9822.0,12208.0,20230725,219347680500,0.5678148134441026,1.2673674966738975,24.0,0.24290594961146272
20230102,2023,317330,덕산테코피아,기타화학제품제조업,13250,150.0,1987500.0,13605.0,19303.0,20230324,243500921000,0.5556973414138344,1.260195822233401,25.0,0.4188944937424961
20230102,2023,084370,유진테크,특수목적용기계제조업,22200,90.0,1998000.0,22539.0,26494.0,20230307,508736132400,0.5596667079099071,1.24777198733398,26.0,0.17548724070900446
20230102,2023,033640,네패스,반도체제조업,15150,132.0,1999800.0,15313.0,17155.0,20230307,349346910300,0.5650244366237209,1.2293900748461062,27.0,0.12031072622989147
20230102,2023,235980,메드팩토,자연과학및공학연구개발업,21750,91.0,1979250.0,19356.0,17167.0,20230307,458505116250,0.5443390020148664,1.2285512299555947,28.0,-0.1130791153416868
20230102,2023,001060,JW중외제약,의약품제조업,18400,108.0,1987200.0,17431.0,20526.0,20230307,408076690400,0.5434271519989715,1.2237819999045079,29.0,0.17758503080946575
20230102,2023,085660,차바이오텍,기초의약물질및생물학적제제제조업,12800,156.0,1996800.0,11818.0,12927.0,20230307,720234470400,0.5465967085654369,1.22297258165705,30.0,0.09379614919731716
20230102,2023,281740,레이크머티리얼즈,기타화학제품제조업,4310,464.0,1999840.0,4394.0,6358.0,20230307,283298661880,0.553055883629437,1.186419836982211,31.0,0.4471314072863919
20230102,2023,086390,유니테스트,특수목적용기계제조업,10100,198.0,1999800.0,10291.0,11848.0,20230307,213454672600,0.5572446473916262,1.1576035346580926,32.0,0.15127506295437487
20230102,2023,031330,에스에이엠티,기계장비및관련물품도매업,2575,776.0,1998200.0,2541.0,3009.0,20230307,257487297525,0.5380332498640343,1.1507025065173657,33.0,0.18431922235767328
20230102,2023,026890,스틱인베스트먼트,"전동기,발전기및전기변환ㆍ공급ㆍ제어장치제조업",5150,388.0,1998200.0,5205.0,8692.0,20240430,214642601250,0.5670892567382406,1.1337879419837358,34.0,0.6699599837309091
20230102,2023,130660,한전산업,"건축기술,엔지니어링및관련기술서비스업",8010,249.0,1994490.0,8012.0,7712.0,20230328,261126000000,0.5600245782484659,1.1299073480279616,35.0,-0.037417342359826744
20230102,2023,073240,금호타이어,고무제품제조업,2775,720.0,1998000.0,2710.0,3215.0,20230307,797147296425,0.5433673111599366,1.1258624810846658,36.0,0.18627472106188914
20230102,2023,061970,LB세미콘,반도체제조업,6460,309.0,1996140.0,6565.0,7294.0,20230307,282848464320,0.5618767414754818,1.1208274310910673,37.0,0.11102715066391511
20230102,2023,089600,KT나스미디어,광고업,23900,83.0,1983700.0,24047.0,24896.0,20230307,251905091800,0.515544177736729,1.1070534988954823,38.0,0.03531969426198622
20230102,2023,105630,한세실업,봉제의복제조업,14750,135.0,1991250.0,14458.0,17787.0,20230307,590000000000,0.5258773276952768,1.1049092033239793,39.0,0.23027720984945543
20230102,2023,003090,대웅,의약품제조업,19700,101.0,1989700.0,18850.0,17190.0,20230307,1145397006000,0.5400429119149774,1.1023930653564908,40.0,-0.08804364769607032
20230102,2023,010140,삼성중공업,선박및보트건조업,5080,393.0,1996440.0,4965.0,5291.0,20230307,4470400000000,0.5074470764777156,1.0778086446581532,41.0,0.06550758728817696
20230102,2023,011070,LG이노텍,전자부품제조업,253000,7.0,1771000.0,265573.0,279093.0,20230307,5987778071000,0.5493230076333414,1.0382540760472632,47.0,0.050908930316335255
20230102,2023,091120,이엠텍,전자부품제조업,20500,97.0,1988500.0,20712.0,23161.0,20230307,351225188000,0.5483119382650452,1.0019139534341321,50.0,0.11824967167095934
20230102,2023,011040,경동제약,의약품제조업,7700,259.0,1994300.0,7572.0,6943.0,20231205,236919498200,0.5369670872911171,0.9920666509531985,51.0,-0.08307660781143278
20230102,2023,035900,JYP Ent.,오디오물출판및원판녹음업,67200,29.0,1948800.0,67965.0,77877.0,20230307,2385431462400,0.5126870917715025,0.9431285615367321,60.0,0.14584456232232101
20230102,2023,140410,메지온,자연과학및공학연구개발업,12900,155.0,1999500.0,12848.0,16160.0,20230307,344972032200,0.5312301801531882,0.8510812607835735,72.0,0.25776987716468724
20230102,2023,004430,송원산업,기타화학제품제조업,17200,116.0,1995200.0,16941.0,20236.0,20230307,412800000000,0.5409865327401866,0.849322549849184,73.0,0.19451185955456807
20230102,2023,001820,삼화콘덴서,전자부품제조업,29500,67.0,1976500.0,31534.0,47772.0,20230307,306652500000,0.5438476738901461,0.8414581826944341,74.0,0.5149271637360013
20230102,2023,002990,금호건설,건물건설업,6730,297.0,1998810.0,6493.0,,,248697694350,0.5355263034898502,0.7071067811865881,86.0,-0.007164474631619067
20230102,2023,365550,ESR켄달스퀘어리츠,부동산임대및공급업,3985,501.0,1996485.0,3874.0,4174.0,20230522,849159665000,0.5216519047820445,0.7071067811865515,87.0,0.07731560149423
20230306,2023,091120,이엠텍,전자부품제조업,22850,87.0,1987950.0,23161.0,26664.0,20230508,391487587600,0.5576996272147258,1.8388281054703415,1.0,0.15125857706432289
20230306,2023,256840,한국비엔씨,기초의약물질및생물학적제제제조업,4280,467.0,1998760.0,4306.0,3946.0,20230508,289253048640,0.5674383620946644,1.6126431773310934,2.0,-0.08356363896789443
20230306,2023,206650,유바이오로직스,의약품제조업,7900,253.0,1998700.0,8120.0,7619.0,20230508,287913975300,0.5452464179185212,1.6111631726519986,3.0,-0.06165701965693915
20230306,2023,243840,신흥에스이씨,일차전지및축전지제조업,53600,37.0,1983200.0,10983.0,9201.0,20230508,416109074400,0.5410164547623091,1.5707577863549649,4.0,-0.1622361770810895
20230306,2023,100090,SK오션플랜트,1차철강제조업,20100,99.0,1989900.0,22208.0,,,1070023741200,0.5251997922690534,1.550136403556113,5.0,0.08448533622394505
20230306,2023,299900,위지윅스튜디오,"영화,비디오물,방송프로그램제작및배급업",17050,117.0,1994850.0,4187.0,3031.0,20231115,729095868050,0.5461302149926593,1.4972829793376299,6.0,-0.27598636693671663
20230306,2023,053030,바이넥스,의약품제조업,10550,189.0,1993950.0,10669.0,10768.0,20230508,335079056400,0.542406479668016,1.494402702293371,7.0,0.009285807269327151
20230306,2023,119860,커넥트웨이브,소프트웨어개발및공급업,14010,142.0,1989420.0,13850.0,14399.0,20230508,675183537720,0.5617617023411681,1.4534965805049536,8.0,0.039702448144320446
20230306,2023,060570,드림어스컴퍼니,"자료처리,호스팅,포털및기타인터넷정보매개서비스업",3715,538.0,1998670.0,3627.0,,,211234331605,0.5547155705092708,1.447773850570776,9.0,-0.0966865520045106
20230306,2023,030520,한글과컴퓨터,소프트웨어개발및공급업,15000,133.0,1995000.0,14626.0,14276.0,20230508,378057450000,0.5602346599059623,1.4174185998487963,10.0,-0.023972593818939902
20230306,2023,017810,풀무원,기타식품제조업,10730,186.0,1995780.0,10701.0,10824.0,20230627,409033415660,0.5367809083050904,1.4145522183464578,11.0,0.011491898981219606
20230306,2023,222800,심텍,전자부품제조업,29500,67.0,1976500.0,29111.0,27807.0,20230508,939697218500,0.5446485562894344,1.398451496019016,12.0,-0.04477474308468754
20230306,2023,060720,KH바텍,전자부품제조업,14960,133.0,1989680.0,15945.0,19234.0,20230508,354214532320,0.5446122190694564,1.3972253850107785,13.0,0.20624479878298252
20230306,2023,095610,테스,특수목적용기계제조업,18260,109.0,1990340.0,18074.0,21683.0,20230508,360967806760,0.566485526591876,1.3727578766601085,14.0,0.1996792917677621
20230306,2023,043150,바텍,의료용기기제조업,33250,60.0,1995000.0,33069.0,42576.0,20230508,493904012000,0.5232978866539847,1.3660219069776067,15.0,0.287484027849652
20230306,2023,034810,해성산업,기타금융업,10460,191.0,1997860.0,10392.0,8060.0,20260113,340544724220,0.5364377555623465,1.354538776191397,16.0,-0.22441289380130502
20230306,2023,042420,네오위즈홀딩스,소프트웨어개발및공급업,30350,65.0,1972750.0,30217.0,24473.0,20231127,268805883100,0.5570648010728907,1.3425273571264547,17.0,-0.19011108871154758
20230306,2023,102710,이엔에프테크놀로지,기타화학제품제조업,21550,92.0,1982600.0,21250.0,21155.0,20230508,307902865800,0.5509662384466911,1.3150096079712954,18.0,-0.004508381994624111
20230306,2023,047820,초록뱀미디어,"영화,비디오물,방송프로그램제작및배급업",10940,182.0,1991080.0,16131.0,,,237536959880,0.5408422429633281,1.297731465601745,19.0,-0.15186893125882572
20230306,2023,183300,코미코,특수목적용기계제조업,45400,44.0,1997600.0,46230.0,44576.0,20230508,454928293800,0.5627118270243294,1.277241953280856,20.0,-0.03577334173543756
20230306,2023,017800,현대엘리베이터,일반목적용기계제조업,27900,71.0,1980900.0,27687.0,35043.0,20230508,1138743828900,0.5339043600026239,1.2710640017290702,21.0,0.26568142737863765
20230306,2023,137310,에스디바이오센서,의료용기기제조업,22400,89.0,1993600.0,22872.0,21471.0,20230508,2339732707200,0.5196946692424329,1.2437360636361772,22.0,-0.061250522122352935
20230306,2023,002240,고려제강,1차철강제조업,21700,92.0,1996400.0,20396.0,19277.0,20230922,542500000000,0.518461301473842,1.2315340235802943,23.0,-0.054887300959851615
20230306,2023,064290,인텍플러스,특수목적용기계제조업,16800,119.0,1999200.0,16440.0,18480.0,20230511,214333761600,0.5600400423944479,1.2096165444676321,24.0,0.12408745298134338
20230306,2023,215600,신라젠,자연과학및공학연구개발업,5920,337.0,1995040.0,5369.0,5833.0,20230508,608973380000,0.5394852703119098,1.208232155910196,25.0,0.0863819979843563
20230306,2023,073490,LIG아큐버,통신및방송장비제조업,30750,65.0,1998750.0,30544.0,27035.0,20230510,233818264500,0.5383067452387755,1.200608352039253,26.0,-0.1148758432744339
20230306,2023,214150,클래시스,의료용기기제조업,19900,100.0,1990000.0,19626.0,23725.0,20230508,1289056369800,0.5177954620552971,1.1792808487456106,27.0,0.2088947696838428
20230306,2023,011700,한신기계,일반목적용기계제조업,6430,311.0,1999730.0,6373.0,,,208628750930,0.5301732618188,1.1785912883465048,28.0,-0.00795571797350536
20230306,2023,357780,솔브레인,기타화학제품제조업,234500,8.0,1876000.0,231392.0,224899.0,20230508,1824073727000,0.5460473837381554,1.174059346417116,29.0,-0.028058483453065386
20230306,2023,006120,SK디스커버리,기타금융업,32250,62.0,1999500.0,33016.0,34022.0,20230508,613970823750,0.531973850479676,1.1591865226802307,30.0,0.0304635966628215
20230306,2023,091700,파트론,전자부품제조업,8270,241.0,1993070.0,8274.0,8216.0,20230508,487253629780,0.5373331196646723,1.1516098999607325,31.0,-0.006974507427973675
20230306,2023,117580,대성에너지,연료용가스제조및배관공급업,9420,212.0,1997040.0,9404.0,8562.0,20230508,259050000000,0.5050835781215508,1.1480107528276968,32.0,-0.08954484307555532
20230306,2023,092040,아미코젠,기타식품제조업,18600,107.0,1990200.0,8690.0,8704.0,20230508,367437568800,0.5291101873160422,1.1368662429073826,33.0,0.0015926349319477229
20230306,2023,051370,인터플렉스,전자부품제조업,10780,185.0,1994300.0,10703.0,11600.0,20230526,251470148160,0.5367494650343309,1.1319158956394269,34.0,0.08381802923274684
20230306,2023,023530,롯데쇼핑,종합소매업,87200,22.0,1918400.0,86748.0,81254.0,20230508,2466779436000,0.500806370953979,1.1318568999723122,35.0,-0.06333199672049672
20230306,2023,183190,아세아시멘트,"시멘트,석회,플라스터및그제품제조업",9200,217.0,1996400.0,9200.0,10949.0,20230525,358414428000,0.5230846507133351,1.129730898523269,36.0,0.19018434316443766
20230306,2023,112610,씨에스윈드,"구조용금속제품,탱크및증기발생기제조업",71500,27.0,1930500.0,76379.0,72986.0,20230508,3015255314500,0.5149335462338869,1.1244772355565273,37.0,-0.04442997996568365
20230306,2023,041960,코미팜,의약품제조업,6670,299.0,1994330.0,6063.0,7046.0,20230508,428119792920,0.5330836571509632,1.1111066422584568,38.0,0.16206154721200816
20230306,2023,028260,삼성물산,기타전문도매업,112000,17.0,1904000.0,110654.0,110736.0,20230508,20931353072000,0.5233746650670805,1.1107553954907856,39.0,0.000736803116251572
20230306,2023,138580,비즈니스온,소프트웨어개발및공급업,9350,213.0,1991550.0,9288.0,11280.0,20230912,210900124050,0.5470531071232638,1.10599057705895,40.0,0.21443982378534
20230306,2023,061970,LB세미콘,반도체제조업,7410,269.0,1993290.0,7294.0,7835.0,20230508,324443826720,0.5584529678477221,1.0961923580898023,42.0,0.0742053128092659
20230306,2023,032500,케이엠더블유,통신및방송장비제조업,24050,83.0,1996150.0,24325.0,18928.0,20230508,957692236150,0.535257355982967,1.0406240178177546,50.0,-0.2218726695595602
20230306,2023,033640,네패스,반도체제조업,17640,113.0,1993320.0,17155.0,20418.0,20230508,406764323280,0.5554362907165751,1.0322434860706236,52.0,0.19022754758447635
20230306,2023,001390,KG케미칼,기초화학물질제조업,25650,77.0,1975050.0,6664.0,7275.0,20230508,355665362400,0.5410721325354861,1.0022431138974779,57.0,0.09169576599730878
20230306,2023,010690,화신,자동차신품부품제조업,9900,202.0,1999800.0,9774.0,14157.0,20230508,345712059000,0.5211563392465248,0.9820909889726153,61.0,0.44837371328330833
20230306,2023,235980,메드팩토,자연과학및공학연구개발업,19540,102.0,1993080.0,17167.0,19828.0,20230508,411916780300,0.5318634366460993,0.9783033259626939,62.0,0.15497208324522882
20230306,2023,086390,유니테스트,특수목적용기계제조업,11960,167.0,1997320.0,11848.0,13288.0,20230508,252764146960,0.5506952096784921,0.9730899451152971,63.0,0.12155366319411876
20230306,2023,004430,송원산업,기타화학제품제조업,20000,100.0,2000000.0,20236.0,16957.0,20230508,480000000000,0.5359446098705469,0.884563375619057,72.0,-0.16203387171029793
20230306,2023,011070,LG이노텍,전자부품제조업,281500,7.0,1970500.0,279093.0,273576.0,20230508,6662290620500,0.5274238279368888,0.8172449794016965,81.0,-0.0197685406836563
20230306,2023,084370,유진테크,특수목적용기계제조업,26800,74.0,1983200.0,26494.0,28950.0,20230508,614149925600,0.5423870400385025,0.762802273680181,87.0,0.09267881347527074
20230504,2023,041830,인바디,의료용기기제조업,29100,68.0,1978800.0,28693.0,27646.0,20230710,398198056200,0.5327836134974866,2.010825790996344,1.0,-0.036479668018006284
20230504,2023,425040,티이엠씨,기초화학물질제조업,37800,52.0,1965600.0,19720.0,24547.0,20230707,401553709200,0.5521136238149498,1.779970444456592,2.0,0.24478596625528892
20230504,2023,297890,HB솔루션,특수목적용기계제조업,14160,141.0,1996560.0,3589.0,5631.0,20240115,236756516880,0.5655654574119136,1.6173042440926693,3.0,0.569229733463807
20230504,2023,095700,제넥신,자연과학및공학연구개발업,12560,159.0,1997040.0,12715.0,9362.0,20230707,506378367440,0.5451799467270178,1.575162666333025,4.0,-0.26373383028495734
20230504,2023,064260,다날,소프트웨어개발및공급업,4115,486.0,1999890.0,4223.0,3754.0,20230707,283725299600,0.5768402522135779,1.5521388544326535,5.0,-0.11100150993868718
20230504,2023,084990,헬릭스미스,자연과학및공학연구개발업,8800,227.0,1997600.0,8852.0,5959.0,20230707,366049455200,0.5440923772374842,1.5429530513908782,6.0,-0.32681003123784425
20230504,2023,256840,한국비엔씨,기초의약물질제조업,3940,507.0,1997580.0,3946.0,3333.0,20230707,266275002720,0.567420902379294,1.5419689075914076,7.0,-0.15548817075739307
20230504,2023,102710,이엔에프테크놀로지,기타화학제품제조업,20750,96.0,1992000.0,21155.0,24859.0,20230707,296472597000,0.559917450766735,1.5262000265335565,8.0,0.1751056868720764
20230504,2023,032500,케이엠더블유,통신및방송장비제조업,18850,106.0,1998100.0,18928.0,13484.0,20230707,750623644550,0.5477717923091875,1.5234199844946794,9.0,-0.287652246389697
20230504,2023,089030,테크윙,특수목적용기계제조업,6880,290.0,1995200.0,7077.0,8134.0,20230707,256993077600,0.5606315189459814,1.4771604097362807,10.0,0.14935319833727312
20230504,2023,371950,풍원정밀,전자부품제조업,11050,180.0,1989000.0,11220.0,10068.0,20240510,232497392400,0.5518153846282867,1.4498299949522837,11.0,-0.10272164800564787
20230504,2023,004250,NPC,플라스틱제품제조업,6460,309.0,1996140.0,6495.0,6605.0,20230712,237211200000,0.5615160160518775,1.4485784757728157,12.0,0.01700606362475665
20230504,2023,183300,코미코,특수목적용기계제조업,43350,46.0,1994100.0,44576.0,56833.0,20230707,434386377450,0.5588773400928195,1.4273346260694488,13.0,0.27497721131796027
20230504,2023,023530,롯데쇼핑,종합소매업,79600,25.0,1990000.0,81254.0,65776.0,20230707,2251784898000,0.5109023583363278,1.406206663448473,14.0,-0.19049128533025217
20230504,2023,009900,명신산업,자동차신품부품제조업,17850,112.0,1999200.0,18421.0,22948.0,20230707,936591874050,0.5445833399646953,1.4051407725339153,15.0,0.24576941677152675
20230504,2023,061970,LB세미콘,반도체제조업,7600,263.0,1998800.0,7835.0,7877.0,20230707,332762899200,0.5558102977919206,1.399507131417293,16.0,0.0053181476498276314
20230504,2023,083450,GST,특수목적용기계제조업,23650,84.0,1986600.0,11979.0,14133.0,20230707,220364669250,0.5556712649244613,1.3362691070260042,17.0,0.17982868356918646
20230504,2023,006120,SK디스커버리,기타금융업,33100,60.0,1986000.0,34022.0,34422.0,20230707,630153000500,0.5299468234650819,1.311829757440234,18.0,0.011773184840444761
20230504,2023,102460,이연제약,의약품제조업,18820,106.0,1994920.0,18715.0,16293.0,20241031,338733219140,0.5416634167435226,1.3078336336011045,19.0,-0.12940636877091283
20230504,2023,002150,도화엔지니어링,"건축기술,엔지니어링및관련기술서비스업",8400,238.0,1999200.0,8580.0,7997.0,20231107,283248000000,0.5570239571489433,1.305636137593541,20.0,-0.06792927472494925
20230504,2023,145720,덴티움,의료용기기제조업,156800,12.0,1881600.0,149493.0,105602.0,20231012,1735592544000,0.5221202449463678,1.3004351578121858,21.0,-0.29359929956337605
20230504,2023,086450,동국제약,의약품제조업,15340,130.0,1994200.0,15478.0,13244.0,20230707,682016400000,0.5412654285027396,1.2933617248961302,22.0,-0.14434661554069084
20230504,2023,006400,삼성SDI,일차전지및이차전지제조업,684000,2.0,1368000.0,669738.0,682276.0,20230707,47034938520000,0.5340621377872885,1.2932126011244793,23.0,0.01872072560037541
20230504,2023,289220,자이언트스텝,"영화,비디오물,방송프로그램제작및배급업",17910,111.0,1988010.0,18174.0,13883.0,20230707,396200452950,0.5351050039672764,1.2899360428958444,24.0,-0.23611798341039836
20230504,2023,054210,이랜텍,전자부품제조업,12470,160.0,1995200.0,12429.0,11702.0,20230707,315381388700,0.5471017067249214,1.2792516647998797,25.0,-0.05853635471164942
20230504,2023,007810,코리아써키트,전자부품제조업,13900,143.0,1987700.0,14265.0,16405.0,20230707,328328438900,0.5452409784151371,1.2119157257609154,26.0,0.15001649663234717
20230504,2023,353200,대덕전자,전자부품제조업,20900,95.0,1985500.0,20864.0,30771.0,20230707,1032813732500,0.5450826627207166,1.2061866056672654,27.0,0.47485716888416674
20230504,2023,005850,에스엘,자동차신품부품제조업,30550,65.0,1985750.0,30705.0,40594.0,20230707,1419002286000,0.5385579709996016,1.1983899875245931,28.0,0.3220762429107309
20230504,2023,090430,아모레퍼시픽,기타화학제품제조업,115700,17.0,1966900.0,116259.0,94769.0,20230707,6767612216300,0.5476729987604515,1.19585905166283,29.0,-0.18484822702137949
20230504,2023,077360,덕산하이메탈,반도체제조업,5650,353.0,1994450.0,5769.0,4716.0,20250808,256719061300,0.5480515626506135,1.1855503145739226,30.0,-0.18253619350818096
20230504,2023,018880,한온시스템,일반목적용기계제조업,9330,214.0,1996620.0,8819.0,8382.0,20230707,4980354000000,0.532515674822813,1.1806883711159784,31.0,-0.04946744063431774
20230504,2023,003000,부광약품,의약품제조업,8010,249.0,1994490.0,7335.0,7127.0,20240116,569215022490,0.5379050427570392,1.1711691806400468,32.0,-0.028348928791198658
20230504,2023,086390,유니테스트,특수목적용기계제조업,13040,153.0,1995120.0,13288.0,14159.0,20230707,275589003040,0.5496945255987667,1.166505505020238,33.0,0.0656099504355756
20230504,2023,377740,바이오노트,의료용품및기타의약관련제품제조업,6250,320.0,2000000.0,6002.0,4941.0,20230707,637350300000,0.5382884934080934,1.15650194349734,34.0,-0.17676248889558843
20230504,2023,001120,LX인터내셔널,상품중개업,30900,64.0,1977600.0,30976.0,34730.0,20230707,1197684000000,0.5258582643005942,1.1443921584297316,35.0,0.12118464910158822
20230504,2023,035600,KG이니시스,소프트웨어개발및공급업,11820,169.0,1997580.0,11994.0,11502.0,20230707,329830409880,0.5588244859468131,1.1249960707864732,36.0,-0.04102622555633306
20230504,2023,030200,KT,전기통신업,30450,65.0,1979250.0,30721.0,29266.0,20230707,7950854553600,0.5066593354541857,1.1214817307656755,37.0,-0.04735859931702335
20230504,2023,093370,후성,기초화학물질제조업,13670,146.0,1995820.0,13339.0,12207.0,20230707,1289793261680,0.5289126483795955,1.1120715616813353,38.0,-0.08485922505084997
20230504,2023,047810,한국항공우주,"항공기,우주선및부품제조업",53100,37.0,1964700.0,54500.0,86867.0,20250709,5175928181700,0.49868315207333347,1.1097451102800613,39.0,0.5938689969766473
20230504,2023,357780,솔브레인,기타화학제품제조업,219500,9.0,1975500.0,224899.0,239875.0,20230707,1707395237000,0.544380076637833,1.1070198693457336,40.0,0.06658981382718565
20230504,2023,336570,원텍,의료용기기제조업,6690,298.0,1993620.0,6695.0,10519.0,20230707,589883491350,0.5191946961959732,1.1055359175542063,41.0,0.5712898896942045
20230504,2023,033640,네패스,반도체제조업,19570,102.0,1996140.0,20418.0,19422.0,20230707,451268583140,0.5449541798222224,1.1001361125889024,42.0,-0.048800409977626025
20230504,2023,003570,SNT다이내믹스,자동차신품부품제조업,9350,213.0,1991550.0,9452.0,13118.0,20231031,310912716950,0.535185757487863,1.0826779382193867,43.0,0.3879567007921425
20230504,2023,101160,월덱스,전자부품제조업,21450,93.0,1994850.0,21659.0,25461.0,20230707,354160799850,0.5415622622223459,1.0787905360183332,44.0,0.1755084991386655
20230504,2023,011070,LG이노텍,전자부품제조업,259500,7.0,1816500.0,273576.0,299038.0,20230707,6141614266500,0.539727122123395,1.0123805818186042,56.0,0.09307316827449319
20230504,2023,222800,심텍,전자부품제조업,27650,72.0,1990800.0,27807.0,32713.0,20230707,880767053950,0.5390573806068435,0.9881440107441286,58.0,0.17642356657200042
20230504,2023,053030,바이넥스,의약품제조업,10200,196.0,1999200.0,10768.0,9757.0,20230707,323962689600,0.5324805202739161,0.9739191463440641,61.0,-0.09390348020431172
20230504,2023,119860,커넥트웨이브,소프트웨어개발및공급업,14170,141.0,1997970.0,14399.0,12156.0,20230721,682894413240,0.5519435637212847,0.96185361933898,64.0,-0.15577089169586544
20230504,2023,095610,테스,특수목적용기계제조업,21250,94.0,1997500.0,21683.0,19881.0,20230707,420074802500,0.5402080438055741,0.8970510028553199,76.0,-0.0831161605422589
20230504,2023,030520,한글과컴퓨터,소프트웨어개발및공급업,13890,143.0,1986270.0,14276.0,11978.0,20230707,355712260260,0.548411849270696,0.8781188328674846,82.0,-0.16097601914700754
20230706,2023,084990,헬릭스미스,자연과학및공학연구개발업,6080,328.0,1994240.0,5959.0,4958.0,20230906,252906896320,0.5769574660777574,2.424759062210744,1.0,-0.1680272208157284
20230706,2023,036200,유니셈,특수목적용기계제조업,8320,240.0,1996800.0,8210.0,10302.0,20240607,255126335360,0.5751751215409243,2.0011310731277865,2.0,0.25475016854373944
20230706,2023,190510,나무가,전자부품제조업,14830,134.0,1987220.0,14410.0,13692.0,20230906,241022854720,0.5501289867989458,1.9794188082153088,3.0,-0.04979851185016648
20230706,2023,950130,엑세스바이오,의료용품및기타의약관련제품제조업,7710,259.0,1996890.0,6492.0,7187.0,20230906,279992713170,0.5510876487253176,1.6773266548752852,4.0,0.10706271057152228
20230706,2023,032500,케이엠더블유,통신및방송장비제조업,13680,146.0,1997280.0,13484.0,10868.0,20230906,544749679440,0.538360699420716,1.6690917734783148,5.0,-0.1939839309731528
20230706,2023,071970,HD현대마린엔진,일반목적용기계제조업,7890,253.0,1996170.0,7913.0,11363.0,20231206,225280558410,0.5364406052733434,1.628514758165518,6.0,0.4359836100296337
20230706,2023,100120,뷰웍스,의료용기기제조업,34750,57.0,1980750.0,34053.0,20798.0,20241211,347564808750,0.5297604752775678,1.5707640326527956,7.0,-0.3892470575353538
20230706,2023,054210,이랜텍,전자부품제조업,11990,166.0,1990340.0,11702.0,11463.0,20230906,303241607900,0.5414709167062489,1.5544015833888298,8.0,-0.02038510809313354
20230706,2023,036810,에프에스티,전자부품제조업,18770,106.0,1989620.0,18381.0,21036.0,20230906,408374929530,0.541217206514171,1.5419471679599128,9.0,0.1444215933215367
20230706,2023,254490,미래반도체,기타전문도매업,24650,81.0,1996650.0,24420.0,23768.0,20230906,355896700000,0.5319506348662244,1.4774896567612945,10.0,-0.02671206586652719
20230706,2023,056080,유진로봇,특수목적용기계제조업,5520,362.0,1998240.0,5505.0,13488.0,20230913,207067079040,0.5574892826656197,1.4743899328855243,11.0,1.4503290803261777
20230706,2023,214680,디알텍,의료용기기제조업,3290,607.0,1997030.0,3254.0,3433.0,20240430,212367753010,0.5263392289723783,1.457282044119519,12.0,0.055102240159904836
20230706,2023,304100,솔트룩스,소프트웨어개발및공급업,21150,94.0,1988100.0,20955.0,44305.0,20230906,237104591850,0.5712968652836223,1.412359740903832,13.0,1.114238992778251
20230706,2023,061970,LB세미콘,반도체제조업,8150,245.0,1996750.0,7877.0,6949.0,20230906,356844424800,0.5290595530831188,1.392555636723185,14.0,-0.11782211119296182
20230706,2023,086390,유니테스트,특수목적용기계제조업,14270,140.0,1997800.0,14159.0,11601.0,20231206,301583978020,0.553842319173226,1.3657716353905878,15.0,-0.1806772818960698
20230706,2023,016710,대성홀딩스,회사본부및경영컨설팅서비스업,14320,139.0,1990480.0,14163.0,,,230401052880,0.5736636369945549,1.3584821707360197,16.0,-0.10707815377580876
20230706,2023,249420,일동제약,의약품제조업,14870,134.0,1992580.0,14572.0,20620.0,20230906,398564847950,0.545821694730124,1.349945743209733,17.0,0.4150626408013196
20230706,2023,004250,NPC,플라스틱제품제조업,6570,304.0,1997280.0,6555.0,5682.0,20231222,241250400000,0.57133906879992,1.3496845265829294,18.0,-0.13323810845156536
20230706,2023,256840,한국비엔씨,기초의약물질제조업,3405,587.0,1998735.0,3333.0,4582.0,20230907,231241868415,0.5424110635793331,1.3051292177948421,19.0,0.3748370838491326
20230706,2023,041830,인바디,의료용기기제조업,29200,68.0,1985600.0,28245.0,25151.0,20230911,399566434400,0.5207631946103493,1.27232620899794,20.0,-0.10954906675902887
20230706,2023,064260,다날,소프트웨어개발및공급업,3900,512.0,1996800.0,3754.0,3785.0,20230906,268901256000,0.5644195337693028,1.2513807539540336,21.0,0.008155290110525737
20230706,2023,289220,자이언트스텝,"영화,비디오물,방송프로그램제작및배급업",14140,141.0,1993740.0,13883.0,12454.0,20230906,312801474300,0.5611692074611291,1.2501203960283933,22.0,-0.10290681310083338
20230706,2023,006040,동원산업,기타금융업,36500,54.0,1971000.0,32762.0,30995.0,20230906,1824367272500,0.5305219408155752,1.2380844010702199,23.0,-0.05394379929745696
20230706,2023,048530,인트론바이오,기초의약물질제조업,6080,328.0,1994240.0,5989.0,7102.0,20231013,207636632960,0.5392755855065154,1.2263661323255652,24.0,0.185728592660249
20230706,2023,068240,다원시스,"전동기,발전기및전기변환ㆍ공급ㆍ제어장치제조업",13040,153.0,1995120.0,12692.0,14428.0,20230906,446795218480,0.5550583726183042,1.2132818848000813,25.0,0.1367955464652577
20230706,2023,118990,모트렉스,자동차신품부품제조업,18900,105.0,1984500.0,18257.0,18558.0,20230906,462964950000,0.5510356807912853,1.2132377326812542,26.0,0.016503251353724213
20230706,2023,003090,대웅,의약품제조업,12160,164.0,1994240.0,12062.0,14604.0,20230912,707006476800,0.5410490583535448,1.195411451600856,27.0,0.21071006066285602
20230706,2023,097950,CJ제일제당,도시락및식사용조리식품제조업,267500,7.0,1872500.0,263972.0,297461.0,20230906,4026994755000,0.5344471501367456,1.1939248557701063,28.0,0.12686602114197254
20230706,2023,091810,트리니티항공,항공여객운송업,3170,630.0,1997100.0,2948.0,2581.0,20230906,636445816670,0.5000249842584028,1.1863531101003932,29.0,-0.12439055859500892
20230706,2023,043370,피에이치에이,자동차신품부품제조업,11350,176.0,1997600.0,10792.0,11596.0,20240305,238350000000,0.549622329214231,1.1859016053377667,30.0,0.0745277389856358
20230706,2023,093320,케이아이엔엑스,"자료처리,호스팅,포털및기타인터넷정보매개서비스업",63900,31.0,1980900.0,63462.0,68448.0,20230906,311832000000,0.5375828958260307,1.151701426888157,31.0,0.07856514139124204
20230706,2023,041510,에스엠,오디오물출판및원판녹음업,106700,18.0,1920600.0,105526.0,139052.0,20230906,2542757136700,0.488316911969986,1.146916160105717,32.0,0.3177122160535639
20230706,2023,025770,한국정보통신,전기통신업,9150,218.0,1994700.0,8871.0,10040.0,20250701,342615079650,0.536439272657294,1.145975590705899,33.0,0.1317345106576131
20230706,2023,005010,휴스틸,1차철강제조업,6160,324.0,1995840.0,6015.0,4890.0,20230906,346118542000,0.5379939223942126,1.1416886490291054,34.0,-0.18702599756501614
20230706,2023,243840,신흥에스이씨,일차전지및이차전지제조업,47100,42.0,1978200.0,9398.0,9719.0,20230906,365648085900,0.5425987739092841,1.1416065799191335,35.0,0.03420130332178051
20230706,2023,030530,원익홀딩스,특수목적용기계제조업,3740,534.0,1997160.0,3523.0,4148.0,20240222,288870048940,0.5462553159362507,1.1398062873942063,36.0,0.1774430253213508
20230706,2023,090430,아모레퍼시픽,기타화학제품제조업,95000,21.0,1995000.0,94769.0,131587.0,20230906,5556812105000,0.5471109578826777,1.1336519247385812,37.0,0.3885021955820056
20230706,2023,078930,GS,기타금융업,35000,57.0,1995000.0,35073.0,39374.0,20230906,3252038230000,0.5280438531706185,1.1158493109257692,38.0,0.12263613456381539
20230706,2023,200130,콜마비앤에이치,기초의약물질제조업,18210,109.0,1984890.0,18051.0,17558.0,20230906,537988191180,0.5348380979529663,1.1148966200750914,39.0,-0.02728360526352036
20230706,2023,018880,한온시스템,일반목적용기계제조업,9240,216.0,1995840.0,8382.0,8449.0,20230906,4932312000000,0.5242805897254352,1.1109369149692627,40.0,0.007906319424733965
20230706,2023,100130,동국S&C,"구조용금속제품,탱크및증기발생기제조업",4045,494.0,1998230.0,3976.0,,,231143435000,0.5255851554751412,1.0977458750153766,41.0,-0.13106150465324184
20230706,2023,093520,매커스,기계장비및관련물품도매업,14050,142.0,1995100.0,13559.0,15003.0,20250703,227091442600,0.5755893286028153,1.0708224453289579,42.0,0.10652482040708411
20230706,2023,006400,삼성SDI,일차전지및이차전지제조업,703000,2.0,1406000.0,682276.0,590400.0,20230906,48341464590000,0.5396697686874912,1.0689419212225895,43.0,-0.13466005292835936
20230706,2023,051910,LG화학,기초화학물질제조업,664000,3.0,1992000.0,656067.0,585073.0,20230906,46873315752000,0.5555058683591729,1.0671445407810507,44.0,-0.10821109799396811
20230706,2023,139990,아주스틸,1차철강제조업,9390,212.0,1990680.0,9351.0,,,248386054710,0.5347180761334409,1.064797654228338,45.0,-0.1171970522246395
20230706,2023,009900,명신산업,자동차신품부품제조업,24950,80.0,1996000.0,22948.0,20248.0,20230906,1309129818350,0.5410601090499408,1.0202967094619328,52.0,-0.11768687081325546
20230706,2023,053030,바이넥스,의약품제조업,9880,202.0,1995760.0,9757.0,8851.0,20230906,313799154240,0.5354989908398605,1.015704538286128,53.0,-0.0929105082905557
20230706,2023,086450,동국제약,의약품제조업,13280,150.0,1992000.0,13244.0,13711.0,20230906,590428800000,0.5349298430297815,0.997275970360251,58.0,0.03526588002197162
20230706,2023,357780,솔브레인,기타화학제품제조업,245500,8.0,1964000.0,239875.0,231865.0,20230906,1909637953000,0.5421127301664848,0.9966553620467898,59.0,-0.03339335175037783
20230706,2023,093370,후성,기초화학물질제조업,12650,158.0,1998700.0,12207.0,11603.0,20230906,1193554115600,0.5459972853200588,0.8717049338454884,74.0,-0.04951852283597402
20230905,2023,145720,덴티움,의료용기기제조업,123800,16.0,1980800.0,123020.0,122015.0,20231110,1370321154000,0.5695483983080256,1.9529148017638962,1.0,-0.008170156724516042
20230905,2023,950130,엑세스바이오,의료용품및기타의약관련제품제조업,8210,243.0,1995030.0,7187.0,8222.0,20231110,298150476670,0.5579208994220279,1.6710594519353033,2.0,0.14407292376480352
20230905,2023,091580,상신이디피,일차전지및이차전지제조업,17270,115.0,1986050.0,16952.0,16901.0,20231116,235359342130,0.5686165025645205,1.5225679646732262,3.0,-0.0029918690408333726
20230905,2023,007700,F&F홀딩스,기타금융업,16770,119.0,1995630.0,16898.0,14617.0,20240724,655947934590,0.55106369373112,1.5006499670984406,4.0,-0.1350002441724626
20230905,2023,033640,네패스,반도체제조업,19000,105.0,1995000.0,18835.0,17775.0,20231110,438124838000,0.5629252203195505,1.4672555604275694,5.0,-0.056280513501832496
20230905,2023,007810,코리아써키트,전자부품제조업,16900,118.0,1994200.0,16501.0,14522.0,20231110,399190691900,0.5634001079215603,1.4278146799873945,6.0,-0.11994043605103655
20230905,2023,950140,잉글우드랩,기타화학제품제조업,11880,168.0,1995840.0,12371.0,14303.0,20231110,236030248080,0.5444273710686145,1.4117240845227714,7.0,0.1561516137549983
20230905,2023,251270,넷마블,소프트웨어개발및공급업,43300,46.0,1991800.0,43030.0,47021.0,20231110,3721786636600,0.5709123923160055,1.3931501795493655,8.0,0.09273531035703253
20230905,2023,089010,켐트로닉스,기타화학제품제조업,22400,89.0,1993600.0,21900.0,23196.0,20231110,339756032000,0.5420219119216749,1.341775717926073,9.0,0.05917658844630447
20230905,2023,064260,다날,소프트웨어개발및공급업,3770,530.0,1998100.0,3785.0,3995.0,20231110,259937880800,0.5679060076762207,1.3219266199498245,10.0,0.05552188833309213
20230905,2023,001530,DI동일,상품중개업,23650,84.0,1986600.0,21599.0,27732.0,20231110,615862011050,0.5349977340040497,1.3070370836002532,11.0,0.2839336619010029
20230905,2023,218410,RFHIC,통신및방송장비제조업,17310,115.0,1990650.0,17030.0,14789.0,20231110,463673172540,0.5492933426480326,1.306701766538082,12.0,-0.13160532160356087
20230905,2023,259630,엠플러스,특수목적용기계제조업,16840,118.0,1987120.0,19308.0,,,206835649680,0.5507093526054045,1.2980397591025477,13.0,-0.02664035253114272
20230905,2023,005010,휴스틸,1차철강제조업,4940,404.0,1995760.0,4890.0,4555.0,20231110,277569090500,0.5504403487827814,1.2854928863043813,14.0,-0.0684950288801508
20230905,2023,278650,HLB바이오스텝,자연과학및공학연구개발업,2985,670.0,1999950.0,3087.0,2671.0,20231121,234622014900,0.5646663241812926,1.2720814464719925,15.0,-0.13478858628153312
20230905,2023,322310,오로스테크놀로지,특수목적용기계제조업,23800,84.0,1999200.0,23318.0,27718.0,20240115,222923699600,0.5492319391334948,1.2594641682442105,16.0,0.18871579178571207
20230905,2023,000880,한화,기타화학제품제조업,25300,79.0,1998700.0,25062.0,24205.0,20231110,1896455995500,0.5390741831456747,1.2560586882630944,17.0,-0.034195615746068886
20230905,2023,441270,파인엠텍,전자부품제조업,8210,243.0,1995030.0,8269.0,7958.0,20231110,299015646470,0.5568152202042866,1.235456852195288,18.0,-0.03759445541044837
20230905,2023,041830,인바디,의료용기기제조업,25900,77.0,1994300.0,25751.0,26102.0,20240126,354409953800,0.5399526613058713,1.2128208099076117,19.0,0.013643466761198209
20230905,2023,182360,큐브엔터,오디오물출판및원판녹음업,18930,105.0,1987650.0,18777.0,15414.0,20231115,261322724910,0.5288481316837133,1.2090632837572008,20.0,-0.17911751129876863
20230905,2023,061970,LB세미콘,반도체제조업,7140,280.0,1999200.0,6949.0,6529.0,20231110,312621986880,0.5554663564083324,1.1954804105145806,21.0,-0.060429450457284206
20230905,2023,065510,휴비츠,의료용기기제조업,21700,92.0,1996400.0,19943.0,19490.0,20240111,263359250700,0.5389191626602323,1.186976339868791,22.0,-0.02272534919463276
20230905,2023,053030,바이넥스,의약품제조업,8920,224.0,1998080.0,8851.0,7900.0,20231110,283308548160,0.5441535302697982,1.1846207673787894,23.0,-0.10738477191370921
20230905,2023,018260,삼성에스디에스,"컴퓨터프로그래밍,시스템통합및관리업",144100,13.0,1873300.0,150478.0,144161.0,20231110,11150140980000,0.5196289280911497,1.1840650997783992,24.0,-0.04197867210723727
20230905,2023,319400,현대무벡스,일반목적용기계제조업,3740,534.0,1997160.0,3785.0,3175.0,20231110,439214649280,0.5347526906905321,1.1730586536269527,25.0,-0.16111287611755176
20230905,2023,298380,에이비엘바이오,기초의약물질제조업,17910,111.0,1988010.0,18025.0,18997.0,20231110,857038973490,0.5520614231384295,1.1720991725533454,26.0,0.05395930490864931
20230905,2023,016580,환인제약,의약품제조업,13880,144.0,1998720.0,14081.0,11994.0,20250731,258168971600,0.5436836770007998,1.1713236061291377,27.0,-0.14824748361840023
20230905,2023,000670,영풍,1차비철금속제조업,555000,3.0,1665000.0,51533.0,47946.0,20240215,1022332200000,0.537536350432172,1.1708352763528038,28.0,-0.06961226402082277
20230905,2023,101670,하이드로리튬,"구조용금속제품,탱크및증기발생기제조업",19500,102.0,1989000.0,18644.0,11322.0,20231110,435500344500,0.5505427922016106,1.1546885804861244,29.0,-0.39268511647543225
20230905,2023,033240,자화전자,전자부품제조업,27750,72.0,1998000.0,27223.0,24276.0,20231110,611783881500,0.5539004639766651,1.1503109544120944,30.0,-0.10827194062531798
20230905,2023,010780,아이에스동서,"시멘트,석회,플라스터및그제품제조업",31700,63.0,1997100.0,31359.0,27914.0,20231110,979295610200,0.5212337359254455,1.1477292834470685,31.0,-0.10985782700910085
20230905,2023,089980,상아프론테크,플라스틱제품제조업,23900,83.0,1983700.0,23252.0,18383.0,20231110,382137984300,0.5399317263706158,1.1383652670059161,32.0,-0.20942491638977867
20230905,2023,298020,효성티앤씨,화학섬유제조업,367500,5.0,1837500.0,361282.0,364263.0,20231110,1590423135000,0.5306884412447475,1.1168520667357982,33.0,0.008252834197641334
20230905,2023,052690,한전기술,"건축기술,엔지니어링및관련기술서비스업",64000,31.0,1984000.0,63194.0,53987.0,20231110,2446080000000,0.5288057750371673,1.1153998398944653,34.0,-0.14568860204924827
20230905,2023,294570,쿠콘,소프트웨어개발및공급업,22100,90.0,1989000.0,21107.0,19707.0,20240214,226628538500,0.5591246492048157,1.1138894978276863,35.0,-0.06632353689599135
20230905,2023,102710,이엔에프테크놀로지,기타화학제품제조업,22050,90.0,1984500.0,21304.0,27162.0,20240109,315046783800,0.5340327063745975,1.1094575431882734,36.0,0.27495585511275
20230905,2023,118990,모트렉스,자동차신품부품제조업,18680,107.0,1998760.0,18558.0,14998.0,20231110,457575940000,0.5213800829449623,1.09585694712125,37.0,-0.19181211687832433
20230905,2023,101490,에스앤에스텍,전자부품제조업,48950,40.0,1958000.0,48815.0,45865.0,20231110,1050048330650,0.5519592200355075,1.0936033105207437,38.0,-0.060430602991614624
20230905,2023,289220,자이언트스텝,"영화,비디오물,방송프로그램제작및배급업",12680,157.0,1990760.0,12454.0,11527.0,20231205,280503726600,0.5556682882604831,1.0857052850068327,39.0,-0.07445546379146883
20230905,2023,215600,신라젠,자연과학및공학연구개발업,4935,405.0,1998675.0,4503.0,4202.0,20231110,507649261875,0.5561387887005818,1.0792357420217125,40.0,-0.0667983547370864
20230905,2023,249420,일동제약,의약품제조업,15880,125.0,1985000.0,20620.0,16131.0,20231110,429603672640,0.5396486629089343,1.0571300130132948,47.0,-0.21769065580900981
20230905,2023,025770,한국정보통신,전기통신업,9490,210.0,1992900.0,9292.0,,,355346131790,0.5022843009818851,1.0509598535012503,49.0,-0.0715501859522526
20230905,2023,084990,헬릭스미스,자연과학및공학연구개발업,4985,401.0,1998985.0,4958.0,4627.0,20240216,207358697065,0.5493733444119793,0.9262387978628928,64.0,-0.06677390062002697
20230905,2023,200130,콜마비앤에이치,기초의약물질제조업,17940,111.0,1991340.0,17558.0,16350.0,20231110,530011430520,0.5393601630542024,0.8990007267780413,69.0,-0.06882012074015531
20230905,2023,357780,솔브레인,기타화학제품제조업,236500,8.0,1892000.0,231865.0,249829.0,20231110,1839630859000,0.5266736774482318,0.8954642796601644,70.0,0.07747764924718803
20230905,2023,093370,후성,기초화학물질제조업,11960,167.0,1997320.0,11603.0,10495.0,20231110,1128451163840,0.5430254040213509,0.8860491849027405,72.0,-0.09550099553184543
20230905,2023,006040,동원산업,기타금융업,34350,58.0,1992300.0,30995.0,27994.0,20231117,1596679542750,0.5288671130187188,0.8591253870488936,73.0,-0.09681923166459327
20230905,2023,006400,삼성SDI,일차전지및이차전지제조업,616000,3.0,1848000.0,590400.0,411254.0,20231110,42358950480000,0.529748256099323,0.8226170055221207,83.0,-0.30343121255862415
20230905,2023,041510,에스엠,오디오물출판및원판녹음업,132500,15.0,1987500.0,139052.0,103015.0,20231110,3157594382500,0.5181113542191101,0.786853523113121,88.0,-0.25916285816026374
20230905,2023,003090,대웅,의약품제조업,13610,146.0,1987060.0,13175.0,15745.0,20231110,791312347800,0.5300733536449318,0.7861423670825842,89.0,0.1950997602767075
20231109,2023,281740,레이크머티리얼즈,기타화학제품제조업,11560,173.0,1999880.0,11408.0,19034.0,20240112,759845134880,0.5649620982676173,1.9898876515605888,1.0,0.668471437563996
20231109,2023,002900,TYM,특수목적용기계제조업,5170,386.0,1995620.0,5139.0,6009.0,20240119,232913442520,0.5805600475601786,1.9166950216339191,2.0,0.1692889120306591
20231109,2023,091580,상신이디피,일차전지및이차전지제조업,15490,129.0,1998210.0,15013.0,15077.0,20240112,211101112310,0.5539626004945655,1.7868244673449492,3.0,0.004273814802495224
20231109,2023,282330,BGF리테일,종합소매업,147000,13.0,1911000.0,145141.0,140725.0,20240112,2540734182000,0.4980537526607306,1.7685174030834254,4.0,-0.030431937486153915
20231109,2023,218410,RFHIC,통신및방송장비제조업,15150,132.0,1999800.0,14789.0,18028.0,20240112,405814475100,0.5524021099988963,1.7473529449082585,5.0,0.21904066978665693
20231109,2023,064550,바이오니아,의료용품및기타의약관련제품제조업,31750,62.0,1968500.0,30737.0,33290.0,20240112,819476739250,0.5333788796810697,1.674278983549216,6.0,0.08304692439341133
20231109,2023,254490,미래반도체,기타전문도매업,19990,100.0,1999000.0,20514.0,21765.0,20240112,288615620000,0.5563121942888369,1.6385298934615553,7.0,0.06096522330506815
20231109,2023,059090,미코,반도체제조업,8560,233.0,1994480.0,8703.0,8704.0,20240112,286047619680,0.5648403184753459,1.60562328104162,8.0,0.00011852748420970727
20231109,2023,014620,성광벤드,1차철강제조업,12100,165.0,1996500.0,12111.0,11840.0,20240112,346060000000,0.5468742613242505,1.5730310716107039,9.0,-0.02237209954303465
20231109,2023,033640,네패스,반도체제조업,17780,112.0,1991360.0,17775.0,20367.0,20240112,409992611560,0.5635999164719221,1.556256206631578,10.0,0.14582987758328536
20231109,2023,053030,바이넥스,의약품제조업,7990,250.0,1997500.0,7900.0,10102.0,20240201,253770773520,0.5384260371979359,1.5544621150286828,11.0,0.278708440182581
20231109,2023,001820,삼화콘덴서,전자부품제조업,35250,56.0,1974000.0,34873.0,37325.0,20240112,366423750000,0.5615479054688933,1.543798156001691,12.0,0.07030071212121025
20231109,2023,079940,가비아,소프트웨어개발및공급업,15200,131.0,1991200.0,14795.0,17248.0,20240201,205742396800,0.5586541651529618,1.5382637947036897,13.0,0.1658089636826643
20231109,2023,336370,솔루스첨단소재,전자부품제조업,23050,86.0,1982300.0,11260.0,17622.0,20240530,809313044750,0.5602100294917435,1.4959064099498234,14.0,0.5649181621046853
20231109,2023,060720,KH바텍,전자부품제조업,15410,129.0,1987890.0,15899.0,13920.0,20240112,364869381220,0.5590510467902678,1.4544184797039832,15.0,-0.12445822947362617
20231109,2023,064260,다날,소프트웨어개발및공급업,4145,482.0,1997890.0,3995.0,4574.0,20240112,285793770800,0.5555501448817823,1.4493384755415373,16.0,0.14494341375067687
20231109,2023,039840,디오,의료용기기제조업,24700,80.0,1976000.0,24418.0,22365.0,20240112,392279348500,0.5444605387398067,1.430379751893315,17.0,-0.08407431056020986
20231109,2023,033160,엠케이전자,전자부품제조업,11720,170.0,1992400.0,11717.0,12059.0,20240112,258617399320,0.5579083656742874,1.4135140948734959,18.0,0.029213293311844968
20231109,2023,278650,HLB바이오스텝,자연과학및공학연구개발업,2605,767.0,1998035.0,2546.0,3713.0,20240130,204753885700,0.5433579120761771,1.3847865331055724,19.0,0.45807336049952485
20231109,2023,006040,동원산업,기타금융업,32550,61.0,1985550.0,28720.0,28678.0,20240112,1513010745750,0.542191756594407,1.360844839581215,20.0,-0.0014601876444604311
20231109,2023,043150,바텍,의료용기기제조업,30850,64.0,1974400.0,30475.0,31071.0,20240112,458253797600,0.5423928697197786,1.3590353014298227,21.0,0.01955248518283237
20231109,2023,007390,네이처셀,기초의약물질제조업,7210,277.0,1997170.0,7168.0,7708.0,20240112,462573094760,0.5418177707822528,1.351753012007663,22.0,0.07539347295502008
20231109,2023,089980,상아프론테크,플라스틱제품제조업,18860,106.0,1999160.0,18383.0,21453.0,20240112,301553237820,0.5507745826072878,1.3481077547622435,23.0,0.16705332730029987
20231109,2023,243840,신흥에스이씨,일차전지및이차전지제조업,39600,50.0,1980000.0,7628.0,8688.0,20240124,308238757200,0.5446825586436694,1.3273053950676708,24.0,0.13883570497133957
20231109,2023,118990,모트렉스,자동차신품부품제조업,15400,129.0,1986600.0,14998.0,16763.0,20240112,377230700000,0.5704938455239853,1.3249577102590429,25.0,0.1176693583446573
20231109,2023,083930,아바코,특수목적용기계제조업,14820,134.0,1985880.0,14555.0,13894.0,20240112,228417666360,0.5613553878003663,1.3055946796230047,26.0,-0.04543252665525155
20231109,2023,108230,톱텍,특수목적용기계제조업,7720,259.0,1999480.0,7682.0,7472.0,20240717,293539451400,0.5605853383799577,1.281091383544741,27.0,-0.02738026165682461
20231109,2023,365340,성일하이텍,기초화학물질제조업,103400,19.0,1964600.0,99600.0,101874.0,20240112,1242475080000,0.5507894074510855,1.27980310394119,28.0,0.02283602923268746
20231109,2023,019170,신풍제약,의약품제조업,13120,152.0,1994240.0,12729.0,12919.0,20240112,695163068800,0.5312205655057453,1.275629588196817,29.0,0.014934056183844913
20231109,2023,278280,천보,기초화학물질제조업,103000,19.0,1957000.0,99882.0,99072.0,20240112,1030000000000,0.5501886138354479,1.2539022296713613,30.0,-0.008112366381878178
20231109,2023,069620,대웅제약,의약품제조업,109200,18.0,1965600.0,107054.0,112560.0,20240112,1265253990000,0.530215506383525,1.2367364821468934,31.0,0.05143792846528661
20231109,2023,383310,에코프로에이치엔,기타화학제품제조업,63000,31.0,1953000.0,56256.0,61657.0,20240112,964210716000,0.541370183015486,1.2160777687041782,32.0,0.09601590694799977
20231109,2023,002150,도화엔지니어링,"건축기술,엔지니어링및관련기술서비스업",7920,252.0,1995840.0,7836.0,7943.0,20240726,267062400000,0.5206882253511236,1.211970297251624,33.0,0.013631956979867521
20231109,2023,014680,한솔케미칼,기초화학물질제조업,167300,11.0,1840300.0,168874.0,212086.0,20240112,1896378123500,0.5490896336702769,1.2065239847262588,34.0,0.2558887325896193
20231109,2023,063080,컴투스홀딩스,소프트웨어개발및공급업,34100,58.0,1977800.0,37089.0,37888.0,20240112,224896047200,0.5469042086612528,1.2016459443410086,35.0,0.02152523070973511
20231109,2023,058430,포스코스틸리온,1차철강제조업,53500,37.0,1979500.0,51850.0,52253.0,20240112,321000000000,0.5395996599394103,1.1993369548046386,36.0,0.007777739065837563
20231109,2023,090360,로보스타,특수목적용기계제조업,26400,75.0,1980000.0,25583.0,33756.0,20240112,257400000000,0.5578632021928607,1.1944718664202396,37.0,0.31946002712852506
20231109,2023,093370,후성,기초화학물질제조업,10990,181.0,1989190.0,10495.0,10634.0,20240112,1036929622960,0.548799158973305,1.1940013007146282,38.0,0.013241856259400997
20231109,2023,089590,제주항공,항공여객운송업,10740,186.0,1997640.0,10428.0,12946.0,20240112,826912456140,0.5411514520316645,1.1799765494518886,39.0,0.24153508207895835
20231109,2023,006280,녹십자,의약품제조업,102600,19.0,1949400.0,102823.0,114391.0,20240112,1199038798800,0.5282031966390641,1.1588654648442327,40.0,0.1125014301338283
20231109,2023,037270,YG PLUS,"자료처리,호스팅,포털및기타인터넷정보매개서비스업",4660,429.0,1999140.0,4814.0,4264.0,20240112,295581050600,0.553957631031152,1.1567033162282971,41.0,-0.11426965686943602
20231109,2023,425040,티이엠씨,기초화학물질제조업,32000,62.0,1984000.0,15885.0,22810.0,20240112,340035648000,0.5475987951168795,1.142252293211728,42.0,0.4360082950244013
20231109,2023,011000,진원생명과학,의약품제조업,3020,662.0,1999240.0,3005.0,2714.0,20240112,236990927340,0.527137153445796,1.1176124379795223,43.0,-0.0968050736865651
20231109,2023,010780,아이에스동서,"시멘트,석회,플라스터및그제품제조업",28250,70.0,1977500.0,27914.0,26154.0,20240112,872716119500,0.5251134011293649,1.1054674860325941,44.0,-0.06302037649936465
20231109,2023,005010,휴스틸,1차철강제조업,4620,432.0,1995840.0,4555.0,4890.0,20240112,259588906500,0.5372933035097907,1.0808601086639311,47.0,0.07340704104011642
20231109,2023,041510,에스엠,오디오물출판및원판녹음업,103300,19.0,1962700.0,103015.0,88200.0,20240112,2461732073300,0.5328256004703977,0.9212068765469539,62.0,-0.14381493930768896
20231109,2023,357780,솔브레인,기타화학제품제조업,248000,8.0,1984000.0,249829.0,296722.0,20240112,1929084368000,0.5317484104022862,0.900485640675549,67.0,0.18769887993412304
20231109,2023,003090,대웅,의약품제조업,15940,125.0,1992500.0,15745.0,19931.0,20240112,926783161200,0.5197086215386355,0.8301480760600081,75.0,0.2658137011372357
20231109,2023,007810,코리아써키트,전자부품제조업,14540,137.0,1991980.0,14522.0,18734.0,20240112,343445719540,0.5410926527640831,0.8115645374173129,78.0,0.2900097441906533
20231109,2023,251270,넷마블,소프트웨어개발및공급업,46900,42.0,1969800.0,47021.0,58118.0,20240112,4031219243800,0.531103945400665,0.7489931487586223,90.0,0.23600962069986609
20240102,2024,000020,동화약품,의약품제조업,10490,190.0,1993100.0,10553.0,8127.0,20240802,293001120300,0.527309751496164,1.5177044165304772,1.0,-0.22991790669564338
20240102,2024,079940,가비아,소프트웨어개발및공급업,16900,118.0,1994200.0,16847.0,19435.0,20240315,228753059600,0.5460506317047504,1.5141635162453662,2.0,0.1536141038579213
20240102,2024,354320,알멕,1차비철금속제조업,46750,42.0,1963500.0,47425.0,42303.0,20240306,298797061750,0.5238396721425784,1.437653109485416,3.0,-0.1080112796638768
20240102,2024,114190,강원에너지,"구조용금속제품,탱크및증기발생기제조업",17700,112.0,1982400.0,17063.0,20016.0,20240306,462377772600,0.5346028735154638,1.3905709979519945,4.0,0.17305458617079994
20240102,2024,000660,SK하이닉스,반도체제조업,142400,14.0,1993600.0,136772.0,162871.0,20240306,103667536776000,0.5315750774892922,1.3722621918225817,5.0,0.19081789501066848
20240102,2024,064550,바이오니아,의료용품및기타의약관련제품제조업,34050,58.0,1974900.0,35139.0,33488.0,20240306,878840408550,0.5194062212418897,1.3516665792554015,6.0,-0.046970462941105295
20240102,2024,091580,상신이디피,일차전지및축전지제조업,15750,126.0,1984500.0,15426.0,17997.0,20240307,214644449250,0.5366864311894579,1.3243309685725857,7.0,0.1667211342004964
20240102,2024,030000,제일기획,광고업,19000,105.0,1995000.0,18995.0,18079.0,20240306,2185783275000,0.522401732983131,1.3197259024493986,8.0,-0.04821218513247105
20240102,2024,011040,경동제약,의약품제조업,6670,299.0,1994330.0,6644.0,,,205227669220,0.5228942613025909,1.3053463168362325,9.0,0.03373933006247665
20240102,2024,172670,에이엘티,반도체제조업,25050,79.0,1978950.0,24162.0,,,224454487950,0.5293310575121336,1.2764550307912879,10.0,-0.08997371741991134
20240102,2024,009150,삼성전기,전자부품제조업,158100,12.0,1897200.0,154000.0,133394.0,20240306,11809073337600,0.5407332598434462,1.2763186856125832,11.0,-0.1338057170090623
20240102,2024,005500,삼진제약,의약품제조업,21650,92.0,1991800.0,21638.0,,,300935000000,0.5220455668252124,1.2645292979921154,12.0,-0.059912956377098814
20240102,2024,348150,고바이오랩,자연과학및공학연구개발업,11060,180.0,1990800.0,12409.0,,,208726620480,0.514839521380063,1.2613570314338438,13.0,0.009913747229497227
20240102,2024,121600,나노신소재,기타화학제품제조업,118900,16.0,1902400.0,113172.0,125562.0,20240306,1445809494200,0.5301467216912579,1.2609684116465618,14.0,0.10947949242216226
20240102,2024,357780,솔브레인,기타화학제품제조업,309000,6.0,1854000.0,300762.0,285724.0,20240306,2403576894000,0.529692207968254,1.2400632776687508,15.0,-0.05000089786882922
20240102,2024,151860,KG에코솔루션,기타화학제품제조업,11380,175.0,1991500.0,11137.0,10395.0,20240306,409680000000,0.5296803591398274,1.2395182966633325,16.0,-0.0666211794456234
20240102,2024,003490,대한항공,항공여객운송업,23900,83.0,1983700.0,23013.0,22258.0,20240306,8800473797900,0.505811268163278,1.235759341374636,17.0,-0.032816107875722755
20240102,2024,243070,휴온스,의약품제조업,38100,52.0,1981200.0,39366.0,35871.0,20240306,456425236500,0.5212585606135323,1.226679107813181,18.0,-0.08878523703519758
20240102,2024,005930,삼성전자,통신및방송장비제조업,79600,25.0,1990000.0,76987.0,72885.0,20240306,475194690980000,0.5350236982545176,1.212591559478109,19.0,-0.053282981411257646
20240102,2024,267270,HD건설기계,일반목적용기계제조업,50500,39.0,1969500.0,48800.0,52794.0,20240306,994890046500,0.5253651106054111,1.1500086459200962,20.0,0.08184040834575779
20240102,2024,004360,세방,도로화물운송업,11980,166.0,1988680.0,11917.0,12617.0,20240306,231318106200,0.5168021073780811,1.1452950796100883,21.0,0.05873709131567195
20240102,2024,120110,코오롱인더,화학섬유제조업,44000,45.0,1980000.0,43507.0,36943.0,20240306,1210840004000,0.5250679396671384,1.139584455576812,22.0,-0.150881762529956
20240102,2024,041020,폴라리스오피스,소프트웨어개발및공급업,4430,451.0,1997930.0,4300.0,7971.0,20240306,220283956140,0.5310384168835036,1.1257852249541396,23.0,0.8538356268691032
20240102,2024,010120,LS ELECTRIC,"전동기,발전기및전기변환ㆍ공급ㆍ제어장치제조업",73300,27.0,1979100.0,14700.0,15819.0,20240306,2199000000000,0.5393117995331342,1.1257631299609625,24.0,0.07612579095873384
20240102,2024,357550,석경에이티,기초화학물질제조업,55800,35.0,1953000.0,55200.0,63481.0,20240328,304389000000,0.524559168837279,1.1233314691020948,25.0,0.15002296143043092
20240102,2024,023160,태광,1차철강제조업,14700,136.0,1999200.0,14521.0,11966.0,20240306,389550000000,0.5289200771958482,1.1133468590001436,26.0,-0.17594840176250615
20240102,2024,285130,SK케미칼,합성고무및플라스틱물질제조업,67200,29.0,1948800.0,71511.0,69406.0,20240306,1159454217600,0.5293726241925814,1.1124565046638912,27.0,-0.029444517471622134
20240102,2024,114810,한솔아이원스,특수목적용기계제조업,10260,194.0,1990440.0,10042.0,11854.0,20240412,301153305240,0.528315226838749,1.0748225094678578,28.0,0.18036836838539316
20240102,2024,402340,SK스퀘어,기타금융업,52700,37.0,1949900.0,49511.0,71484.0,20240306,7324300597200,0.5305274624277978,1.0636164136070592,29.0,0.4438118124977779
20240102,2024,003000,부광약품,의약품제조업,6320,316.0,1997120.0,5912.0,6141.0,20240306,449118469680,0.5178213652271926,1.061371010971898,30.0,0.038587721873540426
20240102,2024,004250,NPC,플라스틱제품제조업,5620,355.0,1995100.0,5662.0,,,206366400000,0.525009488554179,1.0600306563920272,31.0,-0.02678934877584982
20240102,2024,326030,SK바이오팜,자연과학및공학연구개발업,103100,19.0,1958900.0,103919.0,91709.0,20240306,8074096075000,0.506001406511083,1.0283110382532843,32.0,-0.11749093836754654
20240102,2024,014620,성광벤드,1차철강제조업,12320,162.0,1995840.0,12309.0,10719.0,20240306,352352000000,0.5265563218912681,1.0153431063141662,33.0,-0.1291547084299567
20240102,2024,020150,롯데에너지머티리얼즈,전자부품제조업,41500,48.0,1992000.0,40961.0,36067.0,20240306,1913599652500,0.5331932571322557,1.0055815046562555,34.0,-0.11948691753801255
20240102,2024,073490,LIG아큐버,통신및방송장비제조업,26850,74.0,1986900.0,26976.0,28973.0,20240321,204163265100,0.5299603212355296,1.0000781631960043,35.0,0.07402412329383834
20240102,2024,018880,한온시스템,일반목적용기계제조업,7310,273.0,1995630.0,6553.0,5651.0,20240306,3902078000000,0.5228209250498974,0.9972986231825964,36.0,-0.13761566675832504
20240102,2024,237690,에스티팜,의약품제조업,67900,29.0,1969100.0,69507.0,69003.0,20240306,1277115822500,0.5164607678102198,0.9959345884569538,37.0,-0.007239815365434499
20240102,2024,453340,현대그린푸드,종합소매업,11360,176.0,1999360.0,11223.0,11715.0,20240306,384887183040,0.5291200488943043,0.9692631361758463,38.0,0.04387655540345636
20240102,2024,002380,KCC,기타화학제품제조업,228500,8.0,1828000.0,227850.0,286335.0,20240306,2030558623500,0.5236087953312277,0.9602597210701731,39.0,0.25668163321811344
20240102,2024,053610,프로텍,특수목적용기계제조업,46000,43.0,1978000.0,44512.0,52623.0,20240306,506000000000,0.5253311978207811,0.9490358558477772,40.0,0.1822208395756233
20240102,2024,033500,동성화인텍,기초화학물질제조업,12090,165.0,1994850.0,11864.0,11593.0,20240306,362572982460,0.521182535425889,0.9442582301089969,41.0,-0.022852879108697044
20240102,2024,083930,아바코,특수목적용기계제조업,15310,130.0,1990300.0,14786.0,15549.0,20240417,235969937380,0.5232721643312404,0.8622408110337085,54.0,0.05156452541476142
20240102,2024,041510,에스엠,오디오물출판및원판녹음업,93300,21.0,1959300.0,90005.0,72204.0,20240306,2223423063300,0.5270348208988167,0.8616442187776201,55.0,-0.19777415866925319
20240102,2024,278650,HLB바이오스텝,자연과학및공학연구개발업,3135,637.0,1996995.0,3177.0,3372.0,20240306,246412065900,0.49847344300504176,0.8298114987134811,64.0,0.06136983488379588
20240102,2024,005010,휴스틸,1차철강제조업,4925,406.0,1999550.0,4830.0,5014.0,20240306,276726269375,0.521262778232364,0.795867282156547,68.0,0.03806256699860344
20240102,2024,002900,TYM,특수목적용기계제조업,5790,345.0,1997550.0,5848.0,5640.0,20240325,260845035240,0.5212046145499055,0.7750867764646536,74.0,-0.035628389862598864
20240102,2024,090360,로보스타,특수목적용기계제조업,30050,66.0,1983300.0,29596.0,32801.0,20240306,292987500000,0.5208001477249661,0.7580371673277699,77.0,0.108295168645973
20240102,2024,039840,디오,의료용기기제조업,23800,84.0,1999200.0,23916.0,21512.0,20240306,377985769000,0.5202835970420312,0.7558271972315416,78.0,-0.10049860785277565
20240102,2024,043150,바텍,의료용기기제조업,33300,60.0,1998000.0,33174.0,27128.0,20240617,494646724800,0.5201846479533325,0.7531812638870081,81.0,-0.1822664659919654
20240102,2024,059090,미코,반도체제조업,9490,210.0,1992900.0,9305.0,11686.0,20240306,317125223220,0.517005879186111,0.7502385279792912,84.0,0.2559289833827103
20240305,2024,322000,HD현대에너지솔루션,반도체제조업,22800,87.0,1983600.0,22315.0,24418.0,20240521,255360000000,0.5208359564502927,1.5699958094792663,1.0,0.09422103868129383
20240305,2024,007070,GS리테일,종합소매업,21850,91.0,1988350.0,18848.0,17489.0,20240508,2288086595700,0.53785826826769,1.478447814586085,2.0,-0.07212978419702898
20240305,2024,253450,스튜디오드래곤,"영화,비디오물,방송프로그램제작및배급업",44750,44.0,1969000.0,42921.0,43069.0,20240508,1345117785500,0.5258775787505091,1.4136001860721863,3.0,0.0034556513011037016
20240305,2024,006400,삼성SDI,일차전지및축전지제조업,366500,5.0,1832500.0,356840.0,427908.0,20240508,25202200245000,0.5371498551180098,1.4079750277195473,4.0,0.19915857283856808
20240305,2024,004980,성신양회,"시멘트,석회,플라스터및그제품제조업",8440,236.0,1991840.0,8507.0,8818.0,20240723,206915656120,0.5375297556684808,1.3958597625348486,5.0,0.03654089306737385
20240305,2024,000640,동아쏘시오홀딩스,기타금융업,111200,17.0,1890400.0,108901.0,113984.0,20240927,705999125600,0.5309011092075648,1.3306374087902415,6.0,0.046672426552810675
20240305,2024,003490,대한항공,항공여객운송업,22450,89.0,1998050.0,22258.0,21811.0,20240508,8266553839450,0.5175748759875177,1.3052254202050007,7.0,-0.020054643603038214
20240305,2024,119610,인터로조,의료용기기제조업,28850,69.0,1990650.0,21709.0,16530.0,20250611,381295390300,0.5249357863088746,1.2873073796815215,8.0,-0.2385824292751889
20240305,2024,112610,씨에스윈드,"구조용금속제품,탱크및증기발생기제조업",51000,39.0,1989000.0,51321.0,52532.0,20240508,2150741553000,0.535807257082264,1.2679244051520715,9.0,0.023579584521527863
20240305,2024,030000,제일기획,광고업,18090,110.0,1989900.0,18079.0,19390.0,20240508,2081095760250,0.530728612300174,1.2662561455325052,10.0,0.07251975571074754
20240305,2024,348950,제이알글로벌리츠,부동산임대및공급업,4145,482.0,1997890.0,4181.0,4147.0,20240508,818123520000,0.5305842651359647,1.2440190110951308,11.0,-0.008343320093358031
20240305,2024,264850,이랜시스,전자부품제조업,7150,279.0,1994850.0,7096.0,6826.0,20240527,213430445800,0.5339814076311862,1.2423618831073662,12.0,-0.038092804493778054
20240305,2024,069620,대웅제약,의약품제조업,114900,17.0,1953300.0,114530.0,112686.0,20240508,1331297467500,0.5212145440231843,1.1924504737165165,13.0,-0.016105162915667548
20240305,2024,004370,농심,기타식품제조업,359500,5.0,1797500.0,362497.0,395995.0,20240508,2186709799000,0.5254869918474739,1.1630767158714272,14.0,0.09240709695950322
20240305,2024,017670,SK텔레콤,전기통신업,52100,38.0,1979800.0,52170.0,51282.0,20240508,11190561761300,0.5506768587376497,1.1485130819806255,15.0,-0.017030059634794426
20240305,2024,018880,한온시스템,일반목적용기계제조업,6080,328.0,1994240.0,5651.0,5261.0,20240508,3245504000000,0.5231688801382568,1.1224336114483109,16.0,-0.0689589510011337
20240305,2024,017940,E1,기타전문도매업,66000,30.0,1980000.0,65408.0,73106.0,20240520,452760000000,0.5254070835885454,1.116443466553156,17.0,0.11769550076699731
20240305,2024,204320,HL만도,자동차신품부품제조업,33200,60.0,1992000.0,33173.0,39830.0,20240508,1558976384000,0.5331138781791849,1.0860163534564058,18.0,0.20066887927259436
20240305,2024,130660,한전산업,"건축기술,엔지니어링및관련기술서비스업",7530,265.0,1995450.0,7602.0,11303.0,20240529,245478000000,0.5220355157491801,1.0762152747816287,19.0,0.48690381270781935
20240305,2024,036890,진성티이씨,특수목적용기계제조업,9350,213.0,1991550.0,9368.0,9787.0,20240527,210209205800,0.5109896509353038,1.0658429597432928,20.0,0.04475019713707962
20240305,2024,011210,현대위아,자동차신품부품제조업,58100,34.0,1975400.0,57839.0,58037.0,20240508,1580034322300,0.5320212542864784,1.039657592626975,21.0,0.003434389310122965
20240305,2024,017800,현대엘리베이터,일반목적용기계제조업,40200,49.0,1969800.0,39904.0,40506.0,20240508,1571513877000,0.5218550221012856,1.0344996118653034,22.0,0.015081817914721407
20240305,2024,095700,제넥신,자연과학및공학연구개발업,7900,253.0,1998700.0,7918.0,7436.0,20240508,327933692600,0.49741108218787744,1.018892112154604,23.0,-0.060909604772134585
20240305,2024,090350,노루페인트,기타화학제품제조업,10470,191.0,1999770.0,10378.0,,,209400000000,0.5278903092970677,1.0000256907347205,24.0,-0.04278651344681583
20240305,2024,215600,신라젠,자연과학및공학연구개발업,4605,434.0,1998570.0,4285.0,4358.0,20240508,473703110625,0.49669288050649696,0.9984884310399339,25.0,0.017018403852869568
20240305,2024,319660,피에스케이,특수목적용기계제조업,26550,75.0,1991250.0,26243.0,29896.0,20240508,769066256700,0.5091952433432417,0.997517898412323,26.0,0.1392096519877497
20240305,2024,006280,녹십자,의약품제조업,117100,17.0,1990700.0,121447.0,115825.0,20240508,1368493599800,0.5163826006462235,0.9874583399847602,27.0,-0.04628968990189075
20240305,2024,056190,에스에프에이,특수목적용기계제조업,25500,78.0,1989000.0,25501.0,28397.0,20240620,915673380000,0.5088090624896395,0.9828134184357892,28.0,0.11355379984929259
20240305,2024,023160,태광,1차철강제조업,12300,162.0,1992600.0,11966.0,13078.0,20240508,325950000000,0.5277418622725385,0.9822618155582346,29.0,0.09293403083135487
20240305,2024,095660,네오위즈,소프트웨어개발및공급업,21650,92.0,1991800.0,21653.0,22153.0,20240508,477030016350,0.5256992727385931,0.9813888547924193,30.0,0.023089103189942284
20240305,2024,007390,네이처셀,기초의약물질및생물학적제제제조업,6990,286.0,1999140.0,6967.0,9698.0,20240508,448458520440,0.5247262414947629,0.9732390243595709,31.0,0.3920005437991241
20240305,2024,319400,현대무벡스,일반목적용기계제조업,3160,632.0,1997120.0,3184.0,2930.0,20240729,371954319080,0.5209090549424036,0.9711878434596116,32.0,-0.079763749594292
20240305,2024,000990,DB하이텍,반도체제조업,46600,42.0,1957200.0,45780.0,44429.0,20240508,2068974200800,0.505806846266387,0.9705129267188922,33.0,-0.02952048436349075
20240305,2024,293490,카카오게임즈,소프트웨어개발및공급업,23350,85.0,1984750.0,23148.0,22251.0,20240508,1927116269100,0.5252644275104434,0.9686839060641903,34.0,-0.038720955830271575
20240305,2024,161890,한국콜마,기타화학제품제조업,45950,43.0,1975850.0,47180.0,50598.0,20240508,1051390221000,0.5268719020821103,0.965202363663228,35.0,0.07244986957978661
20240305,2024,326030,SK바이오팜,자연과학및공학연구개발업,91000,21.0,1911000.0,91709.0,89472.0,20240508,7126505750000,0.49541056187377186,0.9620585240265839,36.0,-0.024392194926980526
20240305,2024,214450,파마리서치,의료용품및기타의약관련제품제조업,91800,21.0,1927800.0,92374.0,135782.0,20240508,947414831400,0.5085445195462566,0.9586823592781865,37.0,0.46991774353247906
20240305,2024,042670,HD현대인프라코어,특수목적용기계제조업,7960,251.0,1997960.0,7970.0,8409.0,20240508,1588843485880,0.5080814586459097,0.9551086887704621,38.0,0.055051359327395355
20240305,2024,011200,HMM,해상운송업,17680,113.0,1997840.0,17201.0,16265.0,20240508,12182218289280,0.5179348210003989,0.9457707616865659,39.0,-0.05443493012145961
20240305,2024,004800,효성,기타금융업,59400,33.0,1960200.0,45299.0,46223.0,20240508,1251618885000,0.5211859645696838,0.9454533981941938,40.0,0.020392652341489903
20240305,2024,001120,LX인터내셔널,상품중개업,26800,74.0,1983200.0,26692.0,29191.0,20240508,1038768000000,0.5322594154369361,0.9399556740318348,41.0,0.09362997346800883
20240305,2024,001800,오리온홀딩스,기타금융업,14770,135.0,1993950.0,14875.0,15357.0,20240712,925272882940,0.5209976789730488,0.9379882904729415,42.0,0.032384864512558176
20240305,2024,128940,한미약품,의약품제조업,322000,6.0,1932000.0,328279.0,327410.0,20240508,4125139102000,0.5151257437241499,0.9341369820649033,43.0,-0.002644684716164525
20240305,2024,046890,서울반도체,반도체제조업,9920,201.0,1993920.0,9864.0,9864.0,20240508,578389568000,0.5047698105616973,0.9291475267607161,44.0,-2.1796757181835602e-05
20240305,2024,151860,KG에코솔루션,기타화학제품제조업,10450,191.0,1995950.0,10395.0,8992.0,20240508,376200000000,0.5252003854174166,0.9080466692954169,47.0,-0.13495740013730884
20240305,2024,009150,삼성전기,전자부품제조업,136300,14.0,1908200.0,133394.0,156608.0,20240508,10180750764800,0.5248745016690592,0.87159197322836,59.0,0.17402345096850724
20240305,2024,004360,세방,도로화물운송업,12640,158.0,1997120.0,12617.0,14464.0,20250620,244061841600,0.5190202198704332,0.8369796293311281,71.0,0.14632236581141878
20240305,2024,039840,디오,의료용기기제조업,20400,98.0,1999200.0,21512.0,21216.0,20240508,323987802000,0.5148962478739421,0.8185927160299636,75.0,-0.013791034237271238
20240305,2024,014620,성광벤드,1차철강제조업,10950,182.0,1992900.0,10719.0,12260.0,20240508,313170000000,0.5224996200845908,0.7891403079899341,82.0,0.14376901314045032
20240305,2024,033500,동성화인텍,기초화학물질제조업,11590,172.0,1993480.0,11593.0,13239.0,20240508,347578235460,0.5184031035456829,0.7800714289310432,87.0,0.14199471599975944
20240507,2024,123410,코리아에프티,자동차신품부품제조업,7370,271.0,1997270.0,7264.0,7877.0,20260128,205188641680,0.5399863264214377,1.747909361446505,1.0,0.08446329727658286
20240507,2024,001680,대상,도시락및식사용조리식품제조업,21800,91.0,1983800.0,21976.0,26223.0,20240709,755326945000,0.5575512392479346,1.701656240091873,2.0,0.19323376176119567
20240507,2024,017860,DS단석,기타화학제품제조업,128100,15.0,1921500.0,40971.0,36916.0,20240709,750845852400,0.5320781468416482,1.6770300926774513,3.0,-0.09896627777991485
20240507,2024,007070,GS리테일,종합소매업,20050,99.0,1984950.0,17489.0,17445.0,20240709,2099594336100,0.5380720679018556,1.6711783740912491,4.0,-0.002517248215811785
20240507,2024,010140,삼성중공업,선박및보트건조업,9600,208.0,1996800.0,9667.0,9695.0,20240709,8448000000000,0.515335538257179,1.510277760583396,5.0,0.002951412588536373
20240507,2024,017960,한국카본,"구조용금속제품,탱크및증기발생기제조업",11340,176.0,1995840.0,11580.0,10699.0,20240709,588641845680,0.5184913588473519,1.4721185706527842,6.0,-0.07613612895410626
20240507,2024,096530,씨젠,의료용품및기타의약관련제품제조업,22150,90.0,1993500.0,22329.0,20674.0,20240709,1156805767100,0.509321994607726,1.4200689143623617,7.0,-0.07414075185853697
20240507,2024,034730,SK,기타금융업,164900,12.0,1978800.0,164789.0,157512.0,20240709,12070404452100,0.5349137564996493,1.3718866948237327,8.0,-0.044158717491433186
20240507,2024,036540,SFA반도체,반도체제조업,5850,341.0,1994850.0,5857.0,5368.0,20240709,962092772550,0.5151462307268042,1.353742322257712,9.0,-0.08351326120056102
20240507,2024,417200,LS머트리얼즈,전자부품제조업,25950,77.0,1998150.0,25586.0,10772.0,20250710,1755586501050,0.5331904082609669,1.2889611239943652,10.0,-0.5789802687942905
20240507,2024,000390,삼화페인트,기타화학제품제조업,7700,259.0,1994300.0,7554.0,10939.0,20260318,209466711300,0.5183948831992985,1.2296813558717332,11.0,0.44800771581272336
20240507,2024,003490,대한항공,항공여객운송업,21500,93.0,1999500.0,21811.0,22559.0,20240709,7916744211500,0.531587736171578,1.197350487946005,12.0,0.03429370268280807
20240507,2024,326030,SK바이오팜,자연과학및공학연구개발업,88800,22.0,1953600.0,89472.0,80670.0,20240709,6954216600000,0.5074909012674687,1.1763663635276536,13.0,-0.09837902791142583
20240507,2024,001450,현대해상,보험업,31100,64.0,1990400.0,31166.0,,,2780340000000,0.5337016659589836,1.162796117344906,14.0,0.08687808062852143
20240507,2024,011210,현대위아,자동차신품부품제조업,57900,34.0,1968600.0,58037.0,56349.0,20240709,1574595305700,0.5327127675061571,1.1607086537150784,15.0,-0.029096628872563368
20240507,2024,003410,쌍용양회,"시멘트,석회,플라스터및그제품제조업",7000,285.0,1995000.0,7000.0,,,3490878776000,0.5452819917085688,1.1546649244547271,16.0,-1.3714097635175726e-05
20240507,2024,120110,코오롱인더,화학섬유제조업,40500,49.0,1984500.0,40445.0,37242.0,20240709,1114523185500,0.5291245998869321,1.1537246943400925,17.0,-0.07919317308289031
20240507,2024,082920,비츠로셀,일차전지및이차전지제조업,17920,111.0,1989120.0,9265.0,9992.0,20240709,405092352000,0.5293360322690344,1.1410313867820852,18.0,0.07855996243746333
20240507,2024,030000,제일기획,광고업,19260,103.0,1983780.0,19390.0,17874.0,20241016,2215693993500,0.5307858093708274,1.1408188274124482,19.0,-0.0781785423003244
20240507,2024,146320,비씨엔씨,반도체제조업,19760,101.0,1995760.0,19979.0,18662.0,20240709,252788158480,0.5111590399142765,1.1372576776105916,20.0,-0.06590456494822006
20240507,2024,278650,HLB바이오스텝,자연과학및공학연구개발업,3550,563.0,1998650.0,3537.0,2821.0,20240712,306452734700,0.5062095169223788,1.1241935884615684,21.0,-0.20259109868912517
20240507,2024,001530,DI동일,상품중개업,25950,77.0,1998150.0,23710.0,35928.0,20241016,654346688400,0.525090212982386,1.123693911177824,22.0,0.5153012592419739
20240507,2024,108860,셀바스AI,소프트웨어개발및공급업,17180,116.0,1992880.0,17317.0,13808.0,20240709,462396092200,0.5275586668544049,1.117524502558486,23.0,-0.20259943182244722
20240507,2024,010130,고려아연,1차비철금속제조업,473000,4.0,1892000.0,492816.0,531819.0,20240709,9889762124000,0.5241545696513069,1.0930631922459468,24.0,0.0791447358309314
20240507,2024,302440,SK바이오사이언스,기초의약물질제조업,59600,33.0,1966800.0,59876.0,53989.0,20240709,4578933900000,0.534548359621771,1.0913282192957372,25.0,-0.0983136585252522
20240507,2024,083310,엘오티베큠,특수목적용기계제조업,20550,97.0,1993350.0,20555.0,15129.0,20240709,365996178150,0.518025847401662,1.0784894643694027,26.0,-0.26394968803626484
20240507,2024,253450,스튜디오드래곤,"영화,비디오물,방송프로그램제작및배급업",43050,46.0,1980300.0,43069.0,41411.0,20240709,1294018338900,0.5226278634093693,1.0777369987479692,27.0,-0.03849903777295738
20240507,2024,293490,카카오게임즈,소프트웨어개발및공급업,22050,90.0,1984500.0,22251.0,19462.0,20240709,1821997166850,0.5264786306122242,1.0739029747642652,28.0,-0.12534224257027615
20240507,2024,206640,바디텍메드,의료용품및기타의약관련제품제조업,15400,129.0,1986600.0,15716.0,18306.0,20240709,361693024000,0.49497310183352505,1.0690363669076706,29.0,0.16481849794378833
20240507,2024,054450,텔레칩스,반도체제조업,25950,77.0,1998150.0,25863.0,21458.0,20240709,392992846350,0.5097110262154692,1.0586377304423913,30.0,-0.1702959702734932
20240507,2024,122990,와이솔,전자부품제조업,9130,219.0,1999470.0,9098.0,,,257346771330,0.5252012330060506,1.0237964728621596,31.0,-0.13256516923186412
20240507,2024,099430,바이오플러스,기초의약물질제조업,6510,307.0,1998570.0,6446.0,6265.0,20240709,377129924640,0.5326240525785417,1.01268071478145,32.0,-0.02808934957769571
20240507,2024,039840,디오,의료용기기제조업,20750,96.0,1992000.0,21216.0,16017.0,20240822,329546416250,0.5233003638393036,1.0124366077906897,33.0,-0.24504737480969696
20240507,2024,069260,TKG휴켐스,기타화학제품제조업,19550,102.0,1994100.0,19686.0,19272.0,20240715,799176395400,0.5116215736561881,1.008240656686007,34.0,-0.021065355750281345
20240507,2024,373220,LG에너지솔루션,일차전지및이차전지제조업,391500,5.0,1957500.0,392982.0,362959.0,20240709,91611000000000,0.5273226092143033,1.0021305168708476,35.0,-0.07639668448566184
20240507,2024,064960,SNT모티브,자동차신품부품제조업,46100,43.0,1982300.0,25517.0,24910.0,20240710,674126569600,0.5306714089438047,0.9959080098337582,36.0,-0.023787294774107348
20240507,2024,225570,넥슨게임즈,소프트웨어개발및공급업,13350,149.0,1989150.0,14073.0,20789.0,20240709,878480329500,0.5244945284365216,0.9937671748495905,37.0,0.4772221292001242
20240507,2024,046890,서울반도체,반도체제조업,9880,202.0,1995760.0,9864.0,9271.0,20240709,576057352000,0.5084401995397767,0.9896381580038333,38.0,-0.060085763897083866
20240507,2024,009150,삼성전기,전자부품제조업,158000,12.0,1896000.0,156608.0,163679.0,20240709,11801603968000,0.52378716163504,0.9768627494419205,42.0,0.04515403211979607
20240507,2024,000990,DB하이텍,반도체제조업,42800,46.0,1968800.0,44429.0,51970.0,20240709,1900259566400,0.5078226247337421,0.9561069154038172,43.0,0.1697386785261028
20240507,2024,095660,네오위즈,소프트웨어개발및공급업,22300,89.0,1984700.0,22153.0,20304.0,20240709,491351933700,0.5234495378747406,0.9515611052241956,46.0,-0.08346991693415517
20240507,2024,017800,현대엘리베이터,일반목적용기계제조업,40350,49.0,1977150.0,40506.0,42255.0,20240709,1577377734750,0.5187050856937511,0.9410990629833333,50.0,0.043187685127834774
20240507,2024,151860,KG에코솔루션,기타화학제품제조업,9000,222.0,1998000.0,8992.0,7002.0,20240729,446427018000,0.508871578731574,0.9183347111526052,54.0,-0.22130362567806316
20240507,2024,348950,제이알글로벌리츠,부동산임대및공급업,4060,492.0,1997520.0,4147.0,3808.0,20240709,801346560000,0.5301185283698671,0.892995194501937,57.0,-0.08176855849649267
20240507,2024,095700,제넥신,자연과학및공학연구개발업,7730,258.0,1994340.0,7436.0,6705.0,20240807,320876891620,0.49979373000760063,0.8629687585662207,62.0,-0.0983353802055299
20240507,2024,069620,대웅제약,의약품제조업,112400,17.0,1910800.0,112686.0,117780.0,20240709,1302331030000,0.5216239870718085,0.8341036555380926,69.0,0.04520361119814065
20240507,2024,004800,효성,기타금융업,60400,33.0,1993200.0,46223.0,41001.0,20240808,1272689910000,0.5222925106769566,0.8210510349742662,73.0,-0.11297442928294299
20240507,2024,161890,한국콜마,기타화학제품제조업,50600,39.0,1973400.0,50598.0,70069.0,20241016,1194416896200,0.5047156882743933,0.7824656381802263,84.0,0.38483125032380383
20240507,2024,001800,오리온홀딩스,기타금융업,14820,134.0,1985880.0,14709.0,15467.0,20240820,928405154040,0.5211121459584425,0.7695357576617259,85.0,0.05153637431341096
20240507,2024,006280,녹십자,의약품제조업,116200,17.0,1975400.0,115825.0,124813.0,20240709,1357975715600,0.5181563834455791,0.7504744936170419,90.0,0.07759775489037213
20240708,2024,222080,씨아이에스,특수목적용기계제조업,10320,193.0,1991760.0,10233.0,7851.0,20241206,740246654640,0.5351494036982802,1.5735734445852612,1.0,-0.23271349708535216
20240708,2024,005950,이수화학,기초화학물질제조업,10010,199.0,1991990.0,10025.0,9971.0,20251106,227454617390,0.5368862216687182,1.3947693006356425,2.0,-0.00538756511769245
20240708,2024,006360,GS건설,건물건설업,15220,131.0,1993820.0,15330.0,18672.0,20241206,1302550277800,0.5212911336074573,1.3543996932828681,3.0,0.2180248030922607
20240708,2024,023530,롯데쇼핑,종합소매업,62400,32.0,1996800.0,62607.0,62707.0,20240906,1765218312000,0.5343243832080209,1.2896058068786094,4.0,0.0015934607975467419
20240708,2024,096530,씨젠,의료용품및기타의약관련제품제조업,21200,94.0,1992800.0,20674.0,24972.0,20240906,1107191072800,0.518977748954673,1.283147726151385,5.0,0.207902984257607
20240708,2024,006060,화승인더,플라스틱제품제조업,4020,497.0,1997940.0,4019.0,5023.0,20250226,222386400000,0.524760383871119,1.2765555599011842,6.0,0.2496847299427627
20240708,2024,006620,동구바이오제약,의약품제조업,7240,276.0,1998240.0,7203.0,,,206086542080,0.5369235228938454,1.2538843296499906,7.0,-0.01950850129388093
20240708,2024,092070,디엔에프,기타화학제품제조업,18170,110.0,1998700.0,18251.0,,,210260659860,0.5352314020109668,1.2538761449424713,8.0,-0.038097345047757525
20240708,2024,319400,현대무벡스,일반목적용기계제조업,3015,663.0,1998945.0,3015.0,2955.0,20240930,354886794945,0.5257561100206913,1.2503676078677546,9.0,-0.019775355936507144
20240708,2024,095700,제넥신,자연과학및공학연구개발업,6630,301.0,1995630.0,6815.0,6084.0,20240906,275215238220,0.5104079114643081,1.2328456007481055,10.0,-0.10721664037461998
20240708,2024,064960,SNT모티브,자동차신품부품제조업,46400,43.0,1995200.0,24938.0,24882.0,20240906,678513510400,0.5406363767076059,1.2111673613977068,11.0,-0.002251423167927258
20240708,2024,326030,SK바이오팜,자연과학및공학연구개발업,79900,25.0,1997500.0,80670.0,104054.0,20240906,6257228675000,0.5098011008896783,1.2096776417860224,12.0,0.2898671973684368
20240708,2024,083310,엘오티베큠,특수목적용기계제조업,15110,132.0,1994520.0,15129.0,12401.0,20250909,269109598630,0.5278247191018559,1.1907423908510288,13.0,-0.18031651539987625
20240708,2024,396470,워트,특수목적용기계제조업,14760,135.0,1992600.0,15476.0,,,237931200000,0.5274172591461184,1.169446139503134,14.0,-0.153098578127146
20240708,2024,302440,SK바이오사이언스,기초의약물질제조업,53600,37.0,1983200.0,53989.0,51784.0,20240906,4117967400000,0.5263709696510428,1.1582222212581128,15.0,-0.040837772210543966
20240708,2024,253450,스튜디오드래곤,"영화,비디오물,방송프로그램제작및배급업",41000,48.0,1968000.0,41411.0,34918.0,20240906,1232398418000,0.5181749717510727,1.1546813319850173,16.0,-0.15680124417334973
20240708,2024,290550,디케이티,전자부품제조업,10850,184.0,1996400.0,11032.0,11092.0,20240909,215157670000,0.5317673543370242,1.154645063573818,17.0,0.005425106457876305
20240708,2024,285130,SK케미칼,합성고무및플라스틱물질제조업,48250,41.0,1978250.0,48443.0,47240.0,20240906,832495029750,0.5378550531847821,1.1545765376053165,18.0,-0.024830269534569682
20240708,2024,089590,제주항공,항공여객운송업,10000,200.0,2000000.0,10047.0,8955.0,20240906,806409850000,0.5182373984907487,1.1423500604497938,19.0,-0.10868290190535346
20240708,2024,348950,제이알글로벌리츠,부동산임대및공급업,3860,518.0,1999480.0,3808.0,3620.0,20240906,761871360000,0.5442846843080051,1.1187381880650364,20.0,-0.04934832687109969
20240708,2024,010130,고려아연,1차비철금속제조업,530000,3.0,1590000.0,531819.0,530910.0,20240906,10972739990000,0.5222504956530696,1.1172680678930842,21.0,-0.0017106035653894347
20240708,2024,005610,SPC삼립,도시락및식사용조리식품제조업,56200,35.0,1967000.0,56126.0,63556.0,20250415,484950305800,0.5217418312396769,1.1036822416961005,22.0,0.13237116520278258
20240708,2024,137310,에스디바이오센서,의료용기기제조업,9490,210.0,1992900.0,9355.0,9434.0,20240906,1181290079970,0.5234191711883991,1.086926555977478,23.0,0.008395384996193522
20240708,2024,365340,성일하이텍,기초화학물질제조업,76000,26.0,1976000.0,76018.0,52912.0,20240906,922267372000,0.5302787277535435,1.0848297060354835,24.0,-0.30395772647085695
20240708,2024,119860,커넥트웨이브,소프트웨어개발및공급업,18000,111.0,1998000.0,18002.0,,,815425092000,0.5266371653207018,1.0757224709458078,25.0,-9.8917992040648e-05
20240708,2024,090360,로보스타,특수목적용기계제조업,28600,69.0,1973400.0,28688.0,22376.0,20241107,278850000000,0.5253162861614735,1.059636946903717,26.0,-0.22002462236337905
20240708,2024,011210,현대위아,자동차신품부품제조업,56600,35.0,1981000.0,56349.0,49256.0,20240906,1539241697800,0.536789344172322,1.0530784610015254,27.0,-0.12586291735398314
20240708,2024,356860,티엘비,전자부품제조업,23350,85.0,1984750.0,23380.0,55800.0,20251216,229591910500,0.5281349505292541,1.0413172450365746,28.0,1.3867245129927541
20240708,2024,425420,티에프이,전자부품제조업,28600,69.0,1973400.0,28172.0,17926.0,20241002,325496600000,0.5280900712968049,1.0399170522771086,29.0,-0.36371438293039593
20240708,2024,036540,SFA반도체,반도체제조업,5340,374.0,1997160.0,5368.0,3444.0,20240906,878218018020,0.5182998869249087,1.021748291202693,30.0,-0.3585111864425472
20240708,2024,004020,현대제철,1차철강제조업,28850,69.0,1990650.0,28754.0,24451.0,20240906,3849910897250,0.5318147853382728,1.0216387840224992,31.0,-0.14962957763217044
20240708,2024,017960,한국카본,"구조용금속제품,탱크및증기발생기제조업",10660,187.0,1993420.0,10699.0,10720.0,20240906,553344098320,0.5228274292795726,1.0197457732769954,32.0,0.001984500302735892
20240708,2024,145720,덴티움,의료용기기제조업,110700,18.0,1992600.0,105621.0,74352.0,20250422,1225319481000,0.5212485401781413,1.0170856921065123,33.0,-0.29605560050780455
20240708,2024,085660,차바이오텍,기초의약물질제조업,15900,125.0,1987500.0,14855.0,14879.0,20240906,895399643700,0.5200230809902633,1.012504732555356,34.0,0.0016156661373469827
20240708,2024,361610,SK아이이테크놀로지,일차전지및이차전지제조업,44300,45.0,1993500.0,44171.0,31730.0,20240906,3158483325600,0.5356737465355452,1.0104813794499674,35.0,-0.28166673663715625
20240708,2024,098460,고영,특수목적용기계제조업,13050,153.0,1996650.0,13005.0,9753.0,20240906,895944552750,0.5243173774058688,1.007428106173676,36.0,-0.2500425309000013
20240708,2024,194700,노바렉스,도시락및식사용조리식품제조업,10830,184.0,1992720.0,10941.0,18587.0,20250616,203115003840,0.5180948665658662,1.0043709031844097,37.0,0.6988216910739675
20240708,2024,005420,코스모화학,기타화학제품제조업,28000,71.0,1988000.0,27563.0,18668.0,20240906,1075430384000,0.5260861893403186,1.0010418189969876,38.0,-0.322702770222396
20240708,2024,001390,KG케미칼,기초화학물질제조업,5020,398.0,1997960.0,4969.0,4561.0,20250609,343714580800,0.5283785084514048,0.9956955792822724,39.0,-0.08208793170053419
20240708,2024,053800,안랩,소프트웨어개발및공급업,57600,34.0,1958400.0,57616.0,52511.0,20240906,576798048000,0.5243760939136604,0.9930554618392624,40.0,-0.0886046146208136
20240708,2024,108860,셀바스AI,소프트웨어개발및공급업,14170,141.0,1997970.0,13808.0,13870.0,20250422,381382574300,0.524156291436654,0.985019265675028,41.0,0.004434520945270748
20240708,2024,097950,CJ제일제당,도시락및식사용조리식품제조업,371500,5.0,1857500.0,373179.0,306786.0,20240906,5592630099000,0.5170616362363931,0.9762347691144209,42.0,-0.17791201312399896
20240708,2024,207940,삼성바이오로직스,기초의약물질제조업,792000,2.0,1584000.0,1171753.0,1420465.0,20240906,56369808000000,0.518399814551685,0.9752422155886449,43.0,0.21225635091485584
20240708,2024,015750,성우하이텍,자동차신품부품제조업,8410,237.0,1993170.0,8383.0,6306.0,20240906,672800000000,0.534868131801471,0.9741286865065775,44.0,-0.24782080821211983
20240708,2024,108670,LX하우시스,플라스틱제품제조업,42250,47.0,1985750.0,42024.0,39319.0,20240906,378884057500,0.5169279083639803,0.9702762634006439,45.0,-0.06435170696238168
20240708,2024,069260,TKG휴켐스,기타화학제품제조업,19280,103.0,1985840.0,19362.0,18632.0,20240923,788139176640,0.524654164553078,0.9614511572093994,48.0,-0.03770629250172075
20240708,2024,095660,네오위즈,소프트웨어개발및공급업,20250,98.0,1984500.0,20304.0,21313.0,20240906,446182809750,0.5226368506622936,0.9294670067150774,53.0,0.049691595930560606
20240708,2024,001800,오리온홀딩스,기타금융업,14780,135.0,1995300.0,14947.0,15928.0,20241010,925899337160,0.523027758250487,0.8058497337421775,78.0,0.06563081369395074
20240708,2024,054450,텔레칩스,반도체제조업,21900,91.0,1992900.0,21458.0,14353.0,20240926,331658702700,0.5099628963715537,0.7614345396999859,82.0,-0.33111706380061456
20240708,2024,146320,비씨엔씨,반도체제조업,18520,107.0,1981640.0,18662.0,,,236924933960,0.5095336312929265,0.7480311896192333,87.0,-0.14724819129605593
20240905,2024,108670,LX하우시스,플라스틱제품제조업,39600,50.0,1980000.0,39319.0,31841.0,20250115,355119732000,0.5275699764968727,1.5992502377255857,1.0,-0.19020356786271375
20240905,2024,001060,JW중외제약,의약품제조업,27800,71.0,1973800.0,26990.0,24481.0,20241113,647348854000,0.5340922693683471,1.5651045380430137,2.0,-0.09292762390967313
20240905,2024,102710,이엔에프테크놀로지,기타화학제품제조업,24000,83.0,1992000.0,23202.0,14732.0,20241113,342908064000,0.5439705628279903,1.53372858349193,3.0,-0.3650463316826894
20240905,2024,089010,켐트로닉스,기타화학제품제조업,20850,95.0,1980750.0,20308.0,16359.0,20241113,319721114100,0.5429644290542719,1.490055965759528,4.0,-0.19447197717859044
20240905,2024,005420,코스모화학,기타화학제품제조업,19800,101.0,1999800.0,18668.0,17366.0,20241113,760482914400,0.5429322573044517,1.488659506791168,5.0,-0.06974483752287486
20240905,2024,036540,SFA반도체,반도체제조업,3560,561.0,1997160.0,3444.0,3155.0,20241113,585478678680,0.5441526447289056,1.4750396038455875,6.0,-0.08384492236895336
20240905,2024,372170,윤성에프앤씨,특수목적용기계제조업,48650,41.0,1994650.0,45521.0,45527.0,20241113,388180685200,0.5521880727797934,1.4701484756279175,7.0,0.00013317573593130128
20240905,2024,460930,현대힘스,선박및보트건조업,11180,178.0,1990040.0,10795.0,14468.0,20241113,394361877780,0.5419408272421276,1.4652002996928728,8.0,0.34022660999542453
20240905,2024,357780,솔브레인,기타화학제품제조업,216500,9.0,1948500.0,215451.0,187755.0,20241113,1684059539000,0.5423756950552646,1.4645011582813035,9.0,-0.12854891967499626
20240905,2024,950130,엑세스바이오,의료용품및기타의약관련제품제조업,6510,307.0,1998570.0,5489.0,4768.0,20241114,245608186320,0.5200411898650157,1.4561758068135244,10.0,-0.1313616719955747
20240905,2024,007310,오뚜기,동물용사료및조제식품제조업,402500,4.0,1610000.0,394581.0,384014.0,20241113,1613151575000,0.521217320000853,1.4030582290170945,11.0,-0.026780867402024566
20240905,2024,058610,에스피지,"전동기,발전기및전기변환ㆍ공급ㆍ제어장치제조업",23900,83.0,1983700.0,23306.0,20607.0,20241113,530038904000,0.5315824469897696,1.3926980031184026,12.0,-0.11580095684055247
20240905,2024,069960,현대백화점,종합소매업,48600,41.0,1992600.0,47849.0,41905.0,20241113,1137358632600,0.5072934049411704,1.3853610418915574,13.0,-0.12423334084460114
20240905,2024,000520,삼일제약,의약품제조업,10030,199.0,1995970.0,9816.0,13537.0,20241113,216619905970,0.5289039299606151,1.35041988264519,14.0,0.3790792111203072
20240905,2024,058430,포스코스틸리온,1차철강제조업,38400,52.0,1996800.0,37258.0,39067.0,20250328,230400000000,0.5435719008120679,1.341476939611096,15.0,0.04853238546629757
20240905,2024,030520,한글과컴퓨터,소프트웨어개발및공급업,18690,107.0,1999830.0,17337.0,19498.0,20241113,451919415360,0.5361292355927694,1.3376262639592775,16.0,0.12465092869288075
20240905,2024,007810,코리아써키트,전자부품제조업,10480,190.0,1991200.0,11205.0,9435.0,20241218,247545470480,0.5470201758015039,1.2654337663412665,17.0,-0.15802476929620846
20240905,2024,005290,동진쎄미켐,기초화학물질제조업,28200,70.0,1974000.0,27546.0,23095.0,20241113,1449888730800,0.5443617929043172,1.255784951450912,18.0,-0.16157552313562773
20240905,2024,200880,서연이화,자동차신품부품제조업,13060,153.0,1998180.0,12842.0,11941.0,20241113,352991387220,0.5396333375279018,1.231002055265296,19.0,-0.07014419168890906
20240905,2024,195870,해성디에스,전자부품제조업,26950,74.0,1994300.0,26358.0,22102.0,20241113,458150000000,0.5460854365017771,1.2265552232482684,20.0,-0.16146550967065154
20240905,2024,041020,폴라리스오피스,소프트웨어개발및공급업,5220,383.0,1999260.0,4839.0,4784.0,20241113,259567099560,0.5320663415146552,1.1950775917926075,21.0,-0.01130789092663087
20240905,2024,007340,DN오토모티브,일차전지및축전지제조업,91900,21.0,1929900.0,18120.0,18522.0,20241122,918449059500,0.5236948386474427,1.1889267268519221,22.0,0.0221818290610325
20240905,2024,010690,화신,자동차신품부품제조업,8390,238.0,1996820.0,8190.0,7358.0,20241113,292982239900,0.5388161854642319,1.185016842389552,23.0,-0.10151569284856243
20240905,2024,009900,명신산업,자동차신품부품제조업,11070,180.0,1992600.0,11233.0,13063.0,20241113,580844372310,0.5381348686061789,1.1466757524671969,24.0,0.16291242410971907
20240905,2024,131970,두산테스나,"그외기타전문,과학및기술서비스업",29050,68.0,1975400.0,28465.0,25317.0,20241113,494040742300,0.5378464721778238,1.1433367129498948,25.0,-0.11061783997043595
20240905,2024,121600,나노신소재,기타화학제품제조업,87500,22.0,1925000.0,82727.0,70048.0,20241113,1067156825000,0.5347855515520303,1.1350405592937916,26.0,-0.1532587991473765
20240905,2024,101490,에스앤에스텍,전자부품제조업,24550,81.0,1988550.0,23258.0,20357.0,20241113,526633023850,0.543693902867217,1.1270843403007136,27.0,-0.12476907017531336
20240905,2024,299030,하나기술,특수목적용기계제조업,28550,70.0,1998500.0,27192.0,25997.0,20250811,228254680500,0.5453161113605087,1.1214271594949081,28.0,-0.043949512157222204
20240905,2024,001120,LX인터내셔널,상품중개업,29800,67.0,1996600.0,29906.0,27304.0,20241113,1155048000000,0.5090649170784658,1.111573538483514,29.0,-0.0870055825495959
20240905,2024,002320,한진,도로화물운송업,19310,103.0,1988930.0,19203.0,21652.0,20260226,288638696680,0.5206098208415435,1.1096461104938637,30.0,0.12754544198301776
20240905,2024,348950,제이알글로벌리츠,부동산임대및공급업,3590,557.0,1999630.0,3620.0,2930.0,20241113,708579840000,0.5185800057171762,1.0910808829118077,31.0,-0.19043906601172744
20240905,2024,067310,하나마이크론,반도체제조업,11430,174.0,1988820.0,11152.0,9489.0,20241113,751464161280,0.5387863375304277,1.0901790527673307,32.0,-0.14908936346146795
20240905,2024,271560,오리온,동물용사료및조제식품제조업,88700,22.0,1951400.0,88173.0,97889.0,20241113,3506854908400,0.5181406284587631,1.0858930810569531,33.0,0.11019039541525766
20240905,2024,353200,대덕전자,전자부품제조업,18030,110.0,1983300.0,17529.0,16008.0,20241113,890987157750,0.5426051686310194,1.0818006971167757,34.0,-0.08674574796981749
20240905,2024,214680,디알텍,의료용기기제조업,2925,683.0,1997775.0,2765.0,2820.0,20241115,215651790900,0.5219005940916537,1.0785321795681004,35.0,0.02004406689992222
20240905,2024,054950,제이브이엠,일반목적용기계제조업,20250,98.0,1984500.0,19855.0,18376.0,20241113,244820313000,0.5232550190051298,1.0759219907929423,36.0,-0.07449912918451729
20240905,2024,050890,쏠리드,통신및방송장비제조업,4230,472.0,1996560.0,4154.0,4789.0,20241113,258967537200,0.5459035359590405,1.0748396396754487,37.0,0.15285144028679443
20240905,2024,036200,유니셈,특수목적용기계제조업,6630,301.0,1995630.0,6561.0,6653.0,20250212,203303798490,0.5441347304489597,1.0614773604209944,38.0,0.01396930829081855
20240905,2024,010060,OCI홀딩스,기타금융업,67800,29.0,1966200.0,67612.0,56612.0,20241113,1326438047400,0.5215245533508635,1.0454434205850553,39.0,-0.16269551134687776
20240905,2024,099190,아이센스,의료용기기제조업,15530,128.0,1987840.0,15100.0,19117.0,20241113,429206849690,0.5210422612177772,1.0445753269697247,40.0,0.26602266783202944
20240905,2024,015750,성우하이텍,자동차신품부품제조업,6460,309.0,1996140.0,6306.0,5487.0,20241113,516800000000,0.5360956485873456,1.0319186945881682,41.0,-0.12975516363697548
20240905,2024,336260,두산퓨얼셀,"전동기,발전기및전기변환ㆍ공급ㆍ제어장치제조업",17650,113.0,1994450.0,17122.0,14541.0,20241113,1155964263900,0.5253888914059546,1.0306302939292051,42.0,-0.15073712263838124
20240905,2024,253450,스튜디오드래곤,"영화,비디오물,방송프로그램제작및배급업",35350,56.0,1979600.0,34918.0,42472.0,20241113,1062567904300,0.5044168067011563,1.0293430120258407,43.0,0.2163350799578705
20240905,2024,028670,팬오션,해상운송업,3540,564.0,1996560.0,3376.0,3447.0,20241113,1892376072480,0.5227482580069625,1.021866877877337,44.0,0.021002230829461954
20240905,2024,265520,AP시스템,특수목적용기계제조업,17230,116.0,1998680.0,16464.0,16077.0,20241113,263298883830,0.5429951107118725,1.0036467542285676,45.0,-0.02353074858185178
20240905,2024,095700,제넥신,자연과학및공학연구개발업,6270,318.0,1993860.0,6084.0,5983.0,20241118,260271424380,0.5161855521329992,1.0023596285031942,46.0,-0.01669562529861468
20240905,2024,307950,현대오토에버,소프트웨어개발및공급업,155200,12.0,1862400.0,152890.0,128909.0,20241113,4256202006400,0.5261987720407082,0.9892109801419674,47.0,-0.15684776838673364
20240905,2024,023530,롯데쇼핑,종합소매업,63600,31.0,1971600.0,62707.0,60283.0,20241113,1799164818000,0.5027870901101276,0.9095774287056312,57.0,-0.03866117183156015
20240905,2024,361610,SK아이이테크놀로지,일차전지및축전지제조업,34500,57.0,1966500.0,31730.0,27336.0,20241113,2459766924000,0.5181750504618354,0.8466284769069484,69.0,-0.13847524727642813
20240905,2024,001800,오리온홀딩스,기타금융업,15400,129.0,1986600.0,15429.0,15761.0,20241113,964739498800,0.5176904685713696,0.8451853600469559,70.0,0.021521790626668924
20241112,2024,102710,이엔에프테크놀로지,기타화학제품제조업,14470,138.0,1996860.0,14732.0,19701.0,20250115,206744986920,0.5426527133940678,1.556743155972676,1.0,0.3372768827825685
20241112,2024,453340,현대그린푸드,종합소매업,12990,153.0,1987470.0,12848.0,14507.0,20250115,440113072860,0.5180630412355116,1.486186332198566,2.0,0.12916485484596874
20241112,2024,340570,티앤엘,의료용품및기타의약관련제품제조업,63600,31.0,1971600.0,66778.0,73398.0,20250115,516940800000,0.5102387234863668,1.4394360860898876,3.0,0.0991411912058131
20241112,2024,058610,에스피지,"전동기,발전기및전기변환ㆍ공급ㆍ제어장치제조업",21050,95.0,1999750.0,20607.0,28403.0,20250115,466833428000,0.5313077170840584,1.4025852867553719,4.0,0.3783287442956622
20241112,2024,000250,삼천당제약,의약품제조업,129600,15.0,1944000.0,116642.0,156841.0,20250115,3040088371200,0.5284498165206002,1.377912370649284,5.0,0.34463664576294417
20241112,2024,336260,두산퓨얼셀,"전동기,발전기및전기변환ㆍ공급ㆍ제어장치제조업",15420,129.0,1989180.0,14541.0,16743.0,20250115,1009913254920,0.5309116943610064,1.3776939571391493,6.0,0.15144083561094046
20241112,2024,299030,하나기술,특수목적용기계제조업,26200,76.0,1991200.0,25997.0,29743.0,20251106,209466642000,0.5426849102223079,1.3418408400948993,7.0,0.14411936620379695
20241112,2024,104830,원익머트리얼즈,기초화학물질제조업,18430,108.0,1990440.0,17947.0,17847.0,20250203,232365440000,0.5305227842271201,1.2885516702125326,8.0,-0.005568028897844246
20241112,2024,041020,폴라리스오피스,소프트웨어개발및공급업,4790,417.0,1997430.0,4784.0,5789.0,20250115,238185135420,0.5288833696859094,1.2274454911311292,9.0,0.21005938569523508
20241112,2024,043150,바텍,의료용기기제조업,20200,99.0,1999800.0,20019.0,,,300055971200,0.5257198719440532,1.2002062586041504,10.0,-0.039921219047142076
20241112,2024,183300,코미코,특수목적용기계제조업,43800,45.0,1971000.0,43631.0,40789.0,20250115,458177959200,0.5394859649747556,1.1993932605557942,11.0,-0.06513364235386476
20241112,2024,007810,코리아써키트,전자부품제조업,8590,232.0,1992880.0,8674.0,13920.0,20250218,202902251090,0.5357232629660245,1.189683069309707,12.0,0.6047766691373102
20241112,2024,004490,세방전지,일차전지및축전지제조업,70100,28.0,1962800.0,67402.0,82231.0,20250115,981400000000,0.5278713795940103,1.1896696312748765,13.0,0.22000638440737563
20241112,2024,456040,OCI,기초화학물질제조업,58600,34.0,1992400.0,56980.0,62872.0,20250115,524616207000,0.528279516220741,1.1607704674188906,14.0,0.10339187113903803
20241112,2024,001820,삼화콘덴서,전자부품제조업,29200,68.0,1985600.0,28190.0,28743.0,20250115,303534000000,0.535060543576324,1.1480705274925735,15.0,0.019607108285729646
20241112,2024,001120,LX인터내셔널,상품중개업,28300,70.0,1981000.0,27304.0,25304.0,20250115,1096908000000,0.5174237861629601,1.1476011676157298,16.0,-0.07323024772796594
20241112,2024,006110,삼아알미늄,1차비철금속제조업,42800,46.0,1968800.0,41095.0,36701.0,20250115,629670004800,0.5210324473451697,1.146495302993829,17.0,-0.10692283267959468
20241112,2024,013030,하이록코리아,1차철강제조업,24300,82.0,1992600.0,24059.0,27264.0,20250115,312402015000,0.5262265088447242,1.1422938752689595,18.0,0.13321075784803305
20241112,2024,005930,삼성전자,통신및방송장비제조업,53000,37.0,1961000.0,50585.0,53681.0,20250115,316398475150000,0.5339180680689166,1.1305558758126029,19.0,0.06119331003076045
20241112,2024,049070,인탑스,통신및방송장비제조업,18350,108.0,1981800.0,17871.0,19001.0,20250115,315620000000,0.5331343579189465,1.1031954121342713,20.0,0.06321201800500109
20241112,2024,089980,상아프론테크,플라스틱제품제조업,19500,102.0,1989000.0,18371.0,15672.0,20250217,311786221500,0.5169611685007882,1.1006394575011442,21.0,-0.14694493735929248
20241112,2024,052690,한전기술,"건축기술,엔지니어링및관련기술서비스업",68100,29.0,1974900.0,67067.0,61892.0,20250115,2602782000000,0.5082723016775668,1.1005218619470218,22.0,-0.07715573062658221
20241112,2024,101490,에스앤에스텍,전자부품제조업,20250,98.0,1984500.0,20357.0,29202.0,20250115,434391801750,0.533866538610912,1.0730982506507385,23.0,0.4345137899846667
20241112,2024,014680,한솔케미칼,기초화학물질제조업,111500,17.0,1895500.0,110427.0,99431.0,20250115,1263874242500,0.5266495701416416,1.0679253548938452,24.0,-0.09957657104586537
20241112,2024,054950,제이브이엠,일반목적용기계제조업,18270,109.0,1991430.0,18376.0,19735.0,20250115,220882326840,0.51806173489816,1.0564845331357757,25.0,0.07393277594927539
20241112,2024,009150,삼성전기,전자부품제조업,111000,18.0,1998000.0,106777.0,123089.0,20250115,8291000256000,0.533524092728098,1.0515958714534928,26.0,0.15276861749646287
20241112,2024,064550,바이오니아,의료용품및기타의약관련제품제조업,20650,96.0,1982400.0,20047.0,19141.0,20250115,532982509150,0.5069246716406552,1.046335330107495,27.0,-0.04523534827736275
20241112,2024,019170,신풍제약,의약품제조업,10970,182.0,1996540.0,10596.0,10894.0,20250115,581245340300,0.5193940016746962,1.039305147583179,28.0,0.02805959330609631
20241112,2024,014830,유니드,기초화학물질제조업,61600,32.0,1971200.0,60636.0,68733.0,20250115,416884160000,0.5259806472874659,1.0298221203986047,29.0,0.13353542700139798
20241112,2024,095610,테스,특수목적용기계제조업,14890,134.0,1995260.0,14873.0,17385.0,20250115,294348885140,0.5355392099366487,1.023646050552033,30.0,0.16895053331438303
20241112,2024,319400,현대무벡스,일반목적용기계제조업,2965,674.0,1998410.0,2860.0,3995.0,20250115,349102236970,0.5169863577655407,1.0007798638154906,31.0,0.3969764051669953
20241112,2024,185750,종근당,의약품제조업,100400,19.0,1907600.0,93907.0,92112.0,20250115,1322711768000,0.5181452796275345,0.9926140091306219,32.0,-0.01911925069956011
20241112,2024,086900,메디톡스,기초의약물질및생물학적제제제조업,129000,15.0,1935000.0,127706.0,117617.0,20250115,941506113000,0.5288451957033795,0.9838309729864493,33.0,-0.07900478186054938
20241112,2024,005290,동진쎄미켐,기초화학물질제조업,23850,83.0,1979550.0,23095.0,22446.0,20250115,1226235681900,0.5251456256996634,0.9822575572056927,34.0,-0.028101865786041125
20241112,2024,215600,신라젠,자연과학및공학연구개발업,2540,787.0,1998980.0,2473.0,2659.0,20250115,348912497500,0.49940264731670725,0.9670972431107138,35.0,0.07502475413267051
20241112,2024,200880,서연이화,자동차신품부품제조업,12500,160.0,2000000.0,11941.0,13388.0,20250115,337855462500,0.5311250190465859,0.9669832598022019,36.0,0.1211308088270231
20241112,2024,265520,AP시스템,특수목적용기계제조업,16520,121.0,1998920.0,16077.0,17840.0,20250910,252449074920,0.5341635270025635,0.9623875140629718,37.0,0.10971430989135089
20241112,2024,051370,인터플렉스,전자부품제조업,9160,218.0,1996880.0,8854.0,9055.0,20250311,213679643520,0.5318586436829251,0.9470213424542901,38.0,0.022676131389037568
20241112,2024,001060,JW중외제약,의약품제조업,24700,80.0,1976000.0,24481.0,23233.0,20250115,575162471000,0.516535295259384,0.9324148613614004,42.0,-0.050985365860592546
20241112,2024,950130,엑세스바이오,의료용품및기타의약관련제품제조업,5590,357.0,1995630.0,4768.0,4544.0,20250519,210898580880,0.5058216436510784,0.9154981686027689,44.0,-0.04692581786537264
20241112,2024,348950,제이알글로벌리츠,부동산임대및공급업,2825,707.0,1997275.0,2930.0,2580.0,20250414,557587200000,0.5189845313636292,0.903699982149517,45.0,-0.11954162874673602
20241112,2024,131970,두산테스나,"그외기타전문,과학및기술서비스업",25800,77.0,1986600.0,25317.0,29166.0,20250115,438769402800,0.5269370247054668,0.8561156134639953,53.0,0.15204620584313044
20241112,2024,307950,현대오토에버,소프트웨어개발및공급업,137800,14.0,1929200.0,128909.0,140215.0,20250115,3779024719600,0.5179627882103455,0.8492948071130708,54.0,0.08770134931178486
20241112,2024,089010,켐트로닉스,기타화학제품제조업,17040,117.0,1993680.0,16359.0,18063.0,20250115,261297255840,0.5256575673797637,0.8300674525829937,57.0,0.10420910657189131
20241112,2024,357780,솔브레인,기타화학제품제조업,188800,10.0,1888000.0,187755.0,174467.0,20250115,1468593260800,0.5253470496128736,0.8167903841494591,59.0,-0.07077649421179055
20241112,2024,069960,현대백화점,종합소매업,42350,47.0,1990450.0,41905.0,47556.0,20250115,991093376350,0.5114960849252742,0.793991740526303,64.0,0.13486320310996414
20241112,2024,001800,오리온홀딩스,기타금융업,15950,125.0,1993750.0,15761.0,14749.0,20250115,999194480900,0.5176194464084891,0.7713488020134948,73.0,-0.06417829163474353
20241112,2024,023530,롯데쇼핑,종합소매업,60800,32.0,1945600.0,60283.0,53890.0,20250115,1719956304000,0.511146167669396,0.7571084690974844,78.0,-0.10604952009267221
20241112,2024,010060,OCI홀딩스,기타금융업,57300,34.0,1948200.0,56612.0,77702.0,20250115,1095997326900,0.5166241616945448,0.7327648833118001,80.0,0.3725408363821341
20241112,2024,015750,성우하이텍,자동차신품부품제조업,5720,349.0,1996280.0,5487.0,5218.0,20250115,457600000000,0.5238242440944714,0.721985387572095,84.0,-0.049027948420327094
20250102,2025,297890,HB솔루션,특수목적용기계제조업,2745,728.0,1998360.0,2865.0,2834.0,20250317,200771808930,0.5809592883317802,1.970215485563573,1.0,-0.010730247683389038
20250102,2025,084010,대한제강,1차철강제조업,16610,120.0,1993200.0,10696.0,10707.0,20260116,388913134170,0.5838129761728266,1.9008862608779473,2.0,0.0009919162815104077
20250102,2025,010620,현대미포조선,선박및보트건조업,134500,14.0,1883000.0,128022.0,101996.0,20250311,5372219040500,0.5817017986416475,1.7603305093954111,3.0,-0.20329289749916502
20250102,2025,200130,콜마비앤에이치,기초의약물질및생물학적제제제조업,11610,172.0,1996920.0,11887.0,13137.0,20250320,341514628380,0.5981647157689784,1.739135107344694,4.0,0.105159982635602
20250102,2025,079940,가비아,소프트웨어개발및공급업,17200,116.0,1995200.0,17254.0,19074.0,20250331,232813764800,0.5424049143036171,1.730553118985555,5.0,0.10548502584102226
20250102,2025,323990,박셀바이오,자연과학및공학연구개발업,10650,187.0,1991550.0,10794.0,8953.0,20250313,244877580000,0.5245169127501881,1.7044976557729024,6.0,-0.17055486855309931
20250102,2025,104830,원익머트리얼즈,기초화학물질제조업,17440,114.0,1988160.0,17728.0,21493.0,20250324,219883520000,0.5698524839702728,1.5853972806827359,7.0,0.21239795286312635
20250102,2025,012630,HDC,기타금융업,12090,165.0,1994850.0,12265.0,14492.0,20250311,722277406890,0.5602315852171087,1.5625761287034001,8.0,0.18162702435176192
20250102,2025,256840,한국비엔씨,기초의약물질및생물학적제제제조업,4150,481.0,1996150.0,4450.0,4014.0,20250311,281836638450,0.5840290158008592,1.511343304456892,9.0,-0.09785673969719588
20250102,2025,170900,동아에스티,의약품제조업,59100,33.0,1950300.0,55946.0,43409.0,20250311,542117799000,0.550666041530621,1.4934493183826456,10.0,-0.22408485103894782
20250102,2025,007340,DN오토모티브,일차전지및축전지제조업,18340,109.0,1999060.0,18340.0,21257.0,20250311,1083267964100,0.5525872711335471,1.4861703772964714,11.0,0.15905574896961916
20250102,2025,319400,현대무벡스,일반목적용기계제조업,3480,574.0,1997520.0,3475.0,3550.0,20250311,409738881840,0.5784477129666166,1.4627819255413395,12.0,0.021501091846474862
20250102,2025,006060,화승인더,플라스틱제품제조업,4450,449.0,1998050.0,4474.0,4800.0,20250401,246174000000,0.5877584115395804,1.4292457605838738,13.0,0.07268932316983423
20250102,2025,066570,LG전자,통신및방송장비제조업,84000,23.0,1932000.0,85074.0,81766.0,20250311,13746416376000,0.5565593475653945,1.423941810763472,14.0,-0.03888676085689324
20250102,2025,006040,동원산업,기타금융업,36300,55.0,1996500.0,36306.0,46846.0,20250604,1307594788500,0.5550814066779205,1.4117937325268017,15.0,0.2903057110660947
20250102,2025,307950,현대오토에버,소프트웨어개발및공급업,135000,14.0,1890000.0,132216.0,129546.0,20250311,3702237570000,0.5291685090617324,1.406278181069732,16.0,-0.020196389219469757
20250102,2025,319660,피에스케이,특수목적용기계제조업,16360,122.0,1995920.0,17409.0,17473.0,20250311,473895441040,0.5593117479193304,1.37587337757704,17.0,0.003681761056181454
20250102,2025,018260,삼성에스디에스,"컴퓨터프로그래밍,시스템통합및관리업",124500,16.0,1992000.0,127983.0,118452.0,20250311,9633536100000,0.5556281887456207,1.3674964587456027,18.0,-0.07446463396430547
20250102,2025,096530,씨젠,의료용품및기타의약관련제품제조업,24200,82.0,1984400.0,23974.0,24378.0,20250311,1263869054800,0.5370023340438057,1.3579303093390203,19.0,0.016819323187020396
20250102,2025,091700,파트론,전자부품제조업,6930,288.0,1995840.0,6978.0,6929.0,20250311,408303223020,0.5613694842713808,1.3372390721946505,20.0,-0.007009526613603101
20250102,2025,001800,오리온홀딩스,기타금융업,15090,132.0,1991880.0,15050.0,15167.0,20250311,945319417980,0.5524762987018881,1.335523673161665,21.0,0.007809141629443683
20250102,2025,019170,신풍제약,의약품제조업,10650,187.0,1991550.0,10525.0,8197.0,20250311,564290143500,0.5453585742571854,1.3265956961145526,22.0,-0.22111692463455757
20250102,2025,101160,월덱스,전자부품제조업,16410,121.0,1985610.0,17078.0,16671.0,20250311,270945395130,0.5603405705813821,1.3107594736079013,23.0,-0.023825012120925138
20250102,2025,082920,비츠로셀,일차전지및축전지제조업,23150,86.0,1990900.0,11850.0,13136.0,20250311,529491730950,0.5473751569315114,1.2960621142322502,24.0,0.10856408225210856
20250102,2025,140860,파크시스템스,"측정,시험,항해,제어및기타정밀기기제조업;광학기기제외",227500,8.0,1820000.0,226875.0,189023.0,20250311,1589673767500,0.5882729350495833,1.2484910954907038,25.0,-0.16683765445380827
20250102,2025,023530,롯데쇼핑,종합소매업,52300,38.0,1987400.0,53187.0,67503.0,20250311,1479501886500,0.5473386550574161,1.2457565573981622,26.0,0.2691824051653531
20250102,2025,025540,한국단자,"전동기,발전기및전기변환ㆍ공급ㆍ제어장치제조업",67000,29.0,1943000.0,66595.0,67091.0,20250311,697805000000,0.5642618916031218,1.235186330266718,27.0,0.007458508437572897
20250102,2025,047310,파워로직스,"전동기,발전기및전기변환ㆍ공급ㆍ제어장치제조업",6000,333.0,1998000.0,5998.0,5610.0,20260303,219664530000,0.5639064649454755,1.2262387251145406,28.0,-0.06481508711050243
20250102,2025,161000,애경케미칼,기초화학물질제조업,6580,303.0,1993740.0,7177.0,7276.0,20250311,320108505220,0.556758344784167,1.21578370991562,29.0,0.013717699119396798
20250102,2025,166090,하나머티리얼즈,반도체제조업,22800,87.0,1983600.0,24200.0,29453.0,20250311,450930967200,0.559134077454514,1.2105219230288329,30.0,0.21705993980806815
20250102,2025,086450,동국제약,의약품제조업,16300,122.0,1988600.0,16306.0,15319.0,20250311,724698000000,0.5411718285037241,1.1949747819401058,31.0,-0.060491410630397424
20250102,2025,006360,GS건설,건물건설업,17350,115.0,1995250.0,17946.0,17964.0,20250311,1484838851500,0.5393895018963003,1.1842700382299245,32.0,0.0010131846346974616
20250102,2025,069080,웹젠,소프트웨어개발및공급업,13400,149.0,1996600.0,13862.0,13500.0,20250321,468341845600,0.5196543050449987,1.1731923952793368,33.0,-0.02610914119257235
20250102,2025,352820,하이브,오디오물출판및원판녹음업,196300,10.0,1963000.0,201017.0,237000.0,20250311,8176306641100,0.5520040302754265,1.1707373178598313,34.0,0.1790050186212493
20250102,2025,016380,KG스틸,1차철강제조업,5530,361.0,1996330.0,5702.0,6771.0,20250311,553049200410,0.5564880222135047,1.1504324780862485,35.0,0.1876057865734717
20250102,2025,089010,켐트로닉스,기타화학제품제조업,16170,123.0,1988910.0,16461.0,27064.0,20250311,247956374820,0.5524312972705531,1.1379876567594986,38.0,0.6441907746969451
20250102,2025,001120,LX인터내셔널,상품중개업,26900,74.0,1990600.0,27803.0,25998.0,20250311,1042644000000,0.5645525147158024,1.13606276370496,39.0,-0.06493713953977831
20250102,2025,183300,코미코,특수목적용기계제조업,36500,54.0,1971000.0,38284.0,41239.0,20250311,381814966000,0.5505595539640278,1.1355782999011537,40.0,0.07718509376062666
20250102,2025,185750,종근당,의약품제조업,89100,22.0,1960200.0,89601.0,77808.0,20250311,1173840822000,0.538048547231867,1.096786556422492,44.0,-0.1316247099299802
20250102,2025,340570,티앤엘,의료용품및기타의약관련제품제조업,67400,29.0,1954600.0,67491.0,77588.0,20250311,547827200000,0.5298761976420534,1.0850211407442905,45.0,0.1496107676200087
20250102,2025,005930,삼성전자,통신및방송장비제조업,53400,37.0,1975800.0,54376.0,53592.0,20250311,318786388170000,0.5412274695264918,1.079341282198956,46.0,-0.014408446505356665
20250102,2025,014680,한솔케미칼,기초화학물질제조업,94000,21.0,1974000.0,102625.0,123324.0,20250311,1065508330000,0.5498217320144037,1.0199811314932434,48.0,0.20169029052371723
20250102,2025,453340,현대그린푸드,종합소매업,14030,142.0,1992260.0,13897.0,18232.0,20250605,475349223420,0.5395644605956746,0.9513417366671957,57.0,0.31191716779364764
20250102,2025,357780,솔브레인,기타화학제품제조업,163000,12.0,1956000.0,170447.0,199341.0,20250311,1267906258000,0.5449577570884698,0.9317273429326782,60.0,0.16951434291482426
20250102,2025,015750,성우하이텍,자동차신품부품제조업,5020,398.0,1997960.0,5098.0,5177.0,20250311,401600000000,0.5530793694524971,0.9254606056245579,63.0,0.015454494313304368
20250102,2025,456040,OCI,기초화학물질제조업,58200,34.0,1978800.0,61579.0,58360.0,20250311,521035209000,0.5439101894359889,0.8531136245808218,68.0,-0.052282607057610564
20250102,2025,041020,폴라리스오피스,소프트웨어개발및공급업,6150,325.0,1998750.0,6188.0,5850.0,20250311,305811812700,0.505452975322888,0.8252780461940388,72.0,-0.054718570629278096
20250102,2025,215600,신라젠,자연과학및공학연구개발업,2535,788.0,1997580.0,2553.0,2404.0,20250311,348225661875,0.49410142614699293,0.7930369032569451,75.0,-0.05862177471955421
20250102,2025,095610,테스,특수목적용기계제조업,15360,130.0,1996800.0,16404.0,22956.0,20250311,303639951360,0.5359549630528428,0.7346032614878969,81.0,0.39940404170179256
20250102,2025,006110,삼아알미늄,1차비철금속제조업,33200,60.0,1992000.0,36445.0,29057.0,20250311,488435611200,0.5331993306091171,0.7256488964938953,82.0,-0.20272715367675354
20250310,2025,012630,HDC,기타금융업,14390,138.0,1985820.0,14492.0,19364.0,20250513,859683365190,0.5991210588519443,2.618213313243072,1.0,0.33616377410675424
20250310,2025,000430,대원강업,자동차신품부품제조업,3770,530.0,1998100.0,3723.0,,,233740000000,0.5907187012559694,2.2114098162911167,2.0,0.022497039192838963
20250310,2025,114810,한솔아이원스,특수목적용기계제조업,6980,286.0,1996280.0,7171.0,7700.0,20250516,203209954520,0.571567345857758,2.071650791449115,3.0,0.07379203190900041
20250310,2025,079940,가비아,소프트웨어개발및공급업,14970,133.0,1991010.0,14974.0,21001.0,20250521,202629189480,0.5465900080080286,1.936344360535417,4.0,0.4025065161677579
20250310,2025,307950,현대오토에버,소프트웨어개발및공급업,130300,15.0,1954500.0,129546.0,133978.0,20250513,3573344854600,0.5465289560106392,1.934610773978031,5.0,0.03421219045440771
20250310,2025,007340,DN오토모티브,일차전지및축전지제조업,21850,91.0,1988350.0,21257.0,21156.0,20250513,1278462400250,0.6053330257370612,1.9158734629237406,6.0,-0.00477587965951598
20250310,2025,297890,HB솔루션,특수목적용기계제조업,2735,731.0,1999285.0,2784.0,,,200040399790,0.5614790803922497,1.758308326045012,7.0,0.0021185303292388102
20250310,2025,352820,하이브,오디오물출판및원판녹음업,239000,8.0,1912000.0,237000.0,266941.0,20250513,9954851183000,0.5536547002398045,1.6642626319687723,8.0,0.12633560745011163
20250310,2025,064260,다날,소프트웨어개발및공급업,2920,684.0,1997280.0,2977.0,8513.0,20250715,201331196800,0.5369729871385469,1.6632666757038148,9.0,1.859932143495183
20250310,2025,101160,월덱스,전자부품제조업,16870,118.0,1990660.0,16671.0,18775.0,20250513,278540451910,0.569854502121437,1.5783773054565442,10.0,0.1261838047382331
20250310,2025,091700,파트론,전자부품제조업,6970,286.0,1993420.0,6929.0,6601.0,20250519,397290000000,0.5695949352163865,1.5722180931241894,11.0,-0.04733283973282065
20250310,2025,185750,종근당,의약품제조업,79000,25.0,1975000.0,77808.0,80522.0,20250513,1090419620000,0.5640122457278038,1.546458288506153,12.0,0.03488608901092838
20250310,2025,003850,보령,의약품제조업,9830,203.0,1995490.0,9683.0,8530.0,20250513,853118244810,0.5637361171037083,1.5385334962666826,13.0,-0.11901990042378163
20250310,2025,206640,바디텍메드,의료용품및기타의약관련제품제조업,15060,132.0,1987920.0,14808.0,16006.0,20250513,353707593600,0.5596250685332256,1.53015584234263,14.0,0.08090733645475567
20250310,2025,323990,박셀바이오,자연과학및공학연구개발업,8850,225.0,1991250.0,9093.0,10064.0,20250610,203489820000,0.5421153993712187,1.4935118123576774,15.0,0.1067796839989621
20250310,2025,093370,후성,기초화학물질제조업,4560,438.0,1997280.0,4443.0,4334.0,20250513,489084304800,0.5508305800480082,1.4900664750788213,16.0,-0.024655636852307206
20250310,2025,086450,동국제약,의약품제조업,15580,128.0,1994240.0,15319.0,15690.0,20250513,692686800000,0.5618764854392928,1.4851627360613422,17.0,0.024187882978975228
20250310,2025,046890,서울반도체,반도체제조업,6690,298.0,1993620.0,6549.0,6849.0,20250514,390063126000,0.548816110183935,1.4813476414194329,18.0,0.04578422959637618
20250310,2025,001340,PKC,기초화학물질제조업,6850,291.0,1993350.0,6711.0,6111.0,20250513,307691087950,0.5504070173272367,1.479194223466722,19.0,-0.08939455324864676
20250310,2025,060720,KH바텍,전자부품제조업,9280,215.0,1995200.0,9215.0,11587.0,20251211,219726661760,0.564763647705054,1.4575774165126434,20.0,0.25749125301566034
20250310,2025,271560,오리온,동물용사료및조제식품제조업,107600,18.0,1936800.0,109240.0,122555.0,20250513,4254087803200,0.5693527918116672,1.453304442434895,21.0,0.12188338171762925
20250310,2025,061970,LB세미콘,반도체제조업,3685,542.0,1997270.0,3664.0,3970.0,20250901,214035877110,0.5477491382869142,1.4521710647977373,22.0,0.08344094688681936
20250310,2025,069260,TKG휴켐스,기타화학제품제조업,16210,123.0,1993830.0,14383.0,17271.0,20250801,662641911480,0.5619910295584701,1.4502076285634877,23.0,0.2007983125398336
20250310,2025,236200,슈프리마,통신및방송장비제조업,28700,69.0,1980300.0,28239.0,36641.0,20250602,206446935100,0.5788231465878195,1.4470464692688807,24.0,0.2975600692371614
20250310,2025,005930,삼성전자,통신및방송장비제조업,53700,37.0,1986900.0,53592.0,56892.0,20250513,317884556411400,0.5787382064645323,1.4454917015544442,25.0,0.061563881071255544
20250310,2025,293940,신한알파리츠,부동산임대및공급업,6030,331.0,1995930.0,5956.0,5767.0,20250513,729268941690,0.4851201744097903,1.4259774296152072,26.0,-0.03183406035604486
20250310,2025,319400,현대무벡스,일반목적용기계제조업,3540,564.0,1996560.0,3550.0,4344.0,20250513,417174489540,0.5657272185456463,1.3659399690982772,27.0,0.22375754072851928
20250310,2025,002790,아모레퍼시픽홀딩스,기타화학제품제조업,21900,91.0,1992900.0,21489.0,22936.0,20250513,1740134142000,0.5586641019598548,1.3629869199140987,28.0,0.06736856345415254
20250310,2025,025540,한국단자,"전동기,발전기및전기변환ㆍ공급ㆍ제어장치제조업",68100,29.0,1974900.0,67091.0,65781.0,20250513,709261500000,0.5578701686691674,1.3608217950663388,29.0,-0.019524921151223174
20250310,2025,048870,시너지이노베이션,의료용기기제조업,2785,718.0,1999630.0,4017.0,2866.0,20250731,230383964395,0.5558857164773858,1.358640858852647,30.0,-0.28667752303775995
20250310,2025,051900,LG생활건강,기타화학제품제조업,319000,6.0,1914000.0,323277.0,325322.0,20250513,4982204843000,0.5584434322225114,1.3572017110996408,31.0,0.006326156978398112
20250310,2025,282330,BGF리테일,종합소매업,103600,19.0,1968400.0,104624.0,101443.0,20250513,1790612661600,0.5495212075142508,1.3530084555038402,32.0,-0.030402586795673647
20250310,2025,006060,화승인더,플라스틱제품제조업,5210,383.0,1995430.0,5184.0,4714.0,20250617,288217200000,0.5785985172515824,1.3461063697544478,33.0,-0.09061254755048409
20250310,2025,054950,제이브이엠,일반목적용기계제조업,20800,96.0,1996800.0,21098.0,23699.0,20250513,251469753600,0.5643036646728078,1.3282360916877616,34.0,0.12326402772186529
20250310,2025,036540,SFA반도체,반도체제조업,3140,636.0,1997040.0,3066.0,3110.0,20250513,516405351420,0.5418237958558592,1.2901412981917135,35.0,0.01456278773299946
20250310,2025,007310,오뚜기,동물용사료및조제식품제조업,404500,4.0,1618000.0,397997.0,395982.0,20250513,1621167235000,0.5621362011637355,1.2623729336946685,36.0,-0.005063409137668784
20250310,2025,170900,동아에스티,의약품제조업,47050,42.0,1976100.0,43409.0,43783.0,20250807,431588473750,0.5534816317514669,1.2442334532871124,38.0,0.008604973708824293
20250310,2025,200130,콜마비앤에이치,기초의약물질및생물학적제제제조업,12460,160.0,1993600.0,12467.0,14037.0,20250515,366517852680,0.5798073072090987,1.2295102241990574,40.0,0.1260113622159278
20250310,2025,256840,한국비엔씨,기초의약물질및생물학적제제제조업,4000,500.0,2000000.0,4014.0,4385.0,20250521,273579544000,0.5782588459884346,1.2067908033813932,41.0,0.09229727097650708
20250310,2025,001800,오리온홀딩스,기타금융업,15280,130.0,1986400.0,15167.0,19514.0,20250513,957222048160,0.5498876102237025,1.1992116691265922,42.0,0.2865749789493899
20250310,2025,006360,GS건설,건물건설업,18610,107.0,1991270.0,17964.0,18813.0,20250513,1592671528900,0.5573540382028968,1.154312342100498,44.0,0.0472614719351796
20250310,2025,066570,LG전자,통신및방송장비제조업,78500,25.0,1962500.0,81766.0,72972.0,20250513,12846353399000,0.5593749766966278,1.0910617416571442,55.0,-0.10754392499827947
20250310,2025,069080,웹젠,소프트웨어개발및공급업,12710,157.0,1995470.0,12650.0,14526.0,20250513,444225735640,0.5130041890962866,0.9826667304185309,60.0,0.1483472270960824
20250310,2025,016380,KG스틸,1차철강제조업,6880,290.0,1995200.0,6771.0,5599.0,20251027,688061211360,0.5397829605910986,0.9764022374967352,61.0,-0.17312171426292067
20250310,2025,140860,파크시스템스,"측정,시험,항해,제어및기타정밀기기제조업;광학기기제외",188900,10.0,1889000.0,189023.0,235511.0,20250513,1319953295300,0.5404457708164886,0.9428840428109017,66.0,0.24593832453994557
20250310,2025,161000,애경케미칼,기초화학물질제조업,7500,266.0,1995000.0,7276.0,10251.0,20250513,364865317500,0.529411397468301,0.9402665731707749,67.0,0.40899842021960575
20250310,2025,104830,원익머트리얼즈,기초화학물질제조업,19380,103.0,1996140.0,19563.0,20339.0,20250513,244343040000,0.5287971846451887,0.9245006050419177,69.0,0.03968384911954903
20250310,2025,456040,OCI,기초화학물질제조업,60100,33.0,1983300.0,58360.0,59160.0,20250513,538044949500,0.5268324738760846,0.8740692786310533,73.0,0.01371227930119967
20250310,2025,010620,현대미포조선,선박및보트건조업,108400,18.0,1951200.0,101996.0,170724.0,20250513,4329728951600,0.523026532282665,0.8400110062415964,77.0,0.6738227951810078
20250310,2025,041020,폴라리스오피스,소프트웨어개발및공급업,5970,335.0,1999950.0,5850.0,5781.0,20250513,296861223060,0.5057223090331071,0.7758959460080734,85.0,-0.011732824629884786
20250512,2025,001800,오리온홀딩스,기타금융업,19680,101.0,1987680.0,19514.0,19208.0,20251017,1232861904960,0.6193164000349207,2.857573484015109,1.0,-0.015690229806855305
20250512,2025,307950,현대오토에버,소프트웨어개발및공급업,132700,15.0,1990500.0,133978.0,166079.0,20250714,3639162411400,0.5575963146123433,2.488928246779103,2.0,0.2395984166171392
20250512,2025,161890,한국콜마,기타화학제품제조업,82100,24.0,1970400.0,83467.0,107940.0,20250714,1937976821700,0.598250989379199,2.4567439010479863,3.0,0.29321455333028723
20250512,2025,319400,현대무벡스,일반목적용기계제조업,4380,456.0,1997280.0,4344.0,4959.0,20250714,516165046380,0.6102954996215828,2.086317196883064,4.0,0.1416282946772649
20250512,2025,091700,파트론,전자부품제조업,6770,295.0,1997150.0,6601.0,6950.0,20251229,385890000000,0.5714509548634492,2.0670457659593637,5.0,0.052963447550518516
20250512,2025,084010,대한제강,1차철강제조업,16430,121.0,1988030.0,10836.0,,,384698542710,0.5731876207487117,2.001778037600397,6.0,0.14088658176692603
20250512,2025,075580,세진중공업,선박및보트건조업,8850,225.0,1991250.0,9187.0,20091.0,20251017,503117685600,0.5641956235882313,1.9950740174587192,7.0,1.1870606042483307
20250512,2025,046890,서울반도체,반도체제조업,6730,297.0,1998810.0,6779.0,7059.0,20250807,392395342000,0.5549803881376124,1.9741834395552207,8.0,0.04123457325152646
20250512,2025,002900,TYM,특수목적용기계제조업,4620,432.0,1995840.0,5022.0,5802.0,20250822,208135416720,0.5626672820800409,1.9580700473523418,9.0,0.1553102866115288
20250512,2025,003850,보령,의약품제조업,8480,235.0,1992800.0,8530.0,8490.0,20251010,727475515360,0.5674155592481616,1.95767683340892,10.0,-0.004761154733677775
20250512,2025,271560,오리온,동물용사료및조제식품제조업,123400,16.0,1974400.0,122555.0,121053.0,20250714,4878758688800,0.5803871340886655,1.8970226164739272,11.0,-0.01224974798850631
20250512,2025,241560,두산밥캣,특수목적용기계제조업,48050,41.0,1970050.0,48402.0,57092.0,20250714,4605883923250,0.5603790758529765,1.8753539873216314,12.0,0.17952443499450643
20250512,2025,192400,쿠쿠홀딩스,기타금융업,26500,75.0,1987500.0,26862.0,30900.0,20251212,942397902500,0.5806907053309649,1.846412730948264,13.0,0.1503311394294986
20250512,2025,236200,슈프리마,통신및방송장비제조업,33350,59.0,1967650.0,34841.0,33945.0,20250714,239895654550,0.5751872004107306,1.7797255251179118,14.0,-0.02571608083822996
20250512,2025,950170,JTC,종합소매업,5910,338.0,1997580.0,5800.0,7000.0,20250714,305820916680,0.5800725663731179,1.749822953856349,15.0,0.20683766805084436
20250512,2025,185750,종근당,의약품제조업,79300,25.0,1982500.0,80522.0,,,1094560454000,0.5601851198651406,1.7286378487328173,16.0,0.06547557882111454
20250512,2025,095700,제넥신,자연과학및공학연구개발업,4455,448.0,1995840.0,4526.0,,,202882900770,0.5519620641051067,1.7100941277030404,17.0,0.14278092656862573
20250512,2025,352820,하이브,오디오물출판및원판녹음업,265500,7.0,1858500.0,266941.0,272460.0,20250714,11058631753500,0.5584532410612584,1.7046743068870018,18.0,0.020675094321098264
20250512,2025,086450,동국제약,의약품제조업,15640,127.0,1986280.0,15690.0,18165.0,20250714,701981615400,0.5583468048272882,1.670405452680473,19.0,0.15775308374646357
20250512,2025,025540,한국단자,"전동기,발전기및전기변환ㆍ공급ㆍ제어장치제조업",64300,31.0,1993300.0,65781.0,66776.0,20250714,669684500000,0.5692416443599131,1.6380148602875146,20.0,0.015114401884665618
20250512,2025,456040,OCI,기초화학물질제조업,58300,34.0,1982200.0,59160.0,57468.0,20250714,521930458500,0.5611359939466227,1.6200921735806273,21.0,-0.028604822226039883
20250512,2025,036540,SFA반도체,반도체제조업,3105,644.0,1999620.0,3110.0,3266.0,20250820,510649240815,0.5441073683181876,1.584952059257894,22.0,0.050062558747286934
20250512,2025,099190,아이센스,의료용기기제조업,16930,118.0,1997740.0,16915.0,18132.0,20250731,469219571890,0.5346488189305187,1.5572961646896142,23.0,0.07190260670311965
20250512,2025,001820,삼화콘덴서,전자부품제조업,25700,77.0,1978900.0,25900.0,33445.0,20250925,267151500000,0.5544065456829063,1.555075269622493,24.0,0.291296558378777
20250512,2025,008060,대덕,기타금융업,7950,251.0,1995450.0,7955.0,9056.0,20251104,269426692500,0.5684259031694079,1.5253392412687181,25.0,0.1382937540353879
20250512,2025,036890,진성티이씨,특수목적용기계제조업,9430,212.0,1999160.0,9617.0,10698.0,20250714,212007787240,0.550219910355812,1.5081116762107718,26.0,0.11236451804630643
20250512,2025,256840,한국비엔씨,기초의약물질및생물학적제제제조업,4270,468.0,1998360.0,4310.0,5082.0,20250714,292046163220,0.5720229365070153,1.463079892552317,27.0,0.17905934958151715
20250512,2025,079940,가비아,소프트웨어개발및공급업,19850,100.0,1985000.0,19894.0,30051.0,20250916,268683327400,0.5186043411476016,1.3889166248407436,28.0,0.5105357550712517
20250512,2025,280360,롯데웰푸드,동물용사료및조제식품제조업,116100,17.0,1973700.0,116062.0,107898.0,20260114,1095354041400,0.5648305192478975,1.35486689775006,29.0,-0.07034329214692503
20250512,2025,004490,세방전지,일차전지및축전지제조업,69800,28.0,1954400.0,70055.0,72335.0,20250714,977200000000,0.5611146610156671,1.3488014373937987,30.0,0.03254080655689773
20250512,2025,372320,큐로셀,자연과학및공학연구개발업,26000,76.0,1976000.0,26785.0,33133.0,20250716,372413106000,0.5330034217029532,1.3372668591333576,31.0,0.2369715867529667
20250512,2025,007310,오뚜기,동물용사료및조제식품제조업,397000,5.0,1985000.0,395982.0,410978.0,20250714,1591108510000,0.5643168179042186,1.336964151937919,32.0,0.03786974455205838
20250512,2025,101160,월덱스,전자부품제조업,18720,106.0,1984320.0,18775.0,25015.0,20250714,309085788960,0.5463090867089619,1.3118482943695051,33.0,0.3323626677378164
20250512,2025,092730,네오팜,기타화학제품제조업,14160,141.0,1996560.0,14021.0,18790.0,20250725,226956324240,0.5552067462116328,1.292744147572005,34.0,0.3401964877687762
20250512,2025,225570,넥슨게임즈,소프트웨어개발및공급업,13100,152.0,1991200.0,13101.0,14362.0,20250714,862768279400,0.5149484621386955,1.2857797727951912,35.0,0.09624532650848838
20250512,2025,004000,롯데정밀화학,기초화학물질제조업,36450,54.0,1968300.0,36344.0,40786.0,20250714,940410000000,0.5474683861171539,1.2722523326716877,36.0,0.12223764503095147
20250512,2025,079370,제우스,특수목적용기계제조업,14160,141.0,1996560.0,14001.0,12599.0,20250714,439200578400,0.5433906974610337,1.2612433751434822,37.0,-0.10008691171659945
20250512,2025,052690,한전기술,"건축기술,엔지니어링및관련기술서비스업",61600,32.0,1971200.0,61297.0,88879.0,20250714,2354352000000,0.5414477233210093,1.2571856882314587,38.0,0.44996591935367825
20250512,2025,016360,삼성증권,금융지원서비스업,54600,36.0,1965600.0,55499.0,,,4875780000000,0.5214773701541917,1.2545091683546217,39.0,0.41548332951664113
20250512,2025,088350,한화생명,보험업,2675,747.0,1998225.0,2683.0,,,2323317750000,0.5293617981431034,1.2422820631995377,40.0,0.5587189573045523
20250512,2025,014830,유니드,기초화학물질제조업,89800,22.0,1975600.0,87048.0,89026.0,20250714,607730480000,0.5462373642537637,1.240922896353371,41.0,0.022720221887736036
20250512,2025,006360,GS건설,건물건설업,18970,105.0,1991850.0,18813.0,18263.0,20251017,1623480865300,0.5585026512560298,1.2273331326583916,42.0,-0.02924424645883905
20250512,2025,272290,이녹스첨단소재,전자부품제조업,24450,81.0,1980450.0,24099.0,23497.0,20250714,494566238100,0.5432855388446365,1.2210286429283703,43.0,-0.024979472634207522
20250512,2025,200130,콜마비앤에이치,기초의약물질및생물학적제제제조업,14130,141.0,1992330.0,13967.0,15168.0,20250714,415641834540,0.5567295063851978,1.1648406930740498,50.0,0.08595939127282137
20250512,2025,104830,원익머트리얼즈,기초화학물질제조업,20300,98.0,1989400.0,20339.0,22887.0,20250714,255942400000,0.5419139674388146,1.1308926936242845,59.0,0.12526853104507518
20250512,2025,002790,아모레퍼시픽홀딩스,기타화학제품제조업,22900,87.0,1992300.0,22936.0,33876.0,20250714,1819592322000,0.5477556911543899,1.0912531789422726,65.0,0.4769847961907461
20250512,2025,054950,제이브이엠,일반목적용기계제조업,23400,85.0,1989000.0,23699.0,24801.0,20250714,282903472800,0.5641323407186241,0.9856188680927837,75.0,0.04649374160384934
20250512,2025,170900,동아에스티,의약품제조업,46150,43.0,1984450.0,45504.0,52370.0,20251202,431624566750,0.5361905167611365,0.9685596236732729,77.0,0.15090395145938929
20250512,2025,041020,폴라리스오피스,소프트웨어개발및공급업,6060,330.0,1999800.0,5781.0,6350.0,20250714,301336517880,0.5025505357571372,0.9360189913876448,79.0,0.09844017359147217
20250512,2025,051900,LG생활건강,기타화학제품제조업,323000,6.0,1938000.0,325322.0,339198.0,20250714,5044677631000,0.5419444214202467,0.9341051832952706,81.0,0.04265055327416789
20250711,2025,001390,KG케미칼,기초화학물질제조업,5130,389.0,1995570.0,5113.0,4777.0,20250911,351246175200,0.59505604755559,2.555468988053451,1.0,-0.06577382255091879
20250711,2025,203650,드림시큐리티,소프트웨어개발및공급업,3975,503.0,1999425.0,,,,201157872150,0.5561348359989752,2.237589544513363,2.0,0.0
20250711,2025,046440,KG파이낸셜,소프트웨어개발및공급업,6010,332.0,1995320.0,5780.0,5470.0,20260416,228444920020,0.5536954173220561,2.1727359756527185,3.0,-0.053599766510778135
20250711,2025,013030,하이록코리아,1차철강제조업,28900,69.0,1994100.0,29098.0,38492.0,20250911,355338273800,0.5509407659798202,2.169608077372593,4.0,0.32283694084028336
20250711,2025,002790,아모레퍼시픽홀딩스,기타화학제품제조업,32900,60.0,1974000.0,33876.0,27245.0,20250911,2614174122000,0.6161035451901911,2.1679423819590338,5.0,-0.19576643718939868
20250711,2025,000640,동아쏘시오홀딩스,기타금융업,121500,16.0,1944000.0,119462.0,105561.0,20250911,794176731000,0.6078765106740307,2.048776355789227,6.0,-0.11636485773250382
20250711,2025,069960,현대백화점,종합소매업,78600,25.0,1965000.0,83290.0,79515.0,20250911,1778624701800,0.5906036401078661,1.9976547005362115,7.0,-0.04532488552531633
20250711,2025,372320,큐로셀,자연과학및공학연구개발업,31200,64.0,1996800.0,30533.0,38879.0,20250911,446895727200,0.5273288627661414,1.9014076997273006,8.0,0.273338710056064
20250711,2025,086450,동국제약,의약품제조업,18130,110.0,1994300.0,18165.0,19767.0,20250911,813742115550,0.5607333463449723,1.8455686082879192,9.0,0.08820724785899481
20250711,2025,078930,GS,기타금융업,52100,38.0,1979800.0,53593.0,46539.0,20250911,4840891193800,0.5982042420000222,1.8294153994566507,10.0,-0.13161571527904226
20250711,2025,054950,제이브이엠,일반목적용기계제조업,25000,80.0,2000000.0,24801.0,33304.0,20250911,302247300000,0.5676282958879324,1.8284773477490268,11.0,0.3428443878633103
20250711,2025,079940,가비아,소프트웨어개발및공급업,26300,76.0,1998800.0,26499.0,26102.0,20251028,355988489200,0.539500637025557,1.7953582954164604,12.0,-0.014958170578113661
20250711,2025,009900,명신산업,자동차신품부품제조업,8320,240.0,1996800.0,8443.0,9254.0,20250918,436551506560,0.5576531513294445,1.7557550799047816,13.0,0.0960912875403932
20250711,2025,004710,한솔테크닉스,전자부품제조업,6300,317.0,1997100.0,6556.0,,,202292231400,0.5674331153772096,1.72478306037583,14.0,-0.035863248084164856
20250711,2025,000490,대동,특수목적용기계제조업,10460,191.0,1997860.0,10333.0,,,276067202680,0.5688960836243537,1.6633618977556763,15.0,-0.048337543222529145
20250711,2025,206640,바디텍메드,의료용품및기타의약관련제품제조업,14130,141.0,1992330.0,13976.0,,,331865092800,0.5487472813748113,1.6384356070625943,16.0,0.029250628614198027
20250711,2025,066570,LG전자,통신및방송장비제조업,75300,26.0,1957800.0,77194.0,75895.0,20250911,12322680394200,0.5604136113709256,1.5985258734232815,17.0,-0.016830324594118706
20250711,2025,004490,세방전지,일차전지및축전지제조업,72100,27.0,1946700.0,72335.0,63222.0,20250911,1009400000000,0.5589706200780958,1.5820458606873498,18.0,-0.12598630411309508
20250711,2025,015860,일진홀딩스,기타금융업,6160,324.0,1995840.0,6275.0,7003.0,20251106,303980495280,0.5854030775410142,1.5390930591101195,19.0,0.1160323726998671
20250711,2025,272290,이녹스첨단소재,전자부품제조업,23600,84.0,1982400.0,23497.0,24189.0,20250911,477372728800,0.5604814760078835,1.5369926281725812,20.0,0.029439098667661145
20250711,2025,253590,네오셈,특수목적용기계제조업,8890,224.0,1991360.0,8706.0,9235.0,20250911,389996867960,0.5635164640999255,1.533916386058652,21.0,0.06080031689185739
20250711,2025,083450,GST,특수목적용기계제조업,19870,100.0,1987000.0,19690.0,21451.0,20250911,366204100000,0.5629659170300874,1.5206690092051613,22.0,0.08946359946601845
20250711,2025,000990,DB하이텍,반도체제조업,46050,43.0,1980150.0,46804.0,51300.0,20250911,2044554977400,0.5412707991806037,1.4696057240125657,23.0,0.09605090353563828
20250711,2025,001120,LX인터내셔널,상품중개업,31900,62.0,1977800.0,32586.0,30838.0,20250911,1236444000000,0.5867170978971394,1.4563627730919728,24.0,-0.053669776952198656
20250711,2025,352820,하이브,오디오물출판및원판녹음업,271000,7.0,1897000.0,272460.0,285434.0,20250911,11287718287000,0.5528024397693565,1.3886109951437475,25.0,0.047616651342230254
20250711,2025,018260,삼성에스디에스,"컴퓨터프로그래밍,시스템통합및관리업",184000,10.0,1840000.0,183647.0,163455.0,20250911,14237515200000,0.5698915973845475,1.3871616832216078,26.0,-0.10994831899317559
20250711,2025,017390,서울가스,연료용가스제조및배관공급업,70900,28.0,1985200.0,71380.0,68099.0,20260317,354500000000,0.5980803511200222,1.374288736744442,27.0,-0.04596073437523174
20250711,2025,207940,삼성바이오로직스,기초의약물질및생물학적제제제조업,1057000,1.0,1057000.0,1533396.0,1524570.0,20250911,75230918000000,0.5655011189133545,1.331883734700996,28.0,-0.005755722966243715
20250711,2025,036540,SFA반도체,반도체제조업,3135,637.0,1996995.0,3145.0,3571.0,20250917,515583049905,0.5370925704436585,1.3274402979777797,29.0,0.13546407126464577
20250711,2025,007310,오뚜기,동물용사료및조제식품제조업,409500,4.0,1638000.0,410978.0,408881.0,20250911,1641206385000,0.5558938491874302,1.3218036725275948,30.0,-0.005101636171461754
20250711,2025,099430,바이오플러스,기초의약물질및생물학적제제제조업,7090,282.0,1999380.0,7089.0,6189.0,20250911,428942582310,0.5643853640196426,1.3106442911229526,31.0,-0.12684050311544226
20250711,2025,028050,삼성E&A,"건축기술,엔지니어링및관련기술서비스업",24800,80.0,1984000.0,25354.0,28911.0,20250911,4860800000000,0.5659191212065715,1.2689961093582547,32.0,0.140286266149227
20250711,2025,000100,유한양행,의약품제조업,111700,17.0,1898900.0,111397.0,118894.0,20250911,8932474412900,0.5427440129570831,1.2665066903625324,33.0,0.06729368531968505
20250711,2025,101160,월덱스,전자부품제조업,25000,80.0,2000000.0,25015.0,22560.0,20250911,412774825000,0.5490362152095316,1.2278122524636321,34.0,-0.09813839715441819
20250711,2025,199820,제일일렉트릭,"전동기,발전기및전기변환ㆍ공급ㆍ제어장치제조업",10850,184.0,1996400.0,10606.0,10597.0,20250911,241087000000,0.5758119979737648,1.2257242489362492,35.0,-0.0009102530299772704
20250711,2025,310200,애니플러스,"영화,비디오물,방송프로그램제작및배급업",5850,341.0,1994850.0,5899.0,4099.0,20250911,286566456150,0.5318707597626595,1.2048643440852136,36.0,-0.30506400267465217
20250711,2025,001230,동국홀딩스,기타금융업,9050,220.0,1991000.0,9269.0,9931.0,20260326,287794371150,0.5703712160786261,1.1981799169112166,37.0,0.0713943153288168
20250711,2025,079370,제우스,특수목적용기계제조업,12910,154.0,1988140.0,12599.0,13188.0,20250911,400429340900,0.5495242819253449,1.1972336200894207,38.0,0.04673069984940059
20250711,2025,472850,폰드그룹,"섬유,의복,신발및가죽제품소매업",11980,166.0,1988680.0,7116.0,6051.0,20250911,387480317340,0.5429513821482568,1.154412898642573,39.0,-0.1496295214980986
20250711,2025,015750,성우하이텍,자동차신품부품제조업,6090,328.0,1997520.0,6298.0,6119.0,20250911,487200000000,0.5472101628749915,1.1491458125024778,40.0,-0.028414647583064445
20250711,2025,329180,HD현대중공업,선박및보트건조업,388000,5.0,1940000.0,386905.0,516782.0,20250911,34443969008000,0.5305713149420805,1.1324594945047133,41.0,0.3356816088388732
20250711,2025,051900,LG생활건강,기타화학제품제조업,329500,6.0,1977000.0,339198.0,294152.0,20250911,5146195911500,0.5616557936364392,1.128368417362611,42.0,-0.1327989085100163
20250711,2025,122450,KX,텔레비전방송업,4775,418.0,1995950.0,4761.0,,,214014707350,0.5221490219844354,1.122652936775862,43.0,-0.057607398965315526
20250711,2025,009420,한올바이오파마,의약품제조업,26500,75.0,1987500.0,26498.0,33404.0,20250911,1384376907000,0.5379524157679463,1.1122690986496908,44.0,0.2606198473779331
20250711,2025,092730,네오팜,기타화학제품제조업,15330,130.0,1992900.0,15561.0,19745.0,20250911,245709071370,0.5584771894919938,1.0676791507165557,50.0,0.2688244784976941
20250711,2025,025540,한국단자,"전동기,발전기및전기변환ㆍ공급ㆍ제어장치제조업",65600,30.0,1968000.0,66776.0,62093.0,20250911,663544000000,0.559843785772911,0.9929447146767804,58.0,-0.0701216890017603
20250711,2025,200130,콜마비앤에이치,기초의약물질및생물학적제제제조업,15070,132.0,1989240.0,15168.0,14607.0,20251016,443292459060,0.5449195087764681,0.9400934322687359,60.0,-0.03696780753791362
20250711,2025,161890,한국콜마,기타화학제품제조업,105900,18.0,1906200.0,107940.0,78952.0,20250911,2499777654300,0.5458261639960524,0.8261324136021208,72.0,-0.26855989444239914
20250711,2025,456040,OCI,기초화학물질제조업,58200,34.0,1978800.0,57468.0,55261.0,20250911,521035209000,0.5320637695590882,0.8246511106824231,73.0,-0.038401543146734385
20250711,2025,241560,두산밥캣,특수목적용기계제조업,56600,35.0,1981000.0,57092.0,53987.0,20250911,5425453279000,0.5329274394631052,0.7978769824454489,75.0,-0.0543796445186987
20250910,2025,054950,제이브이엠,일반목적용기계제조업,33300,60.0,1998000.0,33304.0,26099.0,20251117,402593403600,0.6272163785980382,2.475138394487693,1.0,-0.21632519065927003
20250910,2025,190510,나무가,전자부품제조업,17540,114.0,1999560.0,17295.0,16333.0,20251117,251433707500,0.6055459738625986,2.4107289201753175,2.0,-0.055612727490296776
20250910,2025,000990,DB하이텍,반도체제조업,50400,39.0,1965600.0,51300.0,70412.0,20251117,2237688835200,0.6054724998587802,2.304123707896157,3.0,0.37255630228463876
20250910,2025,372320,큐로셀,자연과학및공학연구개발업,39300,50.0,1965000.0,38879.0,42891.0,20251117,565145043300,0.5713288024934843,2.200121067227016,4.0,0.10318300069613673
20250910,2025,086450,동국제약,의약품제조업,18470,108.0,1994760.0,19767.0,19312.0,20251117,829002585450,0.6105770533845882,2.1728949025722244,5.0,-0.023004354955473483
20250910,2025,010140,삼성중공업,선박및보트건조업,21550,92.0,1982600.0,22337.0,26187.0,20251117,18964000000000,0.6154817760104394,2.1251622832855683,6.0,0.17237069498850133
20250910,2025,032620,GC메디아이,소프트웨어개발및공급업,4190,477.0,1998630.0,4204.0,,,218706012410,0.5577617029410106,2.0547754424308127,7.0,-0.028680909052174908
20250910,2025,002380,KCC,기타화학제품제조업,418000,4.0,1672000.0,417925.0,427924.0,20251117,3714544878000,0.595224515039606,2.0168279725960687,8.0,0.023925813167597454
20250910,2025,001390,KG케미칼,기초화학물질제조업,4840,413.0,1998920.0,4777.0,5420.0,20251117,331390153600,0.5692754456749622,1.901497507526038,9.0,0.13464134495510982
20250910,2025,004800,효성,기타금융업,89500,22.0,1969000.0,88604.0,141053.0,20251117,1498266426500,0.5858262744692193,1.8959081119498982,10.0,0.591954598119055
20250910,2025,243070,휴온스,의약품제조업,31400,63.0,1978200.0,31333.0,27845.0,20251224,376161481000,0.5963813890841476,1.894381311341401,11.0,-0.11131092700614575
20250910,2025,196170,알테오젠,자연과학및공학연구개발업,486000,4.0,1944000.0,473112.0,548047.0,20251117,25983974448000,0.5513347548020701,1.822877091788768,12.0,0.15838759066629082
20250910,2025,013030,하이록코리아,1차철강제조업,38600,51.0,1968600.0,38492.0,33850.0,20251117,474604061200,0.5715100526470416,1.8132820261817206,13.0,-0.12059812464323205
20250910,2025,083450,GST,특수목적용기계제조업,21350,93.0,1985550.0,21451.0,29650.0,20251117,393480500000,0.5636568232272656,1.8127018539667465,14.0,0.3822267000498252
20250910,2025,256840,한국비엔씨,기초의약물질및생물학적제제제조업,5180,386.0,1999480.0,5103.0,5473.0,20251117,354285509480,0.5852298405667542,1.8039908285095125,15.0,0.07260108601197945
20250910,2025,083310,엘오티베큠,특수목적용기계제조업,12400,161.0,1996400.0,12561.0,13203.0,20251117,220844409200,0.5604322548456526,1.7064926085282572,16.0,0.05108035062011185
20250910,2025,003000,부광약품,의약품제조업,3520,568.0,1999360.0,3484.0,3849.0,20251117,347299641920,0.5800235681411209,1.5734470204810755,17.0,0.10492152730032056
20250910,2025,000430,대원강업,자동차신품부품제조업,3975,503.0,1999425.0,4280.0,,,246450000000,0.5737434667316665,1.5564948187620515,18.0,0.0011969142855416948
20250910,2025,004490,세방전지,일차전지및축전지제조업,63200,31.0,1959200.0,63222.0,59008.0,20251117,884800000000,0.5607348154913462,1.5020221511693947,19.0,-0.0666529876120956
20250910,2025,099430,바이오플러스,기초의약물질및생물학적제제제조업,6160,324.0,1995840.0,6189.0,6100.0,20251117,372925229600,0.5710347036427412,1.4839505479439248,20.0,-0.0145096084459867
20250910,2025,000640,동아쏘시오홀딩스,기타금융업,111700,17.0,1898900.0,105561.0,104576.0,20251117,730119677800,0.5699070667662676,1.470718231245031,21.0,-0.009330102140168717
20250910,2025,025540,한국단자,"전동기,발전기및전기변환ㆍ공급ㆍ제어장치제조업",61400,32.0,1964800.0,62093.0,61499.0,20251120,621061000000,0.5623302066426779,1.4541998602993405,22.0,-0.00956989954001719
20250910,2025,051370,인터플렉스,전자부품제조업,9130,219.0,1999470.0,8970.0,9599.0,20251117,212979819360,0.5651106677919919,1.4201152683255291,23.0,0.0701147372946691
20250910,2025,009150,삼성전기,전자부품제조업,180500,11.0,1985500.0,188047.0,215572.0,20251117,13482212128000,0.565038208731586,1.4183401133579114,24.0,0.1463721800452853
20250910,2025,036890,진성티이씨,특수목적용기계제조업,13080,152.0,1988160.0,12899.0,12280.0,20251117,294068065440,0.5513294022410585,1.4066673320712237,25.0,-0.04804800051003799
20250910,2025,206640,바디텍메드,의료용품및기타의약관련제품제조업,14540,137.0,1991980.0,14399.0,,,341494582400,0.5578967348341874,1.385104322517363,26.0,-0.06656226423776479
20250910,2025,011780,금호석유화학,기초화학물질제조업,109600,18.0,1972800.0,109479.0,120050.0,20251117,2899970735200,0.5506399499877368,1.3805592342500737,27.0,0.09655825050945799
20250910,2025,137310,에스디바이오센서,의료용기기제조업,10270,194.0,1992380.0,10187.0,9506.0,20251117,1250363277540,0.5554199097492907,1.3727036068099636,28.0,-0.06686596231764019
20250910,2025,023530,롯데쇼핑,종합소매업,68100,29.0,1974900.0,68008.0,73106.0,20251117,1926464215500,0.5459952306634762,1.3719684659062183,29.0,0.07495690384579712
20250910,2025,025320,시노펙스,전자부품제조업,6990,286.0,1999140.0,6677.0,6001.0,20251117,613201916040,0.5622437029062055,1.3498782692466846,30.0,-0.10137681958342293
20250910,2025,007310,오뚜기,동물용사료및조제식품제조업,394500,5.0,1972500.0,408881.0,389927.0,20251117,1581088935000,0.5570116609006495,1.3403629476116592,31.0,-0.04635623810688361
20250910,2025,334890,이지스밸류플러스리츠,부동산임대및공급업,4090,488.0,1995920.0,4146.0,4211.0,20260109,210403788210,0.49320341138357754,1.3320612669567375,32.0,0.015749721179245002
20250910,2025,001740,SK네트웍스,기타전문도매업,4490,445.0,1998050.0,4443.0,4594.0,20251117,993537779980,0.5625164333367771,1.2374626836205063,33.0,0.0338314542582141
20250910,2025,051900,LG생활건강,기타화학제품제조업,292500,6.0,1755000.0,294152.0,289141.0,20251117,4475969257500,0.5588666429717751,1.2226954133972296,34.0,-0.017037044246701716
20250910,2025,053800,안랩,소프트웨어개발및공급업,61600,32.0,1971200.0,61807.0,61413.0,20251117,685392769600,0.5245760008410241,1.2213526470603315,35.0,-0.006371833034568786
20250910,2025,041020,폴라리스오피스,소프트웨어개발및공급업,5610,356.0,1997160.0,5612.0,4781.0,20251117,278960043780,0.5244757267498075,1.2188343723782658,36.0,-0.1479475368175064
20250910,2025,095610,테스,특수목적용기계제조업,32450,61.0,1979450.0,33114.0,46600.0,20251117,641478933700,0.545093930836732,1.2012864455677337,37.0,0.4072807749999172
20250910,2025,207940,삼성바이오로직스,기초의약물질및생물학적제제제조업,1034000,1.0,1034000.0,1524570.0,1664888.0,20251210,73593916000000,0.55726179858678,1.1734298096158222,39.0,0.09203776570979416
20250910,2025,352820,하이브,오디오물출판및원판녹음업,291500,6.0,1749000.0,285434.0,294517.0,20251117,12141586275500,0.5370967051176783,1.1084566927931756,48.0,0.031822901754635646
20250910,2025,079370,제우스,특수목적용기계제조업,13070,153.0,1999710.0,13188.0,13788.0,20251117,405392059300,0.5406883224884804,1.0561766873025842,57.0,0.045482064897115704
20250910,2025,199820,제일일렉트릭,"전동기,발전기및전기변환ㆍ공급ㆍ제어장치제조업",10770,185.0,1992450.0,10597.0,9807.0,20251117,239309400000,0.5425961051801451,0.9956735953805517,62.0,-0.07454311643291689
20250910,2025,002790,아모레퍼시픽홀딩스,기타화학제품제조업,27300,73.0,1992900.0,27245.0,27643.0,20251117,2169208314000,0.5477547661662314,0.9799886029264294,65.0,0.014624990959196671
20250910,2025,241560,두산밥캣,특수목적용기계제조업,54500,36.0,1962000.0,53987.0,56680.0,20251117,5224155542500,0.5381748924339016,0.9733905658850864,66.0,0.04988137481518562
20250910,2025,036540,SFA반도체,반도체제조업,3475,575.0,1998125.0,3546.0,4356.0,20251117,571499552925,0.5417371954590043,0.9237062158733553,71.0,0.22845320930895752
20250910,2025,001120,LX인터내셔널,상품중개업,30700,65.0,1995500.0,30838.0,30995.0,20251117,1189932000000,0.5347005296992295,0.9112491010877324,75.0,0.005103931103039416
20250910,2025,310200,애니플러스,"영화,비디오물,방송프로그램제작및배급업",4180,478.0,1998040.0,4099.0,,,215400988660,0.5157015042570724,0.9050251387965472,76.0,-0.06819594239617743
20250910,2025,066570,LG전자,통신및방송장비제조업,75800,26.0,1970800.0,75895.0,91407.0,20251117,12346788134600,0.5386985417092025,0.9027818608198598,77.0,0.20439515389341034
20250910,2025,078930,GS,기타금융업,46350,43.0,1993050.0,46539.0,59588.0,20251117,4306627770300,0.5480195642277106,0.8861197532962239,80.0,0.2803899061229276
20250910,2025,028050,삼성E&A,"건축기술,엔지니어링및관련기술서비스업",28650,69.0,1976850.0,28911.0,26312.0,20251117,5615400000000,0.5547987251670194,0.8787373604947629,81.0,-0.08990095823610023
20250910,2025,253590,네오셈,특수목적용기계제조업,9200,217.0,1996400.0,9235.0,11245.0,20251117,403596308800,0.531985057212954,0.7695128215165277,90.0,0.21767992254390256
20251114,2025,053610,프로텍,특수목적용기계제조업,35800,55.0,1969000.0,37403.0,36491.0,20260119,393800000000,0.6197460521354894,2.543648024192191,1.0,-0.024372827513481687
20251114,2025,234080,JW생명과학,의약품제조업,14990,133.0,1993670.0,15213.0,,,237359964460,0.6044741830375542,2.2532920218162276,2.0,-0.15010147193856305
20251114,2025,282330,BGF리테일,종합소매업,110000,18.0,1980000.0,111078.0,114392.0,20260119,1901229660000,0.5740627540530161,1.836282247874463,3.0,0.029835433320360316
20251114,2025,014830,유니드,기초화학물질제조업,67500,29.0,1957500.0,66844.0,70125.0,20260119,456813000000,0.569682108802017,1.7693295005155432,4.0,0.04909142830532365
20251114,2025,199820,제일일렉트릭,"전동기,발전기및전기변환ㆍ공급ㆍ제어장치제조업",9840,203.0,1997520.0,9807.0,10253.0,20260128,218644800000,0.5810703555134338,1.6821525472993653,5.0,0.0455436374135918
20251114,2025,099430,바이오플러스,기초의약물질및생물학적제제제조업,6420,311.0,1996620.0,6100.0,4970.0,20260119,395733435240,0.578055388441937,1.6719930446687714,6.0,-0.18515818533977046
20251114,2025,005850,에스엘,자동차신품부품제조업,34300,58.0,1989400.0,34817.0,52399.0,20260119,1593184236000,0.5602352402832151,1.6460022846196702,7.0,0.5050002170653833
20251114,2025,041020,폴라리스오피스,소프트웨어개발및공급업,4840,413.0,1998920.0,4781.0,4315.0,20260119,240671410320,0.5332923483754242,1.6191181394314829,8.0,-0.0975287594928439
20251114,2025,030520,한글과컴퓨터,소프트웨어개발및공급업,24200,82.0,1984400.0,24095.0,22448.0,20260119,585149804800,0.533009149843602,1.6115568983377928,9.0,-0.0683534493421456
20251114,2025,042370,비츠로테크,기타금융업,8520,234.0,1993680.0,8919.0,10727.0,20260119,223224213000,0.5725445624750096,1.556532290970467,10.0,0.20273488691674602
20251114,2025,102120,어보브반도체,반도체제조업,11370,175.0,1989750.0,11556.0,11697.0,20260303,202167161610,0.5552782381192283,1.5492671379973164,11.0,0.012158582206858837
20251114,2025,000640,동아쏘시오홀딩스,기타금융업,107500,18.0,1935000.0,104576.0,99235.0,20260119,702666655000,0.5709115743414154,1.5169459531131406,12.0,-0.051073052478476044
20251114,2025,002900,TYM,특수목적용기계제조업,6350,314.0,1993900.0,6391.0,6132.0,20260119,286073570600,0.5690667809599549,1.5074601803499175,13.0,-0.04063959584077581
20251114,2025,340570,티앤엘,의료용품및기타의약관련제품제조업,45550,43.0,1958650.0,45861.0,43555.0,20260119,370230400000,0.5512812931981959,1.5061659234388862,14.0,-0.05029156219808584
20251114,2025,025320,시노펙스,전자부품제조업,5970,335.0,1999950.0,6001.0,5621.0,20260119,523769269620,0.5669928620300421,1.5031950629771749,15.0,-0.06331417220821423
20251114,2025,041510,에스엠,오디오물출판및원판녹음업,101500,19.0,1928500.0,102598.0,114005.0,20260119,2323811035000,0.534591416077897,1.4682795931213826,16.0,0.11118553297716716
20251114,2025,190510,나무가,전자부품제조업,16350,122.0,1994700.0,16333.0,25453.0,20260119,234375206250,0.5648399523784622,1.4573064190509173,17.0,0.5583470363671519
20251114,2025,001740,SK네트웍스,기타전문도매업,4610,433.0,1996130.0,4594.0,4474.0,20260119,1020091128220,0.567871447995574,1.4569050584195522,18.0,-0.026036287815590753
20251114,2025,017800,현대엘리베이터,일반목적용기계제조업,81800,24.0,1963200.0,81914.0,90414.0,20260119,3197757093000,0.559561877592008,1.408729858243466,19.0,0.10376794238111908
20251114,2025,001390,KG케미칼,기초화학물질제조업,5710,350.0,1998500.0,5420.0,4841.0,20260119,390958218400,0.5539076571355113,1.4076721435842237,20.0,-0.10676043934892376
20251114,2025,054950,제이브이엠,일반목적용기계제조업,26050,76.0,1979800.0,26099.0,25156.0,20260119,314941686600,0.5589218080921207,1.3892913926850576,21.0,-0.03616604042061511
20251114,2025,326030,SK바이오팜,자연과학및공학연구개발업,128300,15.0,1924500.0,130330.0,118191.0,20260119,10047589975000,0.5398482787445169,1.386987257998582,22.0,-0.09314357786972072
20251114,2025,323990,박셀바이오,자연과학및공학연구개발업,10300,194.0,1998200.0,9929.0,9007.0,20260119,239550653500,0.5394664835698331,1.3802777811361393,23.0,-0.0928831331180987
20251114,2025,036890,진성티이씨,특수목적용기계제조업,12460,160.0,1993600.0,12280.0,13729.0,20260119,274526482580,0.5621790638508991,1.366633988996293,24.0,0.1180124628757373
20251114,2025,272290,이녹스첨단소재,전자부품제조업,24000,83.0,1992000.0,23890.0,24847.0,20260119,485463792000,0.5598281280665428,1.3504808394907823,25.0,0.04006586841960491
20251114,2025,196170,알테오젠,자연과학및공학연구개발업,554000,3.0,1662000.0,548047.0,496003.0,20260119,29642206552000,0.5372992858767118,1.3421925361081544,26.0,-0.09496298902094336
20251114,2025,051900,LG생활건강,기타화학제품제조업,294000,6.0,1764000.0,289141.0,263582.0,20260119,4498922946000,0.5543775457786799,1.3337033004969256,27.0,-0.08839730569616067
20251114,2025,004490,세방전지,일차전지및축전지제조업,59800,33.0,1973400.0,59008.0,62890.0,20260119,837200000000,0.5656471175028062,1.3178242361397785,28.0,0.06579139506261011
20251114,2025,161890,한국콜마,기타화학제품제조업,64200,31.0,1990200.0,65377.0,64093.0,20260119,1515445943400,0.5536157957047156,1.3156342638253138,29.0,-0.019640226215829726
20251114,2025,033640,네패스,반도체제조업,16870,118.0,1990660.0,18029.0,16310.0,20260119,389008737740,0.5458221388659815,1.3093073824091015,30.0,-0.09536337318655863
20251114,2025,011780,금호석유화학,기초화학물질제조업,121900,16.0,1950400.0,120050.0,140672.0,20260119,3173269349800,0.5495471584177092,1.3076999559910911,31.0,0.17178327991342068
20251114,2025,069260,TKG휴켐스,기타화학제품제조업,18240,109.0,1988160.0,17821.0,18421.0,20260119,745625445120,0.5530993024008808,1.303382822353092,32.0,0.03366562753547164
20251114,2025,352480,씨앤씨인터내셔널,기타화학제품제조업,33300,60.0,1998000.0,33260.0,32407.0,20260123,453875703300,0.5528657203123866,1.2978421555818123,33.0,-0.025637373085196646
20251114,2025,025540,한국단자,"전동기,발전기및전기변환ㆍ공급ㆍ제어장치제조업",61300,32.0,1961600.0,60595.0,75203.0,20260119,620049500000,0.5599668244380409,1.2919172828538128,34.0,0.24107830422338417
20251114,2025,083930,아바코,특수목적용기계제조업,14880,134.0,1993920.0,14757.0,,,218397465120,0.5581750614414063,1.284768197969793,35.0,0.057573126316582623
20251114,2025,051370,인터플렉스,전자부품제조업,8850,225.0,1991250.0,9599.0,10589.0,20260119,206448127200,0.5565343295834625,1.2802744814840719,36.0,0.10309552648960296
20251114,2025,241560,두산밥캣,특수목적용기계제조업,57200,34.0,1944800.0,56680.0,60984.0,20260119,5482966918000,0.5571290190411708,1.26338082608922,39.0,0.07593031251321491
20251114,2025,003000,부광약품,의약품제조업,3900,512.0,1996800.0,3849.0,3809.0,20260119,384792216900,0.5581166160736082,1.2309736710755188,43.0,-0.010397572870849081
20251114,2025,243070,휴온스,의약품제조업,29350,68.0,1995800.0,29687.0,,,351603167750,0.5557119853706105,1.177944613352516,44.0,-0.11907490761605322
20251114,2025,066570,LG전자,통신및방송장비제조업,90200,22.0,1984400.0,91407.0,106918.0,20260119,14692352107400,0.5471801358370607,1.1618319974658249,45.0,0.16968920479241123
20251114,2025,001120,LX인터내셔널,상품중개업,30850,64.0,1974400.0,30995.0,36190.0,20260119,1195746000000,0.5416806935985323,1.116668576061246,50.0,0.16759856774633186
20251114,2025,372320,큐로셀,자연과학및공학연구개발업,40150,49.0,1967350.0,42891.0,46152.0,20260119,579469452100,0.5226058608331944,1.0839776557311167,55.0,0.07603457527547608
20251114,2025,009150,삼성전기,전자부품제조업,213000,9.0,1917000.0,215572.0,292012.0,20260119,15909757248000,0.5470093576292316,1.0772524707394324,56.0,0.35458819794250895
20251114,2025,002790,아모레퍼시픽홀딩스,기타화학제품제조업,27400,72.0,1972800.0,27643.0,25394.0,20260119,2177154132000,0.5435253277851622,1.0762840607813107,57.0,-0.08135366670713995
20251114,2025,028050,삼성E&A,"건축기술,엔지니어링및관련기술서비스업",26050,76.0,1979800.0,26312.0,25054.0,20260119,5105800000000,0.5419461388445175,0.9466494306990997,69.0,-0.04782165876664246
20251114,2025,083310,엘오티베큠,특수목적용기계제조업,12960,154.0,1995840.0,13203.0,13330.0,20260202,230818027680,0.5411931123258268,0.9375554454942552,74.0,0.009633611965081945
20251114,2025,086450,동국제약,의약품제조업,18000,111.0,1998000.0,19312.0,16427.0,20260119,814147560000,0.5445828282712877,0.9325145298504482,75.0,-0.14942838750513643
20251114,2025,007310,오뚜기,동물용사료및조제식품제조업,386000,5.0,1930000.0,389927.0,381503.0,20260119,1547022380000,0.5375234616252987,0.8761178066446619,83.0,-0.021604611246009986
20251114,2025,053800,안랩,소프트웨어개발및공급업,59400,33.0,1960200.0,61413.0,59517.0,20260119,660914456400,0.5041272168655854,0.8404255753980656,85.0,-0.030874429748495413
20251114,2025,036540,SFA반도체,반도체제조업,4260,469.0,1997940.0,4356.0,5420.0,20260119,700600890780,0.5268771334821324,0.828555357734131,86.0,0.24427967217928193
20260102,2026,171090,선익시스템,특수목적용기계제조업,53000,37.0,1961000.0,53995.0,127572.0,20260310,506759712000,0.6121618340810342,2.447633998745699,1.0,1.3626627685772341
20260102,2026,196170,알테오젠,자연과학및공학연구개발업,457000,4.0,1828000.0,468542.0,375540.0,20260310,24452145116000,0.5669389608430437,2.4367971966651187,2.0,-0.19849231281067015
20260102,2026,207940,삼성바이오로직스,기초의약물질및생물학적제제제조업,1683000,1.0,1683000.0,1713000.0,1592092.0,20260310,77907670533000,0.5918552710516413,2.1546755366996297,3.0,-0.07058252722400327
20260102,2026,033640,네패스,반도체제조업,16380,122.0,1998360.0,17218.0,16581.0,20260310,377709728760,0.5620948691329599,1.914292309142445,4.0,-0.03697882222973803
20260102,2026,000640,동아쏘시오홀딩스,기타금융업,107700,18.0,1938600.0,104686.0,103011.0,20260316,703973941800,0.5820131674231128,1.7504200078951262,5.0,-0.016000585570263848
20260102,2026,234080,JW생명과학,의약품제조업,12810,156.0,1998360.0,12802.0,,,202840636740,0.5904474449044889,1.6593753039264267,6.0,0.03669371950225897
20260102,2026,054950,제이브이엠,일반목적용기계제조업,25500,78.0,1989000.0,25402.0,,,308292246000,0.5715967407671076,1.5641440091346692,7.0,-0.04710095022508398
20260102,2026,065710,서호전기,"전동기,발전기및전기변환ㆍ공급ㆍ제어장치제조업",50300,39.0,1961700.0,52001.0,,,259045000000,0.5638006936266723,1.5455735100225076,8.0,-0.06957939895016585
20260102,2026,095660,네오위즈,소프트웨어개발및공급업,25400,78.0,1981200.0,24958.0,26104.0,20260310,555163126400,0.5716611577543772,1.542434038141392,9.0,0.045942534108417865
20260102,2026,215000,골프존,소프트웨어개발및공급업,56700,35.0,1984500.0,55993.0,,,355816030500,0.5706143601145129,1.5177374039297897,10.0,-0.12427719567320572
20260102,2026,293940,신한알파리츠,부동산임대및공급업,5620,355.0,1995100.0,5598.0,,,679683491260,0.5586594298097136,1.4699156328547252,11.0,-0.0068637090667793554
20260102,2026,066570,LG전자,통신및방송장비제조업,91400,21.0,1919400.0,93012.0,115904.0,20260310,14887815771800,0.5965175623790709,1.4448822588970684,12.0,0.2461122921046206
20260102,2026,236200,슈프리마,통신및방송장비제조업,39800,50.0,1990000.0,40495.0,47296.0,20260310,288839465400,0.5964374190475832,1.4436066734464332,13.0,0.1679634828208405
20260102,2026,002900,TYM,특수목적용기계제조업,6300,317.0,1997100.0,6591.0,6852.0,20260310,260820000000,0.5651151191693444,1.4374067131922368,14.0,0.039607721706402366
20260102,2026,004490,세방전지,일차전지및축전지제조업,62400,32.0,1996800.0,61895.0,60002.0,20260310,873600000000,0.5564355671770614,1.4061145935224943,15.0,-0.030581291172585234
20260102,2026,340570,티앤엘,의료용품및기타의약관련제품제조업,47150,42.0,1980300.0,47259.0,50702.0,20260310,383235200000,0.543887814692198,1.3955121583551167,16.0,0.07285598730547638
20260102,2026,108380,대양전기공업,선박및보트건조업,26600,75.0,1995000.0,26449.0,28296.0,20260320,254491057800,0.5688332365857767,1.3746310781271023,17.0,0.06984553501486679
20260102,2026,036890,진성티이씨,특수목적용기계제조업,12830,155.0,1988650.0,13698.0,15842.0,20260310,282678553090,0.5621410539789959,1.3735450427239708,18.0,0.15646875699680374
20260102,2026,093320,케이아이엔엑스,"자료처리,호스팅,포털및기타인터넷정보매개서비스업",124600,16.0,1993600.0,117091.0,,,608048000000,0.5491966247081701,1.3584122840644528,19.0,-0.13320978452432086
20260102,2026,123410,코리아에프티,자동차신품부품제조업,8170,244.0,1993480.0,8138.0,7598.0,20260311,227461492880,0.5921314383453032,1.3467593846390686,20.0,-0.0664172740052571
20260102,2026,017800,현대엘리베이터,일반목적용기계제조업,87800,22.0,1931600.0,87006.0,88903.0,20260310,3432311403000,0.5671154665462693,1.342592194777675,21.0,0.021808907967809654
20260102,2026,035900,JYP Ent.,오디오물출판및원판녹음업,77500,25.0,1937500.0,72707.0,62603.0,20260310,2753768130000,0.5981522166033832,1.3276925020444863,22.0,-0.13897347896424472
20260102,2026,069260,TKG휴켐스,기타화학제품제조업,18260,109.0,1990340.0,18191.0,17900.0,20260310,746443016880,0.5769333185449181,1.3131536313081331,23.0,-0.016036167215116914
20260102,2026,001390,KG케미칼,기초화학물질제조업,5130,389.0,1995570.0,5150.0,4966.0,20260310,344905443900,0.5653369001644493,1.2855952233368002,24.0,-0.035859374796738286
20260102,2026,000660,SK하이닉스,반도체제조업,677000,2.0,1354000.0,695864.0,937885.0,20260310,492857601105000,0.533697037354794,1.2780056522737704,25.0,0.3477990498761596
20260102,2026,190510,나무가,전자부품제조업,17140,116.0,1988240.0,22252.0,19061.0,20260310,245888297500,0.5659008964338066,1.2745943168760754,26.0,-0.14343197514818473
20260102,2026,194480,데브시스터즈,소프트웨어개발및공급업,33250,60.0,1995000.0,31607.0,40002.0,20260310,403294237500,0.5597239634538351,1.260805087209159,27.0,0.26558891095474135
20260102,2026,056190,에스에프에이,특수목적용기계제조업,24150,82.0,1980300.0,24904.0,29748.0,20260310,867196554000,0.556364990255175,1.2495164641536627,28.0,0.19449291360435095
20260102,2026,372320,큐로셀,자연과학및공학연구개발업,46500,43.0,1999500.0,49002.0,47505.0,20260310,671116551000,0.5214806381392659,1.2443022173592082,29.0,-0.03055592160902887
20260102,2026,282330,BGF리테일,종합소매업,104200,19.0,1979800.0,103787.0,120493.0,20260310,1800983005200,0.5821622497739378,1.2408710721548128,30.0,0.16096423857895936
20260102,2026,241560,두산밥캣,특수목적용기계제조업,56800,35.0,1988000.0,58984.0,59691.0,20260310,5444624492000,0.5558682100761612,1.238849175423642,31.0,0.011980236834409963
20260102,2026,192400,쿠쿠홀딩스,기타금융업,28850,69.0,1990650.0,28499.0,,,1025969037250,0.5613870180480196,1.2271678419820877,32.0,-0.04839464600540666
20260102,2026,029460,케이씨,"측정,시험,항해,제어및기타정밀기기제조업;광학기기제외",26550,75.0,1991250.0,27434.0,29995.0,20260403,351290032650,0.5652890840405568,1.2252151563290945,33.0,0.09336610224157305
20260102,2026,011780,금호석유화학,기초화학물질제조업,117200,17.0,1992400.0,118682.0,121807.0,20260310,3050920162400,0.5613359994128225,1.204866968016473,34.0,0.026331294130972127
20260102,2026,170900,동아에스티,의약품제조업,51600,38.0,1960800.0,49699.0,,,482596791600,0.5711314294969675,1.1973871707663108,35.0,-0.07847754367205051
20260102,2026,053610,프로텍,특수목적용기계제조업,36350,55.0,1999250.0,37092.0,55403.0,20260310,399850000000,0.5533274518149478,1.1842918417970312,38.0,0.49364780243818673
20260102,2026,025320,시노펙스,전자부품제조업,6020,332.0,1998640.0,6021.0,5820.0,20260310,528155946920,0.5598266894215536,1.1530285992938452,42.0,-0.033408036955530296
20260102,2026,007310,오뚜기,동물용사료및조제식품제조업,383000,5.0,1915000.0,381495.0,359989.0,20260310,1534998890000,0.5633798488673396,1.108743139207175,49.0,-0.056371687191322795
20260102,2026,086450,동국제약,의약품제조업,17080,117.0,1998360.0,17344.0,19274.0,20260310,772535573600,0.56682671434424,1.0944297400935108,51.0,0.1112656652313051
20260102,2026,025540,한국단자,"전동기,발전기및전기변환ㆍ공급ㆍ제어장치제조업",66300,30.0,1989000.0,69899.0,71197.0,20260310,670624500000,0.5423004568936237,1.0928978071598996,53.0,0.018579058456345665
20260102,2026,051900,LG생활건강,기타화학제품제조업,270000,7.0,1890000.0,267106.0,245056.0,20260310,4131663930000,0.5650011951573223,1.0726889060988767,54.0,-0.08254833883017054
20260102,2026,051370,인터플렉스,전자부품제조업,10390,192.0,1994880.0,10349.0,12690.0,20260310,242372434080,0.5554932762239095,1.066302137075939,58.0,0.2261631999951763
20260102,2026,099430,바이오플러스,기초의약물질및생물학적제제제조업,5120,390.0,1996800.0,5120.0,5010.0,20260310,315600496640,0.5447739714965649,1.0504204203408498,61.0,-0.021459768695080705
20260102,2026,102120,어보브반도체,반도체제조업,12720,157.0,1997040.0,12889.0,11717.0,20260312,226171178160,0.5229788762282562,1.0378527080539923,64.0,-0.09091246728168356
20260102,2026,014830,유니드,기초화학물질제조업,67000,29.0,1943000.0,67025.0,81614.0,20260310,453429200000,0.5516760683824347,1.0099535155193493,68.0,0.21766108480096213
20260102,2026,041020,폴라리스오피스,소프트웨어개발및공급업,4635,431.0,1997685.0,4661.0,5041.0,20260320,230477683230,0.5473131728177946,0.9680027871821787,71.0,0.08157332447341781
20260102,2026,326030,SK바이오팜,자연과학및공학연구개발업,122900,16.0,1966400.0,125995.0,99899.0,20260310,9624698425000,0.5104176574444548,0.954090257259234,73.0,-0.2071244988771418
20260102,2026,001740,SK네트웍스,기타전문도매업,4440,450.0,1998000.0,4469.0,5270.0,20260310,982473884880,0.5708480414855648,0.9536078130215557,74.0,0.17919046509230108
20260102,2026,030520,한글과컴퓨터,소프트웨어개발및공급업,23600,84.0,1982400.0,22799.0,20301.0,20260310,570641958400,0.5462006163184363,0.9417547332527159,77.0,-0.10954333775649194
20260102,2026,001120,LX인터내셔널,상품중개업,32000,62.0,1984000.0,32295.0,41083.0,20260310,1240320000000,0.5757377720581097,0.8827761578262325,85.0,0.27213098785535994
20260309,2026,051370,인터플렉스,전자부품제조업,11220,178.0,1997160.0,12690.0,,,261734235840,0.5696322937949179,1.803372654556169,1.0,0.16134421484044426
20260309,2026,033640,네패스,반도체제조업,15550,128.0,1990400.0,16581.0,,,358570591100,0.5634717537885425,1.8010956221195171,2.0,0.6815083733265472
20260309,2026,282330,BGF리테일,종합소매업,115500,17.0,1963500.0,120493.0,,,1996291143000,0.5668096914638581,1.7646094597631876,3.0,0.18969224661717643
20260309,2026,207940,삼성바이오로직스,기초의약물질및생물학적제제제조업,1579000,1.0,1579000.0,1592092.0,,,73093411629000,0.5820200335695129,1.6923558594138641,4.0,0.023339587193532907
20260309,2026,083930,아바코,특수목적용기계제조업,13750,145.0,1993750.0,14573.0,,,201812173750,0.557891581431886,1.6135796122592585,5.0,0.0702677142357866
20260309,2026,000640,동아쏘시오홀딩스,기타금융업,104900,19.0,1993100.0,104599.0,,,685671926600,0.5733185583439329,1.5864030545066574,6.0,-0.04494199849324232
20260309,2026,236200,슈프리마,통신및방송장비제조업,44900,44.0,1975600.0,47296.0,,,313146563900,0.5563612831675019,1.5849686926272017,7.0,0.15827309073315332
20260309,2026,095660,네오위즈,소프트웨어개발및공급업,27800,71.0,1973800.0,26104.0,,,607619484800,0.5475093712729959,1.575075082510778,8.0,-0.1314812675452247
20260309,2026,329180,HD현대중공업,선박및보트건조업,576000,3.0,1728000.0,582904.0,,,60457665600000,0.5907511099524005,1.528513758510393,9.0,-0.1430482915358562
20260309,2026,007310,오뚜기,동물용사료및조제식품제조업,357500,5.0,1787500.0,359989.0,,,1432799225000,0.5674705325898969,1.5143953701707875,10.0,0.03919870901522038
20260309,2026,160980,싸이맥스,특수목적용기계제조업,20000,100.0,2000000.0,21703.0,,,218484860000,0.5522893527742934,1.49653993223147,11.0,0.4572831999783393
20260309,2026,014830,유니드,기초화학물질제조업,84500,23.0,1943500.0,81614.0,,,571862200000,0.5752143228157962,1.4944354280892826,12.0,0.0022165243103484666
20260309,2026,069620,대웅제약,의약품제조업,162100,12.0,1945200.0,164440.0,,,1878183807500,0.5781781801691518,1.475360949614027,13.0,-0.03476822936752855
20260309,2026,290740,액트로,전자부품제조업,21950,91.0,1997450.0,25947.0,,,220926991450,0.5554007499182925,1.462529967127061,14.0,-0.08428443539959907
20260309,2026,278470,에이피알,기타화학제품제조업,296500,6.0,1779000.0,301606.0,,,11098930457500,0.5672257696490073,1.4593185431817155,15.0,0.39753708711347624
20260309,2026,340570,티앤엘,의료용품및기타의약관련제품제조업,49150,40.0,1966000.0,50702.0,,,399491200000,0.5698560632170555,1.4548921753707016,16.0,0.28982178800898417
20260309,2026,196170,알테오젠,자연과학및공학연구개발업,366500,5.0,1832500.0,375540.0,,,19609871302000,0.5255276568425558,1.4433923064673944,17.0,0.008120187387012257
20260309,2026,259960,크래프톤,소프트웨어개발및공급업,218500,9.0,1966500.0,236932.0,,,10357903133500,0.5425766296828052,1.4383338861198582,18.0,0.17428594402588082
20260309,2026,229640,LS에코에너지,기타금융업,39250,50.0,1962500.0,40860.0,,,1202026500750,0.5653413946378381,1.3948531577771612,19.0,0.43920283996444476
20260309,2026,011200,HMM,해상운송업,20650,96.0,1982400.0,20898.0,,,19477864080500,0.5638471303470045,1.3921923474627904,20.0,0.02673942820290387
20260309,2026,123410,코리아에프티,자동차신품부품제조업,7200,277.0,1994400.0,7567.0,,,200455660800,0.5569258103252747,1.3558329992790679,21.0,0.004524165655843904
20260309,2026,036890,진성티이씨,특수목적용기계제조업,13180,151.0,1990180.0,15842.0,,,290389971140,0.5454602646052518,1.3538691590378524,22.0,0.3374775564741743
20260309,2026,003850,보령,의약품제조업,9120,219.0,1997280.0,9209.0,,,782379327840,0.5719707966064858,1.346183747304224,23.0,0.11862374185673441
20260309,2026,190510,나무가,전자부품제조업,17980,111.0,1995780.0,19061.0,,,253253999660,0.5505154059182642,1.3455269355220218,24.0,0.06784881089528794
20260309,2026,171090,선익시스템,특수목적용기계제조업,122200,16.0,1955200.0,127572.0,,,1223846930800,0.5446023445186661,1.3359458112845763,25.0,-0.20194764717632385
20260309,2026,000070,삼양홀딩스,기타금융업,68200,29.0,1977800.0,70001.0,,,529449626200,0.5625637598203171,1.3281558099413788,26.0,0.014662299851428084
20260309,2026,064960,SNT모티브,자동차신품부품제조업,32350,61.0,1973350.0,33247.0,,,858577799200,0.5558627376192695,1.324068621685793,27.0,0.04643599126477893
20260309,2026,067310,하나마이크론,반도체제조업,31950,62.0,1980900.0,34147.0,,,2122385015700,0.5424769437437875,1.3234572895191798,28.0,0.0846378166446724
20260309,2026,101160,월덱스,전자부품제조업,28500,70.0,1995000.0,30804.0,,,470563300500,0.5484194526650434,1.2953292657718765,29.0,0.10161184512276278
20260309,2026,069260,TKG휴켐스,기타화학제품제조업,17350,115.0,1995250.0,17900.0,,,709243501800,0.5597609753266866,1.292031969899771,30.0,0.04843644983440831
20260309,2026,086450,동국제약,의약품제조업,18860,106.0,1999160.0,19274.0,,,853045721200,0.5683654867074195,1.2711563478339722,31.0,0.4126984981864663
20260309,2026,425420,티에프이,전자부품제조업,40550,49.0,1986950.0,50903.0,,,485006790500,0.5474043423010521,1.2710175714469736,32.0,0.4745901570845632
20260309,2026,183300,코미코,특수목적용기계제조업,97000,20.0,1940000.0,107996.0,,,1014686348000,0.5411171850767416,1.2631351548727132,33.0,0.5567497122567235
20260309,2026,241560,두산밥캣,특수목적용기계제조업,56700,35.0,1984500.0,59691.0,,,5435038885500,0.5402796162117582,1.2456369772811884,34.0,0.24532527426079853
20260309,2026,030520,한글과컴퓨터,소프트웨어개발및공급업,19900,100.0,1990000.0,20301.0,,,481176905600,0.5352072436658957,1.2340461402094236,35.0,0.05772586386657097
20260309,2026,025540,한국단자,"전동기,발전기및전기변환ㆍ공급ㆍ제어장치제조업",68100,29.0,1974900.0,71197.0,,,688831500000,0.5657246435019461,1.2243182912027086,36.0,0.2246912793010123
20260309,2026,352820,하이브,오디오물출판및원판녹음업,346000,5.0,1730000.0,351542.0,,,14894836014000,0.5596071812421455,1.207494403605088,37.0,-0.22552276257711323
20260309,2026,265520,AP시스템,특수목적용기계제조업,21000,95.0,1995000.0,22754.0,,,316067241000,0.5384136170977245,1.206653216962399,38.0,0.06404298074744919
20260309,2026,166090,하나머티리얼즈,반도체제조업,61800,32.0,1977600.0,62592.0,,,1222260253200,0.5371235036859638,1.2016648952348812,39.0,0.16515458218311618
20260309,2026,025320,시노펙스,전자부품제조업,5600,357.0,1999200.0,5820.0,,,516065216800,0.5442931964664848,1.1965062382823786,42.0,0.08579058189178124
20260309,2026,001390,KG케미칼,기초화학물질제조업,5070,394.0,1997580.0,4966.0,,,340871462100,0.5601363423104522,1.1841023231424277,43.0,0.1734182622574827
20260309,2026,099430,바이오플러스,기초의약물질및생물학적제제제조업,4895,408.0,1997160.0,5010.0,,,301731334190,0.560193616973534,1.1650871098109319,45.0,0.17866336591898357
20260309,2026,326030,SK바이오팜,자연과학및공학연구개발업,98100,20.0,1962000.0,99899.0,,,7682529825000,0.5154409516977033,1.1550801079963393,46.0,0.08457152692494119
20260309,2026,017800,현대엘리베이터,일반목적용기계제조업,86200,23.0,1982600.0,88903.0,,,3369763587000,0.5635465305988574,1.1312392919435208,51.0,0.15422513186717635
20260309,2026,002900,TYM,특수목적용기계제조업,6500,307.0,1995500.0,6852.0,,,269100000000,0.5335558641021698,1.1051668459119774,53.0,0.11955722372999333
20260309,2026,001120,LX인터내셔널,상품중개업,41550,48.0,1994400.0,41083.0,,,1610478000000,0.5669476165867267,1.0903123322350057,54.0,0.19907449362975793
20260309,2026,372320,큐로셀,자연과학및공학연구개발업,48700,41.0,1996700.0,47505.0,,,704144923600,0.5122359520608034,1.0634703624804696,60.0,0.2360587078854548
20260309,2026,004490,세방전지,일차전지및축전지제조업,57900,34.0,1968600.0,60002.0,,,802494000000,0.5625655260211107,1.0093359714268606,70.0,0.0604420848683096
20260309,2026,051900,LG생활건강,기타화학제품제조업,249000,8.0,1992000.0,245056.0,,,3810312291000,0.5461935391550949,0.9879847574292935,73.0,0.017800902560465737
20260309,2026,056190,에스에프에이,특수목적용기계제조업,29800,67.0,1996600.0,29748.0,,,1070081048000,0.5236125869377783,0.8974355930701704,89.0,-0.004992320990483967
