date,test_year,stock_code,name,sector,closing_price,shares,invested_krw,buy_price,sell_price,sell_date,market_cap,score,score_rank,rank_pos,forward_return_42d_lag1_close
20180102,2018,042670,HD현대인프라코어,특수목적용기계제조업,9080,220.0,1997600.0,7722.0,7433.0,20180307,1888617872040,0.5214929108291058,1.0,1.0,-0.037376352641876776
20180102,2018,214370,케어젠,기초의약물질및생물학적제제제조업,88300,22.0,1942600.0,13764.0,13734.0,20180307,948606900000,0.5048833745309131,1.0,2.0,-0.0021454608522941676
20180102,2018,145720,덴티움,의료용기기제조업,65800,30.0,1974000.0,65728.0,82779.0,20180307,728329014000,0.5151754250925069,0.9943181818181818,3.0,0.2594084358560129
20180102,2018,049960,쎌바이오텍,기초의약물질및생물학적제제제조업,39900,50.0,1995000.0,38945.0,49140.0,20180307,375060000000,0.5029511557736553,0.9942857142857143,4.0,0.2617798294028011
20180102,2018,210540,디와이파워,특수목적용기계제조업,19750,101.0,1994750.0,19691.0,21438.0,20180307,218073733000,0.515799675128296,0.9886363636363636,5.0,0.08871545027591043
20180102,2018,030520,한글과컴퓨터,소프트웨어개발및공급업,17850,112.0,1999200.0,17330.0,16379.0,20180307,412017466350,0.5048432087636996,0.9885714285714285,6.0,-0.0548666952995297
20180102,2018,251270,넷마블,소프트웨어개발및공급업,188500,10.0,1885000.0,180934.0,141915.0,20180307,16027473572500,0.5154529244274568,0.9829545454545454,7.0,-0.2156526795167567
20180102,2018,144960,뉴파워프라즈마,특수목적용기계제조업,26550,75.0,1991250.0,5509.0,5700.0,20180307,219046447350,0.5050428491250598,0.9828571428571429,8.0,0.034670990106006494
20180102,2018,042700,한미반도체,특수목적용기계제조업,11400,175.0,1995000.0,5763.0,5261.0,20180307,724835940000,0.5152208161648613,0.9772727272727273,9.0,-0.0870937847803418
20180102,2018,030190,NICE평가정보,기타정보서비스업,8680,230.0,1996400.0,8491.0,10049.0,20180403,527004637600,0.505428929290682,0.9771428571428571,10.0,0.18357650432970307
20180102,2018,005440,현대지에프홀딩스,종합소매업,14950,133.0,1988350.0,9736.0,9310.0,20180307,1460682005900,0.5202900264531587,0.9715909090909091,11.0,-0.043812611925604594
20180102,2018,115160,휴맥스,영상및음향기기제조업,9170,218.0,1999060.0,8427.0,7948.0,20180626,219271187660,0.49541237658967624,0.9714285714285714,12.0,-0.05686087317992594
20180102,2018,012330,현대모비스,자동차신품부품제조업,257000,7.0,1799000.0,255830.0,213936.0,20180307,25017372791000,0.5204397201522676,0.9659090909090909,13.0,-0.16375793774114666
20180102,2018,022100,포스코DX,"건축기술,엔지니어링및관련기술서비스업",8460,236.0,1996560.0,8506.0,7963.0,20180307,1286213807340,0.5008093643779383,0.9657142857142857,14.0,-0.0637717138887427
20180102,2018,005930,삼성전자,통신및방송장비제조업,2551000,0.0,0.0,51529.0,48528.0,20180307,329330258194000,0.5182869011971458,0.9602272727272727,15.0,-0.05822708931308673
20180102,2018,122870,와이지엔터테인먼트,오디오물출판및원판녹음업,28600,69.0,1973400.0,28239.0,27342.0,20180307,520111277400,0.4908114154642175,0.96,16.0,-0.03178472627848583
20180102,2018,010130,고려아연,1차비철금속제조업,499500,4.0,1998000.0,486657.0,506129.0,20180307,9425565000000,0.5203112639201605,0.9545454545454546,17.0,0.04000986875671231
20180102,2018,078340,컴투스,소프트웨어개발및공급업,136500,14.0,1911000.0,131244.0,159856.0,20180307,1756266330000,0.5022876569646134,0.9542857142857143,18.0,0.21801052126175136
20180102,2018,009150,삼성전기,전자부품제조업,101000,19.0,1919000.0,99955.0,91553.0,20180307,7544063296000,0.5228035330422058,0.9488636363636364,19.0,-0.08405113351927485
20180102,2018,096530,씨젠,의료용품및기타의약관련제품제조업,33600,59.0,1982400.0,17863.0,17566.0,20180307,881463072000,0.5024546013839121,0.9485714285714286,20.0,-0.016670866426113817
20180102,2018,111770,영원무역,상품종합도매업,31350,63.0,1975050.0,31507.0,27016.0,20180307,1389164521800,0.5182151527141645,0.9431818181818182,21.0,-0.14254256903012463
20180102,2018,028150,GS홈쇼핑,텔레비전방송업,215800,9.0,1942200.0,212531.0,199721.0,20180307,1416187500000,0.4885408842227208,0.9428571428571428,22.0,-0.060273048411969454
20180102,2018,066570,LG전자,통신및방송장비제조업,109500,18.0,1971000.0,109298.0,106827.0,20180307,17919435633000,0.5158379215037086,0.9375,23.0,-0.0226077447384867
20180102,2018,086900,메디톡스,기초의약물질및생물학적제제제조업,498400,4.0,1993600.0,392615.0,515391.0,20180307,2819217044000,0.4960890693099793,0.9371428571428572,24.0,0.3127139528719718
20180102,2018,011200,HMM,해상운송업,5010,399.0,1998990.0,4791.0,4272.0,20180323,1562147193270,0.5191858711175447,0.9318181818181818,25.0,-0.1084198315663838
20180102,2018,122990,와이솔,전자부품제조업,14450,138.0,1994100.0,14367.0,15068.0,20180307,331972320350,0.5190541242271486,0.9314285714285714,26.0,0.048816051163691254
20180102,2018,034220,LG디스플레이,전자부품제조업,29850,67.0,1999950.0,28449.0,25530.0,20180307,10680798645000,0.5206102819929221,0.9261363636363636,27.0,-0.10262202668976994
20180102,2018,140410,메지온,자연과학및공학연구개발업,42650,46.0,1961900.0,14448.0,13514.0,20180307,355799478850,0.491170207288968,0.9257142857142857,28.0,-0.06465226295952908
20180102,2018,204320,HL만도,자동차신품부품제조업,307000,6.0,1842000.0,61849.0,45851.0,20180307,2883167168000,0.5173574468060029,0.9204545454545454,29.0,-0.25865911590513035
20180102,2018,141080,리가켐바이오,자연과학및공학연구개발업,42350,47.0,1990450.0,21257.0,28488.0,20180307,421576759450,0.4908383603043053,0.92,30.0,0.3401434058080153
20180102,2018,001060,JW중외제약,의약품제조업,45600,43.0,1960800.0,39005.0,35316.0,20180307,873296407200,0.5204701980058832,0.9147727272727273,31.0,-0.09458541142848576
20180102,2018,168330,내츄럴엔도텍,자연과학및공학연구개발업,23750,84.0,1995000.0,46564.0,39772.0,20180307,480487200000,0.4904383722091341,0.9142857142857143,32.0,-0.145853076948103
20180102,2018,000880,한화,기타화학제품제조업,43250,46.0,1989500.0,43012.0,41707.0,20180307,3241965288750,0.5204700814900015,0.9090909090909091,33.0,-0.0303402093442805
20180102,2018,200130,콜마비앤에이치,기초의약물질및생물학적제제제조업,32800,60.0,1968000.0,31425.0,31418.0,20180307,969028702400,0.494120377903175,0.9085714285714286,34.0,-0.00021047011025787654
20180102,2018,079160,CJ CGV,"영화,비디오물,방송프로그램제작및배급업",75600,26.0,1965600.0,44871.0,42022.0,20180307,1599795262800,0.5179218631965077,0.9034090909090909,35.0,-0.06350091389276957
20180102,2018,067160,SOOP,소프트웨어개발및공급업,19400,103.0,1998200.0,19428.0,26336.0,20180307,219318299800,0.4978395587918093,0.9028571428571428,36.0,0.355591391422037
20180102,2018,004710,한솔테크닉스,전자부품제조업,16700,119.0,1987300.0,16088.0,12202.0,20180307,369234962600,0.5197476112963075,0.8977272727272727,37.0,-0.24156176799261997
20180102,2018,090470,제이스텍,특수목적용기계제조업,17750,112.0,1988000.0,17571.0,16177.0,20180307,259111092000,0.49827787019453773,0.8971428571428571,38.0,-0.07934635404886903
20180102,2018,195870,해성디에스,전자부품제조업,16250,123.0,1998750.0,16663.0,18866.0,20180329,276250000000,0.5194759292880093,0.8920454545454546,39.0,0.13223215517978137
20180102,2018,119610,인터로조,사진장비및광학기기제조업,38300,52.0,1991600.0,24709.0,26827.0,20180307,412720800000,0.49895811853929806,0.8914285714285715,40.0,0.085718846840664
20180102,2018,000100,유한양행,의약품제조업,217000,9.0,1953000.0,33037.0,31514.0,20180307,2531499432000,0.519449358417333,0.8863636363636364,41.0,-0.04608724310650536
20180102,2018,099190,아이센스,의료용기기제조업,25200,79.0,1990800.0,12520.0,14101.0,20180307,346102797600,0.4960577652255407,0.8857142857142857,42.0,0.1262491568612516
20180102,2018,000660,SK하이닉스,반도체제조업,76600,26.0,1991600.0,77756.0,82754.0,20180307,55764981159000,0.5173704093910095,0.8806818181818182,43.0,0.06427483041900461
20180102,2018,052790,액토즈소프트,소프트웨어개발및공급업,17700,112.0,1982400.0,19606.0,23714.0,20180308,200552292600,0.49490519863297355,0.88,44.0,0.2095250546450509
20180102,2018,267270,HD건설기계,일반목적용기계제조업,178500,11.0,1963500.0,88911.0,88381.0,20180307,1762918657500,0.5198913404229101,0.875,45.0,-0.005951496523101563
20180102,2018,183300,코미코,특수목적용기계제조업,25400,78.0,1981200.0,25571.0,27714.0,20180307,222885000000,0.4950197261374015,0.8742857142857143,46.0,0.08380064854987146
20180102,2018,170900,동아에스티,의약품제조업,100000,20.0,2000000.0,89302.0,93628.0,20180307,844386800000,0.5191108838243059,0.8693181818181818,47.0,0.048445780362107005
20180102,2018,053800,안랩,소프트웨어개발및공급업,53300,37.0,1972100.0,53420.0,75918.0,20180307,533738471500,0.4927527110774149,0.8685714285714285,48.0,0.4211428823167551
20180102,2018,017800,현대엘리베이터,일반목적용기계제조업,55500,36.0,1998000.0,37945.0,41747.0,20180307,1367104471500,0.5195536617846477,0.8636363636363636,49.0,0.10019953599013576
20180102,2018,048260,오스템임플란트,의료용기기제조업,59100,33.0,1950300.0,489284.0,446006.0,20180307,844285874700,0.49217534784896677,0.8628571428571429,50.0,-0.08845189489732097
20180306,2018,030520,한글과컴퓨터,소프트웨어개발및공급업,16900,118.0,1994200.0,16379.0,15332.0,20180508,390089365900,0.5082963725370575,1.0,1.0,-0.06395345575117506
20180306,2018,145720,덴티움,의료용기기제조업,83900,23.0,1929700.0,82779.0,78562.0,20180508,928674837000,0.5140887181793017,1.0,2.0,-0.05093797247454557
20180306,2018,168330,내츄럴엔도텍,자연과학및공학연구개발업,20500,97.0,1988500.0,39772.0,33775.0,20180508,414736320000,0.4923589900721447,0.9946808510638298,3.0,-0.15079574503093884
20180306,2018,042670,HD현대인프라코어,특수목적용기계제조업,9260,215.0,1990900.0,7433.0,8626.0,20180508,1927401226060,0.5216681661819023,0.994535519125683,4.0,0.16045100732785533
20180306,2018,078340,컴투스,소프트웨어개발및공급업,159400,12.0,1912800.0,159856.0,158874.0,20180508,2050907348000,0.5059024996794252,0.9893617021276596,5.0,-0.006144840691207354
20180306,2018,251270,넷마블,소프트웨어개발및공급업,144000,13.0,1872000.0,141915.0,134422.0,20180508,12243913920000,0.5186200945191121,0.9890710382513661,6.0,-0.05279514527456797
20180306,2018,145020,휴젤,기초의약물질및생물학적제제제조업,582000,3.0,1746000.0,197568.0,161297.0,20180508,2507084310000,0.5086698641768252,0.9840425531914894,7.0,-0.1835872641084122
20180306,2018,210540,디와이파워,특수목적용기계제조업,21450,93.0,1994850.0,21438.0,19434.0,20180821,236844636600,0.5175575964674219,0.9836065573770492,8.0,-0.09343922644492086
20180306,2018,096530,씨젠,의료용품및기타의약관련제품제조업,35750,55.0,1966250.0,17566.0,16231.0,20180508,937866215000,0.49976298809384767,0.9787234042553191,9.0,-0.07597932327407009
20180306,2018,042700,한미반도체,특수목적용기계제조업,11100,180.0,1998000.0,5261.0,5162.0,20180508,705761310000,0.5154874058725512,0.9781420765027322,10.0,-0.018783508394462745
20180306,2018,192080,더블유게임즈,소프트웨어개발및공급업,65200,30.0,1956000.0,54103.0,48952.0,20180508,1147227512800,0.5021856283570805,0.973404255319149,11.0,-0.0952016257945234
20180306,2018,069960,현대백화점,종합소매업,90000,22.0,1980000.0,90038.0,103536.0,20180508,2106219690000,0.5202704416881966,0.9726775956284153,12.0,0.1499091956886709
20180306,2018,022100,포스코DX,"건축기술,엔지니어링및관련기술서비스업",8010,249.0,1994490.0,7963.0,6974.0,20180508,1217798179290,0.5038569089691846,0.9680851063829787,13.0,-0.1241959150833688
20180306,2018,000660,SK하이닉스,반도체제조업,82400,24.0,1977600.0,82754.0,83551.0,20180508,59987394876000,0.5179279574067552,0.9672131147540983,14.0,0.009632744182755282
20180306,2018,122870,와이지엔터테인먼트,오디오물출판및원판녹음업,27700,72.0,1994400.0,27342.0,27242.0,20180508,503744139300,0.49643279472641744,0.9627659574468085,15.0,-0.003655079982245679
20180306,2018,005440,현대지에프홀딩스,종합소매업,14250,140.0,1995000.0,9310.0,10100.0,20180508,1392288868500,0.5201638997411691,0.9617486338797814,16.0,0.08482290804240544
20180306,2018,130960,CJ E&M,텔레비전방송업,88100,22.0,1938200.0,87259.0,86480.0,20180508,3412297040900,0.5081086173094808,0.9574468085106383,17.0,-0.008922843587504725
20180306,2018,005930,삼성전자,통신및방송장비제조업,2351000,0.0,0.0,48528.0,51196.0,20180511,301836647394000,0.5181508887763551,0.9562841530054644,18.0,0.054972283626985696
20180306,2018,196170,알테오젠,자연과학및공학연구개발업,18900,105.0,1984500.0,5058.0,9166.0,20180508,238335237000,0.4858965383387864,0.9521276595744681,19.0,0.8122879317512821
20180306,2018,066570,LG전자,통신및방송장비제조업,106000,18.0,1908000.0,106827.0,94754.0,20180508,17346668284000,0.5177990933294303,0.9508196721311475,20.0,-0.11301585721755802
20180306,2018,071200,인피니트헬스케어,소프트웨어개발및공급업,8800,227.0,1997600.0,8708.0,,,214688830400,0.4988465899535144,0.9468085106382979,21.0,-0.05673316448139387
20180306,2018,010130,고려아연,1차비철금속제조업,491500,4.0,1966000.0,506129.0,432314.0,20180508,9274605000000,0.5196816425824853,0.9453551912568307,22.0,-0.14584077292875408
20180306,2018,049960,쎌바이오텍,기초의약물질및생물학적제제제조업,50800,39.0,1981200.0,49140.0,42285.0,20180508,477520000000,0.5024824867504083,0.9414893617021277,23.0,-0.1395081493277779
20180306,2018,009150,삼성전기,전자부품제조업,92100,21.0,1934100.0,91553.0,115927.0,20180508,6879289401600,0.5208332583938359,0.9398907103825137,24.0,0.26622505033760424
20180306,2018,200130,콜마비앤에이치,기초의약물질및생물학적제제제조업,31950,62.0,1980900.0,31418.0,29276.0,20180508,943916678100,0.5022477257470417,0.9361702127659575,25.0,-0.06818015159246937
20180306,2018,000270,기아,자동차용엔진및자동차제조업,34000,58.0,1972000.0,33051.0,33805.0,20180508,13782353798000,0.5205673600898572,0.9344262295081968,26.0,0.02283132049152492
20180306,2018,086900,메디톡스,기초의약물질및생물학적제제제조업,606000,3.0,1818000.0,515391.0,515373.0,20180508,3427860210000,0.5017280599188993,0.9308510638297872,27.0,-3.43448269697344e-05
20180306,2018,034220,LG디스플레이,전자부품제조업,28550,70.0,1998500.0,25530.0,20638.0,20180508,10215638235000,0.5199128742117565,0.9289617486338798,28.0,-0.19159131991650147
20180306,2018,083310,엘오티베큠,특수목적용기계제조업,16050,124.0,1990200.0,15655.0,16991.0,20201006,202266850800,0.500103382549189,0.925531914893617,29.0,0.08538327844020621
20180306,2018,004710,한솔테크닉스,전자부품제조업,13250,150.0,1987500.0,12202.0,11673.0,20180508,292955883500,0.5193338933960086,0.9234972677595629,30.0,-0.043284699319178666
20180306,2018,183300,코미코,특수목적용기계제조업,28050,71.0,1991550.0,27714.0,35564.0,20180508,246138750000,0.49952550850680544,0.9202127659574468,31.0,0.28323357257069337
20180306,2018,003060,에이프로젠바이오로직스,의약품제조업,4200,476.0,1999200.0,24312.0,23164.0,20180508,363134020200,0.5223901397923436,0.9180327868852459,32.0,-0.04721136693455408
20180306,2018,217730,강스템바이오텍,기초의약물질및생물학적제제제조업,12400,161.0,1996400.0,8106.0,8890.0,20180509,202485601600,0.49977686099260243,0.9148936170212766,33.0,0.09672558085779825
20180306,2018,020150,롯데에너지머티리얼즈,전자부품제조업,34750,57.0,1980750.0,34055.0,31897.0,20180508,1598500000000,0.518858099581674,0.912568306010929,34.0,-0.06337720595559548
20180306,2018,060250,NHN KCP,기타정보서비스업,18400,108.0,1987200.0,9960.0,7491.0,20180508,362434055200,0.48690125408837776,0.9095744680851063,35.0,-0.24794114670821055
20180306,2018,000990,DB하이텍,반도체제조업,14800,135.0,1998000.0,15383.0,13828.0,20180508,656643913600,0.515122044102009,0.907103825136612,36.0,-0.1010701347048677
20180306,2018,079160,CJ CGV,"영화,비디오물,방송프로그램제작및배급업",67200,29.0,1948800.0,42022.0,45852.0,20180508,1422040233600,0.5184453314514252,0.9016393442622951,38.0,0.0911509268860311
20180306,2018,115160,휴맥스,영상및음향기기제조업,8510,235.0,1999850.0,7956.0,5070.0,20210728,203489400980,0.5083671653090975,0.898936170212766,39.0,-0.3627045143395198
20180306,2018,090470,제이스텍,특수목적용기계제조업,16750,119.0,1993250.0,16177.0,,,244513284000,0.49480941944860235,0.8936170212765957,41.0,-0.16403941120853371
20180306,2018,012330,현대모비스,자동차신품부품제조업,219500,9.0,1975500.0,213936.0,234380.0,20180508,21366977928500,0.5206619600428796,0.8907103825136612,42.0,0.09555935217806333
20180306,2018,001060,JW중외제약,의약품제조업,41850,47.0,1966950.0,35316.0,33772.0,20180508,821816192250,0.5202964925091147,0.8743169398907104,48.0,-0.04370995645216025
20180306,2018,000100,유한양행,의약품제조업,209000,9.0,1881000.0,31514.0,34351.0,20180508,2551754986000,0.5202655803704829,0.8688524590163934,50.0,0.09001809490216783
20180306,2018,144960,뉴파워프라즈마,특수목적용기계제조업,29100,68.0,1978800.0,5700.0,5048.0,20180508,240084806700,0.49204278828381653,0.8617021276595744,53.0,-0.11434634022430734
20180306,2018,000880,한화,기타화학제품제조업,42200,47.0,1983400.0,41707.0,39207.0,20180508,3163258617000,0.5200960366910224,0.8579234972677595,54.0,-0.059942047269399
20180306,2018,140410,메지온,자연과학및공학연구개발업,41250,48.0,1980000.0,13514.0,17282.0,20180508,352169317500,0.4718368549201444,0.824468085106383,67.0,0.27877553470418226
20180306,2018,099190,아이센스,의료용기기제조업,28700,69.0,1980300.0,14101.0,13047.0,20180508,394172630600,0.4880370668616294,0.8191489361702128,69.0,-0.07473638346562761
20180306,2018,052790,액토즈소프트,소프트웨어개발및공급업,22100,90.0,1989000.0,22861.0,,,250407099800,0.48224146815320407,0.8031914893617021,75.0,-0.19455755561823662
20180306,2018,119610,인터로조,사진장비및광학기기제조업,41500,48.0,1992000.0,26827.0,13030.0,20181031,447204000000,0.4846038260611461,0.7819148936170213,82.0,-0.5143000766273425
20180306,2018,011200,HMM,해상운송업,4355,459.0,1998945.0,4391.0,5574.0,20180508,1357914376585,0.5207567594007283,0.7759562841530054,85.0,0.2694939775125764
20180306,2018,017800,현대엘리베이터,일반목적용기계제조업,57200,34.0,1944800.0,41747.0,64952.0,20180508,1408979743600,0.5190375623074845,0.7704918032786885,87.0,0.555831021841124
20180504,2018,200130,콜마비앤에이치,기초의약물질제조업,30500,65.0,1982500.0,29276.0,24536.0,20181012,901078519000,0.5058179807247711,1.0,1.0,-0.1619134241415825
20180504,2018,251270,넷마블,소프트웨어개발및공급업,136000,14.0,1904000.0,134422.0,162877.0,20180710,11573754088000,0.5181939196124112,1.0,2.0,0.21168375608338041
20180504,2018,078340,컴투스,소프트웨어개발및공급업,163800,12.0,1965600.0,158874.0,177471.0,20180710,2107519596000,0.5031352638187541,0.9953051643192489,3.0,0.11705770921452352
20180504,2018,145720,덴티움,의료용기기제조업,77800,25.0,1945000.0,78562.0,93987.0,20180710,861154974000,0.5170509767772342,0.9952380952380953,4.0,0.1963408243612832
20180504,2018,049960,쎌바이오텍,기초의약물질제조업,42700,46.0,1964200.0,42285.0,36435.0,20180829,401380000000,0.503425923438775,0.9906103286384976,5.0,-0.1383383728750558
20180504,2018,042700,한미반도체,특수목적용기계제조업,10500,190.0,1995000.0,5162.0,4431.0,20180710,667612050000,0.521316334070399,0.9904761904761905,6.0,-0.14168090994525495
20180504,2018,140410,메지온,자연과학및공학연구개발업,55500,36.0,1998000.0,17282.0,19817.0,20180710,475582996500,0.4965260970715897,0.9859154929577465,7.0,0.1466817040121391
20180504,2018,066570,LG전자,통신및방송장비제조업,99000,20.0,1980000.0,94754.0,78097.0,20180710,16201133586000,0.5188413463593362,0.9857142857142858,8.0,-0.17578411679330042
20180504,2018,122870,와이지엔터테인먼트,오디오물출판및원판녹음업,27850,71.0,1977350.0,27242.0,47356.0,20190109,506471995650,0.4987467259372953,0.9812206572769953,9.0,0.7383648543663812
20180504,2018,005930,삼성전자,통신및방송장비제조업,51900,38.0,1972200.0,52489.0,46208.0,20180710,333162951930000,0.5181408188504318,0.9809523809523809,10.0,-0.11967056909008045
20180504,2018,030190,NICE평가정보,기타정보서비스업,10500,190.0,1995000.0,10398.0,11206.0,20181012,637505610000,0.5082144430393638,0.9765258215962441,11.0,0.0776265763354782
20180504,2018,139480,이마트,종합소매업,265500,7.0,1858500.0,262157.0,245540.0,20180710,7401029944500,0.5204110796014443,0.9761904761904762,12.0,-0.06338703022846393
20180504,2018,187420,HLB제넥스,기초의약물질제조업,11550,173.0,1998150.0,10994.0,10392.0,20180928,242539431750,0.5000316489228436,0.971830985915493,13.0,-0.05481838251189164
20180504,2018,097230,HJ중공업,토목건설업,3530,566.0,1997980.0,39517.0,5949.0,20200601,374365353240,0.5199550116270448,0.9714285714285714,14.0,-0.8494621434176619
20180504,2018,130960,CJ E&M,텔레비전방송업,87900,22.0,1933800.0,86480.0,,,3404550623100,0.5012453494485393,0.9671361502347418,15.0,0.12542901860575406
20180504,2018,210540,디와이파워,특수목적용기계제조업,23700,84.0,1990800.0,22533.0,20423.0,20210507,261688479600,0.5147608436673561,0.9666666666666667,16.0,-0.09367071721285825
20180504,2018,168330,내츄럴엔도텍,자연과학및공학연구개발업,17150,116.0,1989400.0,33775.0,53274.0,20180710,346962336000,0.493823612949721,0.9624413145539906,17.0,0.5773235903576555
20180504,2018,000180,성창기업지주,회사본부및경영컨설팅서비스업,3260,613.0,1998380.0,3240.0,3272.0,20210514,227390216000,0.5189527991353358,0.9619047619047619,18.0,0.009782810833484756
20180504,2018,089030,테크윙,특수목적용기계제조업,18650,107.0,1995550.0,9629.0,7399.0,20180710,349986776550,0.5088521530700422,0.9577464788732394,19.0,-0.23162062119595428
20180504,2018,042670,HD현대인프라코어,특수목적용기계제조업,10350,193.0,1997550.0,8626.0,7797.0,20180710,2154318334650,0.5143212794996004,0.9571428571428572,20.0,-0.09604711550256739
20180504,2018,030520,한글과컴퓨터,소프트웨어개발및공급업,15500,129.0,1999500.0,15332.0,14528.0,20181012,357774270500,0.49831588774320656,0.9530516431924883,21.0,-0.05238790004715743
20180504,2018,007630,폴루스바이오팜,통신및방송장비제조업,12350,161.0,1988350.0,12254.0,17807.0,20180710,388642965100,0.5143942647481802,0.9523809523809523,22.0,0.45307290200792516
20180504,2018,214370,케어젠,기초의약물질제조업,94900,21.0,1992900.0,14645.0,12307.0,20180710,1019510700000,0.49811392340760086,0.9483568075117371,23.0,-0.159629647425943
20180504,2018,002900,TYM,특수목적용기계제조업,3110,643.0,1999730.0,8748.0,7562.0,20210817,203359479000,0.5135317678493576,0.9476190476190476,24.0,-0.13559235857158036
20180504,2018,086040,바이오톡스텍,자연과학및공학연구개발업,20000,100.0,2000000.0,19265.0,,,291292460000,0.49273774862743014,0.9436619718309859,25.0,-0.2923919630575659
20180504,2018,079160,CJ CGV,"영화,비디오물,방송프로그램제작및배급업",73400,27.0,1981800.0,45852.0,42008.0,20180710,1553240374200,0.5174016481455156,0.9428571428571428,26.0,-0.08383759008628944
20180504,2018,096530,씨젠,의료용품및기타의약관련제품제조업,33750,59.0,1991250.0,16231.0,14398.0,20180710,885398175000,0.49935038334779713,0.9389671361502347,27.0,-0.11294065588075719
20180504,2018,000490,대동,특수목적용기계제조업,10350,193.0,1997550.0,9382.0,11271.0,20210507,245586973500,0.5127522818352392,0.9380952380952381,28.0,0.20131320822301735
20180504,2018,100700,세운메디칼,의료용품및기타의약관련제품제조업,4680,427.0,1998360.0,4563.0,6785.0,20210108,204984000000,0.49850209644545124,0.9342723004694836,29.0,0.48693944988619275
20180504,2018,020150,롯데에너지머티리얼즈,전자부품제조업,31850,62.0,1974700.0,31897.0,43637.0,20180710,1465100000000,0.519678216683888,0.9333333333333333,30.0,0.36809470049258053
20180504,2018,039840,디오,의료용기기제조업,40950,48.0,1965600.0,40742.0,29697.0,20181012,621268952850,0.5026782169563526,0.9295774647887324,31.0,-0.2710950070551281
20180504,2018,002150,도화엔지니어링,"건축기술,엔지니어링및관련기술서비스업",9670,206.0,1992020.0,8848.0,6332.0,20180711,326072400000,0.5109790344086218,0.9285714285714286,32.0,-0.28439585628919717
20180504,2018,086980,쇼박스,"영화,비디오물,방송프로그램제작및배급업",5280,378.0,1995840.0,5198.0,3673.0,20190812,330528000000,0.5096587228303955,0.9248826291079812,33.0,-0.29341026697506967
20180504,2018,120110,코오롱인더,화학섬유제조업,67700,29.0,1963300.0,67761.0,60272.0,20180710,1737179088900,0.5218145554288252,0.9238095238095239,34.0,-0.11051365482686637
20180504,2018,145020,휴젤,기초의약물질제조업,479700,4.0,1918800.0,161297.0,179893.0,20180710,2090630938500,0.4948067340582918,0.92018779342723,35.0,0.11528708273837429
20180504,2018,004710,한솔테크닉스,전자부품제조업,12250,163.0,1996750.0,11673.0,9534.0,20180710,270846005500,0.5191744444218596,0.919047619047619,36.0,-0.18324303314239032
20180504,2018,182400,엔케이젠바이오텍코리아,기초의약물질제조업,19100,104.0,1986400.0,16356.0,14902.0,20180710,471002581100,0.4939214189886669,0.9154929577464789,37.0,-0.08888083030544913
20180504,2018,000670,영풍,1차비철금속제조업,854000,2.0,1708000.0,79634.0,71214.0,20190123,1573102160000,0.5209601939753773,0.9142857142857143,38.0,-0.1057371457239078
20180504,2018,243840,신흥에스이씨,일차전지및이차전지제조업,34700,57.0,1977900.0,8308.0,8617.0,20180802,227343400100,0.49580361266334183,0.9107981220657277,39.0,0.03714715836240101
20180504,2018,034220,LG디스플레이,전자부품제조업,22850,87.0,1987950.0,20638.0,18098.0,20180710,8176088745000,0.5183612963878846,0.9095238095238095,40.0,-0.12310038029897119
20180504,2018,126700,하이비젼시스템,사진장비및광학기기제조업,19700,101.0,1989700.0,19786.0,19988.0,20211122,294359606400,0.47423867726178814,0.9061032863849765,41.0,0.010246660596248791
20180504,2018,099190,아이센스,의료용기기제조업,27200,73.0,1985600.0,13047.0,11290.0,20180710,373652873600,0.49831624679862796,0.8779342723004695,53.0,-0.13461552995140846
20180504,2018,192080,더블유게임즈,소프트웨어개발및공급업,59800,33.0,1973400.0,48952.0,46668.0,20180710,1085984504800,0.4912940640982767,0.8685446009389671,57.0,-0.046653628083751175
20180504,2018,009150,삼성전기,전자부품제조업,115000,17.0,1955000.0,115927.0,154434.0,20180710,8589775040000,0.5175977022824579,0.8666666666666667,58.0,0.3321660353299938
20180504,2018,000880,한화,기타화학제품제조업,38500,51.0,1963500.0,39207.0,29101.0,20181012,2885911297500,0.520311820569799,0.861904761904762,60.0,-0.2577589148790813
20180504,2018,183300,코미코,특수목적용기계제조업,36100,55.0,1985500.0,35564.0,30454.0,20180710,316777500000,0.4986898480723557,0.8450704225352113,67.0,-0.14367548131045382
20180504,2018,003060,에이프로젠바이오로직스,의약품제조업,3980,502.0,1997960.0,23164.0,21573.0,20180710,345422671680,0.5219540768518344,0.8380952380952381,70.0,-0.06867786268737586
20180504,2018,001060,JW중외제약,의약품제조업,40150,49.0,1967350.0,33772.0,33816.0,20181012,791317715100,0.5214788509082706,0.8333333333333334,72.0,0.0013019344501543628
20180504,2018,144960,뉴파워프라즈마,특수목적용기계제조업,26450,75.0,1983750.0,5048.0,5798.0,20200825,218221413650,0.49773322101038364,0.8215962441314554,77.0,0.14853210915400084
20180504,2018,012330,현대모비스,자동차신품부품제조업,235000,8.0,1880000.0,234380.0,204480.0,20180710,22875807805000,0.5204774668512588,0.8047619047619048,84.0,-0.12757003311071258
20180709,2018,042700,한미반도체,특수목적용기계제조업,8360,239.0,1998040.0,4431.0,5815.0,20180907,531546356000,0.5190735370224668,1.0,1.0,0.3123817484235889
20180709,2018,214370,케어젠,기초의약물질및생물학적제제제조업,75900,26.0,1973400.0,12307.0,13655.0,20180907,815393700000,0.5108917531638382,1.0,2.0,0.1095387685320599
20180709,2018,042670,HD현대인프라코어,특수목적용기계제조업,9170,218.0,1999060.0,7797.0,7925.0,20180907,1908765082420,0.51764149176447,0.994475138121547,3.0,0.016345596428463782
20180709,2018,096530,씨젠,의료용품및기타의약관련제품제조업,29350,68.0,1995800.0,14398.0,12007.0,20180907,769968487000,0.5000298110504068,0.9935064935064936,4.0,-0.16608046753871308
20180709,2018,181710,NHN,소프트웨어개발및공급업,67900,29.0,1969100.0,35270.0,31001.0,20180907,1328465197500,0.5177648399692053,0.988950276243094,5.0,-0.12103744251223114
20180709,2018,140410,메지온,자연과학및공학연구개발업,55500,36.0,1998000.0,19817.0,38591.0,20190610,476725575000,0.5002582500382773,0.987012987012987,6.0,0.9474096576837625
20180709,2018,251270,넷마블,소프트웨어개발및공급업,160500,12.0,1926000.0,162877.0,112946.0,20180907,13673601529500,0.5175979691926198,0.9834254143646409,7.0,-0.30656020973498155
20180709,2018,098460,고영,특수목적용기계제조업,104000,19.0,1976000.0,20475.0,20335.0,20180907,1423546904000,0.5029005764330543,0.9805194805194806,8.0,-0.006827065197478666
20180709,2018,145720,덴티움,의료용기기제조업,91700,21.0,1925700.0,93987.0,96603.0,20180907,1015011711000,0.51627897463553,0.9779005524861878,9.0,0.027834270322156573
20180709,2018,192080,더블유게임즈,소프트웨어개발및공급업,55700,35.0,1949500.0,46668.0,56128.0,20180907,1011527373200,0.5044638432383078,0.974025974025974,10.0,0.2027002211901423
20180709,2018,028050,삼성E&A,"건축기술,엔지니어링및관련기술서비스업",15400,129.0,1986600.0,15528.0,16280.0,20180907,3018400000000,0.5170334821381919,0.9723756906077348,11.0,0.048424028592780166
20180709,2018,048530,인트론바이오,기초의약물질및생물학적제제제조업,40150,49.0,1967350.0,20231.0,20253.0,20181207,603794249300,0.4942524678366298,0.9675324675324676,12.0,0.0011221223556459048
20180709,2018,004960,한신공영,건물건설업,19250,103.0,1982750.0,19328.0,20130.0,20180910,222736013500,0.5196327205210176,0.9668508287292817,13.0,0.041490467938684494
20180709,2018,004490,세방전지,일차전지및축전지제조업,31400,63.0,1978200.0,31269.0,36526.0,20181008,439600000000,0.5216291415608567,0.9613259668508287,14.0,0.16812997132928387
20180709,2018,064260,다날,소프트웨어개발및공급업,4580,436.0,1996880.0,4298.0,3564.0,20181221,248311560840,0.5040216039416604,0.961038961038961,15.0,-0.17075951249101584
20180709,2018,079160,CJ CGV,"영화,비디오물,방송프로그램제작및배급업",65800,30.0,1974000.0,42008.0,32891.0,20180907,1392414395400,0.5183771190630931,0.9558011049723757,16.0,-0.2170282651978387
20180709,2018,056190,에스에프에이,특수목적용기계제조업,34450,58.0,1998100.0,33774.0,38436.0,20180907,1237056782000,0.5007981366647167,0.9545454545454546,17.0,0.13801921041549203
20180709,2018,108670,LX하우시스,플라스틱제품제조업,68000,29.0,1972000.0,68267.0,68146.0,20180907,609801560000,0.5199157400787711,0.9502762430939227,18.0,-0.001771343987828633
20180709,2018,196170,알테오젠,자연과학및공학연구개발업,31350,63.0,1975050.0,8581.0,9752.0,20180907,396365260500,0.4931493794619431,0.948051948051948,19.0,0.13642955933133782
20180709,2018,115390,락앤락,플라스틱제품제조업,21850,91.0,1988350.0,22386.0,17147.0,20180907,1201750000000,0.5194585870517704,0.9447513812154696,20.0,-0.2340364177801446
20180709,2018,041510,에스엠,오디오물출판및원판녹음업,42900,46.0,1973400.0,42464.0,48865.0,20180907,977553762900,0.48299525136211885,0.9415584415584416,21.0,0.1507423234163019
20180709,2018,023530,롯데쇼핑,종합소매업,211500,9.0,1903500.0,214344.0,179904.0,20180907,5947812940500,0.521452648578318,0.9392265193370166,22.0,-0.16067511374760568
20180709,2018,201490,미투온,소프트웨어개발및공급업,6790,294.0,1996260.0,7091.0,7112.0,20180907,211663108300,0.49771379244271846,0.935064935064935,23.0,0.0030050482735035633
20180709,2018,008700,아남전자,영상및음향기기제조업,3260,613.0,1998380.0,3295.0,3605.0,20180907,251426913200,0.5151421657247874,0.9337016574585635,24.0,0.0940359677850875
20180709,2018,232140,와이씨,특수목적용기계제조업,3700,540.0,1998000.0,3907.0,4188.0,20180907,228617287200,0.4942880828260686,0.9285714285714286,25.0,0.07175110923925243
20180709,2018,093050,LF,봉제의복제조업,27850,71.0,1977350.0,27910.0,25570.0,20180907,814334000000,0.5187434539478954,0.9281767955801105,26.0,-0.08382240718197154
20180709,2018,028670,팬오션,해상운송업,4830,414.0,1999620.0,4851.0,5020.0,20180907,2581854349620,0.5202916598044485,0.9226519337016574,27.0,0.0349289501740202
20180709,2018,089030,테크윙,특수목적용기계제조업,14750,135.0,1991250.0,7399.0,7880.0,20180914,277709047000,0.49423186824826637,0.922077922077922,28.0,0.06506586985217644
20180709,2018,000210,DL,토목건설업,75200,26.0,1955200.0,67731.0,74312.0,20180907,2616960000000,0.5204238412906854,0.9171270718232044,29.0,0.09715177340905412
20180709,2018,086450,동국제약,의약품제조업,66700,29.0,1934300.0,13232.0,13313.0,20180907,593096400000,0.5090757797508433,0.9155844155844156,30.0,0.006106329478063666
20180709,2018,034220,LG디스플레이,전자부품제조업,18850,106.0,1998100.0,18098.0,19437.0,20180907,6744825945000,0.5193373332460469,0.9116022099447514,31.0,0.07400164869499815
20180709,2018,048260,오스템임플란트,의료용기기제조업,52500,38.0,1995000.0,445163.0,419823.0,20180907,750000142500,0.4975987953480522,0.9090909090909091,32.0,-0.05692223000624952
20180709,2018,011070,LG이노텍,전자부품제조업,160500,12.0,1926000.0,157685.0,146658.0,20180907,3798570673500,0.5190665925122921,0.9060773480662984,33.0,-0.06993203767829848
20180709,2018,079970,투비소프트,소프트웨어개발및공급업,10150,197.0,1999550.0,109695.0,89129.0,20180920,208373247600,0.49463511795617887,0.9025974025974026,34.0,-0.18748103090290313
20180709,2018,102460,이연제약,의약품제조업,19700,101.0,1989700.0,19376.0,19613.0,20190325,330369000000,0.521152345231145,0.9005524861878453,35.0,0.012229719703170439
20180709,2018,108230,톱텍,특수목적용기계제조업,25800,77.0,1986600.0,26652.0,23115.0,20200609,949343353200,0.4915357766313613,0.8961038961038961,36.0,-0.13271503796278294
20180709,2018,003060,에이프로젠바이오로직스,의약품제조업,3590,557.0,1999630.0,21573.0,22720.0,20180907,387297076460,0.5210942869647349,0.8950276243093923,37.0,0.053146109729934166
20180709,2018,085660,차바이오텍,기초의약물질및생물학적제제제조업,15900,125.0,1987500.0,15089.0,19155.0,20180907,822122108700,0.48628651467524425,0.8896103896103896,38.0,0.2694805019650648
20180709,2018,033240,자화전자,전자부품제조업,13350,149.0,1989150.0,13477.0,12280.0,20180907,238965000000,0.5185517194535472,0.8895027624309392,39.0,-0.08883936128174064
20180709,2018,009150,삼성전기,전자부품제조업,155000,12.0,1860000.0,154434.0,156459.0,20180907,11577522880000,0.5185146624157978,0.8839779005524862,40.0,0.013112130019428792
20180709,2018,003670,포스코퓨처엠,"시멘트,석회,플라스터및그제품제조업",48700,41.0,1996700.0,42955.0,60972.0,20180907,2876709000000,0.5094827234167592,0.8831168831168831,41.0,0.4194605087621075
20180709,2018,066570,LG전자,통신및방송장비제조업,77700,25.0,1942500.0,78097.0,74186.0,20180907,12715435147800,0.517730845758661,0.8784530386740331,42.0,-0.05008453528880008
20180709,2018,150840,인트로메딕,의료용기기제조업,13300,150.0,1995000.0,13695.0,6808.0,20220117,204641194800,0.49532590528881626,0.8766233766233766,43.0,-0.5028769566448936
20180709,2018,161890,한국콜마,기타화학제품제조업,78200,25.0,1955000.0,78274.0,74799.0,20180907,1650368850200,0.5189120684051671,0.8729281767955801,44.0,-0.044389128542045686
20180709,2018,083790,CG인바이츠,자연과학및공학연구개발업,24850,80.0,1988000.0,12380.0,13552.0,20180907,650550013750,0.4839704822618025,0.8701298701298701,45.0,0.09469069264719332
20180709,2018,004710,한솔테크닉스,전자부품제조업,9570,208.0,1990560.0,9534.0,6963.0,20190909,211591532460,0.5181338914877173,0.8674033149171271,46.0,-0.26964643900603713
20180709,2018,200780,비씨월드제약,의약품제조업,26500,75.0,1987500.0,20854.0,19630.0,20210108,212220427000,0.5029456189070257,0.8636363636363636,47.0,-0.058706990510962065
20180709,2018,020150,롯데에너지머티리얼즈,전자부품제조업,43500,45.0,1957500.0,43637.0,56583.0,20180907,2005821322500,0.5178059209274388,0.861878453038674,48.0,0.2966686486320649
20180709,2018,005930,삼성전자,통신및방송장비제조업,45600,43.0,1960800.0,46208.0,44824.0,20180907,292721206320000,0.5169482485355433,0.856353591160221,50.0,-0.02994036258543542
20180709,2018,139480,이마트,종합소매업,242000,8.0,1936000.0,245540.0,207493.0,20180907,6745948198000,0.5205094603041429,0.7900552486187845,72.0,-0.15495352440529286
20180906,2018,053800,안랩,소프트웨어개발및공급업,58700,34.0,1995800.0,57330.0,41011.0,20181113,587813288500,0.5099812867637448,1.0,1.0,-0.28464217451112594
20180906,2018,145720,덴티움,의료용기기제조업,96300,20.0,1926000.0,96603.0,63448.0,20181113,1065928329000,0.5169198222282061,1.0,2.0,-0.3432113278450364
20180906,2018,042670,HD현대인프라코어,특수목적용기계제조업,9270,215.0,1993050.0,7925.0,6994.0,20181113,1929586337820,0.5215592009362646,0.9948979591836735,3.0,-0.11738748320759307
20180906,2018,214370,케어젠,기초의약물질및생물학적제제제조업,84500,23.0,1943500.0,13655.0,12306.0,20181113,907783500000,0.5139572705643967,0.9940476190476191,4.0,-0.09880177548949165
20180906,2018,181710,NHN,소프트웨어개발및공급업,59300,33.0,1956900.0,31001.0,27549.0,20181113,1160205982500,0.5179893423699758,0.9897959183673469,5.0,-0.11134850838222332
20180906,2018,200130,콜마비앤에이치,기초의약물질및생물학적제제제조업,25800,77.0,1986600.0,25529.0,19642.0,20181113,762223796400,0.5128607673607981,0.9880952380952381,6.0,-0.23058536247039318
20180906,2018,251270,넷마블,소프트웨어개발및공급업,114000,17.0,1938000.0,112946.0,122942.0,20181113,9714437154000,0.5165807663239077,0.9846938775510204,7.0,0.08850824323555195
20180906,2018,084990,헬릭스미스,자연과학및공학연구개발업,224500,8.0,1796000.0,121028.0,99859.0,20181113,3582180370000,0.4959042004270141,0.9821428571428571,8.0,-0.1749057133748234
20180906,2018,042700,한미반도체,특수목적용기계제조업,11750,170.0,1997500.0,5815.0,4372.0,20181113,672380707500,0.5127230137222378,0.9795918367346939,9.0,-0.24808156558370187
20180906,2018,049960,쎌바이오텍,기초의약물질및생물학적제제제조업,35650,56.0,1996400.0,35784.0,27289.0,20181120,335110000000,0.5080612531055313,0.9761904761904762,10.0,-0.23739356105364906
20180906,2018,004990,롯데지주,기타식품제조업,47500,42.0,1995000.0,47856.0,49889.0,20181113,5536896257500,0.5210237768799311,0.9744897959183674,11.0,0.04248638086681655
20180906,2018,056190,에스에프에이,특수목적용기계제조업,38650,51.0,1971150.0,38436.0,41233.0,20181113,1387873574000,0.5030511250703844,0.9702380952380952,12.0,0.0727675445710072
20180906,2018,079160,CJ CGV,"영화,비디오물,방송프로그램제작및배급업",52400,38.0,1991200.0,32891.0,23627.0,20181113,1108852801200,0.5186285474485914,0.9693877551020408,13.0,-0.2816532784234139
20180906,2018,005930,삼성전자,통신및방송장비제조업,46100,43.0,1982300.0,44824.0,44425.0,20181113,295930868670000,0.5177888962747734,0.9642857142857143,14.0,-0.00890488652194954
20180906,2018,039840,디오,의료용기기제조업,32900,60.0,1974000.0,32852.0,27337.0,20181113,499139158700,0.49848989775634417,0.9642857142857143,15.0,-0.1678889097074725
20180906,2018,034220,LG디스플레이,전자부품제조업,21450,93.0,1994850.0,19437.0,16761.0,20181113,7675146765000,0.5210169434498996,0.9591836734693877,16.0,-0.1376638644223096
20180906,2018,042520,한스바이오메드,의료용품및기타의약관련제품제조업,30750,65.0,1998750.0,30513.0,23803.0,20181113,303129102750,0.47942330623330465,0.9583333333333334,17.0,-0.21990137131991283
20180906,2018,011070,LG이노텍,전자부품제조업,148000,13.0,1924000.0,146658.0,103624.0,20181113,3502731836000,0.5204409162274832,0.9540816326530612,18.0,-0.29342864597527285
20180906,2018,168330,내츄럴엔도텍,자연과학및공학연구개발업,21050,95.0,1999750.0,41685.0,33981.0,20181113,435015553100,0.48963593457112564,0.9523809523809523,19.0,-0.18482475141310095
20180906,2018,007630,폴루스바이오팜,통신및방송장비제조업,15150,132.0,1999800.0,15756.0,8314.0,20181113,479269719750,0.5170311824855078,0.9489795918367347,20.0,-0.4723233844881103
20180906,2018,086450,동국제약,의약품제조업,65900,30.0,1977000.0,13313.0,11732.0,20181120,585982800000,0.5128313306624481,0.9464285714285714,21.0,-0.1187099595772706
20180906,2018,000990,DB하이텍,반도체제조업,17850,112.0,1999200.0,17830.0,11915.0,20181113,792514795800,0.5189848707705418,0.9438775510204082,22.0,-0.3317103596366363
20180906,2018,098460,고영,특수목적용기계제조업,103600,19.0,1968400.0,20335.0,15824.0,20181113,1418071723600,0.4979301413676085,0.9404761904761905,23.0,-0.22182769864349117
20180906,2018,066570,LG전자,통신및방송장비제조업,74400,26.0,1934400.0,74186.0,70084.0,20181113,12175397361600,0.5168265440908797,0.9387755102040817,24.0,-0.055290454515860565
20180906,2018,079970,투비소프트,소프트웨어개발및공급업,8850,225.0,1991250.0,93823.0,,,215731635600,0.49548603205211267,0.9345238095238095,25.0,-0.07119671320213194
20180906,2018,195870,해성디에스,전자부품제조업,17450,114.0,1989300.0,17121.0,15968.0,20181114,296650000000,0.5198545825000522,0.9336734693877551,26.0,-0.0673305613691274
20180906,2018,033240,자화전자,전자부품제조업,12450,160.0,1992000.0,12280.0,12528.0,20181207,222855000000,0.519808046863659,0.9285714285714286,27.0,0.020192262770525993
20180906,2018,145020,휴젤,기초의약물질및생물학적제제제조업,460300,4.0,1841200.0,149724.0,101279.0,20181113,2006081761500,0.4945894194576267,0.9285714285714286,28.0,-0.32356023156600056
20180906,2018,002350,넥센타이어,고무제품제조업,9730,205.0,1994650.0,9749.0,8790.0,20181128,950308443210,0.5200649368801206,0.923469387755102,29.0,-0.09837411458549705
20180906,2018,060250,NHN KCP,기타정보서비스업,14400,138.0,1987200.0,7793.0,5762.0,20181113,311003899200,0.49552401185934014,0.9226190476190477,30.0,-0.2606717817544305
20180906,2018,004130,대덕GDS,전자부품제조업,12700,157.0,1993900.0,12602.0,13500.0,20181113,261310285100,0.5194116702566551,0.9183673469387755,31.0,0.07127096143134404
20180906,2018,028150,GS홈쇼핑,텔레비전방송업,195300,10.0,1953000.0,194277.0,191580.0,20181113,1281656250000,0.5073160785973303,0.9166666666666666,32.0,-0.013886402846353563
20180906,2018,227840,현대코퍼레이션홀딩스,음ㆍ식료품및담배도매업,29150,68.0,1982200.0,29236.0,,,265289369400,0.5177842411001554,0.9132653061224489,33.0,-0.10788422740581338
20180906,2018,029960,코엔텍,폐기물처리업,5750,347.0,1995250.0,5732.0,7291.0,20181113,287500000000,0.5039325593573314,0.9107142857142857,34.0,0.27199362935106897
20180906,2018,028670,팬오션,해상운송업,5010,399.0,1998990.0,5020.0,4495.0,20181113,2678088992010,0.5201603876842479,0.9081632653061225,35.0,-0.1046240249555288
20180906,2018,035900,JYP Ent.,오디오물출판및원판녹음업,32450,61.0,1979450.0,34188.0,30789.0,20181113,1131005777550,0.4745560581441567,0.9047619047619048,36.0,-0.09943175880924515
20180906,2018,000210,DL,토목건설업,81700,24.0,1960800.0,74312.0,73580.0,20181113,2843160000000,0.5195516688592362,0.9030612244897959,37.0,-0.00984943348327838
20180906,2018,119860,커넥트웨이브,소프트웨어개발및공급업,21650,92.0,1991800.0,20949.0,16649.0,20181113,283069896300,0.49211775634419735,0.8988095238095238,38.0,-0.20529857391331385
20180906,2018,069960,현대백화점,종합소매업,96700,20.0,1934000.0,97425.0,86203.0,20181113,2263016044700,0.5200022753391205,0.8979591836734694,39.0,-0.11518508648665571
20180906,2018,039560,다산네트웍스,통신및방송장비제조업,7000,285.0,1995000.0,7122.0,7059.0,20190117,202537118000,0.5041580363536532,0.8928571428571429,40.0,-0.008892222372238079
20180906,2018,145990,삼양사,기타식품제조업,72000,27.0,1944000.0,72525.0,45011.0,20200528,740865816000,0.5204824156603485,0.8928571428571429,41.0,-0.3793674899495316
20180906,2018,003560,IHQ,"영화,비디오물,방송프로그램제작및배급업",2115,945.0,1998675.0,95753.0,93251.0,20190321,309288607020,0.515497790707771,0.8877551020408163,42.0,-0.02612837100163734
20180906,2018,196170,알테오젠,자연과학및공학연구개발업,32850,60.0,1971000.0,9752.0,8512.0,20181113,415330105500,0.47984679362860916,0.875,47.0,-0.1271441204796797
20180906,2018,004490,세방전지,일차전지및축전지제조업,35450,56.0,1985200.0,35573.0,37935.0,20190211,496300000000,0.5197107237989113,0.8571428571428571,53.0,0.06637698240691736
20180906,2018,096530,씨젠,의료용품및기타의약관련제품제조업,24000,83.0,1992000.0,12007.0,8540.0,20181113,629616480000,0.47092649045805296,0.8511904761904762,56.0,-0.2887560971928851
20180906,2018,008700,아남전자,영상및음향기기제조업,3625,551.0,1997375.0,3605.0,2677.0,20190109,279577472500,0.5148040647742058,0.8469387755102041,57.0,-0.25746642501147343
20180906,2018,083790,CG인바이츠,자연과학및공학연구개발업,20100,99.0,1989900.0,13552.0,12352.0,20181113,796398501600,0.4767380625199181,0.8154761904761905,69.0,-0.08855295524350482
20180906,2018,003060,에이프로젠바이오로직스,의약품제조업,3915,510.0,1996650.0,22720.0,16150.0,20181113,422358789510,0.5166954858482579,0.8112244897959183,70.0,-0.28918123753268654
20180906,2018,009150,삼성전기,전자부품제조업,162000,12.0,1944000.0,156459.0,111972.0,20181113,12100378752000,0.5148595271740435,0.8010204081632653,74.0,-0.28433622739666775
20180906,2018,020150,롯데에너지머티리얼즈,전자부품제조업,57200,34.0,1944800.0,56583.0,48788.0,20181113,2637539762000,0.5140566708303125,0.7857142857142857,79.0,-0.1377637446161013
20181112,2018,042670,HD현대인프라코어,특수목적용기계제조업,8280,241.0,1995480.0,6994.0,7018.0,20190115,1723540465080,0.5213153017183406,1.0,1.0,0.0033891075488805544
20181112,2018,168330,내츄럴엔도텍,자연과학및공학연구개발업,17000,117.0,1989000.0,33981.0,28176.0,20190115,351318974000,0.49723865641729226,1.0,2.0,-0.17081058927283332
20181112,2018,181710,NHN,소프트웨어개발및공급업,51400,38.0,1953200.0,27549.0,31147.0,20190115,1005642285000,0.5178059401420534,0.9945945945945946,3.0,0.13058752651883831
20181112,2018,200130,콜마비앤에이치,기초의약물질및생물학적제제제조업,20350,98.0,1994300.0,19642.0,19839.0,20190115,601211405300,0.5064868678843404,0.9927536231884058,4.0,0.009992852953052633
20181112,2018,145720,덴티움,의료용기기제조업,67500,29.0,1957500.0,63448.0,67577.0,20190115,747146025000,0.5139038450664493,0.9891891891891892,5.0,0.06507521198770805
20181112,2018,214370,케어젠,기초의약물질및생물학적제제제조업,75000,26.0,1950000.0,12306.0,16100.0,20210111,805725000000,0.5013163292456301,0.9855072463768116,6.0,0.30825848890637153
20181112,2018,004370,농심,기타식품제조업,232500,8.0,1860000.0,234898.0,287853.0,20190115,1414214265000,0.5209854473212356,0.9837837837837838,7.0,0.22543858175992693
20181112,2018,042700,한미반도체,특수목적용기계제조업,8730,229.0,1999170.0,4372.0,3656.0,20190115,499564559700,0.5154378555427845,0.9783783783783784,8.0,-0.1639696407685185
20181112,2018,056190,에스에프에이,특수목적용기계제조업,41250,48.0,1980000.0,41233.0,37597.0,20190529,1481236350000,0.501895482191635,0.9782608695652174,9.0,-0.08817467391797174
20181112,2018,251270,넷마블,소프트웨어개발및공급업,122500,16.0,1960000.0,122942.0,111959.0,20190115,10443937420000,0.5121870332072607,0.972972972972973,10.0,-0.08933634222037345
20181112,2018,030520,한글과컴퓨터,소프트웨어개발및공급업,13500,148.0,1998000.0,13482.0,13581.0,20190115,311609848500,0.5000597460457596,0.9710144927536232,11.0,0.007327945615355658
20181112,2018,000210,DL,토목건설업,80900,24.0,1941600.0,73580.0,87757.0,20190115,2815320000000,0.5211395370277416,0.9675675675675676,12.0,0.19267757272325836
20181112,2018,182400,엔케이젠바이오텍코리아,기초의약물질및생물학적제제제조업,13800,144.0,1987200.0,12724.0,11266.0,20190115,342031495800,0.4930964509789197,0.9637681159420289,13.0,-0.1145707466717929
20181112,2018,005930,삼성전자,통신및방송장비제조업,45200,44.0,1988800.0,44425.0,41030.0,20190115,290153476440000,0.5185401225621613,0.9621621621621622,14.0,-0.07642491710721688
20181112,2018,066570,LG전자,통신및방송장비제조업,71200,28.0,1993600.0,70084.0,65705.0,20190115,11651724356800,0.5182117522360336,0.9567567567567568,15.0,-0.062479029151708665
20181112,2018,049960,쎌바이오텍,기초의약물질및생물학적제제제조업,25250,79.0,1994750.0,25689.0,27334.0,20190115,237350000000,0.49293418510984793,0.9565217391304348,16.0,0.06401193295259322
20181112,2018,003240,태광산업,화학섬유제조업,1330000,1.0,1330000.0,1302907.0,1306946.0,20190115,1480822000000,0.5203939153246044,0.9513513513513514,17.0,0.0030999536838260955
20181112,2018,039840,디오,의료용기기제조업,26850,74.0,1986900.0,27337.0,27383.0,20190115,407352170550,0.49663772400679823,0.9492753623188406,18.0,0.0016989773436142386
20181112,2018,007310,오뚜기,기타식품제조업,659000,3.0,1977000.0,660516.0,783805.0,20190115,2375851183000,0.5193338933960086,0.9459459459459459,19.0,0.18665633540481452
20181112,2018,042520,한스바이오메드,의료용품및기타의약관련제품제조업,24100,82.0,1976200.0,23803.0,25148.0,20190115,237574353700,0.5071768034299728,0.9420289855072463,20.0,0.05651101667719338
20181112,2018,011070,LG이노텍,전자부품제조업,109500,18.0,1971000.0,103624.0,90216.0,20190115,2591548216500,0.5206969511589074,0.9405405405405406,21.0,-0.12939801118884364
20181112,2018,093050,LF,봉제의복제조업,22900,87.0,1992300.0,22729.0,24927.0,20190115,669596000000,0.5172397519740362,0.9351351351351351,22.0,0.09671624982973248
20181112,2018,060250,NHN KCP,기타정보서비스업,10850,184.0,1996400.0,5762.0,7896.0,20190610,234332799050,0.48974249083432875,0.9347826086956522,23.0,0.37039308879491895
20181112,2018,007630,폴루스바이오팜,통신및방송장비제조업,8270,241.0,1993070.0,8314.0,,,261621160550,0.5130507389049408,0.9297297297297298,24.0,-0.2444295318787273
20181112,2018,060150,인선이엔티,폐기물처리업,6110,327.0,1997970.0,6086.0,6346.0,20190115,223622260680,0.5001709489194952,0.927536231884058,25.0,0.04262022080477701
20181112,2018,079160,CJ CGV,"영화,비디오물,방송프로그램제작및배급업",37500,53.0,1987500.0,23627.0,25872.0,20190115,793549237500,0.5198149309121082,0.9243243243243243,26.0,0.09499227048077952
20181112,2018,035900,JYP Ent.,오디오물출판및원판녹음업,31050,64.0,1987200.0,30789.0,32929.0,20190115,1074663477000,0.47897762020477574,0.9202898550724637,27.0,0.06953260628154068
20181112,2018,034220,LG디스플레이,전자부품제조업,18100,110.0,1991000.0,16761.0,18427.0,20190115,6476464170000,0.5198764100232649,0.918918918918919,28.0,0.09939301063276496
20181112,2018,195870,해성디에스,전자부품제조업,15400,129.0,1986600.0,15968.0,14620.0,20190220,261800000000,0.5194820215866787,0.9135135135135135,29.0,-0.08443815603267346
20181112,2018,051500,CJ프레시웨이,음ㆍ식료품및담배도매업,22600,88.0,1988800.0,21826.0,28478.0,20190529,268297843600,0.4870652251216018,0.9130434782608695,30.0,0.3047627526628309
20181112,2018,001060,JW중외제약,의약품제조업,34500,57.0,1966500.0,30033.0,36391.0,20190115,683288370000,0.5194823077551536,0.9081081081081082,31.0,0.21168415709646138
20181112,2018,036930,주성엔지니어링,특수목적용기계제조업,7300,273.0,1992900.0,7221.0,6577.0,20190712,352219247600,0.4930969126808629,0.9057971014492754,32.0,-0.08923373529025214
20181112,2018,028670,팬오션,해상운송업,4385,456.0,1999560.0,4495.0,4634.0,20190115,2344085972695,0.5199835577697773,0.9027027027027027,33.0,0.030940567846767797
20181112,2018,099190,아이센스,의료용기기제조업,24100,82.0,1976200.0,12044.0,12650.0,20190115,331067435800,0.4945961002446244,0.8985507246376812,34.0,0.05032144665979654
20181112,2018,018880,한온시스템,일반목적용기계제조업,10250,195.0,1998750.0,10040.0,11016.0,20190115,5471450000000,0.5192160643617542,0.8972972972972973,35.0,0.09723853484126921
20181112,2018,003000,부광약품,의약품제조업,24400,81.0,1976400.0,15501.0,18618.0,20190115,1192434905200,0.5192424566802676,0.8918918918918919,36.0,0.201146511005859
20181112,2018,086450,동국제약,의약품제조업,51300,38.0,1949400.0,10291.0,11269.0,20190115,456159600000,0.5024873984081625,0.8913043478260869,37.0,0.09501064241721102
20181112,2018,234080,JW생명과학,의약품제조업,21800,91.0,1983800.0,21835.0,20390.0,20190115,345193277200,0.5182362603677029,0.8864864864864865,38.0,-0.0661563039586821
20181112,2018,069080,웹젠,소프트웨어개발및공급업,16450,121.0,1990450.0,16006.0,20557.0,20190115,580864041800,0.4848415334168305,0.8840579710144928,39.0,0.28430936341422486
20181112,2018,007570,일양약품,의약품제조업,29050,68.0,1975400.0,32995.0,31143.0,20190115,553285835200,0.5174965304267971,0.8810810810810811,40.0,-0.056135176644676155
20181112,2018,028150,GS홈쇼핑,텔레비전방송업,190900,10.0,1909000.0,191580.0,192482.0,20190115,1252781250000,0.5067135170607153,0.8768115942028986,41.0,0.004711493012617973
20181112,2018,196170,알테오젠,자연과학및공학연구개발업,30450,65.0,1979250.0,8512.0,8193.0,20190115,384986353500,0.47280682277954533,0.8695652173913043,44.0,-0.037408689663184
20181112,2018,020150,롯데에너지머티리얼즈,전자부품제조업,46400,43.0,1995200.0,48788.0,40293.0,20190115,2139542744000,0.5167112410838418,0.8540540540540541,49.0,-0.17412385367130223
20181112,2018,009150,삼성전기,전자부품제조업,115000,17.0,1955000.0,111972.0,97092.0,20190115,8589775040000,0.5159564499655525,0.8432432432432433,52.0,-0.13289554586423935
20181112,2018,098460,고영,특수목적용기계제조업,86000,23.0,1978000.0,15824.0,15566.0,20190115,1177163786000,0.4818404017666904,0.8333333333333334,55.0,-0.01634647463098604
20181112,2018,003060,에이프로젠바이오로직스,의약품제조업,2730,732.0,1998360.0,16150.0,14822.0,20190208,294518389620,0.5162124020278553,0.8324324324324325,56.0,-0.08218180502306072
20181112,2018,083790,CG인바이츠,자연과학및공학연구개발업,18400,108.0,1987200.0,12352.0,11349.0,20190115,743321985600,0.47140784067407604,0.8188405797101449,60.0,-0.08115596071251008
20181112,2018,119860,커넥트웨이브,소프트웨어개발및공급업,17350,115.0,1995250.0,16649.0,21197.0,20190219,226848161700,0.4813462039891,0.8043478260869565,65.0,0.27319502373370086
20181112,2018,000990,DB하이텍,반도체제조업,12200,163.0,1988600.0,11915.0,10961.0,20190115,541662773600,0.5157735345066137,0.745945945945946,84.0,-0.08008645276358917
20181112,2018,004130,대덕GDS,전자부품제조업,13500,148.0,1998000.0,13500.0,,,277770775500,0.5119714510773511,0.7351351351351352,87.0,0.05181757818128574
20190102,2019,003240,태광산업,화학섬유제조업,1334000,1.0,1334000.0,1311936.0,1514378.0,20190308,1485275600000,0.498778160271664,1.0,1.0,0.1543080252070692
20190102,2019,036420,콘텐트리중앙,기타금융업,4560,438.0,1997280.0,46469.0,55928.0,20190308,656954557920,0.5065909420851571,1.0,2.0,0.20355980232944937
20190102,2019,005610,SPC삼립,기타식품제조업,125500,15.0,1882500.0,125042.0,114048.0,20190308,1082940629500,0.49834271706613964,0.9947368421052631,3.0,-0.0879240219762557
20190102,2019,084110,휴온스글로벌,기타금융업,41500,48.0,1992000.0,34306.0,36907.0,20190311,431778408500,0.5061312060830673,0.9922480620155039,4.0,0.07582168461402206
20190102,2019,018260,삼성에스디에스,"컴퓨터프로그래밍,시스템통합및관리업",206000,9.0,1854000.0,205239.0,222731.0,20190308,15939826800000,0.4971470448233873,0.9894736842105263,5.0,0.08522957285777721
20190102,2019,950170,JTC,종합소매업,6580,303.0,1993740.0,6226.0,8625.0,20190308,230336301860,0.5061312060830673,0.9844961240310077,6.0,0.3852923693688879
20190102,2019,091810,트리니티항공,항공여객운송업,7360,271.0,1994560.0,3728.0,3963.0,20190402,345734616320,0.49753459130643696,0.9842105263157894,7.0,0.0630750631889232
20190102,2019,014820,동원시스템즈,플라스틱제품제조업,27250,73.0,1989250.0,27943.0,35915.0,20190515,698104424750,0.49717874555655317,0.9789473684210527,8.0,0.28528750756008936
20190102,2019,047310,파워로직스,"전동기,발전기및전기변환ㆍ공급ㆍ제어장치제조업",6220,321.0,1996620.0,5958.0,9060.0,20190314,213675846600,0.5070010421623266,0.9767441860465116,9.0,0.5207220654833324
20190102,2019,004990,롯데지주,기타식품제조업,49950,40.0,1998000.0,50423.0,35661.0,20190911,5822483538150,0.49811165751534375,0.9736842105263158,10.0,-0.2927610990051638
20190102,2019,182400,엔케이젠바이오텍코리아,기초의약물질및생물학적제제제조업,12300,162.0,1992600.0,10949.0,12993.0,20190308,305223159300,0.5069493719646613,0.9689922480620154,11.0,0.186677288296192
20190102,2019,161390,한국타이어앤테크놀로지,고무제품제조업,40750,49.0,1996750.0,40319.0,41478.0,20190308,5047909061750,0.49762259218827887,0.968421052631579,12.0,0.028756849051866817
20190102,2019,009410,태영건설,토목건설업,10800,185.0,1998000.0,11039.0,12106.0,20190308,825120000000,0.49791686113410405,0.9631578947368421,13.0,0.09666108762193559
20190102,2019,036490,SK머티리얼즈,기초화학물질제조업,146000,13.0,1898000.0,138513.0,159509.0,20190308,1539960258000,0.5068059830372311,0.9612403100775194,14.0,0.15157863840302332
20190102,2019,012630,HDC,건물건설업,16550,120.0,1986000.0,15956.0,19414.0,20190308,988725482550,0.49751586396620284,0.9578947368421052,15.0,0.21665648750306743
20190102,2019,033500,동성화인텍,기초화학물질제조업,7580,263.0,1993540.0,7650.0,8813.0,20190313,204535756220,0.5068059830372311,0.9534883720930233,16.0,0.15198572818342226
20190102,2019,010130,고려아연,1차비철금속제조업,424000,4.0,1696000.0,441211.0,436620.0,20190308,8000880000000,0.4974735624066627,0.9526315789473684,17.0,-0.010405836250451328
20190102,2019,010140,삼성중공업,선박및보트건조업,7240,276.0,1998240.0,7091.0,8223.0,20190308,4561200000000,0.4969064758742481,0.9473684210526315,18.0,0.1596698326878201
20190102,2019,073070,에이팸,자동차신품부품제조업,7040,284.0,1999360.0,33190.0,30439.0,20190308,616058960000,0.5065909420851571,0.9457364341085271,19.0,-0.0828752950630911
20190102,2019,112610,씨에스윈드,"구조용금속제품,탱크및증기발생기제조업",27150,73.0,1981950.0,12467.0,15225.0,20190313,469307162250,0.49778105066045075,0.9421052631578948,20.0,0.22117783634420873
20190102,2019,015750,성우하이텍,자동차신품부품제조업,3540,564.0,1996560.0,3532.0,4037.0,20190308,283200000000,0.5065909420851571,0.937984496124031,21.0,0.14293912909503015
20190102,2019,005880,대한해운,해상운송업,21750,91.0,1979250.0,1981.0,2032.0,20190308,531276462000,0.497776511031379,0.9368421052631579,22.0,0.025882321461342617
20190102,2019,122900,아이마켓코리아,상품종합도매업,6690,298.0,1993620.0,6644.0,9632.0,20190402,240460944600,0.49811165751534375,0.9315789473684211,23.0,0.4497814436040992
20190102,2019,104830,원익머트리얼즈,기초화학물질제조업,20950,95.0,1990250.0,19481.0,22225.0,20190308,264137600000,0.5065909420851571,0.9302325581395349,24.0,0.14085486351705745
20190102,2019,004690,삼천리,연료용가스제조및배관공급업,90000,22.0,1980000.0,89024.0,100017.0,20220214,364952250000,0.4986322476675314,0.9263157894736842,25.0,0.12348040908437707
20190102,2019,014620,성광벤드,1차철강제조업,11050,180.0,1989000.0,11356.0,10156.0,20190308,316030000000,0.507041305982332,0.9224806201550387,26.0,-0.10564185730112807
20190102,2019,093050,LF,봉제의복제조업,25050,79.0,1978950.0,25128.0,24624.0,20190308,732462000000,0.4976442322694325,0.9210526315789473,27.0,-0.0200545316002394
20190102,2019,213500,한솔제지,"펄프,종이및판지제조업",16850,118.0,1988300.0,16548.0,17897.0,20190308,401039705600,0.4986322476675314,0.9157894736842105,28.0,0.08153761028249074
20190102,2019,005290,동진쎄미켐,기초화학물질제조업,6860,291.0,1996260.0,6581.0,10620.0,20190308,352703428840,0.5061312060830673,0.9147286821705426,29.0,0.6138584195776127
20190102,2019,028260,삼성물산,기타전문도매업,104000,19.0,1976000.0,104514.0,109510.0,20190308,19727764472000,0.4986322476675314,0.9105263157894737,30.0,0.0477978639649117
20190102,2019,065620,제낙스,1차철강제조업,14750,135.0,1991250.0,71484.0,58732.0,20190308,331679474000,0.5069493719646613,0.9069767441860465,31.0,-0.17837776467449828
20190102,2019,081660,미스토홀딩스,생활용품도매업,51100,39.0,1992900.0,49699.0,61924.0,20190308,3122980077000,0.4967793851191949,0.9052631578947369,32.0,0.24597823574068656
20190102,2019,047810,한국항공우주,"항공기,우주선및부품제조업",32500,61.0,1982500.0,33272.0,36667.0,20190308,3167940977500,0.4986322476675314,0.9,33.0,0.10202309721049718
20190102,2019,241710,코스메카코리아,기타화학제품제조업,30450,65.0,1979250.0,29026.0,24019.0,20190308,325206000000,0.5065909420851571,0.8992248062015504,34.0,-0.17250760694444645
20190102,2019,018880,한온시스템,일반목적용기계제조업,10500,190.0,1995000.0,9853.0,10926.0,20190308,5604900000000,0.49665967906579817,0.8947368421052632,35.0,0.10882162918564542
20190102,2019,092730,네오팜,기타화학제품제조업,44000,45.0,1980000.0,21653.0,28753.0,20190308,328294428000,0.5065909420851571,0.8914728682170543,36.0,0.32792914153883856
20190102,2019,002320,한진,도로화물운송업,53900,37.0,1994300.0,48598.0,36002.0,20190308,645433958400,0.4955561408384457,0.8894736842105263,37.0,-0.25918154243950187
20190102,2019,003300,한일홀딩스,회사본부및경영컨설팅서비스업,54700,36.0,1969200.0,10208.0,16969.0,20260413,327972666800,0.49753013655870615,0.8842105263157894,38.0,0.6624497538073593
20190102,2019,052260,현대바이오랜드,기타화학제품제조업,15600,128.0,1996800.0,7441.0,8870.0,20190308,234000000000,0.5065909420851571,0.8837209302325582,39.0,0.19206984630254698
20190102,2019,030200,KT,전기통신업,30400,65.0,1976000.0,30488.0,27731.0,20190308,7937798963200,0.49799535635977654,0.8789473684210526,40.0,-0.09041446061646607
20190102,2019,036830,솔브레인홀딩스,기타화학제품제조업,46600,42.0,1957200.0,21443.0,24161.0,20190308,810759428600,0.5065909420851571,0.875968992248062,41.0,0.12673821424061837
20190102,2019,007310,오뚜기,기타식품제조업,716000,2.0,1432000.0,727522.0,762851.0,20190308,2581349692000,0.4978287006480301,0.8736842105263158,42.0,0.0485608446350938
20190102,2019,016590,신대양제지,"골판지,종이상자및종이용기제조업",57500,34.0,1955000.0,5321.0,7528.0,20190308,231712465000,0.4982924578940728,0.868421052631579,43.0,0.414603224751779
20190102,2019,023410,유진기업,"시멘트,석회,플라스터및그제품제조업",6020,332.0,1998640.0,5850.0,7073.0,20190308,464274843340,0.5061312060830673,0.8682170542635659,44.0,0.20898578554653047
20190102,2019,002310,아세아제지,"골판지,종이상자및종이용기제조업",30150,66.0,1989900.0,5640.0,7080.0,20190312,270038535300,0.4982924578940728,0.8631578947368421,45.0,0.25533636043967745
20190102,2019,003670,포스코퓨처엠,"시멘트,석회,플라스터및그제품제조업",60100,33.0,1983300.0,52321.0,58341.0,20190308,3550107000000,0.5061312060830673,0.8604651162790697,46.0,0.11504915228634327
20190102,2019,017670,SK텔레콤,전기통신업,272500,7.0,1907500.0,47479.0,43432.0,20190308,22003206247500,0.4978719353613817,0.8578947368421053,47.0,-0.08525119929481073
20190102,2019,200130,콜마비앤에이치,기초의약물질및생물학적제제제조업,20100,99.0,1989900.0,19190.0,29934.0,20190308,593825515800,0.5068059830372311,0.8372093023255814,53.0,0.5598682922484315
20190102,2019,028670,팬오션,해상운송업,4445,449.0,1995805.0,4395.0,4154.0,20190308,2376160125115,0.49755264444971425,0.8368421052631579,54.0,-0.05466017420086122
20190102,2019,086450,동국제약,의약품제조업,56700,35.0,1984500.0,11070.0,11690.0,20190531,504176400000,0.5068059830372311,0.7906976744186046,68.0,0.05597289687220974
20190307,2019,006360,GS건설,건물건설업,42400,47.0,1992800.0,41364.0,38412.0,20190509,3376292029600,0.498778160271664,1.0,1.0,-0.07136632083321859
20190307,2019,078070,유비쿼스홀딩스,기타금융업,12250,163.0,1996750.0,11148.0,26041.0,20190509,229033693000,0.5070010421623266,1.0,2.0,1.3358534497180927
20190307,2019,298020,효성티앤씨,화학섬유제조업,164000,12.0,1968000.0,164525.0,161032.0,20190509,709739848000,0.4979572224596867,0.9948453608247423,3.0,-0.02122777857954483
20190307,2019,084110,휴온스글로벌,기타금융업,43300,46.0,1991800.0,37212.0,33562.0,20190509,450506146700,0.5068059830372311,0.9936305732484076,4.0,-0.09808383172674362
20190307,2019,003490,대한항공,항공여객운송업,35400,56.0,1982400.0,22536.0,21172.0,20190509,3357500043600,0.4978046851585081,0.9896907216494846,5.0,-0.06051712787322383
20190307,2019,036420,콘텐트리중앙,기타금융업,5360,373.0,1999280.0,55928.0,56930.0,20190509,772209743520,0.5068059830372311,0.9872611464968153,6.0,0.017910718763054057
20190307,2019,016590,신대양제지,"골판지,종이상자및종이용기제조업",74200,26.0,1929200.0,7528.0,8056.0,20190509,299009824400,0.4977784414759632,0.9845360824742269,7.0,0.07014060545911605
20190307,2019,950170,JTC,종합소매업,8570,233.0,1996810.0,8625.0,8155.0,20190509,299997280690,0.5065909420851571,0.9808917197452229,8.0,-0.054469257274723515
20190307,2019,073240,금호타이어,고무제품제조업,5070,394.0,1997580.0,5053.0,4359.0,20190509,1456409655090,0.49794353527090673,0.979381443298969,9.0,-0.13746124945702232
20190307,2019,084990,헬릭스미스,자연과학및공학연구개발업,284000,7.0,1988000.0,151421.0,122683.0,20190509,4531577840000,0.5073441744883417,0.9745222929936306,10.0,-0.1897866809021238
20190307,2019,028670,팬오션,해상운송업,4250,470.0,1997500.0,4154.0,4380.0,20190509,2271919129750,0.49868250683959825,0.9742268041237113,11.0,0.05441469999718618
20190307,2019,010130,고려아연,1차비철금속제조업,452500,4.0,1810000.0,436620.0,424230.0,20190509,8538675000000,0.4973454042310633,0.9690721649484536,12.0,-0.028376316513301636
20190307,2019,073070,에이팸,자동차신품부품제조업,6270,318.0,1993860.0,30439.0,28251.0,20190509,549670641630,0.5065909420851571,0.9681528662420382,13.0,-0.0718695374008883
20190307,2019,017960,한국카본,"구조용금속제품,탱크및증기발생기제조업",8160,245.0,1999200.0,8303.0,8524.0,20190509,358719777120,0.497302373840025,0.9639175257731959,14.0,0.026579386885496215
20190307,2019,015750,성우하이텍,자동차신품부품제조업,4100,487.0,1996700.0,4037.0,4442.0,20190509,328000000000,0.5065909420851571,0.9617834394904459,15.0,0.10019811965053593
20190307,2019,007310,오뚜기,기타식품제조업,763000,2.0,1526000.0,762851.0,699603.0,20190509,2750795831000,0.49872421516069004,0.9587628865979382,16.0,-0.08291029964579577
20190307,2019,089980,상아프론테크,플라스틱제품제조업,17250,115.0,1983750.0,16651.0,16453.0,20190509,247684383750,0.5068059830372311,0.9554140127388535,17.0,-0.011910318133524167
20190307,2019,000720,현대건설,토목건설업,52200,38.0,1983600.0,49670.0,46757.0,20190509,5812770933000,0.4972841490619382,0.9536082474226805,18.0,-0.05864204724673461
20190307,2019,047310,파워로직스,"전동기,발전기및전기변환ㆍ공급ㆍ제어장치제조업",8900,224.0,1993600.0,8820.0,10561.0,20190509,305741967000,0.5068059830372311,0.9490445859872612,19.0,0.19746037271292205
20190307,2019,005610,SPC삼립,기타식품제조업,117000,17.0,1989000.0,114048.0,119535.0,20190509,1009594053000,0.4986500020960647,0.9484536082474226,20.0,0.04811224974840256
20190307,2019,010620,현대미포조선,선박및보트건조업,58600,34.0,1992400.0,57141.0,52237.0,20190509,2340609931400,0.4968435420666458,0.9432989690721649,21.0,-0.08582374304181528
20190307,2019,033500,동성화인텍,기초화학물질제조업,8850,225.0,1991250.0,8693.0,9664.0,20190509,238804939650,0.5068059830372311,0.9426751592356688,22.0,0.11177190627898126
20190307,2019,049770,동원F&B,기타식품제조업,269500,7.0,1886500.0,53520.0,51728.0,20190509,1040033918000,0.49845082649129846,0.9381443298969072,23.0,-0.033481806785758184
20190307,2019,065620,제낙스,1차철강제조업,11750,170.0,1997500.0,58732.0,83720.0,20190509,264219242000,0.507041305982332,0.9363057324840764,24.0,0.42543900898458875
20190307,2019,030200,KT,전기통신업,27900,71.0,1980900.0,27731.0,27977.0,20190509,7285019443200,0.4990976609965215,0.9329896907216495,25.0,0.008847456126027886
20190307,2019,014620,성광벤드,1차철강제조업,10450,191.0,1995950.0,10156.0,11305.0,20190509,298870000000,0.5068059830372311,0.9299363057324841,26.0,0.11315887067739805
20190307,2019,028260,삼성물산,기타전문도매업,110000,18.0,1980000.0,109510.0,97479.0,20190509,20865904730000,0.498677393613183,0.9278350515463918,27.0,-0.10985766613313075
20190307,2019,104830,원익머트리얼즈,기초화학물질제조업,22550,88.0,1984400.0,22225.0,21431.0,20190509,284310400000,0.5061312060830673,0.9235668789808917,28.0,-0.03575047477914617
20190307,2019,002320,한진,도로화물운송업,40000,50.0,2000000.0,36002.0,40674.0,20190509,478986240000,0.49672063246526943,0.9226804123711341,29.0,0.12975753952473124
20190307,2019,000700,유수홀딩스,회사본부및경영컨설팅서비스업,8030,249.0,1999470.0,8020.0,,,209115750360,0.4972222476427999,0.9175257731958762,30.0,0.10825687047414068
20190307,2019,036490,SK머티리얼즈,기초화학물질제조업,162200,12.0,1946400.0,159509.0,162907.0,20190509,1710832560600,0.5061312060830673,0.9171974522292994,31.0,0.02130370623842892
20190307,2019,047810,한국항공우주,"항공기,우주선및부품제조업",37350,53.0,1979550.0,36667.0,30814.0,20190509,3640695246450,0.4979828402372368,0.9123711340206185,32.0,-0.15963664604988614
20190307,2019,005290,동진쎄미켐,기초화학물질제조업,10600,188.0,1992800.0,10620.0,10971.0,20190509,544993636400,0.5061312060830673,0.910828025477707,33.0,0.033014686624469824
20190307,2019,093050,LF,봉제의복제조업,24850,80.0,1988000.0,24624.0,23822.0,20190509,726614000000,0.498677393613183,0.9072164948453608,34.0,-0.03259549043229637
20190307,2019,007720,소노스퀘어,상품종합도매업,2220,900.0,1998000.0,2178.0,2003.0,20190509,223776999000,0.5061312060830673,0.9044585987261147,35.0,-0.08021760888744112
20190307,2019,213500,한솔제지,"펄프,종이및판지제조업",18350,108.0,1981800.0,17897.0,14396.0,20190509,436740569600,0.49770054247243073,0.9020618556701031,36.0,-0.19561027683216003
20190307,2019,085660,차바이오텍,기초의약물질및생물학적제제제조업,26050,76.0,1979800.0,24045.0,17073.0,20190509,1367043147200,0.5070010421623266,0.8980891719745223,37.0,-0.2899536522313976
20190307,2019,018260,삼성에스디에스,"컴퓨터프로그래밍,시스템통합및관리업",227000,8.0,1816000.0,222731.0,201713.0,20190509,17564760600000,0.4973454042310633,0.8969072164948454,38.0,-0.09436764711454881
20190307,2019,120110,코오롱인더,화학섬유제조업,52200,38.0,1983600.0,51263.0,44007.0,20190509,1408295448000,0.497502949082402,0.8917525773195877,39.0,-0.14154114580399846
20190307,2019,092730,네오팜,기타화학제품제조업,52900,37.0,1957300.0,28753.0,25729.0,20190509,394699437300,0.5073441744883417,0.89171974522293,40.0,-0.10517925363234104
20190307,2019,097950,CJ제일제당,기타식품제조업,321000,6.0,1926000.0,322407.0,305769.0,20190509,4832393706000,0.49809206537723416,0.8865979381443299,41.0,-0.05160423094162514
20190307,2019,241710,코스메카코리아,기타화학제품제조업,25150,79.0,1986850.0,24019.0,21366.0,20190509,268602000000,0.5065909420851571,0.8853503184713376,42.0,-0.11043422664729308
20190307,2019,079980,휴비스,화학섬유제조업,7470,267.0,1994490.0,7441.0,7661.0,20190509,257715000000,0.4973654051504101,0.8814432989690721,43.0,0.029573592647271996
20190307,2019,052260,현대바이오랜드,기타화학제품제조업,17900,111.0,1986900.0,8870.0,8264.0,20190509,268500000000,0.5065909420851571,0.8789808917197452,44.0,-0.06831510200438984
20190307,2019,017670,SK텔레콤,전기통신업,254000,7.0,1778000.0,43432.0,45420.0,20190509,20509410594000,0.49872763510300777,0.8711340206185567,47.0,0.04578379483624939
20190307,2019,036830,솔브레인홀딩스,기타화학제품제조업,51000,39.0,1989000.0,24161.0,22888.0,20190509,887311821000,0.5065909420851571,0.8662420382165605,48.0,-0.05267426248910689
20190307,2019,023410,유진기업,"시멘트,석회,플라스터및그제품제조업",6860,291.0,1996260.0,7073.0,5902.0,20190509,530352520180,0.5069493719646613,0.8343949044585988,60.0,-0.1655268599528208
20190307,2019,182400,엔케이젠바이오텍코리아,기초의약물질및생물학적제제제조업,14250,140.0,1995000.0,12993.0,13493.0,20190509,353612196750,0.5069493719646613,0.8152866242038217,66.0,0.038520118737857656
20190307,2019,003670,포스코퓨처엠,"시멘트,석회,플라스터및그제품제조업",63300,31.0,1962300.0,58341.0,48248.0,20190509,3739131000000,0.5065909420851571,0.8089171974522293,69.0,-0.17300134774372622
20190307,2019,009410,태영건설,토목건설업,11900,168.0,1999200.0,12106.0,12917.0,20190509,909160000000,0.49690417197151504,0.7577319587628866,87.0,0.06702436564794545
20190508,2019,003490,대한항공,항공여객운송업,32950,60.0,1977000.0,21172.0,18540.0,20190709,3125130690300,0.4968948755785155,1.0,1.0,-0.12433018424578735
20190508,2019,950170,JTC,종합소매업,8680,230.0,1996400.0,8155.0,6796.0,20190709,303847887560,0.5065909420851571,1.0,2.0,-0.1666836762490066
20190508,2019,000720,현대건설,토목건설업,50700,39.0,1977300.0,46757.0,44229.0,20191014,5645737285500,0.4987216506441723,0.9954545454545455,3.0,-0.05406741183777797
20190508,2019,078070,유비쿼스홀딩스,기타금융업,27100,73.0,1978300.0,26041.0,38475.0,20190709,506678618800,0.507041305982332,0.9945945945945946,4.0,0.4775038918380998
20190508,2019,010140,삼성중공업,선박및보트건조업,8240,242.0,1994080.0,7581.0,7154.0,20190709,5191200000000,0.49794509718770974,0.990909090909091,5.0,-0.056220278308734994
20190508,2019,036420,콘텐트리중앙,기타금융업,5470,365.0,1996550.0,56930.0,47274.0,20190709,788057331540,0.507041305982332,0.9891891891891892,6.0,-0.16960714960281198
20190508,2019,093050,LF,봉제의복제조업,24600,81.0,1992600.0,23822.0,23472.0,20190709,719304000000,0.498677393613183,0.9863636363636363,7.0,-0.014658194574080019
20190508,2019,084110,휴온스글로벌,기타금융업,39550,50.0,1977500.0,33562.0,27452.0,20190801,431939867100,0.5068059830372311,0.9837837837837838,8.0,-0.1820484381477494
20190508,2019,030200,KT,전기통신업,28450,70.0,1991500.0,27977.0,27737.0,20190709,7428630937600,0.49855434866399895,0.9818181818181818,9.0,-0.008559803856072579
20190508,2019,030530,원익홀딩스,기타금융업,4765,419.0,1996535.0,4544.0,4016.0,20190722,368038979465,0.5061312060830673,0.9783783783783784,10.0,-0.11618576571202144
20190508,2019,018260,삼성에스디에스,"컴퓨터프로그래밍,시스템통합및관리업",212500,9.0,1912500.0,201713.0,213206.0,20190709,16442782500000,0.4980910097918423,0.9772727272727273,11.0,0.056979692839014495
20190508,2019,016250,SGC E&C,건물건설업,114400,17.0,1944800.0,29178.0,24018.0,20190709,320320000000,0.5070010421623266,0.972972972972973,12.0,-0.17684853436299086
20190508,2019,011200,HMM,해상운송업,3805,525.0,1997625.0,3693.0,3638.0,20190709,1194031171735,0.49735392812239865,0.9727272727272728,13.0,-0.014925329885913552
20190508,2019,017800,현대엘리베이터,일반목적용기계제조업,83400,23.0,1918200.0,53957.0,55295.0,20190709,2264999384400,0.4984383704982054,0.9681818181818181,14.0,0.024791337517635403
20190508,2019,033500,동성화인텍,기초화학물질제조업,9790,204.0,1997160.0,9664.0,8861.0,20200708,264169532110,0.507041305982332,0.9675675675675676,15.0,-0.0831369963871188
20190508,2019,298020,효성티앤씨,화학섬유제조업,169500,11.0,1864500.0,161032.0,140484.0,20190709,733542099000,0.4979572224596867,0.9636363636363636,16.0,-0.12760262462676575
20190508,2019,194700,노바렉스,도시락및식사용조리식품제조업,24000,83.0,1992000.0,11813.0,20282.0,20200708,216089760000,0.507041305982332,0.9621621621621622,17.0,0.716831745322787
20190508,2019,103140,풍산,1차비철금속제조업,26200,76.0,1991200.0,25516.0,25419.0,20190709,734236083600,0.4972503306667993,0.9590909090909091,18.0,-0.0037717574598307158
20190508,2019,270870,뉴트리,도시락및식사용조리식품제조업,23600,84.0,1982400.0,22872.0,27118.0,20200615,213160486400,0.5070010421623266,0.9567567567567568,19.0,0.18563895035170264
20190508,2019,005250,녹십자홀딩스,회사본부및경영컨설팅서비스업,23500,85.0,1997500.0,22520.0,20423.0,20191016,1105162935000,0.4969356003738593,0.9545454545454546,20.0,-0.09308787193587764
20190508,2019,278280,천보,기초화학물질제조업,78500,25.0,1962500.0,72919.0,66915.0,20191014,785000000000,0.5065909420851571,0.9513513513513514,21.0,-0.08233955233241297
20190508,2019,003240,태광산업,화학섬유제조업,1501000,1.0,1501000.0,1468576.0,1393525.0,20190709,1671213400000,0.49783758673561185,0.95,22.0,-0.05110447564231957
20190508,2019,036490,SK머티리얼즈,기초화학물질제조업,164500,12.0,1974000.0,162907.0,147818.0,20190709,1735092208500,0.5065909420851571,0.9459459459459459,23.0,-0.09262367707690922
20190508,2019,016590,신대양제지,"골판지,종이상자및종이용기제조업",82900,24.0,1989600.0,8056.0,7746.0,20190709,334068927800,0.497607328665143,0.9454545454545454,24.0,-0.0384148329941264
20190508,2019,000480,CR홀딩스,"내화,비내화요업제품제조업",86600,23.0,1991800.0,9033.0,8801.0,20190709,346400000000,0.4972841490619382,0.9409090909090909,25.0,-0.025723021601967266
20190508,2019,047310,파워로직스,"전동기,발전기및전기변환ㆍ공급ㆍ제어장치제조업",10700,186.0,1990200.0,10561.0,11414.0,20190709,368304507400,0.5068059830372311,0.9405405405405406,26.0,0.08077590964221115
20190508,2019,025860,남해화학,"비료,농약및살균,살충제제조업",11300,176.0,1988800.0,11281.0,10028.0,20190709,561370925900,0.49794861020243214,0.9363636363636364,27.0,-0.11110217687938584
20190508,2019,092040,아미코젠,도시락및식사용조리식품제조업,29450,67.0,1973150.0,13124.0,10456.0,20190709,565189969500,0.5065909420851571,0.9351351351351351,28.0,-0.20328901122706977
20190508,2019,017960,한국카본,"구조용금속제품,탱크및증기발생기제조업",8600,232.0,1995200.0,8524.0,7622.0,20200708,378062510200,0.4977090317264424,0.9318181818181818,29.0,-0.10583280126025951
20190508,2019,068240,다원시스,"전동기,발전기및전기변환ㆍ공급ㆍ제어장치제조업",15750,126.0,1984500.0,14043.0,12473.0,20190709,411984153000,0.5065909420851571,0.9297297297297298,30.0,-0.1118050294160009
20190508,2019,012450,한화에어로스페이스,"항공기,우주선및부품제조업",31050,64.0,1987200.0,31222.0,31228.0,20190709,1615842000000,0.4986500020960647,0.9272727272727272,31.0,0.00020341819891744883
20190508,2019,092730,네오팜,기타화학제품제조업,50900,39.0,1985100.0,25729.0,24836.0,20191014,379776963300,0.5073441744883417,0.9243243243243243,32.0,-0.0346959418800592
20190508,2019,000120,CJ대한통운,도로화물운송업,160000,12.0,1920000.0,155653.0,130602.0,20190709,3649975040000,0.49787438107989557,0.9227272727272727,33.0,-0.16094106517685602
20190508,2019,104830,원익머트리얼즈,기초화학물질제조업,22300,89.0,1984700.0,21431.0,27075.0,20191014,281158400000,0.5061312060830673,0.918918918918919,34.0,0.2633519328434515
20190508,2019,213500,한솔제지,"펄프,종이및판지제조업",14750,135.0,1991250.0,14396.0,14149.0,20190709,351058496000,0.4984383704982054,0.9181818181818182,35.0,-0.017160386615178713
20190508,2019,073240,금호타이어,고무제품제조업,4495,444.0,1995780.0,4359.0,3963.0,20190709,1291234990065,0.49754517229774253,0.9136363636363637,36.0,-0.09082209142415065
20190508,2019,005290,동진쎄미켐,기초화학물질제조업,11250,177.0,1991250.0,10971.0,13670.0,20190709,578413057500,0.5061312060830673,0.9135135135135135,37.0,0.2460796734223969
20190508,2019,000210,DL,토목건설업,99600,20.0,1992000.0,86980.0,98476.0,20190709,3466080000000,0.4977961959044965,0.9090909090909091,38.0,0.13216031799288497
20190508,2019,073070,에이팸,자동차신품부품제조업,5820,343.0,1996260.0,28251.0,26799.0,20190709,510220595580,0.507041305982332,0.9081081081081082,39.0,-0.05141862158210386
20190508,2019,120110,코오롱인더,화학섬유제조업,45200,44.0,1988800.0,44007.0,46859.0,20200110,1219443568000,0.4975290554691416,0.9045454545454545,40.0,0.06479547359455173
20190508,2019,200130,콜마비앤에이치,기초의약물질제조업,27950,71.0,1984450.0,27531.0,25640.0,20190709,825742446100,0.5073441744883417,0.9027027027027027,41.0,-0.06867779773658855
20190508,2019,010130,고려아연,1차비철금속제조업,435000,4.0,1740000.0,424230.0,441660.0,20190709,8208450000000,0.4966358983955538,0.8909090909090909,46.0,0.04108646536810823
20190508,2019,015750,성우하이텍,자동차신품부품제조업,4525,441.0,1995525.0,4442.0,3956.0,20190726,362000000000,0.5065909420851571,0.8648648648648649,56.0,-0.10937292159423784
20190508,2019,241710,코스메카코리아,기타화학제품제조업,22350,89.0,1989150.0,21366.0,27546.0,20230811,238698000000,0.5065909420851571,0.8594594594594595,58.0,0.28926159540684826
20190508,2019,052260,현대바이오랜드,기타화학제품제조업,17050,117.0,1994850.0,8264.0,10090.0,20191203,255750000000,0.5065909420851571,0.8486486486486486,63.0,0.2209477974099241
20190508,2019,036830,솔브레인홀딩스,기타화학제품제조업,48650,41.0,1994650.0,22888.0,26035.0,20190709,846425884150,0.5065909420851571,0.8378378378378378,67.0,0.13747206515772903
20190508,2019,065620,제낙스,1차철강제조업,17400,114.0,1983600.0,83720.0,68225.0,20190709,391269345600,0.5069493719646613,0.827027027027027,72.0,-0.18507260849595952
20190508,2019,028260,삼성물산,기타전문도매업,100500,19.0,1909500.0,97479.0,99191.0,20200528,19063849321500,0.49778105066045075,0.8136363636363636,77.0,0.017556522867635982
20190508,2019,014620,성광벤드,1차철강제조업,11100,180.0,1998000.0,11305.0,10910.0,20191014,317460000000,0.5068059830372311,0.7945945945945946,85.0,-0.034970489475083744
20190508,2019,007720,소노스퀘어,상품종합도매업,2085,959.0,1999515.0,2003.0,,,210168938250,0.5065909420851571,0.7837837837837838,89.0,-0.026204896853086135
20190708,2019,078070,유비쿼스홀딩스,기타금융업,37650,53.0,1995450.0,38475.0,34830.0,20200423,703928044200,0.5070010421623266,1.0,1.0,-0.09473672728152815
20190708,2019,089590,제주항공,항공여객운송업,29050,68.0,1975400.0,22154.0,18145.0,20190906,765663819900,0.49838159633314083,1.0,2.0,-0.18097505209202835
20190708,2019,008350,남선알미늄,1차비철금속제조업,3335,599.0,1997665.0,3341.0,4075.0,20190906,367447265150,0.4988498816089827,0.994475138121547,3.0,0.21984285790955993
20190708,2019,092040,아미코젠,도시락및식사용조리식품제조업,23600,84.0,1982400.0,10456.0,10527.0,20190906,452919636000,0.5065909420851571,0.9936305732484076,4.0,0.006815150167673867
20190708,2019,030200,KT,전기통신업,28050,71.0,1991550.0,27737.0,27089.0,20190906,7324186214400,0.49855434866399895,0.988950276243094,5.0,-0.023368723495090005
20190708,2019,030530,원익홀딩스,기타금융업,3855,518.0,1996890.0,3871.0,4296.0,20190925,297752416755,0.5061312060830673,0.9872611464968153,6.0,0.1097722353969739
20190708,2019,003240,태광산업,화학섬유제조업,1375000,1.0,1375000.0,1393525.0,1096660.0,20190906,1530925000000,0.498195215097551,0.9834254143646409,7.0,-0.2130313929714076
20190708,2019,950170,JTC,종합소매업,6660,300.0,1998000.0,6796.0,8573.0,20191015,233136743220,0.5065909420851571,0.9808917197452229,8.0,0.26149020392864664
20190708,2019,016590,신대양제지,"골판지,종이상자및종이용기제조업",76300,26.0,1983800.0,7746.0,7087.0,20190906,307472366600,0.49807325536330904,0.9779005524861878,9.0,-0.08512980889924227
20190708,2019,005290,동진쎄미켐,기초화학물질제조업,14000,142.0,1988000.0,13670.0,15123.0,20190906,719802916000,0.5073441744883417,0.9745222929936306,10.0,0.1062554189281173
20190708,2019,105630,한세실업,봉제의복제조업,20150,99.0,1994850.0,19845.0,17094.0,20191206,806000000000,0.4985951286312164,0.9723756906077348,11.0,-0.13861263584240013
20190708,2019,036490,SK머티리얼즈,기초화학물질제조업,148100,13.0,1925300.0,147818.0,179947.0,20190906,1562110371300,0.5068059830372311,0.9681528662420382,12.0,0.21735754075205738
20190708,2019,001120,LX인터내셔널,상품중개업,18350,108.0,1981800.0,18273.0,16971.0,20190906,711246000000,0.49796712030617085,0.9668508287292817,13.0,-0.07124535371860863
20190708,2019,217730,강스템바이오텍,기초의약물질제조업,14500,137.0,1986500.0,9536.0,10365.0,20190906,302244336500,0.507041305982332,0.9617834394904459,14.0,0.08698965240717649
20190708,2019,073240,금호타이어,고무제품제조업,4050,493.0,1996650.0,3963.0,4202.0,20190906,1163404162350,0.4979378087934617,0.9613259668508287,15.0,0.06028059070276526
20190708,2019,034310,NICE,회사본부및경영컨설팅서비스업,21000,95.0,1995000.0,20535.0,19031.0,20190906,795528300000,0.49799535635977654,0.9558011049723757,16.0,-0.07323870908502239
20190708,2019,007820,에스엠코어,일반목적용기계제조업,10800,185.0,1998000.0,10319.0,,,216366616800,0.5061312060830673,0.9554140127388535,17.0,-0.06485677790680722
20190708,2019,003410,쌍용양회,"시멘트,석회,플라스터및그제품제조업",6020,332.0,1998640.0,6532.0,6676.0,20190906,3033234761900,0.49855434866399895,0.9502762430939227,18.0,0.02190941987164874
20190708,2019,215360,우리산업,자동차신품부품제조업,23750,84.0,1995000.0,23301.0,24201.0,20200205,216888871250,0.5068059830372311,0.9490445859872612,19.0,0.038650134287460114
20190708,2019,002320,한진,도로화물운송업,32600,61.0,1988600.0,31378.0,26611.0,20190906,390373785600,0.49676288078029207,0.9447513812154696,20.0,-0.15190917223794498
20190708,2019,073070,에이팸,자동차신품부품제조업,5410,369.0,1996290.0,26799.0,28603.0,20190906,474277220290,0.5068059830372311,0.9426751592356688,21.0,0.0673176316008004
20190708,2019,000480,CR홀딩스,"내화,비내화요업제품제조업",86200,23.0,1982600.0,8801.0,9641.0,20230615,344800000000,0.4976089030963604,0.9392265193370166,22.0,0.09543602340051227
20190708,2019,102710,이엔에프테크놀로지,기타화학제품제조업,19950,100.0,1995000.0,19149.0,21651.0,20190906,283845328200,0.5070010421623266,0.9363057324840764,23.0,0.13061265251955945
20190708,2019,000210,DL,토목건설업,111500,17.0,1895500.0,98476.0,87731.0,20190906,3880200000000,0.4971994916269308,0.9337016574585635,24.0,-0.10910994758655923
20190708,2019,048410,현대바이오,기타화학제품제조업,16850,118.0,1988300.0,7965.0,5940.0,20190906,576008134150,0.5070010421623266,0.9299363057324841,25.0,-0.2542414053278358
20190708,2019,091090,세원셀론텍,"구조용금속제품,탱크및증기발생기제조업",3280,609.0,1997520.0,8567.0,,,200049797760,0.49738867870230435,0.9281767955801105,26.0,0.0
20190708,2019,036830,솔브레인홀딩스,기타화학제품제조업,58000,34.0,1972000.0,26035.0,33184.0,20190906,1009099718000,0.5070010421623266,0.9235668789808917,27.0,0.2746164722530502
20190708,2019,011200,HMM,해상운송업,3685,542.0,1997270.0,3638.0,3552.0,20190906,1166494838575,0.4970902646243611,0.9226519337016574,28.0,-0.023472970602423038
20190708,2019,042520,한스바이오메드,의료용품및기타의약관련제품제조업,25200,79.0,1990800.0,24702.0,22203.0,20190910,249541840800,0.507041305982332,0.9171974522292994,29.0,-0.10117208824408042
20190708,2019,003490,대한항공,항공여객운송업,28850,69.0,1990650.0,18540.0,14710.0,20190906,2736267690900,0.4978413493382043,0.9171270718232044,30.0,-0.20658219014397206
20190708,2019,005880,대한해운,해상운송업,27850,71.0,1977350.0,2475.0,2251.0,20190906,680278136400,0.4969544875913249,0.9116022099447514,31.0,-0.09044484482099613
20190708,2019,007720,소노스퀘어,상품종합도매업,2085,959.0,1999515.0,2068.0,,,210168938250,0.5068059830372311,0.910828025477707,32.0,-0.026281323863450834
20190708,2019,093050,LF,봉제의복제조업,23650,84.0,1986600.0,23472.0,19776.0,20190906,691526000000,0.49803845696453997,0.9060773480662984,33.0,-0.15749951055481715
20190708,2019,028300,HLB,선박및보트건조업,36200,55.0,1991000.0,13072.0,19099.0,20190906,1420313588400,0.507041305982332,0.9044585987261147,34.0,0.4610495466139999
20190708,2019,002310,아세아제지,"골판지,종이상자및종이용기제조업",35450,56.0,1985200.0,7137.0,6245.0,20190906,317507995900,0.49772846847576296,0.9005524861878453,35.0,-0.12487628905401016
20190708,2019,065620,제낙스,1차철강제조업,13350,149.0,1989150.0,68225.0,,,300198032400,0.5069493719646613,0.8980891719745223,36.0,-0.3272452962002733
20190708,2019,007310,오뚜기,도시락및식사용조리식품제조업,681000,2.0,1362000.0,679638.0,569411.0,20190906,2455166397000,0.498778160271664,0.8950276243093923,37.0,-0.16218416969496197
20190708,2019,237880,클리오,기타화학제품제조업,22100,90.0,1989000.0,22173.0,19223.0,20190906,374990479500,0.5065909420851571,0.89171974522293,38.0,-0.13302736402986592
20190708,2019,023530,롯데쇼핑,종합소매업,157500,12.0,1890000.0,150896.0,136360.0,20190906,4455478912500,0.498934918404675,0.8895027624309392,39.0,-0.09632955373146412
20190708,2019,268600,셀리버리,자연과학및공학연구개발업,36250,55.0,1993750.0,9418.0,11144.0,20190906,283478878750,0.5073441744883417,0.8853503184713376,40.0,0.1832704865205934
20190708,2019,010130,고려아연,1차비철금속제조업,447500,4.0,1790000.0,441660.0,437178.0,20190906,8444325000000,0.4978120601817561,0.8839779005524862,41.0,-0.010148104691438231
20190708,2019,226950,올릭스,자연과학및공학연구개발업,40900,48.0,1963200.0,20336.0,19762.0,20190917,266092168900,0.5073441744883417,0.8789808917197452,42.0,-0.028215351261820065
20190708,2019,006840,AK홀딩스,기타금융업,44150,45.0,1986750.0,43717.0,33960.0,20190906,584879818150,0.49836327495097416,0.8784530386740331,43.0,-0.22318839791374467
20190708,2019,285130,SK케미칼,합성고무및플라스틱물질제조업,53600,37.0,1983200.0,35185.0,29506.0,20190906,629338825600,0.4979378087934617,0.8729281767955801,44.0,-0.1614094017547254
20190708,2019,038540,상상인,"컴퓨터프로그래밍,시스템통합및관리업",18350,108.0,1981800.0,18209.0,12603.0,20190906,851613829550,0.5073441744883417,0.8726114649681529,45.0,-0.3078781862816222
20190708,2019,284740,쿠쿠홈시스,개인및가정용품임대업,46150,43.0,1984450.0,47020.0,36965.0,20190910,1035482779500,0.4988586715978617,0.8674033149171271,46.0,-0.2138430281685556
20190708,2019,016250,SGC E&C,건물건설업,91200,21.0,1915200.0,24018.0,21778.0,20200506,255360000000,0.5065909420851571,0.8662420382165605,47.0,-0.09326039614273707
20190708,2019,213500,한솔제지,"펄프,종이및판지제조업",14200,140.0,1988000.0,14149.0,15646.0,20190906,337968179200,0.49879070747038745,0.856353591160221,50.0,0.10579608116561623
20190708,2019,025860,남해화학,"비료,농약및살균,살충제제조업",10250,195.0,1998750.0,10028.0,9205.0,20190910,509208140750,0.4982871683467993,0.8066298342541437,67.0,-0.0820735976226179
20190708,2019,084110,휴온스글로벌,의약품제조업,37200,53.0,1971600.0,30490.0,25195.0,20190924,406274666400,0.5069493719646613,0.802547770700637,68.0,-0.17366428234310538
20190905,2019,030530,원익홀딩스,기타금융업,4380,456.0,1997280.0,4405.0,4136.0,20191111,338302356780,0.5061312060830673,1.0,1.0,-0.06122649940178726
20190905,2019,282330,BGF리테일,종합소매업,202500,9.0,1822500.0,199003.0,181556.0,20191111,3499990965000,0.49803857725767564,1.0,2.0,-0.08767380813956871
20190905,2019,018880,한온시스템,일반목적용기계제조업,11700,170.0,1989000.0,10693.0,10648.0,20191111,6245460000000,0.4987582027268539,0.9948453608247423,3.0,-0.004238530695311549
20190905,2019,092040,아미코젠,도시락및식사용조리식품제조업,23050,86.0,1982300.0,10527.0,12846.0,20191111,442721580500,0.5061312060830673,0.9940476190476191,4.0,0.22033080918243164
20190905,2019,073240,금호타이어,고무제품제조업,4235,472.0,1998920.0,4202.0,4180.0,20191111,1216547315445,0.49841446544717816,0.9896907216494846,5.0,-0.005018274864066141
20190905,2019,036830,솔브레인홀딩스,기타화학제품제조업,70000,28.0,1960000.0,33184.0,35772.0,20191111,1217878970000,0.5073441744883417,0.9880952380952381,6.0,0.07799029185242512
20190905,2019,001250,GS글로벌,상품종합도매업,2460,813.0,1999980.0,2461.0,3834.0,20220817,203033059440,0.49736518588418965,0.9845360824742269,7.0,0.5578615510114517
20190905,2019,102710,이엔에프테크놀로지,기타화학제품제조업,22300,89.0,1984700.0,21651.0,23851.0,20191111,317280742800,0.5070010421623266,0.9821428571428571,8.0,0.10163723461412677
20190905,2019,011200,HMM,해상운송업,3615,553.0,1999095.0,3552.0,3418.0,20191111,1144336184925,0.4981793928783586,0.979381443298969,9.0,-0.0378981516978949
20190905,2019,092730,네오팜,기타화학제품제조업,48100,41.0,1972100.0,24554.0,24968.0,20191111,394774064100,0.5068059830372311,0.9761904761904762,10.0,0.016845988424891267
20190905,2019,000670,영풍,1차비철금속제조업,577000,3.0,1731000.0,54167.0,51530.0,20200310,1062857080000,0.4987216506441723,0.9742268041237113,11.0,-0.0486777745878878
20190905,2019,048410,현대바이오,기타화학제품제조업,12550,159.0,1995450.0,5940.0,6928.0,20191111,434696759600,0.5068059830372311,0.9702380952380952,12.0,0.166367901817845
20190905,2019,002310,아세아제지,"골판지,종이상자및종이용기제조업",31000,64.0,1984000.0,6245.0,5706.0,20191210,277651562000,0.49794861020243214,0.9690721649484536,13.0,-0.0864351370208194
20190905,2019,251370,와이엠티,기초화학물질제조업,30350,65.0,1972750.0,15074.0,15649.0,20191111,224747820000,0.5073441744883417,0.9642857142857143,14.0,0.03811395661409289
20190905,2019,180640,한진칼,항공여객운송업,28900,69.0,1994100.0,29046.0,32201.0,20191111,1710026236200,0.49784906543560914,0.9639175257731959,15.0,0.10864914223874877
20190905,2019,010130,고려아연,1차비철금속제조업,445500,4.0,1782000.0,437178.0,431805.0,20191111,8406585000000,0.4986500020960647,0.9587628865979382,16.0,-0.012290794256910709
20190905,2019,005290,동진쎄미켐,기초화학물질제조업,15550,128.0,1990400.0,15123.0,15518.0,20191111,799495381700,0.5073441744883417,0.9583333333333334,17.0,0.026089105846916594
20190905,2019,003490,대한항공,항공여객운송업,22500,88.0,1980000.0,14710.0,17147.0,20191111,2134004265000,0.4978413493382043,0.9536082474226805,18.0,0.16566981737433273
20190905,2019,200130,콜마비앤에이치,기초의약물질제조업,26850,74.0,1986900.0,26932.0,27381.0,20191111,793244532300,0.5070010421623266,0.9523809523809523,19.0,0.016667039461972122
20190905,2019,047050,포스코인터내셔널,상품중개업,18700,106.0,1982200.0,18343.0,18994.0,20191111,2307115286300,0.4986500020960647,0.9484536082474226,20.0,0.035500051950856815
20190905,2019,038540,상상인,"컴퓨터프로그래밍,시스템통합및관리업",13150,152.0,1998800.0,12603.0,12306.0,20191111,727567315950,0.5061312060830673,0.9464285714285714,21.0,-0.023500640853856836
20190905,2019,267250,HD현대,석유정제품제조업,330000,6.0,1980000.0,66993.0,69073.0,20191111,5374583610000,0.49708695984063866,0.9432989690721649,22.0,0.031049033611457943
20190905,2019,036800,나이스정보통신,전기통신업,37700,53.0,1998100.0,36983.0,29645.0,20200117,377000000000,0.5070010421623266,0.9404761904761905,23.0,-0.19840606060025945
20190905,2019,003410,쌍용양회,"시멘트,석회,플라스터및그제품제조업",6050,330.0,1996500.0,6676.0,6380.0,20191111,3048350549750,0.4986500020960647,0.9381443298969072,24.0,-0.044293712891465
20190905,2019,014620,성광벤드,1차철강제조업,10350,193.0,1997550.0,10308.0,9987.0,20191111,296010000000,0.5068059830372311,0.9345238095238095,25.0,-0.031190288263353905
20190905,2019,294870,IPARK현대산업개발,건물건설업,32200,62.0,1996400.0,29821.0,28206.0,20191111,1414810684000,0.4976611133193929,0.9329896907216495,26.0,-0.05417592449964914
20190905,2019,083790,CG인바이츠,자연과학및공학연구개발업,13700,145.0,1986500.0,9013.0,9914.0,20191111,554329605500,0.5069493719646613,0.9285714285714286,27.0,0.10006436760734227
20190905,2019,034310,NICE,회사본부및경영컨설팅서비스업,19000,105.0,1995000.0,19031.0,20080.0,20191203,719763700000,0.49803845696453997,0.9278350515463918,28.0,0.055112231709564474
20190905,2019,000120,CJ대한통운,도로화물운송업,140000,14.0,1960000.0,136586.0,157608.0,20191111,3193728160000,0.498778160271664,0.9226804123711341,29.0,0.1539137899367995
20190905,2019,036490,SK머티리얼즈,기초화학물질제조업,180300,11.0,1983300.0,179947.0,175626.0,20191111,1901745441900,0.5070010421623266,0.9226190476190477,30.0,-0.0240136092522496
20190905,2019,000720,현대건설,토목건설업,41950,47.0,1971650.0,41218.0,43346.0,20191111,4671374341750,0.49874044829832065,0.9175257731958762,31.0,0.051639063103481764
20190905,2019,237880,클리오,기타화학제품제조업,20400,98.0,1999200.0,19223.0,18876.0,20191111,346145058000,0.5061312060830673,0.9166666666666666,32.0,-0.01808204491806653
20190905,2019,047810,한국항공우주,"항공기,우주선및부품제조업",41050,48.0,1970400.0,41606.0,38094.0,20191111,4001353142350,0.49765732556827236,0.9123711340206185,33.0,-0.08440688337484781
20190905,2019,278280,천보,기초화학물질제조업,72200,27.0,1949400.0,72018.0,63705.0,20191111,722000000000,0.5065909420851571,0.9107142857142857,34.0,-0.1154278825640892
20190905,2019,003240,태광산업,화학섬유제조업,1104000,1.0,1104000.0,1096660.0,983536.0,20191209,1229193600000,0.49805322251018525,0.9072164948453608,35.0,-0.10315391527943674
20190905,2019,068240,다원시스,"전동기,발전기및전기변환ㆍ공급ㆍ제어장치제조업",14250,140.0,1995000.0,13168.0,14000.0,20191111,381899401500,0.5065909420851571,0.9047619047619048,36.0,0.06315092567742764
20190905,2019,089590,제주항공,항공여객운송업,23900,83.0,1983700.0,18145.0,18726.0,20191111,629926516200,0.49778105066045075,0.9020618556701031,37.0,0.03203502763160193
20190905,2019,237690,에스티팜,의약품제조업,18950,105.0,1989750.0,19590.0,19246.0,20191111,353531200000,0.5069493719646613,0.8988095238095238,38.0,-0.01758704853657911
20190905,2019,241560,두산밥캣,일반목적용기계제조업,35900,55.0,1974500.0,35467.0,32566.0,20191111,3598945059400,0.4980910097918423,0.8969072164948454,39.0,-0.08180625010238396
20190905,2019,104830,원익머트리얼즈,기초화학물질제조업,25350,78.0,1977300.0,24882.0,26527.0,20191111,319612800000,0.5061312060830673,0.8928571428571429,40.0,0.06609852732878574
20190905,2019,298020,효성티앤씨,화학섬유제조업,152000,13.0,1976000.0,150503.0,164533.0,20191111,657807664000,0.49792435408009583,0.8917525773195877,41.0,0.09322157722188784
20190905,2019,086450,동국제약,의약품제조업,67500,29.0,1957500.0,13313.0,13954.0,20191111,600210000000,0.5068059830372311,0.8869047619047619,42.0,0.04815146484797239
20190905,2019,016590,신대양제지,"골판지,종이상자및종이용기제조업",71100,28.0,1990800.0,7087.0,5951.0,20191126,286517500200,0.4973443661447279,0.8762886597938144,46.0,-0.16031566553468346
20190905,2019,023530,롯데쇼핑,종합소매업,136500,14.0,1911000.0,136360.0,133827.0,20191111,3861415057500,0.49738867870230435,0.8711340206185567,48.0,-0.01858009755471246
20190905,2019,028300,HLB,선박및보트건조업,48000,41.0,1968000.0,19099.0,56578.0,20191112,1883288736000,0.507041305982332,0.8392857142857143,60.0,1.9624264659185773
20190905,2019,285130,SK케미칼,합성고무및플라스틱물질제조업,45000,44.0,1980000.0,29506.0,35640.0,20191111,528362820000,0.4986322476675314,0.8195876288659794,67.0,0.20789965751229
20190905,2019,084110,휴온스글로벌,의약품제조업,29100,68.0,1978800.0,24935.0,28589.0,20191125,317811634200,0.5061312060830673,0.8154761904761905,68.0,0.146529348141053
20190905,2019,284740,쿠쿠홈시스,개인및가정용품임대업,38150,52.0,1983800.0,37614.0,46123.0,20191122,855984139500,0.498778160271664,0.8144329896907216,69.0,0.22621580662141594
20190905,2019,213500,한솔제지,"펄프,종이및판지제조업",16000,125.0,2000000.0,15646.0,14803.0,20191111,380809216000,0.49579350158188945,0.8041237113402062,72.0,-0.05391109689520546
20190905,2019,226950,올릭스,자연과학및공학연구개발업,34550,57.0,1969350.0,18335.0,18586.0,20191111,224821030550,0.5068059830372311,0.7857142857142857,79.0,0.013674790819808713
20191108,2019,012330,현대모비스,자동차신품부품제조업,242000,8.0,1936000.0,240825.0,241338.0,20200113,23064219948000,0.4986500020960647,1.0,1.0,0.0021328929381092543
20191108,2019,030530,원익홀딩스,기타금융업,4115,486.0,1999890.0,4136.0,5723.0,20200113,317834291815,0.5065909420851571,1.0,2.0,0.3839063707187347
20191108,2019,003490,대한항공,항공여객운송업,26950,74.0,1994300.0,17147.0,17733.0,20200113,2556062886300,0.49688492097738873,0.9947643979057592,3.0,0.03415285592183537
20191108,2019,092040,아미코젠,도시락및식사용조리식품제조업,27400,72.0,1972800.0,12846.0,11478.0,20200113,526272074000,0.5065909420851571,0.9941860465116279,4.0,-0.10651694319509808
20191108,2019,010130,고려아연,1차비철금속제조업,434500,4.0,1738000.0,431805.0,422315.0,20200113,8199015000000,0.4986500020960647,0.9895287958115183,5.0,-0.021976656949025286
20191108,2019,950170,JTC,종합소매업,8290,241.0,1997890.0,8203.0,6733.0,20200221,290195735930,0.5068059830372311,0.9883720930232558,6.0,-0.17913692045511243
20191108,2019,011200,HMM,해상운송업,3415,585.0,1997775.0,3418.0,3783.0,20200113,1081025745925,0.498934918404675,0.9842931937172775,7.0,0.10693759236914802
20191108,2019,251370,와이엠티,기초화학물질제조업,33250,60.0,1995000.0,15649.0,13776.0,20200116,246222900000,0.5073441744883417,0.9825581395348837,8.0,-0.11969026414365125
20191108,2019,073240,금호타이어,고무제품제조업,4190,477.0,1998630.0,4180.0,4041.0,20200113,1203620602530,0.498934918404675,0.9790575916230366,9.0,-0.03335837990614854
20191108,2019,005290,동진쎄미켐,기초화학물질제조업,15750,126.0,1984500.0,15518.0,17118.0,20200113,809778280500,0.5073441744883417,0.9767441860465116,10.0,0.10316606540080553
20191108,2019,018880,한온시스템,일반목적용기계제조업,11550,173.0,1998150.0,10648.0,10275.0,20200113,6165390000000,0.4987582027268539,0.9738219895287958,11.0,-0.03502977413312447
20191108,2019,014620,성광벤드,1차철강제조업,10200,196.0,1999200.0,9987.0,8155.0,20200228,291720000000,0.5069493719646613,0.9709302325581395,12.0,-0.1834297779001971
20191108,2019,241560,두산밥캣,일반목적용기계제조업,32850,60.0,1971000.0,32566.0,33111.0,20200113,3293185103100,0.4986500020960647,0.9685863874345549,13.0,0.016747316768116915
20191108,2019,038540,상상인,"컴퓨터프로그래밍,시스템통합및관리업",12100,165.0,1996500.0,12306.0,8154.0,20200113,669472587300,0.5068059830372311,0.9651162790697675,14.0,-0.33739211731013796
20191108,2019,294870,IPARK현대산업개발,건물건설업,31050,64.0,1987200.0,28206.0,20937.0,20200113,1364281731000,0.49738867870230435,0.9633507853403142,15.0,-0.2577084058225275
20191108,2019,036800,나이스정보통신,전기통신업,30250,66.0,1996500.0,29645.0,24996.0,20200408,302500000000,0.507041305982332,0.9593023255813954,16.0,-0.1568310119194355
20191108,2019,298050,HS효성첨단소재,화학섬유제조업,109000,18.0,1962000.0,110520.0,110024.0,20200113,488314332000,0.4985465711289946,0.9581151832460733,17.0,-0.004489610720611936
20191108,2019,203690,아크솔루션스,기초의약물질제조업,4415,453.0,1999995.0,23318.0,,,201661747500,0.507041305982332,0.9534883720930233,18.0,0.05663175080452154
20191108,2019,267250,HD현대,석유정제품제조업,348500,5.0,1742500.0,69073.0,64489.0,20200113,5675886024500,0.4965379814483373,0.9528795811518325,19.0,-0.0663642416016369
20191108,2019,278280,천보,기초화학물질제조업,63400,31.0,1965400.0,63705.0,67507.0,20200113,634000000000,0.5068059830372311,0.9476744186046512,20.0,0.05968122533849418
20191108,2019,213500,한솔제지,"펄프,종이및판지제조업",14450,138.0,1994100.0,14803.0,14403.0,20200213,343918323200,0.49741416371341096,0.9476439790575916,21.0,-0.026977600886782804
20191108,2019,122900,아이마켓코리아,상품종합도매업,10900,183.0,1994700.0,11202.0,11052.0,20210615,391782406000,0.49855434866399895,0.9424083769633508,22.0,-0.013426482394192196
20191108,2019,036490,SK머티리얼즈,기초화학물질제조업,176700,11.0,1943700.0,175626.0,172725.0,20200113,1863773819100,0.5068059830372311,0.9418604651162791,23.0,-0.01652031373420848
20191108,2019,093050,LF,봉제의복제조업,20200,99.0,1999800.0,20127.0,14237.0,20201016,590648000000,0.498778160271664,0.93717277486911,24.0,-0.29264828657409003
20191108,2019,104830,원익머트리얼즈,기초화학물질제조업,26500,75.0,1987500.0,26527.0,27975.0,20200113,334112000000,0.5065909420851571,0.936046511627907,25.0,0.05461226976888378
20191108,2019,047810,한국항공우주,"항공기,우주선및부품제조업",38700,51.0,1973700.0,38094.0,33399.0,20200113,3772286640900,0.49833297668111187,0.9319371727748691,26.0,-0.1232621595490081
20191108,2019,237880,클리오,기타화학제품제조업,18950,105.0,1989750.0,18876.0,26970.0,20200113,321541610250,0.5068059830372311,0.9302325581395349,27.0,0.4288181281814838
20191108,2019,000120,CJ대한통운,도로화물운송업,157500,12.0,1890000.0,157608.0,145618.0,20200113,3592944180000,0.4979828402372368,0.9267015706806283,28.0,-0.07607707530682128
20191108,2019,102710,이엔에프테크놀로지,기타화학제품제조업,24650,81.0,1996650.0,23851.0,28255.0,20200113,350716157400,0.5068059830372311,0.9244186046511628,29.0,0.1846320804620596
20191108,2019,003410,쌍용양회,"시멘트,석회,플라스터및그제품제조업",5800,344.0,1995200.0,6380.0,5602.0,20200113,2922385651000,0.4986500020960647,0.9214659685863874,30.0,-0.12187911448722877
20191108,2019,092730,네오팜,기타화학제품제조업,48600,41.0,1992600.0,24968.0,23720.0,20200113,398877744600,0.5068059830372311,0.9186046511627907,31.0,-0.049967729853422904
20191108,2019,000210,DL,토목건설업,93300,21.0,1959300.0,83576.0,75980.0,20200113,3246840000000,0.49778105066045075,0.9162303664921466,32.0,-0.09088308623246766
20191108,2019,052260,현대바이오랜드,기타화학제품제조업,15000,133.0,1995000.0,7461.0,12969.0,20200113,225000000000,0.5065909420851571,0.9127906976744186,33.0,0.7380737935683579
20191108,2019,001120,LX인터내셔널,상품중개업,15800,126.0,1990800.0,15672.0,18711.0,20201127,612408000000,0.4986322476675314,0.9109947643979057,34.0,0.19388890455385188
20191108,2019,048410,현대바이오,기타화학제품제조업,14650,136.0,1992400.0,6928.0,6574.0,20200113,507434862800,0.5065909420851571,0.9069767441860465,35.0,-0.05108421836629595
20191108,2019,003090,대웅,기타금융업,13800,144.0,1987200.0,13810.0,11811.0,20200130,802359324000,0.4982924578940728,0.9057591623036649,36.0,-0.1447310075425563
20191108,2019,036830,솔브레인홀딩스,기타화학제품제조업,73400,27.0,1981800.0,35772.0,43886.0,20200113,1277033091400,0.5065909420851571,0.9011627906976745,37.0,0.22681911992871506
20191108,2019,003550,LG,기타금융업,72400,27.0,1954800.0,67924.0,67922.0,20200113,12493136284400,0.4977961959044965,0.900523560209424,38.0,-3.15115579664349e-05
20191108,2019,031390,녹십자셀,기초의약물질제조업,44450,44.0,1955800.0,44019.0,43362.0,20200113,531878387600,0.5070010421623266,0.8953488372093024,39.0,-0.014926956943354108
20191108,2019,006120,SK디스커버리,기타금융업,23550,84.0,1978200.0,23527.0,27072.0,20200113,448341485250,0.4977784414759632,0.8952879581151832,40.0,0.15070824344223954
20191108,2019,027410,BGF,기타금융업,5940,336.0,1995840.0,5909.0,4723.0,20201215,568557738540,0.4977742901631177,0.8900523560209425,41.0,-0.20064774020178244
20191108,2019,067080,대화제약,의약품제조업,14300,139.0,1987700.0,13682.0,11726.0,20200114,260617128200,0.5070010421623266,0.8895348837209303,42.0,-0.1429641137991614
20191108,2019,011210,현대위아,자동차신품부품제조업,51600,38.0,1960800.0,51011.0,47352.0,20200113,1403266282800,0.49734312771926925,0.8848167539267016,43.0,-0.07172061020006626
20191108,2019,028300,HLB,선박및보트건조업,147800,13.0,1921400.0,55463.0,44577.0,20200113,5873992047600,0.507041305982332,0.877906976744186,46.0,-0.1962831334348648
20191108,2019,237690,에스티팜,의약품제조업,19250,103.0,1982750.0,19246.0,27197.0,20200113,359128000000,0.5068059830372311,0.872093023255814,48.0,0.41316960795480484
20191108,2019,086450,동국제약,의약품제조업,69700,28.0,1951600.0,13954.0,17474.0,20200113,619772400000,0.5068059830372311,0.8662790697674418,50.0,0.25226770653953356
20191108,2019,285130,SK케미칼,합성고무및플라스틱물질제조업,52500,38.0,1995000.0,35640.0,44385.0,20200113,616423290000,0.4983459230341972,0.8324607329842932,62.0,0.24538740379881263
20191108,2019,284740,쿠쿠홈시스,개인및가정용품임대업,40000,50.0,2000000.0,40015.0,40318.0,20200113,897493200000,0.498778160271664,0.8272251308900523,64.0,0.007566751787072334
20191108,2019,068240,다원시스,"전동기,발전기및전기변환ㆍ공급ㆍ제어장치제조업",15400,129.0,1986600.0,14000.0,15061.0,20200113,412719353200,0.5068059830372311,0.8197674418604651,67.0,0.07580016869116046
20191108,2019,084110,휴온스글로벌,의약품제조업,31150,64.0,1993600.0,27154.0,29841.0,20200113,340200426300,0.5061312060830673,0.7965116279069767,75.0,0.09895026400339613
20200102,2020,004430,송원산업,기타화학제품제조업,15550,128.0,1990400.0,15222.0,11882.0,20200305,373200000000,0.525224265898724,1.0,1.0,-0.21942076197923288
20200102,2020,067290,JW신약,의약품제조업,4920,406.0,1997520.0,3644.0,3847.0,20200622,205002456720,0.5227966728935618,1.0,2.0,0.05573934065914776
20200102,2020,042670,HD현대인프라코어,특수목적용기계제조업,5500,363.0,1996500.0,4643.0,3683.0,20200305,1144887034500,0.5229552995819209,0.9949748743718593,3.0,-0.20681552817082516
20200102,2020,084110,휴온스글로벌,의약품제조업,34700,57.0,1977900.0,31391.0,30742.0,20200525,378971261400,0.5162472373531352,0.994413407821229,4.0,-0.02068213235979821
20200102,2020,008930,한미사이언스,기타금융업,38150,52.0,1983800.0,35941.0,31786.0,20200305,2469940109000,0.5294511807361648,0.9899497487437185,5.0,-0.11559212802767072
20200102,2020,243070,휴온스,의약품제조업,53800,37.0,1990600.0,45909.0,39162.0,20200305,483326126600,0.5159323145030592,0.9888268156424581,6.0,-0.1469711707305329
20200102,2020,012630,HDC,기타금융업,10900,183.0,1994700.0,10805.0,9856.0,20200305,651184758900,0.5247208115827584,0.9849246231155779,7.0,-0.08786968045781107
20200102,2020,078600,대주전자재료,전자부품제조업,17800,112.0,1993600.0,17261.0,18157.0,20200305,259011805000,0.5088721122669271,0.9832402234636871,8.0,0.051880252358804
20200102,2020,307950,현대오토에버,소프트웨어개발및공급업,49400,40.0,1976000.0,48492.0,39338.0,20200305,1037400000000,0.523421123331257,0.9798994974874372,9.0,-0.1887831116365285
20200102,2020,251970,펌텍코리아,플라스틱제품제조업,18250,109.0,1989250.0,19294.0,28256.0,20210811,226300000000,0.5190834374313229,0.9776536312849162,10.0,0.46448764707592116
20200102,2020,006650,대한유화,기초화학물질제조업,116000,17.0,1972000.0,114078.0,91061.0,20200305,754000000000,0.5251945256594741,0.9748743718592965,11.0,-0.2017640493768149
20200102,2020,082800,비보존 제약,반도체제조업,2060,970.0,1998200.0,12047.0,9929.0,20201102,245761773920,0.5213102897717691,0.9720670391061452,12.0,-0.17576147262129171
20200102,2020,298040,효성중공업,"전동기,발전기및전기변환ㆍ공급ㆍ제어장치제조업",26900,74.0,1990600.0,27222.0,27467.0,20200623,250830341200,0.5316270178017144,0.9698492462311558,13.0,0.009005352087396945
20200102,2020,214150,클래시스,의료용기기제조업,13650,146.0,1992900.0,13846.0,11599.0,20200305,878573787000,0.5134693933354862,0.9664804469273743,14.0,-0.16229248854223655
20200102,2020,027410,BGF,기타금융업,5500,363.0,1996500.0,5559.0,4899.0,20210114,526442350500,0.5203494715691122,0.964824120603015,15.0,-0.11876030326716824
20200102,2020,121800,비덴트,통신및방송장비제조업,8150,245.0,1996750.0,8055.0,6704.0,20200306,277030912450,0.5152480149407608,0.9608938547486033,16.0,-0.1676563329096471
20200102,2020,011170,롯데케미칼,기초화학물질제조업,218500,9.0,1966500.0,205975.0,174975.0,20200305,7489179051500,0.5239818157517382,0.9597989949748744,17.0,-0.15050574511833625
20200102,2020,255440,야스,특수목적용기계제조업,20100,99.0,1989900.0,19955.0,15656.0,20200305,262465800000,0.5100483941739169,0.9553072625698324,18.0,-0.21546630680906054
20200102,2020,251270,넷마블,소프트웨어개발및공급업,90300,22.0,1986600.0,90627.0,96312.0,20200305,7742734129200,0.5201230159409254,0.9547738693467337,19.0,0.06273122748046744
20200102,2020,081000,일진다이아,기타화학제품제조업,28050,71.0,1991550.0,27815.0,25016.0,20200305,398393448750,0.5126630711478481,0.949748743718593,20.0,-0.10064253587984762
20200102,2020,230360,에코마케팅,광고업,31600,63.0,1990800.0,16091.0,13447.0,20200305,511886409200,0.5278943262901303,0.9497206703910615,21.0,-0.16431535918513507
20200102,2020,004020,현대제철,1차철강제조업,31200,64.0,1996800.0,30863.0,25397.0,20200305,4163508492000,0.532033788350553,0.9447236180904522,22.0,-0.1771062252636496
20200102,2020,263050,유틸렉스,기초의약물질제조업,67800,29.0,1966200.0,20020.0,18980.0,20200305,495296289000,0.5026217682195355,0.9441340782122905,23.0,-0.05192127288829085
20200102,2020,017800,현대엘리베이터,일반목적용기계제조업,67600,29.0,1960400.0,45096.0,37692.0,20200305,1838674978400,0.5247272787010433,0.9396984924623115,24.0,-0.1641854671196915
20200102,2020,028300,HLB,선박및보트건조업,114300,17.0,1943100.0,43179.0,35254.0,20200305,4885058327400,0.529043295181501,0.9385474860335196,25.0,-0.18354140735779756
20200102,2020,007310,오뚜기,도시락및식사용조리식품제조업,549000,3.0,1647000.0,549254.0,524124.0,20200305,1979275113000,0.5129512590524024,0.9346733668341709,26.0,-0.045754122662665875
20200102,2020,028150,GS홈쇼핑,텔레비전방송업,146500,13.0,1904500.0,145863.0,125852.0,20200305,961406250000,0.524676073372798,0.9329608938547486,27.0,-0.13718776940864286
20200102,2020,064960,SNT모티브,자동차신품부품제조업,43600,45.0,1962000.0,24001.0,21823.0,20200305,637568729600,0.5042873809926103,0.9296482412060302,28.0,-0.09072846597167028
20200102,2020,038540,상상인,"컴퓨터프로그래밍,시스템통합및관리업",8500,235.0,1997500.0,8554.0,7904.0,20200305,470290660500,0.5201586091875352,0.9273743016759777,29.0,-0.07603277962743349
20200102,2020,003240,태광산업,화학섬유제조업,1065000,1.0,1065000.0,1080608.0,920677.0,20210224,1185771000000,0.5212856366650223,0.9246231155778895,30.0,-0.14800056474748846
20200102,2020,053580,웹케시,소프트웨어개발및공급업,43400,46.0,1996400.0,22062.0,21587.0,20200305,293542627000,0.5173119023561614,0.9217877094972067,31.0,-0.02154056845730079
20200102,2020,004370,농심,도시락및식사용조리식품제조업,237000,8.0,1896000.0,235389.0,271941.0,20200305,1441586154000,0.51086627093742,0.9195979899497487,32.0,0.15528247155878327
20200102,2020,215600,신라젠,자연과학및공학연구개발업,14400,138.0,1987200.0,8913.0,7726.0,20200305,1023150600000,0.5587920351373419,0.9162011173184358,33.0,-0.1331697991392331
20200102,2020,192650,드림텍,전자부품제조업,6970,286.0,1993420.0,6656.0,6094.0,20200305,425623865490,0.5049124754955212,0.914572864321608,34.0,-0.08444890111518744
20200102,2020,200670,휴메딕스,의약품제조업,22650,88.0,1993200.0,22736.0,26934.0,20200624,225847544100,0.5090449830792034,0.9106145251396648,35.0,0.18465387997943927
20200102,2020,006400,삼성SDI,일차전지및이차전지제조업,232000,8.0,1856000.0,224117.0,316668.0,20200305,15953370960000,0.5061760255245074,0.9095477386934674,36.0,0.41296062922051413
20200102,2020,067390,아스트,"항공기,우주선및부품제조업",8290,241.0,1997890.0,8222.0,,,212884315080,0.5114448834881669,0.9050279329608939,37.0,-0.034824259652552425
20200102,2020,272450,진에어,항공여객운송업,15300,130.0,1989000.0,13240.0,11721.0,20200305,459000000000,0.48719694180957196,0.9045226130653267,38.0,-0.11469395776225788
20200102,2020,008060,대덕,전자부품제조업,10300,194.0,1998200.0,10359.0,9495.0,20200305,803471811600,0.503584066127976,0.8994974874371859,39.0,-0.08346209727768994
20200102,2020,232140,와이씨,특수목적용기계제조업,3405,587.0,1998735.0,3786.0,3725.0,20200305,210389692680,0.507699028820922,0.8994413407821229,40.0,-0.01606285356722914
20200102,2020,007070,GS리테일,종합소매업,38900,51.0,1983900.0,33360.0,31434.0,20200305,2995300000000,0.5108020722639464,0.8944723618090452,41.0,-0.05775077695280395
20200102,2020,950170,JTC,종합소매업,8920,224.0,1998080.0,8902.0,6374.0,20200305,312249211640,0.5111467875664056,0.8938547486033519,42.0,-0.2839093117242989
20200102,2020,282330,BGF리테일,종합소매업,168500,11.0,1853500.0,168576.0,162620.0,20200305,2912338161000,0.5107276410147412,0.8894472361809045,43.0,-0.035326271274323195
20200102,2020,035900,JYP Ent.,오디오물출판및원판녹음업,24100,82.0,1976200.0,24185.0,23031.0,20200305,855429307200,0.5123247518892888,0.888268156424581,44.0,-0.0477213009537405
20200102,2020,002350,넥센타이어,고무제품제조업,8900,224.0,1993600.0,8947.0,5788.0,20200410,869244105300,0.5002219569180535,0.8844221105527639,45.0,-0.35312467621795973
20200102,2020,069080,웹젠,소프트웨어개발및공급업,15900,125.0,1987500.0,15849.0,15900.0,20200305,561443055600,0.5165042565970984,0.88268156424581,46.0,0.0032291772718859857
20200102,2020,003000,부광약품,의약품제조업,14050,142.0,1995100.0,11512.0,11927.0,20200305,892615706350,0.5060671314684388,0.8793969849246231,47.0,0.03607325991747157
20200102,2020,092730,네오팜,기타화학제품제조업,47350,42.0,1988700.0,23538.0,17751.0,20200305,388618543350,0.5060308271946694,0.8324022346368715,65.0,-0.24582942994213197
20200102,2020,003410,쌍용양회,"시멘트,석회,플라스터및그제품제조업",5550,360.0,1998000.0,5975.0,5569.0,20200305,2796420752250,0.5094567736459761,0.8040201005025126,76.0,-0.06799359257405913
20200102,2020,086450,동국제약,의약품제조업,88500,22.0,1947000.0,17756.0,18075.0,20200305,786942000000,0.5038525834650809,0.7988826815642458,78.0,0.0179977207084816
20200304,2020,042670,HD현대인프라코어,특수목적용기계제조업,4260,469.0,1997940.0,3683.0,3792.0,20200508,886767048540,0.5325690245188053,1.0,1.0,0.029631259444675706
20200304,2020,255440,야스,특수목적용기계제조업,15600,128.0,1996800.0,15656.0,18901.0,20210702,203704800000,0.5232992754469895,1.0,2.0,0.20730680645148603
20200304,2020,307950,현대오토에버,소프트웨어개발및공급업,38650,51.0,1971150.0,39338.0,42733.0,20200508,811650000000,0.5174580226987251,0.9947089947089947,3.0,0.08631426153893274
20200304,2020,244460,올리패스,기초의약물질제조업,16300,122.0,1988600.0,130359.0,119253.0,20200615,260294716300,0.5275927304306257,0.994413407821229,4.0,-0.08519514233242165
20200304,2020,192650,드림텍,전자부품제조업,5940,336.0,1995840.0,6094.0,6458.0,20200511,372573639900,0.5153609829609931,0.9894179894179894,5.0,0.059773756333263206
20200304,2020,046890,서울반도체,반도체제조업,16100,124.0,1996400.0,16091.0,13344.0,20200508,938716940000,0.5007487710103649,0.9888268156424581,6.0,-0.17075501253444347
20200304,2020,003000,부광약품,의약품제조업,13250,150.0,1987500.0,11927.0,20394.0,20200508,818723197500,0.5278172726087471,0.9841269841269841,7.0,0.7098900332336775
20200304,2020,121800,비덴트,통신및방송장비제조업,6740,296.0,1995040.0,6945.0,9992.0,20210915,229102865020,0.52512811541142,0.9832402234636871,8.0,0.43886188302643303
20200304,2020,145720,덴티움,의료용기기제조업,44200,45.0,1989000.0,44456.0,35649.0,20201015,489242286000,0.534601547148781,0.9788359788359788,9.0,-0.19810521724235797
20200304,2020,200230,텔콘RF제약,통신및방송장비제조업,4800,416.0,1996800.0,13314.0,13908.0,20200508,409329734400,0.5242012779023317,0.9776536312849162,10.0,0.04462658179493029
20200304,2020,012330,현대모비스,자동차신품부품제조업,209000,9.0,1881000.0,210014.0,175656.0,20200508,19866431046000,0.5180066938391787,0.9735449735449735,11.0,-0.16360136529311187
20200304,2020,084990,헬릭스미스,자연과학및공학연구개발업,66600,30.0,1998000.0,49101.0,57738.0,20200508,1426244860800,0.5245611175996446,0.9720670391061452,12.0,0.1759039928738093
20200304,2020,001060,JW중외제약,의약품제조업,25000,80.0,2000000.0,28001.0,26516.0,20200508,523001350000,0.5262896924998504,0.9682539682539683,13.0,-0.053041425038734547
20200304,2020,041510,에스엠,오디오물출판및원판녹음업,29750,67.0,1993250.0,29681.0,28338.0,20200508,697551254750,0.5071081645685891,0.9664804469273743,14.0,-0.045255089484546374
20200304,2020,234080,JW생명과학,의약품제조업,17050,117.0,1994850.0,17447.0,19296.0,20200515,269979145700,0.5254951424480572,0.9629629629629629,15.0,0.10599453157996752
20200304,2020,069080,웹젠,소프트웨어개발및공급업,15750,126.0,1984500.0,15900.0,17098.0,20200508,556146423000,0.5056522752056598,0.9608938547486033,16.0,0.07534829230201656
20200304,2020,008060,대덕,전자부품제조업,9570,208.0,1990560.0,9495.0,7006.0,20200605,746526722040,0.5091127388488362,0.9576719576719577,17.0,-0.2621456035415728
20200304,2020,078600,대주전자재료,전자부품제조업,18100,110.0,1991000.0,18157.0,30715.0,20200602,266741980600,0.5023828189780736,0.9553072625698324,18.0,0.6916848075451307
20200304,2020,007310,오뚜기,도시락및식사용조리식품제조업,516000,3.0,1548000.0,524124.0,538053.0,20200508,1860302292000,0.5233704493542888,0.9523809523809523,19.0,0.026575892796322886
20200304,2020,143160,아이디스,통신및방송장비제조업,21450,93.0,1994850.0,21745.0,34165.0,20200914,229866565500,0.5136337790813532,0.9497206703910615,20.0,0.5711554425414089
20200304,2020,004430,송원산업,기타화학제품제조업,11750,170.0,1997500.0,11882.0,13831.0,20200514,282000000000,0.5328412827661544,0.9470899470899471,21.0,0.16400768621668327
20200304,2020,028150,GS홈쇼핑,텔레비전방송업,127300,15.0,1909500.0,125852.0,125030.0,20200508,835406250000,0.5175606499377765,0.9441340782122905,22.0,-0.006531009733269366
20200304,2020,161890,한국콜마,기타화학제품제조업,42500,47.0,1997500.0,42994.0,43885.0,20200508,972450150000,0.5318061928231268,0.9417989417989417,23.0,0.020723187014953348
20200304,2020,042520,한스바이오메드,의료용품및기타의약관련제품제조업,21700,92.0,1996400.0,21902.0,21446.0,20200708,214883251800,0.5453518533469272,0.9385474860335196,24.0,-0.02085034273154074
20200304,2020,030000,제일기획,광고업,19850,100.0,1985000.0,20090.0,17689.0,20200508,2283568316250,0.5246910186092423,0.9365079365079365,25.0,-0.11949951554501359
20200304,2020,042000,카페24,"자료처리,호스팅,포털및기타인터넷정보매개서비스업",35100,56.0,1965600.0,17780.0,22179.0,20200511,331013954700,0.5224696911163759,0.9329608938547486,26.0,0.2474119937024597
20200304,2020,011170,롯데케미칼,기초화학물질제조업,183500,10.0,1835000.0,174975.0,186344.0,20200508,6289539386500,0.5336778260919711,0.9312169312169312,27.0,0.0649807195507357
20200304,2020,263750,펄어비스,소프트웨어개발및공급업,178900,11.0,1967900.0,36016.0,41964.0,20200508,2329814700000,0.5031955756269677,0.9273743016759777,28.0,0.16513251683412822
20200304,2020,004990,롯데지주,기타금융업,29850,67.0,1999950.0,30929.0,38733.0,20200508,3131540724450,0.5441930590938167,0.9259259259259259,29.0,0.25230177894033456
20200304,2020,215600,신라젠,자연과학및공학연구개발업,11700,170.0,1989000.0,7726.0,10042.0,20221028,837159862500,0.5173910315471282,0.9217877094972067,30.0,0.299713543481692
20200304,2020,286940,롯데이노베이트,"컴퓨터프로그래밍,시스템통합및관리업",32450,61.0,1979450.0,32657.0,43420.0,20210609,499610940950,0.5316845538647423,0.9206349206349206,31.0,0.32956085411051994
20200304,2020,036930,주성엔지니어링,특수목적용기계제조업,6370,313.0,1993810.0,6374.0,5493.0,20200512,307347480440,0.5037084476565914,0.9162011173184358,32.0,-0.13819764233814014
20200304,2020,006260,LS,기타금융업,36200,55.0,1991000.0,38084.0,36339.0,20200508,1165640000000,0.543095795286273,0.9153439153439153,33.0,-0.04581721236773917
20200304,2020,214150,클래시스,의료용기기제조업,11400,175.0,1995000.0,11599.0,12199.0,20200508,737684515200,0.5141948243027077,0.9106145251396648,34.0,0.051744112112323215
20200304,2020,011780,금호석유화학,기초화학물질제조업,61900,32.0,1980800.0,66030.0,72146.0,20200508,1885950072900,0.5305222699616124,0.91005291005291,35.0,0.09263714735599793
20200304,2020,083790,CG인바이츠,자연과학및공학연구개발업,11650,171.0,1992150.0,7912.0,8812.0,20200508,485145190600,0.5163334972287434,0.9050279329608939,36.0,0.11379389375855631
20200304,2020,025540,한국단자,"전동기,발전기및전기변환ㆍ공급ㆍ제어장치제조업",32550,61.0,1985550.0,32713.0,36172.0,20200714,339008250000,0.5450889941361454,0.9047619047619048,37.0,0.10574114851888772
20200304,2020,006650,대한유화,기초화학물질제조업,91100,21.0,1913100.0,91061.0,128593.0,20200508,592150000000,0.5288371106623665,0.8994708994708994,38.0,0.4121623627027806
20200304,2020,176440,에이치엔티,전자부품제조업,2710,738.0,1999980.0,2630.0,,,232353624950,0.4992333249788436,0.8994413407821229,39.0,-0.1217044097295088
20200304,2020,017800,현대엘리베이터,일반목적용기계제조업,55400,36.0,1994400.0,37692.0,43749.0,20200508,1506843103600,0.5359272202272871,0.8941798941798942,40.0,0.16071755866543214
20200304,2020,144510,지씨셀,"그외기타전문,과학및기술서비스업",30950,64.0,1980800.0,31674.0,42270.0,20200508,326647971300,0.4950185494701621,0.8938547486033519,41.0,0.3345408582931333
20200304,2020,008930,한미사이언스,기타금융업,31150,64.0,1993600.0,31786.0,28195.0,20200508,2056247291350,0.5399289760382158,0.8888888888888888,42.0,-0.1129980246102581
20200304,2020,030190,NICE평가정보,기타정보서비스업,15950,125.0,1993750.0,15905.0,18305.0,20200508,968401379000,0.49162891635555106,0.888268156424581,43.0,0.15085836310294964
20200304,2020,298000,효성화학,기초화학물질제조업,108000,18.0,1944000.0,109895.0,98475.0,20200821,344533608000,0.528103045120846,0.8835978835978836,44.0,-0.10391561052398723
20200304,2020,067990,도이치모터스,자동차판매업,7230,276.0,1995480.0,7214.0,7070.0,20210331,202710004350,0.5000001512859525,0.88268156424581,45.0,-0.020020647333464425
20200304,2020,092730,네오팜,기타화학제품제조업,34200,58.0,1983600.0,17751.0,15954.0,20200515,280691746200,0.5154983574648794,0.8603351955307262,53.0,-0.10127926476913718
20200304,2020,263050,유틸렉스,기초의약물질제조업,56000,35.0,1960000.0,18980.0,19472.0,20200508,415781744000,0.5038349309353984,0.8212290502793296,67.0,0.025896642362532418
20200304,2020,004020,현대제철,1차철강제조업,24400,81.0,1976400.0,25397.0,21289.0,20200508,3256077154000,0.5284727052334621,0.8201058201058201,68.0,-0.16175164426357325
20200304,2020,038540,상상인,"컴퓨터프로그래밍,시스템통합및관리업",7870,254.0,1998980.0,7904.0,8074.0,20200508,435433823310,0.5125197131844276,0.8100558659217877,71.0,0.02158418825212216
20200304,2020,251270,넷마블,소프트웨어개발및공급업,94300,21.0,1980300.0,96312.0,97816.0,20200508,8086425293200,0.5035631919777118,0.7724867724867724,85.0,0.015617876955328125
20200507,2020,034220,LG디스플레이,전자부품제조업,10800,185.0,1998000.0,10071.0,11269.0,20200707,3864409560000,0.5239122310708078,1.0,1.0,0.11892888242390542
20200507,2020,086900,메디톡스,기초의약물질제조업,125500,15.0,1882500.0,128022.0,180459.0,20200707,750169849500,0.5222326527078544,1.0,2.0,0.40958771026582697
20200507,2020,009830,한화솔루션,기초화학물질제조업,14300,139.0,1987700.0,17300.0,57386.0,20201013,2309153847000,0.531458743459097,0.9949494949494949,3.0,2.317132929366881
20200507,2020,049950,미래컴퍼니,특수목적용기계제조업,30400,65.0,1976000.0,28558.0,26815.0,20200811,254214102400,0.5056991012589029,0.9947916666666666,4.0,-0.06104768856592002
20200507,2020,005930,삼성전자,통신및방송장비제조업,48800,40.0,1952000.0,48772.0,53377.0,20200707,291325388440000,0.5224546980486953,0.98989898989899,5.0,0.09441369470572747
20200507,2020,052710,아모텍,전자부품제조업,21850,91.0,1988350.0,14599.0,19550.0,20200707,212893421100,0.5225184924637943,0.9895833333333334,6.0,0.3391597083740814
20200507,2020,008930,한미사이언스,기타금융업,28900,69.0,1994100.0,28195.0,54979.0,20201013,1907722206100,0.525032298772974,0.9848484848484849,7.0,0.9499928881851645
20200507,2020,290510,코리아센터,소프트웨어개발및공급업,16000,125.0,2000000.0,5262.0,6469.0,20201013,384496768000,0.5124450211729425,0.984375,8.0,0.22925409882356962
20200507,2020,322000,HD현대에너지솔루션,반도체제조업,20450,97.0,1983650.0,22117.0,43880.0,20210108,229040000000,0.5138945008809508,0.9797979797979798,9.0,0.9840216480669624
20200507,2020,112040,위메이드,소프트웨어개발및공급업,24400,81.0,1976400.0,12578.0,19212.0,20201013,409920000000,0.5117058737885126,0.9791666666666666,10.0,0.5274316794888512
20200507,2020,000660,SK하이닉스,반도체제조업,82400,24.0,1977600.0,85110.0,84871.0,20200707,59987394876000,0.5135793977870042,0.9747474747474747,11.0,-0.0028105013981158944
20200507,2020,270870,뉴트리,도시락및식사용조리식품제조업,24650,81.0,1996650.0,24869.0,27869.0,20200707,223642646600,0.5085556065456001,0.9739583333333334,12.0,0.12061987009546615
20200507,2020,034730,SK,기타금융업,182000,10.0,1820000.0,182641.0,261200.0,20200707,12805574054000,0.5221138308537965,0.9696969696969697,13.0,0.43012851745402303
20200507,2020,053980,오상자이엘,"컴퓨터프로그래밍,시스템통합및관리업",11450,174.0,1992300.0,11527.0,,,203213248900,0.5152698229774348,0.96875,14.0,0.008707440045766068
20200507,2020,002380,KCC,기타화학제품제조업,157500,12.0,1890000.0,157325.0,135408.0,20200707,1399619182500,0.5085861349817298,0.9646464646464646,15.0,-0.1393096169590139
20200507,2020,243840,신흥에스이씨,일차전지및이차전지제조업,30550,65.0,1985750.0,6512.0,8722.0,20200707,205363973750,0.5179217040189803,0.9635416666666666,16.0,0.3393782591886283
20200507,2020,066570,LG전자,통신및방송장비제조업,54700,36.0,1969200.0,55068.0,65353.0,20200707,8951535425800,0.515312559918808,0.9595959595959596,17.0,0.18675781771454303
20200507,2020,042520,한스바이오메드,의료용품및기타의약관련제품제조업,20450,97.0,1983650.0,21798.0,21197.0,20200717,202505184300,0.5515320931946588,0.9583333333333334,18.0,-0.027562227191154642
20200507,2020,093370,후성,기초화학물질제조업,6890,290.0,1998100.0,6744.0,7856.0,20200707,638060982910,0.5196988031569947,0.9545454545454546,19.0,0.16495662047167237
20200507,2020,208340,파멥신,의약품제조업,33150,60.0,1989000.0,12195.0,15225.0,20200727,229093318350,0.5464018923316575,0.953125,20.0,0.24841016016942286
20200507,2020,042700,한미반도체,특수목적용기계제조업,8380,238.0,1994440.0,4384.0,19340.0,20211122,431582578380,0.5019212011695326,0.9494949494949495,21.0,3.411649252741811
20200507,2020,238090,앤디포스,플라스틱제품제조업,4110,486.0,1997460.0,11172.0,16890.0,20200907,209195991480,0.5219240935751333,0.9479166666666666,22.0,0.5118460975535111
20200507,2020,010060,OCI홀딩스,기초화학물질제조업,38800,51.0,1978800.0,32630.0,33070.0,20200707,925355594800,0.518177212980266,0.9444444444444444,23.0,0.013466543390141528
20200507,2020,226950,올릭스,자연과학및공학연구개발업,38250,52.0,1989000.0,19362.0,23641.0,20200707,251031728250,0.546012053287247,0.9427083333333334,24.0,0.2210065253472806
20200507,2020,030000,제일기획,광고업,17350,115.0,1995250.0,17689.0,17337.0,20200707,1995965253750,0.5255464170561452,0.9393939393939394,25.0,-0.019912117829053555
20200507,2020,067290,JW신약,의약품제조업,4860,411.0,1997460.0,3614.0,3678.0,20200721,202502426760,0.5439425824537616,0.9375,26.0,0.017774651638468697
20200507,2020,004710,한솔테크닉스,전자부품제조업,6850,291.0,1993350.0,7626.0,10493.0,20210108,219952664300,0.5134826288439551,0.9343434343434344,27.0,0.376020568791936
20200507,2020,214150,클래시스,의료용기기제조업,11950,167.0,1995650.0,12199.0,14098.0,20200707,773274557600,0.5066486821805625,0.9322916666666666,28.0,0.15569830069159618
20200507,2020,003070,코오롱글로벌,토목건설업,8130,246.0,1999980.0,8085.0,17270.0,20200827,204960860940,0.5090189332166896,0.9292929292929293,29.0,1.1358824875037388
20200507,2020,041510,에스엠,오디오물출판및원판녹음업,28350,70.0,1984500.0,28338.0,29383.0,20200707,664793353350,0.5133767940096692,0.9270833333333334,30.0,0.03685991940426736
20200507,2020,034020,두산에너빌리티,일반목적용기계제조업,3920,510.0,1999200.0,3489.0,4088.0,20200707,992311849760,0.527572086806726,0.9242424242424242,31.0,0.17173825871500736
20200507,2020,039030,이오테크닉스,특수목적용기계제조업,76800,26.0,1996800.0,81837.0,105360.0,20200707,946141440000,0.500311798055633,0.921875,32.0,0.2874317184478765
20200507,2020,161890,한국콜마,기타화학제품제조업,43950,45.0,1977750.0,43885.0,42780.0,20200707,1005627861000,0.5053604500688629,0.9191919191919192,33.0,-0.025196417850002706
20200507,2020,099190,아이센스,의료용기기제조업,23350,85.0,1984750.0,12033.0,12583.0,20200707,320764507300,0.5062987619643295,0.9166666666666666,34.0,0.04566832897831441
20200507,2020,081000,일진다이아,기타화학제품제조업,23750,84.0,1995000.0,24065.0,27643.0,20220413,337320656250,0.5048494525875986,0.9141414141414141,35.0,0.14865778651317707
20200507,2020,067160,SOOP,소프트웨어개발및공급업,59200,33.0,1953600.0,60061.0,67539.0,20200707,680490206400,0.5041893765881615,0.9114583333333334,36.0,0.12449428643043836
20200507,2020,078930,GS,기타금융업,38250,52.0,1989000.0,38372.0,36721.0,20200707,3554013208500,0.5125967098788675,0.9090909090909091,37.0,-0.04304024400036588
20200507,2020,036800,나이스정보통신,전기통신업,29400,68.0,1999200.0,29491.0,26504.0,20221219,294000000000,0.5006061172506311,0.90625,38.0,-0.10129878579758689
20200507,2020,003230,삼양식품,도시락및식사용조리식품제조업,111500,17.0,1895500.0,114034.0,123033.0,20200707,839931172500,0.5014890456380433,0.9040404040404041,39.0,0.07891314072779432
20200507,2020,045970,코아시아,"그외기타전문,과학및기술서비스업",8400,238.0,1999200.0,8800.0,9208.0,20200707,219532656000,0.5000006158595909,0.9010416666666666,40.0,0.04630801827410114
20200507,2020,005420,코스모화학,기타화학제품제조업,7770,257.0,1996890.0,6825.0,7005.0,20200708,202881110250,0.5043765251311632,0.898989898989899,41.0,0.026410032767114844
20200507,2020,166480,코아스템켐온,의약품제조업,14550,137.0,1993350.0,12538.0,13690.0,20200707,228688752000,0.5408558247348243,0.8958333333333334,42.0,0.09190298880156611
20200507,2020,028050,삼성E&A,"건축기술,엔지니어링및관련기술서비스업",11600,172.0,1995200.0,11662.0,12254.0,20200707,2273600000000,0.5345016672232616,0.8939393939393939,43.0,0.05075535514125096
20200507,2020,200670,휴메딕스,의약품제조업,20250,98.0,1984500.0,21240.0,26587.0,20200708,201916678500,0.5406163002779851,0.890625,44.0,0.25174516842114025
20200507,2020,267260,HD현대일렉트릭,"전동기,발전기및전기변환ㆍ공급ㆍ제어장치제조업",8050,248.0,1996400.0,8073.0,8095.0,20200707,290179436750,0.5221164745291413,0.8888888888888888,45.0,0.002715071126420776
20200507,2020,143160,아이디스,통신및방송장비제조업,23600,84.0,1982400.0,23803.0,25112.0,20201022,252906804000,0.5106308615009599,0.8854166666666666,46.0,0.055007699426372625
20200507,2020,096770,SK이노베이션,석유정제품제조업,98700,20.0,1974000.0,96923.0,131199.0,20200707,9126351166800,0.5159030325401965,0.8838383838383839,47.0,0.35364304746773967
20200507,2020,084110,휴온스글로벌,의약품제조업,33500,59.0,1976500.0,31019.0,28321.0,20200720,384048254500,0.5403568004232067,0.8802083333333334,48.0,-0.08695363005970713
20200507,2020,004020,현대제철,1차철강제조업,20950,95.0,1990250.0,21289.0,21237.0,20200707,2795689195750,0.5361188069795999,0.8686868686868687,53.0,-0.002435585136227214
20200507,2020,083790,CG인바이츠,자연과학및공학연구개발업,13000,153.0,1989000.0,8812.0,8579.0,20200707,546927823000,0.5446407148882899,0.8020833333333334,79.0,-0.026473689189332572
20200706,2020,002380,KCC,기타화학제품제조업,136000,14.0,1904000.0,135408.0,141884.0,20200904,1208560056000,0.5264130870023038,1.0,1.0,0.04782261297045576
20200706,2020,214870,뉴지랩파마,통신및방송장비제조업,12850,155.0,1991750.0,64233.0,87813.0,20200904,337433264300,0.5172017976941827,1.0,2.0,0.36710400665087617
20200706,2020,030530,원익홀딩스,기타금융업,4770,419.0,1998630.0,4629.0,4394.0,20201006,368425169370,0.5269371087418784,0.9948979591836735,3.0,-0.05078567081866048
20200706,2020,204320,HL만도,자동차신품부품제조업,23450,85.0,1993250.0,23237.0,30757.0,20200904,1101144464000,0.5306407151709729,0.9942196531791907,4.0,0.32362998135470256
20200706,2020,079940,가비아,소프트웨어개발및공급업,14950,133.0,1988350.0,15303.0,16402.0,20200904,202358475800,0.5446446829202736,0.9897959183673469,5.0,0.07180317898467181
20200706,2020,006840,AK홀딩스,기타금융업,19200,104.0,1996800.0,19200.0,26296.0,20210115,254353171200,0.5223903657044819,0.9884393063583815,6.0,0.3696075597746553
20200706,2020,082920,비츠로셀,일차전지및축전지제조업,16550,120.0,1986000.0,8331.0,8381.0,20200904,356472965600,0.5060831721301913,0.9846938775510204,7.0,0.005992100562527858
20200706,2020,000660,SK하이닉스,반도체제조업,86000,23.0,1978000.0,84871.0,78761.0,20200904,62608203390000,0.5100643292009954,0.9826589595375722,8.0,-0.07199160286984552
20200706,2020,270870,뉴트리,기타식품제조업,27150,73.0,1981950.0,27869.0,22662.0,20200918,246324456600,0.5232252910376233,0.9795918367346939,9.0,-0.1868233639949598
20200706,2020,002790,아모레퍼시픽홀딩스,기타화학제품제조업,53200,37.0,1968400.0,52174.0,51180.0,20200904,4386775176000,0.5197690580910121,0.976878612716763,10.0,-0.019054779817982537
20200706,2020,086450,동국제약,의약품제조업,137000,14.0,1918000.0,26308.0,26206.0,20200923,1218204000000,0.5405327337745987,0.9744897959183674,11.0,-0.003907774201076797
20200706,2020,012630,HDC,기타금융업,8660,230.0,1991800.0,8595.0,10461.0,20201203,517363303860,0.5157922575132201,0.9710982658959537,12.0,0.21702631984648013
20200706,2020,084110,휴온스글로벌,의약품제조업,34000,58.0,1972000.0,30234.0,49487.0,20210416,389780318000,0.5387753180771628,0.9693877551020408,13.0,0.6368359944926951
20200706,2020,000990,DB하이텍,반도체제조업,30400,65.0,1976000.0,29422.0,34733.0,20200904,1349717075200,0.5070643109052693,0.9653179190751445,14.0,0.18049566187505373
20200706,2020,226950,올릭스,자연과학및공학연구개발업,46650,42.0,1959300.0,23641.0,27064.0,20200904,306160264650,0.5586681840018202,0.9642857142857143,15.0,0.14478591675968722
20200706,2020,004020,현대제철,1차철강제조업,21450,93.0,1994850.0,21237.0,25092.0,20200904,2862412088250,0.529837670874862,0.9595375722543352,16.0,0.18148979319473124
20200706,2020,243070,휴온스,의약품제조업,62000,32.0,1984000.0,51284.0,59307.0,20200904,612606128000,0.5374681864659259,0.9591836734693877,17.0,0.1564580597097629
20200706,2020,048260,오스템임플란트,의료용기기제조업,30300,66.0,1999800.0,254680.0,344953.0,20200904,432857225100,0.539014190780098,0.9540816326530612,18.0,0.35445657765606087
20200706,2020,000720,현대건설,토목건설업,34600,57.0,1972200.0,32977.0,31129.0,20200904,3852909469000,0.5115495644126079,0.953757225433526,19.0,-0.05603859676129619
20200706,2020,045520,크린앤사이언스,일반목적용기계제조업,36850,54.0,1989900.0,36849.0,31535.0,20200915,239525000000,0.5285927530768537,0.9489795918367347,20.0,-0.1442059592117061
20200706,2020,005880,대한해운,해상운송업,17250,115.0,1983750.0,1592.0,2747.0,20201224,421367630250,0.5031811586430487,0.9479768786127167,21.0,0.7255706052318562
20200706,2020,047310,파워로직스,"전동기,발전기및전기변환ㆍ공급ㆍ제어장치제조업",7260,275.0,1996500.0,7308.0,7338.0,20200904,249896329320,0.534793074777951,0.9438775510204082,22.0,0.004118905933399253
20200706,2020,066570,LG전자,통신및방송장비제조업,68100,29.0,1974900.0,65353.0,83828.0,20200904,11144416133400,0.5069067135867493,0.9421965317919075,23.0,0.282697634905976
20200706,2020,033500,동성화인텍,기초화학물질제조업,9010,221.0,1991210.0,8930.0,10137.0,20200904,243122317090,0.5329486753659594,0.9387755102040817,24.0,0.13513127255491453
20200706,2020,010950,S-Oil,석유정제품제조업,64000,31.0,1984000.0,63985.0,56900.0,20200904,7205298688000,0.5262020071226934,0.9364161849710982,25.0,-0.11073513747157437
20200706,2020,036490,SK머티리얼즈,기초화학물질제조업,201900,9.0,1817100.0,197690.0,248653.0,20200904,2129575178700,0.5322573997896785,0.9336734693877551,26.0,0.2577933374627377
20200706,2020,089590,제주항공,항공여객운송업,16400,121.0,1984400.0,13785.0,15504.0,20201203,432250831200,0.5149637056911437,0.930635838150289,27.0,0.12472245245041602
20200706,2020,140410,메지온,자연과학및공학연구개발업,170800,11.0,1878800.0,59893.0,55247.0,20200904,1486976601600,0.5576749264626731,0.9285714285714286,28.0,-0.07756688596981687
20200706,2020,023530,롯데쇼핑,종합소매업,81700,24.0,1960800.0,80712.0,78618.0,20200904,2311191283500,0.5314233557831303,0.9248554913294798,29.0,-0.025945132683413696
20200706,2020,000250,삼천당제약,의약품제조업,37000,54.0,1998000.0,37047.0,54377.0,20210420,817915081000,0.5328892041097211,0.923469387755102,30.0,0.4677841766952029
20200706,2020,090430,아모레퍼시픽,기타화학제품제조업,163000,12.0,1956000.0,163454.0,169503.0,20200904,9528733870000,0.5153338329696976,0.9190751445086706,31.0,0.037005188615686135
20200706,2020,041960,코미팜,의약품제조업,16950,117.0,1983150.0,15317.0,13497.0,20200904,1087950598200,0.5326659949630809,0.9183673469387755,32.0,-0.1187801021348679
20200706,2020,006060,화승인더,플라스틱제품제조업,7050,283.0,1995150.0,7457.0,7119.0,20200904,390006000000,0.523742704220096,0.9132947976878613,33.0,-0.045334686546313674
20200706,2020,038540,상상인,"컴퓨터프로그래밍,시스템통합및관리업",6060,330.0,1999800.0,6042.0,8582.0,20210608,335289576780,0.5108993154208678,0.9132653061224489,34.0,0.42054320583541305
20200706,2020,263750,펄어비스,소프트웨어개발및공급업,215500,9.0,1939500.0,43716.0,40835.0,20200904,2818707675000,0.5406949644046983,0.9081632653061225,35.0,-0.06590208258919039
20200706,2020,079980,휴비스,화학섬유제조업,6130,326.0,1998380.0,6089.0,8557.0,20200917,211485000000,0.49811563957281535,0.9075144508670521,36.0,0.4053371293236838
20200706,2020,089980,상아프론테크,플라스틱제품제조업,28200,70.0,1974000.0,28718.0,48023.0,20200904,438081472800,0.5270863285573921,0.9030612244897959,37.0,0.6722374550202814
20200706,2020,248170,샘표식품,기타식품제조업,44250,45.0,1991250.0,45028.0,46589.0,20200904,202146655500,0.5147589731718067,0.9017341040462428,38.0,0.03466041474693782
20200706,2020,067290,JW신약,의약품제조업,4950,404.0,1999800.0,3678.0,4886.0,20200917,206252471700,0.5311851539209814,0.8979591836734694,39.0,0.32853498209832277
20200706,2020,000670,영풍,1차비철금속제조업,487000,4.0,1948000.0,46059.0,57436.0,20210318,897073480000,0.5244604149868499,0.8959537572254336,40.0,0.2470054385294973
20200706,2020,140860,파크시스템스,"측정,시험,항해,제어및기타정밀기기제조업;광학기기제외",51700,38.0,1964600.0,51581.0,66951.0,20200911,344738443500,0.5252986736867568,0.8928571428571429,41.0,0.29798262980130086
20200706,2020,005420,코스모화학,기타화학제품제조업,8140,245.0,1994300.0,6936.0,9467.0,20200904,212542115500,0.5124260719210314,0.8901734104046243,42.0,0.36482228983620524
20200706,2020,092730,네오팜,기타화학제품제조업,34350,58.0,1992300.0,17437.0,14923.0,20200914,281922850350,0.515011058862886,0.8877551020408163,43.0,-0.14419650230054337
20200706,2020,267260,HD현대일렉트릭,"전동기,발전기및전기변환ㆍ공급ㆍ제어장치제조업",8060,248.0,1998880.0,8095.0,17388.0,20200909,290539908100,0.5211706232967251,0.8554913294797688,55.0,1.147926388888271
20200706,2020,067160,SOOP,소프트웨어개발및공급업,67400,29.0,1954600.0,67539.0,59920.0,20200904,774747295800,0.5392689065155573,0.8418367346938775,60.0,-0.11280233496388536
20200706,2020,041510,에스엠,오디오물출판및원판녹음업,28600,69.0,1973400.0,29383.0,38682.0,20200904,670655728600,0.5293113865011781,0.8061224489795918,73.0,0.3164953335804641
20200706,2020,003230,삼양식품,기타식품제조업,125000,16.0,2000000.0,123033.0,108055.0,20200904,941626875000,0.5092816498511673,0.791907514450867,78.0,-0.12174034506489917
20200706,2020,166480,코아스템켐온,의약품제조업,16650,120.0,1998000.0,13690.0,23532.0,20200904,261695376000,0.5250689947957513,0.7908163265306123,79.0,0.718920904577548
20200706,2020,010060,OCI홀딩스,기초화학물질제조업,42100,47.0,1978700.0,33070.0,53888.0,20200904,1004058519100,0.5122795137393383,0.7803468208092486,83.0,0.6295252361926655
20200706,2020,030000,제일기획,광고업,17800,112.0,1993600.0,17337.0,18187.0,20200904,2047733805000,0.5078941197685933,0.7687861271676301,87.0,0.049047676755115344
20200903,2020,078930,GS,기타금융업,33500,59.0,1976500.0,33421.0,34474.0,20201109,3112665163000,0.521604474841771,1.0,1.0,0.03151289035237759
20200903,2020,270870,뉴트리,기타식품제조업,23500,85.0,1997500.0,23363.0,27204.0,20210208,213209014000,0.5306333754253885,1.0,2.0,0.16440205204639557
20200903,2020,288330,파라택시스코리아,기초의약물질및생물학적제제제조업,34250,58.0,1986500.0,8097.0,9410.0,20201126,218756736500,0.5160317171931142,0.9956521739130435,3.0,0.1621584961474083
20200903,2020,000660,SK하이닉스,반도체제조업,78700,25.0,1967500.0,78761.0,86071.0,20201109,57293786125500,0.5167107705332603,0.9950248756218906,4.0,0.09281329685687645
20200903,2020,084990,헬릭스미스,자연과학및공학연구개발업,48050,41.0,1970050.0,39210.0,17319.0,20201109,1286092557700,0.5473699644673411,0.991304347826087,5.0,-0.5583055219998023
20200903,2020,308170,씨티알모빌리티,자동차신품부품제조업,25150,79.0,1986850.0,24520.0,27559.0,20210129,216541500000,0.5183587602140252,0.9900497512437811,6.0,0.12396010855371298
20200903,2020,214870,뉴지랩파마,통신및방송장비제조업,15900,125.0,1987500.0,87813.0,68985.0,20201109,462229027200,0.5098762927430835,0.9869565217391304,7.0,-0.21441286061882792
20200903,2020,000990,DB하이텍,반도체제조업,35850,55.0,1971750.0,34733.0,35043.0,20201109,1591689379800,0.5162160153569155,0.9850746268656716,8.0,0.00893589777426973
20200903,2020,098460,고영,특수목적용기계제조업,88500,22.0,1947000.0,17265.0,18182.0,20201109,1215189163500,0.5156981932541556,0.9826086956521739,9.0,0.05314343456550108
20200903,2020,006060,화승인더,플라스틱제품제조업,7280,274.0,1994720.0,7119.0,7239.0,20201109,402729600000,0.5206726065269636,0.9800995024875622,10.0,0.01682542076264104
20200903,2020,237880,클리오,기타화학제품제조업,17150,116.0,1989400.0,17028.0,21978.0,20210421,294124009200,0.5238512426581139,0.9782608695652174,11.0,0.2906701471786872
20200903,2020,008060,대덕,전자부품제조업,6260,319.0,1996940.0,6155.0,7586.0,20210420,212152339000,0.5111492699297239,0.9751243781094527,12.0,0.2324938466753721
20200903,2020,036890,진성티이씨,특수목적용기계제조업,8980,222.0,1993560.0,10249.0,11046.0,20201109,201890766640,0.5151806883833938,0.9739130434782609,13.0,0.07776957656061723
20200903,2020,001430,세아베스틸지주,1차철강제조업,10200,196.0,1999200.0,10101.0,12397.0,20210202,365793613800,0.5145551610377344,0.9701492537313433,14.0,0.22736360462260286
20200903,2020,155650,와이엠씨,전자부품제조업,11650,171.0,1992150.0,11241.0,,,232701270700,0.5146931418756457,0.9695652173913043,15.0,-0.11499240260736954
20200903,2020,092730,네오팜,기타화학제품제조업,28650,69.0,1976850.0,14513.0,14666.0,20201203,235140892650,0.520186363682694,0.9652173913043478,16.0,0.010553395404939492
20200903,2020,000720,현대건설,토목건설업,32350,61.0,1973350.0,31129.0,30888.0,20201109,3602358997750,0.4914372686133999,0.9651741293532339,17.0,-0.007727084380582894
20200903,2020,078070,유비쿼스홀딩스,통신및방송장비제조업,28300,70.0,1981000.0,32293.0,28400.0,20201130,529114572400,0.5073445877441756,0.9608695652173913,18.0,-0.1205490561710355
20200903,2020,298020,효성티앤씨,화학섬유제조업,99500,20.0,1990000.0,98243.0,176066.0,20201109,430604359000,0.5318123910654353,0.9601990049751243,19.0,0.7921388455898084
20200903,2020,263690,디알젬,의료용기기제조업,18400,108.0,1987200.0,17899.0,,,208391224000,0.5160637720243344,0.9565217391304348,20.0,-0.03287700986964026
20200903,2020,004990,롯데지주,기타금융업,30400,65.0,1976000.0,30024.0,30273.0,20201109,3189240804800,0.5064681305943689,0.9552238805970149,21.0,0.008293682085895204
20200903,2020,036490,SK머티리얼즈,기초화학물질제조업,251500,7.0,1760500.0,248653.0,238147.0,20201109,2652739759500,0.5319261110571947,0.9521739130434783,22.0,-0.042250012220264144
20200903,2020,018260,삼성에스디에스,"컴퓨터프로그래밍,시스템통합및관리업",159500,12.0,1914000.0,157090.0,175169.0,20201109,12341759100000,0.5154870206243574,0.9502487562189055,23.0,0.11508907566543192
20200903,2020,074430,아미노로직스,기타전문도매업,2495,801.0,1998495.0,2414.0,2454.0,20220428,219127975780,0.5159509090782803,0.9478260869565217,24.0,0.016591920394567694
20200903,2020,006490,인스코비,전기통신업,2350,851.0,1999850.0,2307.0,2397.0,20201109,232915777950,0.5054114669453378,0.945273631840796,25.0,0.038994687560764074
20200903,2020,243070,휴온스,의약품제조업,72600,27.0,1960200.0,59307.0,49954.0,20201109,717342014400,0.557047092211063,0.9434782608695652,26.0,-0.15770536560464454
20200903,2020,023530,롯데쇼핑,종합소매업,79300,25.0,1982500.0,78618.0,89897.0,20201109,2243298271500,0.5325367345396128,0.9402985074626866,27.0,0.14347342795480533
20200903,2020,028150,GS홈쇼핑,텔레비전방송업,120400,16.0,1926400.0,117966.0,146218.0,20201109,790125000000,0.513681972701528,0.9391304347826087,28.0,0.23950022239993118
20200903,2020,047040,대우건설,건물건설업,3005,665.0,1998325.0,2983.0,3294.0,20201109,1248946027190,0.5180918254576672,0.9353233830845771,29.0,0.10406182440394196
20200903,2020,033500,동성화인텍,기초화학물질제조업,9680,206.0,1994080.0,10137.0,10887.0,20201109,261201335120,0.5297820506570803,0.9347826086956522,30.0,0.07400908778155779
20200903,2020,082920,비츠로셀,일차전지및축전지제조업,16800,119.0,1999200.0,8381.0,7553.0,20210609,361857753600,0.5175617074641063,0.9304347826086956,31.0,-0.09884435616033693
20200903,2020,066570,LG전자,통신및방송장비제조업,85700,23.0,1971100.0,83828.0,87149.0,20201109,14024617659800,0.5025431975060537,0.9303482587064676,32.0,0.039620704892677994
20200903,2020,208340,파멥신,의약품제조업,27150,73.0,1981950.0,19061.0,13907.0,20201109,376684122750,0.5543287411634313,0.9260869565217391,33.0,-0.27037090390091345
20200903,2020,028050,삼성E&A,"건축기술,엔지니어링및관련기술서비스업",11550,173.0,1998150.0,11400.0,11452.0,20201109,2263800000000,0.5189445967679922,0.9253731343283582,34.0,0.004532325957201877
20200903,2020,104830,원익머트리얼즈,기초화학물질제조업,27150,73.0,1981950.0,26179.0,27483.0,20201109,342307200000,0.5284085220246659,0.9217391304347826,35.0,0.049813271025964
20200903,2020,010620,현대미포조선,선박및보트건조업,30900,64.0,1977600.0,30332.0,34641.0,20201109,1234212404100,0.511120641261354,0.9203980099502488,36.0,0.14207623649492396
20200903,2020,263050,유틸렉스,기초의약물질및생물학적제제제조업,36600,54.0,1976400.0,22349.0,19899.0,20201109,546659686200,0.5081404405139209,0.9173913043478261,37.0,-0.10964102256858033
20200903,2020,010950,S-Oil,석유정제품제조업,57400,34.0,1951600.0,56900.0,57885.0,20201109,6462252260800,0.52852754140638,0.9154228855721394,38.0,0.017324997711411605
20200903,2020,278280,천보,기초화학물질제조업,159800,12.0,1917600.0,160979.0,179324.0,20201109,1598000000000,0.5271860688534196,0.9130434782608695,39.0,0.11395464451119608
20200903,2020,093050,LF,봉제의복제조업,13850,144.0,1994400.0,13939.0,15132.0,20201203,404974000000,0.4868301618534999,0.9104477611940298,40.0,0.08566007805479892
20200903,2020,058110,멕아이씨에스,의료용기기제조업,42800,46.0,1968800.0,19900.0,16057.0,20201110,289688247600,0.5135116571803392,0.908695652173913,41.0,-0.19310553584404966
20200903,2020,003230,삼양식품,기타식품제조업,111000,18.0,1998000.0,108055.0,102537.0,20201109,836164665000,0.5066352095618318,0.9054726368159204,42.0,-0.051059618153249775
20200903,2020,284620,카이노스메드,자연과학및공학연구개발업,4640,431.0,1999840.0,21658.0,19295.0,20201109,486349409120,0.5414404743699288,0.9043478260869565,43.0,-0.1091078547990495
20200903,2020,103140,풍산,1차비철금속제조업,23400,85.0,1989000.0,23018.0,25774.0,20201109,655768105200,0.4907472653847403,0.900497512437811,44.0,0.11973706593128108
20200903,2020,047310,파워로직스,"전동기,발전기및전기변환ㆍ공급ㆍ제어장치제조업",7480,267.0,1997160.0,7338.0,8742.0,20201109,257468945360,0.5467120390342842,0.9,45.0,0.19125486006862835
20200903,2020,226950,올릭스,자연과학및공학연구개발업,54900,36.0,1976400.0,27064.0,34669.0,20201109,360633762900,0.5408982135639269,0.8782608695652174,54.0,0.2809811213073057
20200903,2020,002790,아모레퍼시픽홀딩스,기타화학제품제조업,52100,38.0,1979800.0,51180.0,46777.0,20201109,4296071178000,0.5015179543680657,0.8557213930348259,64.0,-0.08603267089193622
20200903,2020,067290,JW신약,의약품제조업,6640,301.0,1998640.0,4917.0,4070.0,20201109,276669982240,0.5481684927661775,0.8521739130434782,65.0,-0.17232770251747598
20200903,2020,002380,KCC,기타화학제품제조업,146500,13.0,1904500.0,141884.0,162859.0,20201109,1301868001500,0.49930169003896707,0.845771144278607,68.0,0.1478383302496309
20200903,2020,041960,코미팜,의약품제조업,15400,129.0,1986600.0,13497.0,11860.0,20201109,988462490400,0.545334050289626,0.8,88.0,-0.12131532883291207
20201106,2020,041960,코미팜,의약품제조업,13000,153.0,1989000.0,11860.0,11312.0,20210111,834416388000,0.548310945670084,1.0,1.0,-0.04620958631168404
20201106,2020,251270,넷마블,소프트웨어개발및공급업,126500,15.0,1897500.0,129045.0,127067.0,20210111,10859119007000,0.5307704552518548,1.0,2.0,-0.015326475327437139
20201106,2020,108230,톱텍,특수목적용기계제조업,15250,131.0,1997750.0,15460.0,8981.0,20211018,579854486250,0.531966939667009,0.9955947136563876,3.0,-0.4191133218291587
20201106,2020,026890,스틱인베스트먼트,"전동기,발전기및전기변환ㆍ공급ㆍ제어장치제조업",9820,203.0,1993460.0,10000.0,8290.0,20210111,409279678500,0.5198234130755631,0.9949494949494949,4.0,-0.17098485138779684
20201106,2020,060720,KH바텍,전자부품제조업,17650,113.0,1994450.0,17867.0,19616.0,20210111,417844387950,0.5319544456323467,0.9911894273127754,5.0,0.09788456601075879
20201106,2020,003090,대웅,기타금융업,24300,82.0,1992600.0,24519.0,62930.0,20210112,1412850114000,0.5313438805459099,0.98989898989899,6.0,1.5666289545769474
20201106,2020,084990,헬릭스미스,자연과학및공학연구개발업,19800,101.0,1999800.0,17319.0,27504.0,20210111,529961137200,0.5460800146540213,0.986784140969163,7.0,0.5880841952864608
20201106,2020,145720,덴티움,의료용기기제조업,37800,52.0,1965600.0,38208.0,48574.0,20210125,418401774000,0.5225567256435768,0.9848484848484849,8.0,0.27131310744462955
20201106,2020,263050,유틸렉스,기초의약물질및생물학적제제제조업,32200,62.0,1996400.0,19899.0,33985.0,20210111,482287639400,0.5176436702750504,0.9823788546255506,9.0,0.7079161960018259
20201106,2020,020150,롯데에너지머티리얼즈,전자부품제조업,45650,43.0,1962950.0,46851.0,58658.0,20210111,2104959617750,0.5153408214744157,0.9797979797979798,10.0,0.2520138694793188
20201106,2020,052260,현대바이오랜드,기타화학제품제조업,24400,81.0,1976400.0,12566.0,11618.0,20210111,366000000000,0.5333802024072856,0.9779735682819384,11.0,-0.0754433789559319
20201106,2020,079980,휴비스,화학섬유제조업,8270,241.0,1993070.0,8525.0,8085.0,20210316,285315000000,0.4794716859854764,0.9747474747474747,12.0,-0.05168913194827485
20201106,2020,230240,에치에프알,통신및방송장비제조업,28300,70.0,1981000.0,28147.0,30002.0,20210111,339091166000,0.5372255483682449,0.973568281938326,13.0,0.06590497704287324
20201106,2020,005440,현대지에프홀딩스,종합소매업,7470,267.0,1994490.0,4980.0,5861.0,20210111,729852480540,0.5217781936117165,0.9696969696969697,14.0,0.17698494412614796
20201106,2020,048870,시너지이노베이션,의료용기기제조업,3090,647.0,1999230.0,3264.0,3139.0,20210111,222570648240,0.5245943053008943,0.9691629955947136,15.0,-0.03822358001696802
20201106,2020,082920,비츠로셀,일차전지및축전지제조업,17450,114.0,1989300.0,8861.0,8487.0,20210729,375858202400,0.5071586465010284,0.9647577092511013,16.0,-0.042296553798202186
20201106,2020,005420,코스모화학,기타화학제품제조업,8560,233.0,1994480.0,7501.0,11102.0,20210112,223508662000,0.5180000425546609,0.9646464646464646,17.0,0.47999133386655046
20201106,2020,143160,아이디스,통신및방송장비제조업,26300,76.0,1998800.0,26310.0,24912.0,20230419,281841057000,0.5311229897789737,0.960352422907489,18.0,-0.05313592440064052
20201106,2020,006060,화승인더,플라스틱제품제조업,7150,279.0,1994850.0,7239.0,6860.0,20210112,395538000000,0.5094871808730894,0.9595959595959596,19.0,-0.052377721173317515
20201106,2020,204270,제이앤티씨,전자부품제조업,11500,173.0,1989500.0,11499.0,11449.0,20210111,665257359000,0.5168530165818168,0.9559471365638766,20.0,-0.004351413052837261
20201106,2020,078930,GS,기타금융업,34000,58.0,1972000.0,34474.0,39863.0,20210111,3159122852000,0.5200284885648041,0.9545454545454546,21.0,0.1563336050350046
20201106,2020,066590,스모트로닉,자동차신품부품제조업,9150,218.0,1994700.0,9796.0,9167.0,20210111,262982931600,0.5175015709305888,0.9515418502202643,22.0,-0.06416137268253141
20201106,2020,030200,KT,전기통신업,22900,87.0,1992300.0,23076.0,23788.0,20210111,5979460403200,0.5161299703701312,0.9494949494949495,23.0,0.03082896545642333
20201106,2020,033160,엠케이전자,전자부품제조업,9360,213.0,1993680.0,9591.0,11179.0,20210114,204119969040,0.5161626541529326,0.947136563876652,24.0,0.16553740124531569
20201106,2020,079160,CJ CGV,"영화,비디오물,방송프로그램제작및배급업",20650,96.0,1982400.0,14471.0,18241.0,20210111,724815000000,0.5272471627004204,0.9444444444444444,25.0,0.2604871332465224
20201106,2020,092190,서울바이오시스,반도체제조업,17300,115.0,1989500.0,17804.0,19956.0,20210111,661269196900,0.5097148266415704,0.9427312775330396,26.0,0.1208413064650753
20201106,2020,010950,S-Oil,석유정제품제조업,57100,35.0,1998500.0,57885.0,72966.0,20210111,6428477423200,0.5267805752873351,0.9393939393939394,27.0,0.2605257191850818
20201106,2020,284620,카이노스메드,자연과학및공학연구개발업,4080,490.0,1999200.0,19295.0,20591.0,20210111,428165926320,0.5288873565226078,0.9383259911894273,28.0,0.06720056458491563
20201106,2020,000720,현대건설,토목건설업,31050,64.0,1987200.0,30888.0,42893.0,20210111,3457596503250,0.510802877865754,0.9343434343434344,29.0,0.3886441415913773
20201106,2020,230360,에코마케팅,광고업,23850,83.0,1979550.0,24196.0,27993.0,20210111,772689294900,0.5187112531817362,0.933920704845815,30.0,0.15690119121069124
20201106,2020,045520,크린앤사이언스,일반목적용기계제조업,31000,64.0,1984000.0,31780.0,,,201500000000,0.5137179672453123,0.9295154185022027,31.0,0.024200002132869658
20201106,2020,004720,팜젠사이언스,의약품제조업,14000,142.0,1988000.0,14301.0,,,205981062000,0.5164832188010465,0.9292929292929293,32.0,0.02139999600891196
20201106,2020,036490,SK머티리얼즈,기초화학물질제조업,231700,8.0,1853600.0,238147.0,338911.0,20210111,2443895834100,0.5027365012804577,0.9251101321585903,33.0,0.4231170152197339
20201106,2020,063160,종근당바이오,의약품제조업,40200,49.0,1969800.0,41640.0,76070.0,20210111,220535672400,0.5163521382804428,0.9242424242424242,34.0,0.8268778668200385
20201106,2020,251370,와이엠티,기초화학물질제조업,17600,113.0,1988800.0,17756.0,19152.0,20210111,263207612800,0.5026168062734386,0.920704845814978,35.0,0.07858683149187962
20201106,2020,181710,NHN,소프트웨어개발및공급업,71600,27.0,1933200.0,37457.0,39547.0,20210111,1400855790000,0.5190130835499329,0.9191919191919192,36.0,0.055813968687296045
20201106,2020,205470,휴마시스,의료용품및기타의약관련제품제조업,10600,188.0,1992800.0,2806.0,2156.0,20210111,362772439000,0.5293031324753544,0.9162995594713657,37.0,-0.23177273804805598
20201106,2020,000210,DL,토목건설업,78900,25.0,1972500.0,73637.0,78299.0,20210203,2745720000000,0.508231640535926,0.9141414141414141,38.0,0.06330084167475158
20201106,2020,017890,한국알콜,기타화학제품제조업,13200,151.0,1993200.0,13399.0,12548.0,20210111,285196032000,0.5186082657194782,0.9118942731277533,39.0,-0.06349308753194582
20201106,2020,243070,휴온스,의약품제조업,59800,33.0,1973400.0,49954.0,51989.0,20210111,590868491200,0.5182487935334035,0.9074889867841409,41.0,0.04073146321579557
20201106,2020,002790,아모레퍼시픽홀딩스,기타화학제품제조업,46200,43.0,1986600.0,46777.0,56073.0,20210111,3809567916000,0.5132187204330005,0.9040404040404041,42.0,0.19873558280460024
20201106,2020,036890,진성티이씨,특수목적용기계제조업,10450,191.0,1995950.0,11046.0,12301.0,20210111,234939700600,0.5097225735398557,0.8986784140969163,45.0,0.1136488775337523
20201106,2020,010620,현대미포조선,선박및보트건조업,30550,65.0,1985750.0,34641.0,52127.0,20210111,1220232651950,0.5163061912739266,0.8787878787878788,53.0,0.5047684659335503
20201106,2020,093050,LF,봉제의복제조업,15100,132.0,1993200.0,15134.0,15980.0,20210303,441524000000,0.49198658366712594,0.8686868686868687,57.0,0.055880241739029834
20201106,2020,028050,삼성E&A,"건축기술,엔지니어링및관련기술서비스업",11250,177.0,1991250.0,11452.0,18698.0,20210526,2205000000000,0.512783167152256,0.8636363636363636,59.0,0.6327154316452441
20201106,2020,104830,원익머트리얼즈,기초화학물질제조업,27450,72.0,1976400.0,27483.0,34124.0,20210111,346089600000,0.49919081868334697,0.8590308370044053,61.0,0.24166525687256346
20201106,2020,033500,동성화인텍,기초화학물질제조업,9840,203.0,1997520.0,10887.0,11936.0,20210111,267684221040,0.49903201200653324,0.8546255506607929,63.0,0.09629975891953446
20201106,2020,047040,대우건설,건물건설업,3130,638.0,1996940.0,3294.0,5868.0,20210111,1300898856940,0.508298448990611,0.8383838383838383,70.0,0.7813400046722849
20201106,2020,208340,파멥신,의약품제조업,19100,104.0,1986400.0,13907.0,15660.0,20210111,271879905000,0.5120960659225194,0.7929515418502202,89.0,0.1260029936726934
20201106,2020,004990,롯데지주,기타금융업,29700,67.0,1989900.0,30273.0,35375.0,20210111,3115804338900,0.5128569429542922,0.7929292929292929,90.0,0.16855665084425575
20210104,2021,000120,CJ대한통운,도로화물운송업,168500,11.0,1853500.0,177228.0,165241.0,20210309,3843879964000,0.49299432804259546,1.0,1.0,-0.06763364580207443
20210104,2021,042370,비츠로테크,기타금융업,9530,209.0,1991770.0,9352.0,9720.0,20210309,213032409690,0.5334204273580867,1.0,2.0,0.0392619554011
20210104,2021,215360,우리산업,자동차신품부품제조업,24800,80.0,1984000.0,26707.0,25204.0,20210309,226477642400,0.5487926380668687,0.9961240310077519,3.0,-0.05627512014198888
20210104,2021,294870,IPARK현대산업개발,건물건설업,26300,76.0,1998800.0,28026.0,27082.0,20210309,1733362779000,0.49305667070372255,0.9956331877729258,4.0,-0.033687625310063085
20210104,2021,270870,뉴트리,기타식품제조업,24650,81.0,1996650.0,25552.0,29555.0,20210323,224640971600,0.5379576323165605,0.9922480620155039,5.0,0.15669419573213372
20210104,2021,002990,금호건설,건물건설업,8840,226.0,1997840.0,8994.0,9910.0,20210413,323843888160,0.49305667070372255,0.9912663755458515,6.0,0.10180712164205752
20210104,2021,251370,와이엠티,기초화학물질제조업,19850,100.0,1985000.0,19602.0,18753.0,20210309,296856313300,0.5380816205743952,0.9883720930232558,7.0,-0.043344327906498004
20210104,2021,037270,YG PLUS,"자료처리,호스팅,포털및기타인터넷정보매개서비스업",5040,396.0,1995840.0,4964.0,6104.0,20210309,299860066800,0.49299432804259546,0.9868995633187773,8.0,0.2297154395487313
20210104,2021,030530,원익홀딩스,기타금융업,6270,318.0,1993860.0,6182.0,6011.0,20210309,484282140870,0.5206610701026047,0.9844961240310077,9.0,-0.02762799430398455
20210104,2021,111770,영원무역,상품종합도매업,31100,64.0,1990400.0,32392.0,39836.0,20210309,1378086654800,0.49305667070372255,0.982532751091703,10.0,0.22980292180483652
20210104,2021,204270,제이앤티씨,전자부품제조업,11450,174.0,1992300.0,11249.0,10148.0,20210507,662364935700,0.5430228230806686,0.9806201550387597,11.0,-0.09788726566053751
20210104,2021,032350,롯데관광개발,여행사및기타여행보조서비스업,15150,132.0,1999800.0,15141.0,19235.0,20210309,1049526279300,0.49299432804259546,0.9781659388646288,12.0,0.27041854645440644
20210104,2021,023160,태광,1차철강제조업,7930,252.0,1998360.0,7767.0,10634.0,20210428,210145000000,0.5270721014516853,0.9767441860465116,13.0,0.3690881416698597
20210104,2021,010130,고려아연,1차비철금속제조업,401000,4.0,1604000.0,451629.0,397269.0,20210309,7566870000000,0.49305667070372255,0.9737991266375546,14.0,-0.12036537941738767
20210104,2021,104460,디와이피엔에프,일반목적용기계제조업,19800,101.0,1999800.0,20012.0,26416.0,20210318,212129775000,0.5477491841305662,0.9728682170542635,15.0,0.3200228295312484
20210104,2021,005090,SGC에너지,유리및유리제품제조업,42800,46.0,1968800.0,42321.0,39572.0,20210315,628175771200,0.49263274527193657,0.9694323144104804,16.0,-0.06496147129029861
20210104,2021,104830,원익머트리얼즈,기초화학물질제조업,36750,54.0,1984500.0,36720.0,33978.0,20210309,463344000000,0.5339747476466312,0.9689922480620154,17.0,-0.07468729113654005
20210104,2021,238090,앤디포스,플라스틱제품제조업,5610,356.0,1997160.0,15172.0,11195.0,20210309,309457282860,0.519176328782583,0.9651162790697675,18.0,-0.2621239533713089
20210104,2021,114090,GKL,유원지및기타오락관련서비스업,16450,121.0,1990450.0,16428.0,16928.0,20210309,1017525771500,0.49276454922190344,0.9650655021834061,19.0,0.030482361097212696
20210104,2021,033500,동성화인텍,기초화학물질제조업,12150,164.0,1992600.0,12386.0,12184.0,20210325,334046425950,0.5299285230277042,0.9612403100775194,20.0,-0.016300459088082864
20210104,2021,009580,무림P&P,"펄프,종이및판지제조업",3665,545.0,1997425.0,3652.0,5328.0,20210315,228579907460,0.49276454922190344,0.9606986899563319,21.0,0.4589208680393908
20210104,2021,317330,덕산테코피아,기타화학제품제조업,18750,106.0,1987500.0,18700.0,17499.0,20210309,344576775000,0.5332652843146748,0.9573643410852714,22.0,-0.0642234837475657
20210104,2021,000150,두산,회사본부및경영컨설팅서비스업,52000,38.0,1976000.0,52389.0,48486.0,20210309,859239420000,0.49276454922190344,0.9563318777292577,23.0,-0.07448661498810316
20210104,2021,160980,싸이맥스,특수목적용기계제조업,20850,95.0,1980750.0,20419.0,18614.0,20210309,227770466550,0.5458718387378972,0.9534883720930233,24.0,-0.08836402336566695
20210104,2021,282330,BGF리테일,종합소매업,132000,15.0,1980000.0,134266.0,173243.0,20210309,2281475592000,0.49305667070372255,0.9519650655021834,25.0,0.2902968046063157
20210104,2021,086450,동국제약,의약품제조업,28400,70.0,1988000.0,28545.0,28241.0,20210309,1262664000000,0.5316067688141696,0.9496124031007752,26.0,-0.010645384881441844
20210104,2021,023530,롯데쇼핑,종합소매업,101500,19.0,1928500.0,103390.0,131359.0,20210309,2871308632500,0.49305667070372255,0.9475982532751092,27.0,0.27051763762306713
20210104,2021,051160,지어소프트,소프트웨어개발및공급업,14150,141.0,1995150.0,14609.0,22560.0,20210318,206229953250,0.5376501978043857,0.9457364341085271,28.0,0.5442781544448692
20210104,2021,005440,현대지에프홀딩스,종합소매업,8760,228.0,1997280.0,5716.0,6400.0,20210309,855891262320,0.49305667070372255,0.9432314410480349,29.0,0.11970082347336186
20210104,2021,245620,EDGC,자연과학및공학연구개발업,9490,210.0,1992900.0,4638.0,4532.0,20210330,407258832760,0.537297240282187,0.9418604651162791,30.0,-0.022683164653258592
20210104,2021,004170,신세계,종합소매업,238500,8.0,1908000.0,239320.0,291312.0,20210309,2348075668500,0.49305667070372255,0.9388646288209607,31.0,0.2172507018770351
20210104,2021,290650,엘앤씨바이오,의약품제조업,33500,59.0,1976500.0,31911.0,29967.0,20210309,732879768000,0.5308096365561525,0.937984496124031,32.0,-0.060918319477998306
20210104,2021,013580,계룡건설,토목건설업,29150,68.0,1982200.0,30341.0,31601.0,20210329,260335939050,0.49305667070372255,0.9344978165938864,33.0,0.04153965727905562
20210104,2021,017890,한국알콜,기타화학제품제조업,13000,153.0,1989000.0,13047.0,12850.0,20210310,280874880000,0.5303334758139274,0.9341085271317829,34.0,-0.015101237654194466
20210104,2021,101160,월덱스,전자부품제조업,18100,110.0,1991000.0,18090.0,21781.0,20210309,298848973300,0.5323367047805054,0.9302325581395349,35.0,0.20403262541243383
20210104,2021,009410,태영건설,토목건설업,12200,163.0,1988600.0,25439.0,23802.0,20210309,474568995600,0.49305667070372255,0.9301310043668122,36.0,-0.064358152904337
20210104,2021,067290,JW신약,의약품제조업,5960,335.0,1996600.0,4755.0,3626.0,20220302,248336309360,0.5302757352372072,0.9263565891472868,37.0,-0.23734162758693111
20210104,2021,089590,제주항공,항공여객운송업,18250,109.0,1989250.0,15334.0,19811.0,20210309,702617973750,0.49276454922190344,0.925764192139738,38.0,0.2919156057647374
20210104,2021,067080,대화제약,의약품제조업,15300,130.0,1989000.0,16579.0,11063.0,20221216,284111498700,0.5300620721400028,0.9224806201550387,39.0,-0.3326787852795112
20210104,2021,003490,대한항공,항공여객운송업,27650,72.0,1990800.0,22015.0,27135.0,20210309,4816898564450,0.49276454922190344,0.9213973799126638,40.0,0.23257370334265004
20210104,2021,243070,휴온스,의약품제조업,59800,33.0,1973400.0,54531.0,50536.0,20210309,590868491200,0.5298825766505546,0.9186046511627907,41.0,-0.0732733632795386
20210104,2021,010620,현대미포조선,선박및보트건조업,48250,41.0,1978250.0,53935.0,58739.0,20210309,1927208689250,0.49276454922190344,0.9170305676855895,42.0,0.08908605193312336
20210104,2021,102710,이엔에프테크놀로지,기타화학제품제조업,47950,41.0,1965950.0,47034.0,39547.0,20210309,683663236200,0.5293641017962063,0.9147286821705426,43.0,-0.15918741757060728
20210104,2021,010140,삼성중공업,선박및보트건조업,7300,273.0,1992900.0,7039.0,6086.0,20210309,4599000000000,0.49276454922190344,0.9126637554585153,44.0,-0.1354355740050761
20210104,2021,011040,경동제약,의약품제조업,10800,185.0,1998000.0,10647.0,10843.0,20210827,332302672800,0.5289554779890153,0.9108527131782945,45.0,0.018480520971752235
20210104,2021,075580,세진중공업,선박및보트건조업,6630,301.0,1995630.0,6725.0,6743.0,20210414,376911893280,0.49263064891268826,0.9082969432314411,46.0,0.0027025853058832983
20210104,2021,131390,원익피앤이,"전동기,발전기및전기변환ㆍ공급ㆍ제어장치제조업",22450,89.0,1998050.0,22157.0,19805.0,20210309,332684529500,0.5197557893105665,0.9069767441860465,47.0,-0.10615761154264969
20210104,2021,026890,스틱인베스트먼트,"전동기,발전기및전기변환ㆍ공급ㆍ제어장치제조업",8680,230.0,1996400.0,8640.0,11052.0,20210309,361766559000,0.49299432804259546,0.8864628820960698,57.0,0.2792023828757708
20210104,2021,041960,코미팜,의약품제조업,13150,152.0,1998800.0,11948.0,9359.0,20210309,844044269400,0.5229925273971301,0.8565891472868217,71.0,-0.2167098765687836
20210104,2021,230360,에코마케팅,광고업,29950,66.0,1976700.0,29344.0,25889.0,20210309,973910326300,0.52019703573407,0.8333333333333334,83.0,-0.11772938660835008
20210308,2021,002310,아세아제지,"골판지,종이상자및종이용기제조업",42050,47.0,1976350.0,8245.0,11562.0,20210507,376620909100,0.49305667070372255,1.0,1.0,0.4022030184857257
20210308,2021,030530,원익홀딩스,기타금융업,6150,325.0,1998750.0,6011.0,6812.0,20210507,475013583150,0.5343869609035996,1.0,2.0,0.13317154150121358
20210308,2021,042370,비츠로테크,기타금융업,9990,200.0,1998000.0,9720.0,10739.0,20210507,242526720510,0.5259494618357592,0.9960159362549801,3.0,0.10491579602100631
20210308,2021,093050,LF,봉제의복제조업,15950,125.0,1993750.0,16031.0,18626.0,20210507,466378000000,0.49305667070372255,0.99581589958159,4.0,0.1618433454241508
20210308,2021,238090,앤디포스,플라스틱제품제조업,4220,473.0,1996060.0,11195.0,14635.0,20210507,232782483720,0.5446119405321606,0.9920318725099602,5.0,0.30732327869431186
20210308,2021,010130,고려아연,1차비철금속제조업,403500,4.0,1614000.0,397269.0,455181.0,20210507,7614045000000,0.49299432804259546,0.9916317991631799,6.0,0.14577678332517108
20210308,2021,251370,와이엠티,기초화학물질제조업,18800,106.0,1992800.0,18753.0,22398.0,20210512,281153586400,0.5415247794706454,0.9880478087649402,7.0,0.1943828398027554
20210308,2021,294870,IPARK현대산업개발,건물건설업,25750,77.0,1982750.0,27082.0,23373.0,20211220,1697113747500,0.49299432804259546,0.9874476987447699,8.0,-0.13694309786276992
20210308,2021,131390,원익피앤이,"전동기,발전기및전기변환ㆍ공급ㆍ제어장치제조업",20600,97.0,1998200.0,19805.0,20455.0,20210507,305269546000,0.5191229167085998,0.9840637450199203,9.0,0.03278479372955356
20210308,2021,009070,KCTC,도로화물운송업,10500,190.0,1995000.0,8851.0,7253.0,20210610,315000000000,0.49305667070372255,0.9832635983263598,10.0,-0.1805129884077099
20210308,2021,104830,원익머트리얼즈,기초화학물질제조업,34300,58.0,1989400.0,33978.0,37082.0,20210507,432454400000,0.5379562497186638,0.9800796812749004,11.0,0.09137312987925039
20210308,2021,000210,DL,토목건설업,77100,25.0,1927500.0,78011.0,101482.0,20210507,1190521300200,0.49305667070372255,0.9790794979079498,12.0,0.3008682800046032
20210308,2021,013030,하이록코리아,1차철강제조업,14800,135.0,1998000.0,15039.0,20986.0,20210511,201475833600,0.542498165073312,0.9760956175298805,13.0,0.39542455958609724
20210308,2021,004140,동방,기타운송관련서비스업,11200,178.0,1993600.0,9878.0,6677.0,20210507,445497707200,0.49305667070372255,0.9748953974895398,14.0,-0.3240892607187347
20210308,2021,290650,엘앤씨바이오,의약품제조업,30050,66.0,1983300.0,29967.0,30409.0,20210507,657404090400,0.5369839591988486,0.9721115537848606,15.0,0.014760106375230952
20210308,2021,030200,KT,전기통신업,26100,76.0,1983600.0,26587.0,29337.0,20210507,6815018188800,0.49305667070372255,0.9707112970711297,16.0,0.10343862018058769
20210308,2021,041960,코미팜,의약품제조업,10500,190.0,1995000.0,9359.0,9541.0,20210507,673951698000,0.5369551245349844,0.9681274900398407,17.0,0.01949507150826424
20210308,2021,285130,SK케미칼,합성고무및플라스틱물질제조업,295000,6.0,1770000.0,192565.0,170493.0,20210507,3463711820000,0.49299432804259546,0.9665271966527197,18.0,-0.1146200030674367
20210308,2021,160980,싸이맥스,특수목적용기계제조업,19100,104.0,1986400.0,18614.0,24560.0,20210507,208653041300,0.5423928779396544,0.9641434262948207,19.0,0.3194229255945551
20210308,2021,016710,대성홀딩스,회사본부및경영컨설팅서비스업,26600,75.0,1995000.0,25881.0,36073.0,20210623,427979609400,0.49299432804259546,0.9623430962343096,20.0,0.3938123832470919
20210308,2021,065680,우주일렉트로,전자부품제조업,24800,80.0,1984000.0,23980.0,29223.0,20210507,246368656000,0.5416829122801512,0.9601593625498008,21.0,0.2186131141935388
20210308,2021,114090,GKL,유원지및기타오락관련서비스업,16800,119.0,1999200.0,16928.0,16225.0,20210507,1039175256000,0.49263274527193657,0.9581589958158996,22.0,-0.04155263412931309
20210308,2021,043370,피에이치에이,자동차신품부품제조업,10650,187.0,1991550.0,10454.0,11252.0,20210720,223650000000,0.5322542518060225,0.9561752988047809,23.0,0.07628336378129452
20210308,2021,111770,영원무역,상품종합도매업,40350,49.0,1977150.0,39836.0,42575.0,20210507,1787967733800,0.49305667070372255,0.9539748953974896,24.0,0.06877338208500694
20210308,2021,194700,노바렉스,기타식품제조업,40250,49.0,1972250.0,20943.0,23091.0,20210507,362400535000,0.532682594277047,0.952191235059761,25.0,0.10255228806033623
20210308,2021,057050,현대홈쇼핑,무점포소매업,76600,26.0,1991600.0,77759.0,89786.0,20210609,919200000000,0.49299432804259546,0.9497907949790795,26.0,0.15467210640759776
20210308,2021,270870,뉴트리,기타식품제조업,27900,71.0,1980900.0,27705.0,36061.0,20210507,254258949600,0.5325604785528406,0.9482071713147411,27.0,0.30161290979853383
20210308,2021,032350,롯데관광개발,여행사및기타여행보조서비스업,19300,103.0,1987900.0,19235.0,17529.0,20210507,1337020276600,0.49305667070372255,0.9456066945606695,28.0,-0.08871567658732016
20210308,2021,066700,테라젠이텍스,의약품제조업,8150,245.0,1996750.0,8535.0,8394.0,20210512,264422145250,0.5341022792936052,0.9442231075697212,29.0,-0.01650439377051116
20210308,2021,213500,한솔제지,"펄프,종이및판지제조업",13350,149.0,1989150.0,13150.0,16801.0,20210507,317737689600,0.49299432804259546,0.9414225941422594,30.0,0.2777165748417296
20210308,2021,245620,EDGC,자연과학및공학연구개발업,9370,213.0,1995810.0,4340.0,4343.0,20210507,402296555470,0.5349139296616896,0.9402390438247012,31.0,0.0007018592565519732
20210308,2021,000120,CJ대한통운,도로화물운송업,168000,11.0,1848000.0,165241.0,168757.0,20210507,3832473792000,0.49299432804259546,0.9372384937238494,32.0,0.021277624838176523
20210308,2021,005290,동진쎄미켐,기초화학물질제조업,29600,67.0,1983200.0,28750.0,30857.0,20210507,1521869022400,0.5320545990383536,0.9362549800796812,33.0,0.0732938035442996
20210308,2021,010620,현대미포조선,선박및보트건조업,54800,36.0,1972800.0,58739.0,93123.0,20210507,2188829765200,0.49276454922190344,0.9330543933054394,34.0,0.5853521601840666
20210308,2021,066590,스모트로닉,자동차신품부품제조업,6360,314.0,1997040.0,6187.0,5957.0,20210507,226531116000,0.5305200321702832,0.9322709163346613,35.0,-0.03723316922326725
20210308,2021,096770,SK이노베이션,석유정제품제조업,239500,8.0,1916000.0,226093.0,172534.0,20220922,22145502578000,0.49276454922190344,0.9288702928870293,36.0,-0.23688982225782385
20210308,2021,122990,와이솔,전자부품제조업,12400,161.0,1996400.0,12525.0,13077.0,20210701,349332068400,0.5386779990458409,0.9282868525896414,37.0,0.04409992117614525
20210308,2021,010950,S-Oil,석유정제품제조업,88100,22.0,1938200.0,87967.0,94364.0,20210507,9918543975200,0.49276454922190344,0.9246861924686193,38.0,0.07271280257617119
20210308,2021,086450,동국제약,의약품제조업,28550,70.0,1998500.0,28241.0,27846.0,20210507,1269333000000,0.5319215583566427,0.9243027888446215,39.0,-0.014010050683992636
20210308,2021,047050,포스코인터내셔널,상품중개업,21550,92.0,1982600.0,22298.0,22291.0,20210507,2658734460950,0.49305667070372255,0.9205020920502092,40.0,-0.0003335276829860012
20210308,2021,023160,태광,1차철강제조업,7640,261.0,1994040.0,7727.0,11384.0,20210513,202460000000,0.5338426633322935,0.9203187250996016,41.0,0.47322742593834133
20210308,2021,010140,삼성중공업,선박및보트건조업,6370,313.0,1993810.0,6086.0,5678.0,20210507,4013100000000,0.49263064891268826,0.9121338912133892,45.0,-0.06695003881605799
20210308,2021,089590,제주항공,항공여객운송업,23650,84.0,1986600.0,19811.0,20065.0,20210507,910515894750,0.49276454922190344,0.9037656903765691,49.0,0.012834591361593928
20210308,2021,003490,대한항공,항공여객운송업,27050,73.0,1974650.0,27135.0,27932.0,20210507,4712372736650,0.49276454922190344,0.899581589958159,51.0,0.02936941258455117
20210308,2021,230360,에코마케팅,광고업,25500,78.0,1989000.0,25889.0,23392.0,20210507,829205787000,0.5297318191271055,0.896414342629482,52.0,-0.09645235658127105
20210308,2021,009410,태영건설,토목건설업,11750,170.0,1997500.0,23802.0,27767.0,20210512,457064401500,0.49299432804259546,0.8828451882845189,59.0,0.16657146849376558
20210308,2021,282330,BGF리테일,종합소매업,167000,11.0,1837000.0,173243.0,165776.0,20210507,2886412302000,0.49305667070372255,0.8577405857740585,71.0,-0.04310406742267525
20210308,2021,243070,휴온스,의약품제조업,55400,36.0,1994400.0,50536.0,60449.0,20210507,547393217600,0.523480892574639,0.8406374501992032,80.0,0.1961722660165377
20210308,2021,101160,월덱스,전자부품제조업,22300,89.0,1984700.0,21781.0,26680.0,20210507,368195143900,0.530180084596135,0.8286852589641435,85.0,0.224924118424773
20210308,2021,215360,우리산업,자동차신품부품제조업,24900,80.0,1992000.0,25204.0,25705.0,20210507,227390858700,0.5217211670681015,0.8207171314741036,89.0,0.01987193752587091
20210506,2021,011200,HMM,해상운송업,39900,50.0,1995000.0,42634.0,47226.0,20210707,13781160231300,0.49305667070372255,1.0,1.0,0.10771904990433412
20210506,2021,014470,부방,기타금융업,3480,574.0,1997520.0,3516.0,3371.0,20210729,208981864800,0.5314087060366381,1.0,2.0,-0.04120810019774934
20210506,2021,104830,원익머트리얼즈,기초화학물질제조업,36850,54.0,1989900.0,37082.0,35186.0,20210707,464604800000,0.5338682334656413,0.9968051118210862,3.0,-0.05112697940526556
20210506,2021,000120,CJ대한통운,도로화물운송업,170000,11.0,1870000.0,168757.0,180811.0,20210707,3878098480000,0.49299432804259546,0.9962546816479401,4.0,0.07142659433043841
20210506,2021,066590,스모트로닉,자동차신품부품제조업,5890,339.0,1996710.0,5957.0,5898.0,20210913,209790609000,0.5384178385524263,0.9936102236421726,5.0,-0.009957657850310997
20210506,2021,089590,제주항공,항공여객운송업,23550,84.0,1978200.0,20065.0,20774.0,20210707,906665933250,0.49263274527193657,0.9925093632958801,6.0,0.035348232541275504
20210506,2021,013030,하이록코리아,1차철강제조업,20250,98.0,1984500.0,20436.0,17240.0,20211118,275667948000,0.5302331580562477,0.9904153354632588,7.0,-0.15637932773472107
20210506,2021,013580,계룡건설,토목건설업,34300,58.0,1989400.0,35601.0,35940.0,20210707,306330110100,0.49305667070372255,0.9887640449438202,8.0,0.00954306917147707
20210506,2021,204270,제이앤티씨,전자부품제조업,10150,197.0,1999550.0,10148.0,6949.0,20230208,587161929900,0.5383869445734321,0.987220447284345,9.0,-0.3152722068105519
20210506,2021,009410,태영건설,토목건설업,13200,151.0,1993200.0,27764.0,26138.0,20210707,513468093600,0.49305667070372255,0.9850187265917603,10.0,-0.05856314451658007
20210506,2021,068330,일신바이오,일반목적용기계제조업,5460,366.0,1998360.0,4576.0,5800.0,20210707,241420124400,0.5346940059811047,0.9840255591054313,11.0,0.2675951880971008
20210506,2021,003070,코오롱글로벌,토목건설업,26100,76.0,1983600.0,26502.0,22818.0,20220107,657992431800,0.49305667070372255,0.9812734082397003,12.0,-0.13900596445656566
20210506,2021,115960,연우,플라스틱제품제조업,28750,69.0,1983750.0,28886.0,22840.0,20220314,356442500000,0.5172497439534265,0.9808306709265175,13.0,-0.20931389172268833
20210506,2021,251370,와이엠티,기초화학물질제조업,22950,87.0,1996650.0,22897.0,19848.0,20210927,343216745100,0.5274141613919605,0.9776357827476039,14.0,-0.1331409497855347
20210506,2021,138490,코오롱ENP,합성고무및플라스틱물질제조업,6680,299.0,1997320.0,6806.0,7825.0,20210812,253840000000,0.49305667070372255,0.9775280898876404,15.0,0.1497339135827418
20210506,2021,042370,비츠로테크,기타금융업,10650,187.0,1991550.0,10739.0,11689.0,20210707,258549506850,0.5177006622258049,0.9744408945686901,16.0,0.08845233567531019
20210506,2021,002350,넥센타이어,고무제품제조업,8650,231.0,1998150.0,8430.0,7661.0,20211028,844827136050,0.49305667070372255,0.9737827715355806,17.0,-0.09124875074793193
20210506,2021,950190,고스트스튜디오,소프트웨어개발및공급업,21600,92.0,1987200.0,21718.0,21719.0,20210812,290572380000,0.5446447120560765,0.9712460063897763,18.0,4.2489194953532206e-05
20210506,2021,002310,아세아제지,"골판지,종이상자및종이용기제조업",54700,36.0,1969200.0,11562.0,11183.0,20210707,489920659400,0.49305667070372255,0.9700374531835206,19.0,-0.032735687827457394
20210506,2021,041960,코미팜,의약품제조업,10600,188.0,1992800.0,9541.0,8386.0,20211013,680370285600,0.5336944539700196,0.9680511182108626,20.0,-0.12107007493876332
20210506,2021,093050,LF,봉제의복제조업,18350,108.0,1981800.0,18626.0,19278.0,20210707,536554000000,0.49305667070372255,0.9662921348314607,21.0,0.03500647628492648
20210506,2021,005160,동국산업,1차철강제조업,4240,471.0,1997040.0,4240.0,6332.0,20230707,229996603680,0.5255017002873759,0.9648562300319489,22.0,0.4935445856573455
20210506,2021,114090,GKL,유원지및기타오락관련서비스업,16000,125.0,2000000.0,16225.0,16624.0,20210707,989690720000,0.49263064891268826,0.9625468164794008,23.0,0.024602687710264304
20210506,2021,290650,엘앤씨바이오,의약품제조업,30650,65.0,1992250.0,30409.0,35342.0,20210707,670530295200,0.5320666880070966,0.9616613418530351,24.0,0.1622193707437154
20210506,2021,032350,롯데관광개발,여행사및기타여행보조서비스업,17200,116.0,1995200.0,17529.0,19879.0,20210707,1191541386400,0.49299432804259546,0.9588014981273408,25.0,0.13406082149069243
20210506,2021,045100,한양이엔지,"건축기술,엔지니어링및관련기술서비스업",18300,109.0,1994700.0,18302.0,13699.0,20220707,329400000000,0.5198602954379969,0.9584664536741214,26.0,-0.2515320844014203
20210506,2021,058610,에스피지,"전동기,발전기및전기변환ㆍ공급ㆍ제어장치제조업",11700,170.0,1989000.0,11842.0,17298.0,20230105,249889980600,0.5392593927697773,0.9552715654952076,27.0,0.46069796278900443
20210506,2021,075580,세진중공업,선박및보트건조업,7250,275.0,1993750.0,7133.0,7283.0,20210707,412158556000,0.49276454922190344,0.9550561797752809,28.0,0.021131256325887637
20210506,2021,270870,뉴트리,도시락및식사용조리식품제조업,34850,57.0,1986450.0,36061.0,33006.0,20210806,317595856400,0.5289909824091111,0.952076677316294,29.0,-0.08472142296827334
20210506,2021,010620,현대미포조선,선박및보트건조업,91500,21.0,1921500.0,93123.0,85312.0,20210707,3654706633500,0.49276454922190344,0.951310861423221,30.0,-0.08387447387876479
20210506,2021,059090,미코,반도체제조업,14550,137.0,1993350.0,14342.0,13744.0,20210707,455656573650,0.5287221367642407,0.9488817891373802,31.0,-0.04172273912259905
20210506,2021,010140,삼성중공업,선박및보트건조업,6000,333.0,1998000.0,5678.0,6472.0,20210707,3780000000000,0.49276454922190344,0.947565543071161,32.0,0.13977538751386187
20210506,2021,030530,원익홀딩스,기타금융업,6690,298.0,1993620.0,6812.0,4958.0,20211013,516722092890,0.5147985436030313,0.9456869009584664,33.0,-0.2722024521226214
20210506,2021,122900,아이마켓코리아,상품종합도매업,10850,184.0,1996400.0,11052.0,10701.0,20210707,362702914000,0.49305667070372255,0.9438202247191011,34.0,-0.03174421179038889
20210506,2021,035890,서희건설,건물건설업,2035,982.0,1998370.0,2139.0,2239.0,20210713,467660209995,0.5231626479278075,0.9424920127795527,35.0,0.04675916906574473
20210506,2021,111770,영원무역,상품종합도매업,41850,47.0,1966950.0,42575.0,46031.0,20220105,1854434935800,0.49305667070372255,0.9400749063670412,36.0,0.08116203087581764
20210506,2021,065680,우주일렉트로,전자부품제조업,28800,69.0,1987200.0,29223.0,25080.0,20211020,286105536000,0.5286320820750301,0.939297124600639,37.0,-0.14175512943163704
20210506,2021,001250,GS글로벌,상품종합도매업,2910,687.0,1999170.0,2862.0,2739.0,20221011,240173253240,0.49305667070372255,0.9363295880149812,38.0,-0.04280424420740969
20210506,2021,118990,모트렉스,자동차신품부품제조업,5840,342.0,1997280.0,9836.0,10880.0,20210803,227766067760,0.524312270023761,0.9361022364217252,39.0,0.10612405920713464
20210506,2021,083790,CG인바이츠,자연과학및공학연구개발업,8310,240.0,1994400.0,8255.0,6515.0,20211013,575438298660,0.5184245343850791,0.9329073482428115,40.0,-0.21081003305347856
20210506,2021,298020,효성티앤씨,화학섬유제조업,763000,2.0,1526000.0,764446.0,881703.0,20210707,3302021366000,0.49305667070372255,0.9325842696629213,41.0,0.15338907377905064
20210506,2021,208340,파멥신,의약품제조업,15400,129.0,1986600.0,11079.0,,,219342646600,0.5254020055295785,0.9297124600638977,42.0,-0.26822916001716834
20210506,2021,120110,코오롱인더,화학섬유제조업,63800,31.0,1977800.0,64853.0,80473.0,20210707,1721249992000,0.49305667070372255,0.9288389513108615,43.0,0.2408375870592505
20210506,2021,089010,켐트로닉스,기타화학제품제조업,27050,73.0,1974650.0,26989.0,24440.0,20210707,401913146850,0.5256577316969386,0.9265175718849841,44.0,-0.09446894696298991
20210506,2021,079980,휴비스,화학섬유제조업,11450,174.0,1992300.0,11228.0,11131.0,20210707,395025000000,0.49305667070372255,0.9250936329588015,45.0,-0.00869592741148506
20210506,2021,237880,클리오,기타화학제품제조업,22600,88.0,1988800.0,22675.0,25125.0,20210707,390337030000,0.5247255566957545,0.9233226837060703,46.0,0.1080406318984588
20210506,2021,298050,HS효성첨단소재,화학섬유제조업,397500,5.0,1987500.0,392658.0,486571.0,20210707,1780779330000,0.49276454922190344,0.9213483146067416,47.0,0.23917274509126218
20210506,2021,052710,아모텍,전자부품제조업,29950,66.0,1976700.0,20278.0,19440.0,20210908,291815009700,0.5249533178827632,0.9201277955271565,48.0,-0.041284788558333396
20210506,2021,282330,BGF리테일,종합소매업,161000,12.0,1932000.0,165776.0,167762.0,20210707,2782708866000,0.49299432804259546,0.9176029962546817,49.0,0.011984400951075225
20210506,2021,321550,티움바이오,자연과학및공학연구개발업,17400,114.0,1983600.0,17756.0,21305.0,20210802,413840312400,0.5172763715982925,0.9169329073482428,50.0,0.1998261784728521
20210706,2021,007070,GS리테일,종합소매업,37450,53.0,1984850.0,31854.0,29412.0,20210906,2883650000000,0.49305667070372255,1.0,1.0,-0.07665751997755232
20210706,2021,014470,부방,기타금융업,3605,554.0,1997170.0,3540.0,,,216488397300,0.5330665453013304,1.0,2.0,-0.06366728020602652
20210706,2021,034810,해성산업,기타금융업,17300,115.0,1989500.0,16685.0,13683.0,20211223,455963955400,0.5282805262850963,0.9962546816479401,3.0,-0.17992649192183585
20210706,2021,009070,KCTC,도로화물운송업,8020,249.0,1996980.0,8525.0,7023.0,20210907,240600000000,0.49305667070372255,0.9958677685950413,4.0,-0.17625118658989525
20210706,2021,014940,오리엔탈정공,일반목적용기계제조업,5270,379.0,1997330.0,5172.0,4811.0,20241204,240173193470,0.536954873338567,0.9925093632958801,5.0,-0.06970824660094377
20210706,2021,003490,대한항공,항공여객운송업,32250,62.0,1999500.0,31545.0,31250.0,20210906,11217221606250,0.49276454922190344,0.9917355371900827,6.0,-0.009342715927032397
20210706,2021,104830,원익머트리얼즈,기초화학물질제조업,35550,56.0,1990800.0,35186.0,34742.0,20210906,448214400000,0.535099174284292,0.9887640449438202,7.0,-0.012626860876450596
20210706,2021,011200,HMM,해상운송업,47150,42.0,1980300.0,47226.0,38679.0,20210906,16285255762050,0.49305667070372255,0.987603305785124,8.0,-0.1809916771963762
20210706,2021,100090,SK오션플랜트,1차철강제조업,17750,112.0,1988000.0,17316.0,20318.0,20210906,630630271500,0.5212667501663986,0.9850187265917603,9.0,0.1733558808131752
20210706,2021,004980,성신양회,"시멘트,석회,플라스터및그제품제조업",12750,156.0,1989000.0,12709.0,11111.0,20210906,312579930750,0.49305667070372255,0.9834710743801653,10.0,-0.12578223025155189
20210706,2021,118990,모트렉스,자동차신품부품제조업,6150,325.0,1998750.0,10191.0,11300.0,20210906,239856389850,0.5288193829774919,0.9812734082397003,11.0,0.10883917792746067
20210706,2021,375500,DL이앤씨,토목건설업,153000,13.0,1989000.0,76964.0,72204.0,20210906,2961886914000,0.49305667070372255,0.9793388429752066,12.0,-0.061855946412414764
20210706,2021,033500,동성화인텍,기초화학물질제조업,12800,156.0,1996800.0,12683.0,11385.0,20210906,369341056000,0.5344804845938662,0.9775280898876404,13.0,-0.10233846524842549
20210706,2021,013580,계룡건설,토목건설업,36550,54.0,1973700.0,35940.0,38942.0,20210924,326424650850,0.49305667070372255,0.9752066115702479,14.0,0.08351404015789399
20210706,2021,086450,동국제약,의약품제조업,27900,71.0,1980900.0,27049.0,24649.0,20210906,1240434000000,0.5391089298913034,0.9737827715355806,15.0,-0.08870447705983797
20210706,2021,365550,ESR켄달스퀘어리츠,부동산임대및공급업,7510,266.0,1997660.0,7418.0,6489.0,20210906,1075875090000,0.49305667070372255,0.9710743801652892,16.0,-0.12520196526771687
20210706,2021,011040,경동제약,의약품제조업,11100,180.0,1998000.0,11143.0,11844.0,20211001,341533302600,0.537533057654943,0.9700374531835206,17.0,0.06290528279908325
20210706,2021,210980,SK디앤디,부동산임대및공급업,36700,54.0,1981800.0,20613.0,12547.0,20230905,740979018800,0.49305667070372255,0.9669421487603306,18.0,-0.39132860065193376
20210706,2021,290650,엘앤씨바이오,의약품제조업,35650,56.0,1996400.0,35342.0,34923.0,20211203,808716364150,0.5371214025655731,0.9662921348314607,19.0,-0.011852700711642017
20210706,2021,298050,HS효성첨단소재,화학섬유제조업,467500,4.0,1870000.0,486571.0,594400.0,20210906,2094375690000,0.49305667070372255,0.9628099173553719,20.0,0.2216097638921508
20210706,2021,357230,에이치피오,도시락및식사용조리식품제조업,18300,109.0,1994700.0,9065.0,8110.0,20210906,364868328000,0.5275005255316121,0.9625468164794008,21.0,-0.10532016085428697
20210706,2021,251370,와이엠티,기초화학물질제조업,22400,89.0,1993600.0,22251.0,22041.0,20211229,334991507200,0.5303750239777824,0.9588014981273408,22.0,-0.009446869940334723
20210706,2021,298020,효성티앤씨,화학섬유제조업,881000,2.0,1762000.0,881703.0,734540.0,20210906,3812687842000,0.49305667070372255,0.9586776859504132,23.0,-0.16690764767014643
20210706,2021,091700,파트론,전자부품제조업,10450,191.0,1995950.0,10230.0,10131.0,20210906,565934484500,0.5365636016320564,0.9550561797752809,24.0,-0.009650049880377876
20210706,2021,120110,코오롱인더,화학섬유제조업,79500,25.0,1987500.0,80473.0,86072.0,20210906,2144817780000,0.49305667070372255,0.9545454545454546,25.0,0.06958536121714376
20210706,2021,099750,이지케어텍,소프트웨어개발및공급업,32650,61.0,1991650.0,19471.0,20374.0,20220317,208502900000,0.5332858971213184,0.951310861423221,26.0,0.04639863903402297
20210706,2021,213500,한솔제지,"펄프,종이및판지제조업",16250,123.0,1998750.0,16400.0,17049.0,20210906,386759360000,0.49305667070372255,0.9504132231404959,27.0,0.03957158744263323
20210706,2021,089010,켐트로닉스,기타화학제품제조업,24900,80.0,1992000.0,24440.0,26884.0,20210906,369968109300,0.5328408806329181,0.947565543071161,28.0,0.10001868109535494
20210706,2021,138490,코오롱ENP,합성고무및플라스틱물질제조업,7890,253.0,1996170.0,7896.0,10156.0,20210906,299820000000,0.49305667070372255,0.9462809917355371,29.0,0.28624482685345654
20210706,2021,089980,상아프론테크,플라스틱제품제조업,47500,42.0,1995000.0,48535.0,69936.0,20210906,746926337500,0.49689047776560236,0.9438202247191011,30.0,0.44094213253586734
20210706,2021,005090,SGC에너지,전기업,51300,38.0,1949400.0,50829.0,47561.0,20210906,752930305200,0.49276454922190344,0.9421487603305785,31.0,-0.06429335643185052
20210706,2021,092730,네오팜,기타화학제품제조업,34850,57.0,1986450.0,17615.0,13763.0,20230904,286026530850,0.5317872576962468,0.9400749063670412,32.0,-0.21869015000282688
20210706,2021,086280,현대글로비스,기타운송관련서비스업,211000,9.0,1899000.0,103481.0,94946.0,20210906,7912500000000,0.49305667070372255,0.9380165289256198,33.0,-0.08247699122791396
20210706,2021,059090,미코,반도체제조업,13900,143.0,1987700.0,13744.0,14844.0,20210906,446977754700,0.5311616179148118,0.9363295880149812,34.0,0.08002588228471774
20210706,2021,081660,미스토홀딩스,생활용품도매업,55100,36.0,1983600.0,54969.0,45576.0,20210906,3347447432200,0.49305667070372255,0.9338842975206612,35.0,-0.1708841547943617
20210706,2021,089970,브이엠,특수목적용기계제조업,24750,80.0,1980000.0,24695.0,20891.0,20210906,583223726250,0.5320457849947908,0.9325842696629213,36.0,-0.15401129959197346
20210706,2021,122900,아이마켓코리아,상품종합도매업,10950,182.0,1992900.0,10701.0,11998.0,20210906,366045798000,0.49305667070372255,0.9297520661157025,37.0,0.12118856035246695
20210706,2021,053030,바이넥스,의약품제조업,21850,91.0,1988350.0,21801.0,19345.0,20210906,693978898800,0.5295387100760831,0.9288389513108615,38.0,-0.11264446649748183
20210706,2021,114090,GKL,유원지및기타오락관련서비스업,17100,116.0,1983600.0,16624.0,15826.0,20210906,1057731957000,0.49263064891268826,0.9256198347107438,39.0,-0.04803718938044166
20210706,2021,054780,키이스트,"영화,비디오물,방송프로그램제작및배급업",15100,132.0,1993200.0,14998.0,13553.0,20210906,267844706000,0.5258814748261011,0.9250936329588015,40.0,-0.09635658778325407
20210706,2021,032350,롯데관광개발,여행사및기타여행보조서비스업,20700,96.0,1987200.0,19879.0,19533.0,20210906,1434006203400,0.49305667070372255,0.9214876033057852,41.0,-0.017396555302723216
20210706,2021,067000,조이시티,소프트웨어개발및공급업,11750,170.0,1997500.0,7865.0,7434.0,20210906,522242415250,0.5300056891912432,0.9213483146067416,42.0,-0.05480129906608644
20210706,2021,122450,KX,텔레비전방송업,13850,144.0,1994400.0,13888.0,10194.0,20210906,627903101400,0.504037935841193,0.9176029962546817,43.0,-0.2659991207505421
20210706,2021,017670,SK텔레콤,전기통신업,317000,6.0,1902000.0,54283.0,52795.0,20210906,22843065331000,0.49299432804259546,0.9173553719008265,44.0,-0.027404783391514087
20210706,2021,042370,비츠로테크,기타금융업,12000,166.0,1992000.0,11689.0,11842.0,20210915,291323388000,0.5162092366816593,0.9101123595505618,47.0,0.01307174294830693
20210706,2021,065680,우주일렉트로,전자부품제조업,27950,71.0,1984450.0,27427.0,28078.0,20211102,277661449000,0.530787220699472,0.9063670411985019,49.0,0.023762337307616788
20210706,2021,075580,세진중공업,선박및보트건조업,7340,272.0,1996480.0,7283.0,6543.0,20211109,417275007040,0.49276454922190344,0.8760330578512396,65.0,-0.10160754892878232
20210706,2021,010620,현대미포조선,선박및보트건조업,87500,22.0,1925000.0,85312.0,73791.0,20210906,3494938037500,0.49276454922190344,0.8677685950413223,69.0,-0.13504629405712998
20210706,2021,068330,일신바이오,일반목적용기계제조업,6690,298.0,1993620.0,5800.0,4803.0,20210906,295805976600,0.519911475003338,0.8651685393258427,70.0,-0.17196089661477165
20210706,2021,010140,삼성중공업,선박및보트건조업,6900,289.0,1994100.0,6472.0,6156.0,20210927,4347000000000,0.49263274527193657,0.859504132231405,73.0,-0.048861268787735446
20210903,2021,042370,비츠로테크,기타금융업,11700,170.0,1989000.0,11692.0,9205.0,20211110,306540292500,0.5218723987011069,1.0,1.0,-0.2126846398901886
20210903,2021,103140,풍산,1차비철금속제조업,35550,56.0,1990800.0,35627.0,31869.0,20211110,996263082900,0.4934595102298339,1.0,2.0,-0.10547641779717731
20210903,2021,066590,스모트로닉,자동차신품부품제조업,5980,334.0,1997320.0,5868.0,,,212996238000,0.5221610997807402,0.9966887417218543,3.0,-0.04847271567116507
20210903,2021,091810,트리니티항공,항공여객운송업,3865,517.0,1998205.0,3344.0,3419.0,20211110,426426528335,0.4934595102298339,0.9958847736625515,4.0,0.022239428586567467
20210903,2021,033500,동성화인텍,기초화학물질제조업,11150,179.0,1995850.0,11385.0,11633.0,20211110,321730685500,0.5298804087503528,0.9933774834437086,5.0,0.021788892996524645
20210903,2021,114090,GKL,유원지및기타오락관련서비스업,15950,125.0,1993750.0,15826.0,15828.0,20211110,986597936500,0.49317317674876854,0.9917695473251029,6.0,0.0001544269321378522
20210903,2021,086450,동국제약,의약품제조업,24900,80.0,1992000.0,24649.0,22204.0,20211110,1107054000000,0.5294172991078279,0.9900662251655629,7.0,-0.09921621582609785
20210903,2021,032350,롯데관광개발,여행사및기타여행보조서비스업,19450,102.0,1983900.0,19533.0,19486.0,20211110,1347411625900,0.4934595102298339,0.9876543209876543,8.0,-0.0023872260735693374
20210903,2021,237880,클리오,기타화학제품제조업,22750,87.0,1979250.0,22631.0,20889.0,20211110,395691023000,0.5260535076843251,0.9867549668874173,9.0,-0.0769470504702795
20210903,2021,023530,롯데쇼핑,종합소매업,107500,18.0,1935000.0,107904.0,101903.0,20211110,3041041162500,0.49317317674876854,0.9835390946502057,10.0,-0.055610603792405455
20210903,2021,131390,원익피앤이,"전동기,발전기및전기변환ㆍ공급ㆍ제어장치제조업",34100,58.0,1977800.0,35864.0,33908.0,20211110,505324831000,0.5078946750995343,0.9834437086092715,11.0,-0.05456123385345146
20210903,2021,017890,한국알콜,기타화학제품제조업,13250,150.0,1987500.0,13296.0,12798.0,20211110,286276320000,0.5253751488055731,0.9801324503311258,12.0,-0.037439602889887125
20210903,2021,007070,GS리테일,종합소매업,34300,58.0,1989400.0,29412.0,27879.0,20211110,3591824724600,0.49317317674876854,0.9794238683127572,13.0,-0.052126947834503556
20210903,2021,357230,에이치피오,기타식품제조업,17200,116.0,1995200.0,8110.0,6728.0,20220412,342936352000,0.5229845379154539,0.9768211920529801,14.0,-0.1704414055722051
20210903,2021,005440,현대지에프홀딩스,종합소매업,9850,203.0,1999550.0,6499.0,6182.0,20211110,962389147700,0.49317317674876854,0.9753086419753086,15.0,-0.04882505480433008
20210903,2021,104480,티케이케미칼,화학섬유제조업,6600,303.0,1999800.0,6654.0,5887.0,20211110,599909864400,0.5037665459870899,0.9735099337748344,16.0,-0.1153031799376546
20210903,2021,004170,신세계,종합소매업,274500,7.0,1921500.0,271846.0,239851.0,20211110,2702502184500,0.49317317674876854,0.9711934156378601,17.0,-0.11769539915939697
20210903,2021,023410,유진기업,"시멘트,석회,플라스터및그제품제조업",5270,379.0,1997330.0,5278.0,4860.0,20211214,407428248010,0.5220225306145434,0.9701986754966887,18.0,-0.0791242137871121
20210903,2021,047810,한국항공우주,"항공기,우주선및부품제조업",32400,61.0,1976400.0,32516.0,29359.0,20211110,3158193466800,0.49317317674876854,0.9670781893004116,19.0,-0.0971000544232472
20210903,2021,006620,동구바이오제약,의약품제조업,9390,212.0,1990680.0,9315.0,7732.0,20220413,267286274880,0.5244907571363593,0.9668874172185431,20.0,-0.169888862778103
20210903,2021,245620,EDGC,자연과학및공학연구개발업,4140,483.0,1999620.0,3765.0,3494.0,20220407,346469570280,0.5309001266168532,0.9635761589403974,21.0,-0.0718221148984366
20210903,2021,011200,HMM,해상운송업,39300,50.0,1965000.0,38679.0,26717.0,20211110,15931924739100,0.49317317674876854,0.9629629629629629,22.0,-0.3092439033734937
20210903,2021,053030,바이넥스,의약품제조업,19600,102.0,1999200.0,19345.0,14301.0,20211110,622516540800,0.5237214545356087,0.9602649006622517,23.0,-0.2607752789978929
20210903,2021,005880,대한해운,해상운송업,2955,676.0,1997580.0,2913.0,2708.0,20211110,943169394300,0.49317317674876854,0.9588477366255144,24.0,-0.07039656538312
20210903,2021,011040,경동제약,의약품제조업,11000,181.0,1991000.0,10893.0,11944.0,20211110,338456426000,0.5236079237687256,0.956953642384106,25.0,0.09648025329830823
20210903,2021,286940,롯데이노베이트,"컴퓨터프로그래밍,시스템통합및관리업",37700,53.0,1998100.0,37459.0,34355.0,20211215,580441678700,0.49317317674876854,0.9547325102880658,26.0,-0.082850955145652
20210903,2021,251370,와이엠티,기초화학물질제조업,22050,90.0,1984500.0,21498.0,20136.0,20220117,329757264900,0.5197165863329722,0.9536423841059603,27.0,-0.0633240925339239
20210903,2021,018260,삼성에스디에스,"컴퓨터프로그래밍,시스템통합및관리업",171500,11.0,1886500.0,172632.0,154058.0,20211110,13270292700000,0.49317317674876854,0.9506172839506173,28.0,-0.10759397516040503
20210903,2021,039560,다산네트웍스,통신및방송장비제조업,8450,236.0,1994200.0,8724.0,7536.0,20211207,307418081100,0.5362092377772402,0.9503311258278145,29.0,-0.1361871901331989
20210903,2021,089970,브이엠,특수목적용기계제조업,20550,97.0,1993350.0,20891.0,15592.0,20211110,484252427250,0.5322952314669139,0.9470198675496688,30.0,-0.2536562036368504
20210903,2021,012450,한화에어로스페이스,"항공기,우주선및부품제조업",50900,39.0,1985100.0,52103.0,41620.0,20211110,2577067000000,0.49305667070372255,0.9465020576131687,31.0,-0.20120126513121828
20210903,2021,241690,유니테크노,자동차신품부품제조업,14650,136.0,1992400.0,14614.0,9127.0,20211110,345821893500,0.5098936942780335,0.9437086092715232,32.0,-0.375503401586862
20210903,2021,042660,한화오션,선박및보트건조업,27150,73.0,1981950.0,24630.0,21210.0,20211110,2912941663350,0.4934595102298339,0.9423868312757202,33.0,-0.1388658343157937
20210903,2021,138080,오이솔루션,통신및방송장비제조업,39000,51.0,1989000.0,40735.0,32518.0,20211110,414339705000,0.5348115437380017,0.9403973509933775,34.0,-0.20170211078227185
20210903,2021,375500,DL이앤씨,토목건설업,140000,14.0,1960000.0,72204.0,64942.0,20211110,2710223320000,0.49317317674876854,0.9382716049382716,35.0,-0.10056950124130848
20210903,2021,104830,원익머트리얼즈,기초화학물질제조업,34450,58.0,1998100.0,34742.0,30941.0,20211110,434345600000,0.5174588758706896,0.9370860927152318,36.0,-0.10941210373874966
20210903,2021,013360,일성건설,토목건설업,3935,508.0,1998980.0,4091.0,5882.0,20211110,212587902800,0.49317317674876854,0.934156378600823,37.0,0.43756211039012927
20210903,2021,065680,우주일렉트로,전자부품제조업,25450,78.0,1985100.0,25079.0,25032.0,20211112,252825899000,0.5261755736027751,0.9337748344370861,38.0,-0.001867838804202937
20210903,2021,041930,동아화성,고무제품제조업,16900,118.0,1994200.0,16521.0,13875.0,20211110,267020000000,0.49435259592246006,0.9304635761589404,39.0,-0.16015031080006403
20210903,2021,001470,삼부토건,토목건설업,3280,609.0,1997520.0,2863.0,2652.0,20220404,451152087040,0.49317317674876854,0.9300411522633745,40.0,-0.07345477720864002
20210903,2021,035890,서희건설,건물건설업,2050,975.0,1998750.0,2054.0,,,471107336850,0.5247362016040862,0.9271523178807947,41.0,-0.10952899318116605
20210903,2021,000720,현대건설,토목건설업,55000,36.0,1980000.0,54471.0,49983.0,20211110,6124567075000,0.49317317674876854,0.9259259259259259,42.0,-0.08240762268505575
20210903,2021,243070,휴온스,의약품제조업,60000,33.0,1980000.0,54590.0,43430.0,20211110,651580260000,0.5203474902683574,0.9238410596026491,43.0,-0.20443166798229917
20210903,2021,010620,현대미포조선,선박및보트건조업,73700,27.0,1989900.0,73791.0,73680.0,20211110,2943736381300,0.49317317674876854,0.9218106995884774,44.0,-0.0015014865375473363
20210903,2021,018000,유니슨,일반목적용기계제조업,3590,557.0,1999630.0,3070.0,2703.0,20211110,437024166090,0.5271160870159444,0.9205298013245033,45.0,-0.11959486773229133
20210903,2021,010140,삼성중공업,선박및보트건조업,6270,318.0,1993860.0,5861.0,5855.0,20211110,3950100000000,0.49317317674876854,0.9176954732510288,46.0,-0.0009223989621300888
20210903,2021,048910,대원미디어,기타전문도매업,32550,61.0,1985550.0,33979.0,27685.0,20211110,409444692300,0.5277499079375287,0.9172185430463576,47.0,-0.1852424878572113
20210903,2021,045970,코아시아,반도체제조업,8970,222.0,1991340.0,8910.0,9600.0,20211216,236044437720,0.5245847752496404,0.9139072847682119,48.0,0.07742328725855452
20210903,2021,091700,파트론,전자부품제조업,10200,196.0,1999200.0,10131.0,10233.0,20211110,552395382000,0.5230459228727766,0.8609271523178808,77.0,0.010065515378079759
20210903,2021,118990,모트렉스,자동차신품부품제조업,6520,306.0,1995120.0,11300.0,8827.0,20211110,265276742840,0.5071118520821642,0.8377483443708609,90.0,-0.2188542909253116
20211109,2021,042370,비츠로테크,기타금융업,9340,214.0,1998760.0,9205.0,8485.0,20220124,244708233500,0.5278663997040421,1.0,1.0,-0.0782158516831063
20211109,2021,180640,한진칼,항공여객운송업,58800,34.0,1999200.0,58404.0,58207.0,20220110,3924245732400,0.4934595102298339,1.0,2.0,-0.0033692997897168953
20211109,2021,123040,엠에스오토텍,자동차신품부품제조업,5860,341.0,1998260.0,5755.0,4784.0,20220616,208932949820,0.5250772067291358,0.99644128113879,3.0,-0.16876185622543294
20211109,2021,011200,HMM,해상운송업,26700,74.0,1975800.0,26717.0,26222.0,20220110,10823979402900,0.4934595102298339,0.9959514170040485,4.0,-0.018550831516819466
20211109,2021,033500,동성화인텍,기초화학물질제조업,12000,166.0,1992000.0,11633.0,12334.0,20220110,347545476000,0.5215065829993886,0.9928825622775801,5.0,0.060314504122194634
20211109,2021,079160,CJ CGV,"영화,비디오물,방송프로그램제작및배급업",30000,66.0,1980000.0,20301.0,16853.0,20220110,1130256630000,0.49317317674876854,0.9919028340080972,6.0,-0.16983753346047648
20211109,2021,194700,노바렉스,기타식품제조업,36600,54.0,1976400.0,18465.0,19793.0,20220210,329536884000,0.5268418648033215,0.9893238434163701,7.0,0.07193075049223485
20211109,2021,000680,LS네트웍스,상품종합도매업,3290,607.0,1997030.0,3178.0,3492.0,20220228,259261922640,0.4934595102298339,0.9878542510121457,8.0,0.0990008562470952
20211109,2021,041960,코미팜,의약품제조업,8450,236.0,1994200.0,7450.0,7962.0,20220110,542370652200,0.5344980975573724,0.9857651245551602,9.0,0.06869945740601069
20211109,2021,051600,한전KPS,전기및통신공사업,44000,45.0,1980000.0,43237.0,36250.0,20220110,1980000000000,0.49305667070372255,0.9838056680161943,10.0,-0.1615945598633417
20211109,2021,092070,디엔에프,기타화학제품제조업,18550,107.0,1984850.0,17862.0,21070.0,20220110,214657965900,0.5345008863721243,0.9822064056939501,11.0,0.17957947961057252
20211109,2021,114090,GKL,유원지및기타오락관련서비스업,16250,123.0,1998750.0,15828.0,13235.0,20220110,1005154637500,0.49317317674876854,0.979757085020243,12.0,-0.1638518823855466
20211109,2021,047310,파워로직스,"전동기,발전기및전기변환ㆍ공급ㆍ제어장치제조업",7580,263.0,1993540.0,7279.0,7920.0,20220110,260911043560,0.517412269757004,0.9786476868327402,13.0,0.08807737608371546
20211109,2021,036580,팜스코,"곡물가공품,전분및전분제품제조업",6200,322.0,1996400.0,6131.0,6361.0,20220406,227713246600,0.49317317674876854,0.9757085020242915,14.0,0.037427188707386705
20211109,2021,118990,모트렉스,자동차신품부품제조업,5420,369.0,1999980.0,8827.0,11298.0,20220110,221075144240,0.5197377397727536,0.9750889679715302,15.0,0.2799165529786911
20211109,2021,126560,현대퓨처넷,텔레비전방송업,4455,448.0,1995840.0,4364.0,3525.0,20220218,502865235180,0.49317317674876854,0.97165991902834,16.0,-0.19217587852627993
20211109,2021,122990,와이솔,전자부품제조업,10350,193.0,1997550.0,10083.0,10384.0,20220110,291734839350,0.5264776786376075,0.9715302491103203,17.0,0.02977398191200753
20211109,2021,243070,휴온스,의약품제조업,49000,40.0,1960000.0,43430.0,43431.0,20220119,532123879000,0.5310898450961217,0.9679715302491103,18.0,2.938538958696668e-05
20211109,2021,032350,롯데관광개발,여행사및기타여행보조서비스업,20000,100.0,2000000.0,19486.0,17243.0,20220110,1385513240000,0.49317317674876854,0.9676113360323887,19.0,-0.1151180206600173
20211109,2021,200670,휴메딕스,의약품제조업,25200,79.0,1990800.0,24540.0,23992.0,20220721,251274088800,0.531009560692774,0.9644128113879004,20.0,-0.022320404551632533
20211109,2021,017960,한국카본,"구조용금속제품,탱크및증기발생기제조업",12000,166.0,1992000.0,11601.0,12201.0,20220110,527529084000,0.49305667070372255,0.9635627530364372,21.0,0.05175806710677122
20211109,2021,104830,원익머트리얼즈,기초화학물질제조업,31950,62.0,1980900.0,30941.0,32592.0,20220110,402825600000,0.5155106997607938,0.9608540925266904,22.0,0.053359729054833105
20211109,2021,285130,SK케미칼,합성고무및플라스틱물질제조업,158500,12.0,1902000.0,151500.0,145492.0,20220110,2792893630000,0.49317317674876854,0.9595141700404858,23.0,-0.03965728633388199
20211109,2021,023410,유진기업,"시멘트,석회,플라스터및그제품제조업",5080,393.0,1996440.0,4976.0,5075.0,20220110,392739184040,0.5201181490218831,0.9572953736654805,24.0,0.019840811321780727
20211109,2021,117580,대성에너지,연료용가스제조및배관공급업,8670,230.0,1994100.0,8344.0,9235.0,20220110,238425000000,0.49317317674876854,0.9554655870445344,25.0,0.10678920225614252
20211109,2021,048910,대원미디어,기타전문도매업,28100,71.0,1995100.0,27685.0,19690.0,20220110,353468382600,0.5219690730181239,0.9537366548042705,26.0,-0.28877428600366495
20211109,2021,004690,삼천리,연료용가스제조및배관공급업,92600,21.0,1944600.0,97818.0,108617.0,20220413,375495315000,0.49317317674876854,0.951417004048583,27.0,0.11040090038081485
20211109,2021,053030,바이넥스,의약품제조업,14700,136.0,1999200.0,14301.0,14252.0,20220110,466887405600,0.5290232517946463,0.9501779359430605,28.0,-0.003420703656421775
20211109,2021,365550,ESR켄달스퀘어리츠,부동산임대및공급업,6500,307.0,1995500.0,6429.0,6171.0,20220110,931183500000,0.49317317674876854,0.9473684210526315,29.0,-0.04002950617522849
20211109,2021,014620,성광벤드,1차철강제조업,8780,227.0,1993060.0,8838.0,15149.0,20221128,251108000000,0.5110835537879634,0.9466192170818505,30.0,0.7140443473286369
20211109,2021,088260,이리츠코크렙,부동산임대및공급업,6050,330.0,1996500.0,6037.0,5670.0,20220714,383216619500,0.49317317674876854,0.9433198380566802,31.0,-0.06086766489175521
20211109,2021,086450,동국제약,의약품제조업,21850,91.0,1988350.0,22204.0,21953.0,20220110,971451000000,0.5280126302512052,0.9430604982206405,32.0,-0.01131917567830909
20211109,2021,237880,클리오,기타화학제품제조업,21600,92.0,1987200.0,20889.0,20786.0,20220216,375689059200,0.5261199885949328,0.9395017793594306,33.0,-0.004940595029249928
20211109,2021,018260,삼성에스디에스,"컴퓨터프로그래밍,시스템통합및관리업",157000,12.0,1884000.0,154058.0,152058.0,20220110,12148314600000,0.49317317674876854,0.9392712550607287,34.0,-0.012981380910471185
20211109,2021,102120,어보브반도체,반도체제조업,13800,144.0,1987200.0,13333.0,13385.0,20220110,240943211400,0.5232886001954061,0.9359430604982206,35.0,0.0038968052638022055
20211109,2021,012510,더존비즈온,"컴퓨터프로그래밍,시스템통합및관리업",78800,25.0,1970000.0,80731.0,68131.0,20220110,2394163379200,0.49317317674876854,0.9352226720647774,36.0,-0.15606973273897562
20211109,2021,375500,DL이앤씨,토목건설업,132500,15.0,1987500.0,64942.0,66718.0,20220110,2565032785000,0.49317317674876854,0.9311740890688259,38.0,0.027347206005921665
20211109,2021,089970,브이엠,특수목적용기계제조업,15800,126.0,1990800.0,15592.0,19947.0,20220110,374469401000,0.5365005789762676,0.9288256227758007,39.0,0.27928273256267633
20211109,2021,000720,현대건설,토목건설업,50900,39.0,1985100.0,49983.0,45890.0,20220110,5668008438500,0.49317317674876854,0.9230769230769231,42.0,-0.08188655047035942
20211109,2021,042660,한화오션,선박및보트건조업,24550,81.0,1988550.0,21210.0,22717.0,20220110,2633985923950,0.49317317674876854,0.9190283400809717,44.0,0.0710624385982781
20211109,2021,018000,유니슨,일반목적용기계제조업,3325,601.0,1998325.0,2703.0,2327.0,20220110,404764722075,0.5317518440156626,0.9181494661921709,45.0,-0.13905463171404553
20211109,2021,010140,삼성중공업,선박및보트건조업,5950,336.0,1999200.0,5855.0,5907.0,20220110,3748500000000,0.49317317674876854,0.9149797570850202,46.0,0.008785849760273079
20211109,2021,104480,티케이케미칼,화학섬유제조업,5770,346.0,1996420.0,5887.0,5916.0,20220110,524466654180,0.5024758816159955,0.9145907473309609,47.0,0.00489106211297452
20211109,2021,041930,동아화성,고무제품제조업,14500,137.0,1986500.0,13875.0,,,229100000000,0.49787047543834173,0.9074733096085409,50.0,-0.11722028181043587
20211109,2021,010620,현대미포조선,선박및보트건조업,74700,26.0,1942200.0,73680.0,81907.0,20220110,2983678530300,0.49276454922190344,0.9068825910931174,51.0,0.11164985690669504
20211109,2021,241690,유니테크노,자동차신품부품제조업,9350,213.0,1991550.0,9127.0,9657.0,20220110,233858132750,0.5145651164275947,0.8825622775800712,64.0,0.05814016987930981
20211109,2021,039560,다산네트웍스,통신및방송장비제조업,7560,264.0,1995840.0,7396.0,6786.0,20220414,275039135280,0.5374220844293535,0.8683274021352313,71.0,-0.08239026851159625
20211109,2021,005880,대한해운,해상운송업,2755,725.0,1997375.0,2708.0,2582.0,20220110,879333902300,0.49317317674876854,0.8663967611336032,72.0,-0.046363611652539216
20211109,2021,091700,파트론,전자부품제조업,10200,196.0,1999200.0,10233.0,11783.0,20220110,552395382000,0.5184026153700305,0.8505338078291815,80.0,0.15140189971659268
20211109,2021,017890,한국알콜,기타화학제품제조업,13250,150.0,1987500.0,12798.0,11047.0,20220223,286276320000,0.5215281527786338,0.8469750889679716,82.0,-0.13679738222225057
20220103,2022,005490,POSCO홀딩스,1차철강제조업,280000,7.0,1960000.0,286753.0,283736.0,20220310,24412313800000,0.5466663719637883,1.0,1.0,-0.010519774031537699
20220103,2022,347770,핌스,전자부품제조업,34550,57.0,1969350.0,11605.0,,,261718495750,0.5670531270970791,1.0,2.0,-0.20282926265008572
20220103,2022,033500,동성화인텍,기초화학물질제조업,11500,173.0,1989500.0,11785.0,10938.0,20220310,333558236000,0.5492902440673872,0.9966101694915255,3.0,-0.07189444945195245
20220103,2022,108670,LX하우시스,플라스틱제품제조업,62500,32.0,2000000.0,64688.0,56580.0,20220310,560479375000,0.5202367190541577,0.9959514170040485,4.0,-0.12533366651444044
20220103,2022,160980,싸이맥스,특수목적용기계제조업,20000,100.0,2000000.0,19866.0,20416.0,20240320,218484860000,0.5635882346913725,0.9932203389830508,5.0,0.027695963981763994
20220103,2022,051910,LG화학,기초화학물질제조업,618000,3.0,1854000.0,644119.0,496581.0,20220310,43626067974000,0.5433166254615309,0.9919028340080972,6.0,-0.2290540720767985
20220103,2022,034810,해성산업,기타금융업,14450,138.0,1994100.0,14482.0,11688.0,20220314,380848506100,0.5311887839226663,0.9898305084745763,7.0,-0.1929576529094842
20220103,2022,001680,대상,도시락및식사용조리식품제조업,23050,86.0,1982300.0,22797.0,21744.0,20220310,798636976250,0.5004686136690839,0.9878542510121457,8.0,-0.046190816622657116
20220103,2022,047560,이스트소프트,소프트웨어개발및공급업,18150,110.0,1996500.0,18336.0,28748.0,20240306,206458645800,0.573796229165124,0.9864406779661017,9.0,0.5679001881683641
20220103,2022,009150,삼성전기,전자부품제조업,194500,10.0,1945000.0,192008.0,157003.0,20220310,14527923872000,0.5568338958913678,0.9838056680161943,10.0,-0.18230689990693372
20220103,2022,086450,동국제약,의약품제조업,21450,93.0,1994850.0,22005.0,21053.0,20220310,953667000000,0.5625640218705057,0.9830508474576272,11.0,-0.043261952927612035
20220103,2022,000660,SK하이닉스,반도체제조업,128500,15.0,1927500.0,128555.0,120082.0,20220310,93548303902500,0.5650941608920166,0.979757085020243,12.0,-0.06591004373817888
20220103,2022,078350,한양디지텍,반도체제조업,18150,110.0,1996500.0,17824.0,13931.0,20220310,276685533300,0.571703566905065,0.9796610169491525,13.0,-0.21843784819856216
20220103,2022,048910,대원미디어,기타전문도매업,22250,89.0,1980250.0,21887.0,17738.0,20220311,279881548500,0.556447277936555,0.976271186440678,14.0,-0.1895668984298876
20220103,2022,120110,코오롱인더,화학섬유제조업,71500,27.0,1930500.0,71866.0,57255.0,20220310,1967615006500,0.4996929960602683,0.9757085020242915,15.0,-0.2033069367128998
20220103,2022,241690,유니테크노,자동차신품부품제조업,9300,215.0,1999500.0,9507.0,8496.0,20220311,232607554500,0.5351116477326879,0.9728813559322034,16.0,-0.10634613596053122
20220103,2022,005930,삼성전자,통신및방송장비제조업,78600,25.0,1965000.0,78705.0,71208.0,20220310,469224908430000,0.5542360332787399,0.97165991902834,17.0,-0.09525806432570894
20220103,2022,054780,키이스트,"영화,비디오물,방송프로그램제작및배급업",13150,152.0,1998800.0,13000.0,12802.0,20220316,238383173700,0.5335382849406698,0.9694915254237289,18.0,-0.01526204357181049
20220103,2022,023530,롯데쇼핑,종합소매업,86400,23.0,1987200.0,88313.0,85917.0,20220310,2444148432000,0.4846591534437481,0.9676113360323887,19.0,-0.027127139530568334
20220103,2022,136540,윈스테크넷,"컴퓨터프로그래밍,시스템통합및관리업",16600,120.0,1992000.0,16608.0,,,202713605800,0.5596319164035705,0.9661016949152542,20.0,-0.030317123388185596
20220103,2022,011200,HMM,해상운송업,27300,73.0,1992900.0,27323.0,32918.0,20220310,13350778240800,0.5045493942023356,0.9635627530364372,21.0,0.20474561729265095
20220103,2022,066700,테라젠이텍스,의약품제조업,6570,304.0,1997280.0,6616.0,,,213357037950,0.5556117350645184,0.9627118644067797,22.0,-0.045716372569923225
20220103,2022,259960,크래프톤,소프트웨어개발및공급업,460000,4.0,1840000.0,443719.0,294779.0,20220310,22524840700000,0.5546252693850993,0.9595141700404858,23.0,-0.33566356761581007
20220103,2022,041960,코미팜,의약품제조업,8750,228.0,1995000.0,8334.0,8070.0,20220310,561626415000,0.5547773955726478,0.9593220338983051,24.0,-0.03166052604761227
20220103,2022,119860,커넥트웨이브,소프트웨어개발및공급업,26050,76.0,1979800.0,25819.0,23507.0,20220318,340599113100,0.5643070825185692,0.9559322033898305,25.0,-0.08952429302901732
20220103,2022,011070,LG이노텍,전자부품제조업,370500,5.0,1852500.0,349396.0,353439.0,20220310,8768663143500,0.5432690079340754,0.9554655870445344,26.0,0.011571972086461546
20220103,2022,053610,프로텍,특수목적용기계제조업,26850,74.0,1986900.0,26624.0,28334.0,20220310,295350000000,0.5535606529964616,0.9525423728813559,27.0,0.06424504363108863
20220103,2022,003550,LG,기타금융업,81000,24.0,1944000.0,82521.0,73715.0,20220310,12741380433000,0.5166916291552607,0.951417004048583,28.0,-0.10670292770374257
20220103,2022,138080,오이솔루션,통신및방송장비제조업,35100,56.0,1965600.0,35178.0,28023.0,20220310,372905734500,0.5587417513820612,0.9491525423728814,29.0,-0.2033711337085936
20220103,2022,395400,SK리츠,부동산임대및공급업,6220,321.0,1996620.0,6076.0,6371.0,20220310,964227709040,0.47173177634667435,0.9473684210526315,30.0,0.04864115207364028
20220103,2022,054620,APS,기타금융업,14000,142.0,1988000.0,14192.0,10760.0,20230605,285519094000,0.524111139334515,0.9457627118644067,31.0,-0.2418134998864928
20220103,2022,051900,LG생활건강,기타화학제품제조업,1104000,1.0,1104000.0,1103303.0,937261.0,20220310,17242489488000,0.5355315605916913,0.9433198380566802,32.0,-0.15049509692350227
20220103,2022,143240,사람인,"자료처리,호스팅,포털및기타인터넷정보매개서비스업",43650,45.0,1964250.0,42800.0,42753.0,20220523,508926829950,0.5417471458369872,0.9423728813559322,33.0,-0.001090887721419409
20220103,2022,012330,현대모비스,자동차신품부품제조업,256500,7.0,1795500.0,255189.0,219221.0,20220310,24257998611000,0.5244454959169955,0.9392712550607287,34.0,-0.1409456121610312
20220103,2022,110790,크리스에프앤씨,봉제의복제조업,43800,45.0,1971000.0,23133.0,20195.0,20220310,513138024000,0.5622239457476369,0.9389830508474576,35.0,-0.1269835635688199
20220103,2022,047310,파워로직스,"전동기,발전기및전기변환ㆍ공급ㆍ제어장치제조업",8110,246.0,1995060.0,8150.0,6994.0,20220310,279154164020,0.5220398310307206,0.9355932203389831,36.0,-0.14182981616591772
20220103,2022,103140,풍산,1차비철금속제조업,31700,63.0,1997100.0,32512.0,32651.0,20220310,888369612600,0.4916371029150587,0.9352226720647774,37.0,0.004269041256198092
20220103,2022,015750,성우하이텍,자동차신품부품제조업,5750,347.0,1995250.0,6080.0,4575.0,20220310,460000000000,0.5305012243702985,0.9322033898305084,38.0,-0.24740594203695943
20220103,2022,003070,코오롱글로벌,토목건설업,22900,87.0,1992300.0,22148.0,21478.0,20220404,577319030200,0.48006291374008314,0.9311740890688259,39.0,-0.030252115265784085
20220103,2022,023410,유진기업,"시멘트,석회,플라스터및그제품제조업",4820,414.0,1995480.0,5115.0,4960.0,20220310,372638359660,0.53427398068955,0.9288135593220339,40.0,-0.030282398186704196
20220103,2022,034220,LG디스플레이,전자부품제조업,24700,80.0,1976000.0,23848.0,17381.0,20220310,8838047790000,0.5385203853657284,0.9271255060728745,41.0,-0.27115597350351117
20220103,2022,030190,NICE평가정보,기타정보서비스업,17900,111.0,1986900.0,18116.0,18369.0,20220310,1086795278000,0.5612908540105319,0.9254237288135593,42.0,0.013967234320394484
20220103,2022,016710,대성홀딩스,회사본부및경영컨설팅서비스업,47250,42.0,1984500.0,46960.0,50572.0,20220310,760226937750,0.4933978772294726,0.9230769230769231,43.0,0.07692443143865457
20220103,2022,053300,한국정보인증,소프트웨어개발및공급업,6780,294.0,1993320.0,6733.0,6892.0,20220419,283243524180,0.5596407109009711,0.9220338983050848,44.0,0.023690982973257002
20220103,2022,294870,IPARK현대산업개발,건물건설업,23700,84.0,1990800.0,24618.0,18327.0,20220310,1562003721000,0.47700758084472444,0.9190283400809717,45.0,-0.2555495803230182
20220103,2022,122990,와이솔,전자부품제조업,10800,185.0,1998000.0,10933.0,10434.0,20220310,304418962800,0.547166223086186,0.911864406779661,49.0,-0.04562378157986702
20220103,2022,104830,원익머트리얼즈,기초화학물질제조업,35150,56.0,1968400.0,34843.0,34246.0,20220310,443171200000,0.5310988865758055,0.9016949152542373,55.0,-0.01712634729869189
20220103,2022,243070,휴온스,의약품제조업,47400,42.0,1990800.0,46920.0,47123.0,20220314,514748405400,0.543936984759632,0.8745762711864407,69.0,0.004318376235002974
20220103,2022,051600,한전KPS,전기및통신공사업,38500,51.0,1963500.0,37551.0,39602.0,20220310,1732500000000,0.4969621538627115,0.8663967611336032,74.0,0.05460091759292851
20220103,2022,018000,유니슨,일반목적용기계제조업,2905,688.0,1998640.0,2471.0,2315.0,20220310,353740281300,0.550464744096441,0.8542372881355932,81.0,-0.0632176816099761
20220308,2022,005490,POSCO홀딩스,1차철강제조업,276500,7.0,1935500.0,283736.0,276209.0,20220510,24107159877500,0.5534534295917255,1.0,1.0,-0.02652945931719941
20220308,2022,034810,해성산업,기타금융업,11750,170.0,1997500.0,12087.0,10451.0,20230306,309686501500,0.5469874961361225,1.0,2.0,-0.13533478936251941
20220308,2022,033500,동성화인텍,기초화학물질제조업,10900,183.0,1994700.0,10938.0,11711.0,20230511,318066447200,0.5523663159496246,0.9962264150943396,3.0,0.07071725474680957
20220308,2022,051910,LG화학,기초화학물질제조업,503000,3.0,1509000.0,496581.0,501029.0,20220510,35507948529000,0.5393485680504284,0.9960629921259843,4.0,0.008957542702307641
20220308,2022,251970,펌텍코리아,플라스틱제품제조업,17000,117.0,1989000.0,17186.0,17624.0,20221208,210800000000,0.560272006776283,0.9924528301886792,5.0,0.0254977573500883
20220308,2022,011200,HMM,해상운송업,33950,58.0,1969100.0,32918.0,28669.0,20220510,16602890889200,0.531626212982641,0.9921259842519685,6.0,-0.1290649414133701
20220308,2022,036710,심텍홀딩스,통신및방송장비제조업,5050,396.0,1999800.0,5107.0,5247.0,20220510,205351073950,0.5751298869480205,0.9886792452830189,7.0,0.027433094738596564
20220308,2022,007070,GS리테일,종합소매업,26100,76.0,1983600.0,23043.0,22141.0,20220510,2733137764200,0.5033994838485251,0.9881889763779528,8.0,-0.0391552070927812
20220308,2022,015750,성우하이텍,자동차신품부품제조업,4485,445.0,1995825.0,4575.0,4521.0,20220510,358800000000,0.5402199933946166,0.9849056603773585,9.0,-0.011982736246942238
20220308,2022,375500,DL이앤씨,토목건설업,128500,15.0,1927500.0,66715.0,52788.0,20220510,2487597833000,0.48255045649955747,0.984251968503937,10.0,-0.20875276551369037
20220308,2022,048910,대원미디어,기타전문도매업,16550,120.0,1986000.0,17288.0,16186.0,20220531,208181556300,0.5638472205516785,0.9811320754716981,11.0,-0.06373351627281887
20220308,2022,009150,삼성전기,전자부품제조업,156500,12.0,1878000.0,157003.0,160510.0,20220510,11689563424000,0.540869452382689,0.9803149606299213,12.0,0.02233712805492294
20220308,2022,179290,엠아이텍,의료용기기제조업,6400,312.0,1996800.0,6796.0,9743.0,20220511,200268787200,0.5859515403524924,0.9773584905660377,13.0,0.4335856626334531
20220308,2022,003490,대한항공,항공여객운송업,27100,73.0,1978300.0,27946.0,29408.0,20220510,9425944357500,0.5038452164784001,0.9763779527559056,14.0,0.052309883327660955
20220308,2022,131370,알서포트,소프트웨어개발및공급업,5900,338.0,1994200.0,6040.0,5131.0,20220513,314275789700,0.5665909068110623,0.9735849056603774,15.0,-0.1505832145563657
20220308,2022,000660,SK하이닉스,반도체제조업,118000,16.0,1888000.0,120082.0,110096.0,20220510,85904279070000,0.545152015146021,0.9724409448818898,16.0,-0.08315828565161942
20220308,2022,047310,파워로직스,"전동기,발전기및전기변환ㆍ공급ㆍ제어장치제조업",6970,286.0,1993420.0,6994.0,7003.0,20220510,239914244540,0.5254513536645646,0.969811320754717,17.0,0.0012855825943782762
20220308,2022,395400,SK리츠,부동산임대및공급업,6410,312.0,1999920.0,6371.0,6619.0,20220510,993681610120,0.471450438226521,0.968503937007874,18.0,0.03882489004562828
20220308,2022,036810,에프에스티,전자부품제조업,19900,100.0,1990000.0,20731.0,19649.0,20220510,432960101100,0.5605263922690369,0.9660377358490566,19.0,-0.05219474127367629
20220308,2022,004690,삼천리,연료용가스제조및배관공급업,105500,18.0,1899000.0,106128.0,121146.0,20220510,427805137500,0.5104525441484282,0.9645669291338582,20.0,0.1415076457770319
20220308,2022,151910,SBW생명과학,전자부품제조업,3895,513.0,1998135.0,3860.0,4911.0,20220510,689937389610,0.5571284089757136,0.9622641509433962,21.0,0.2721584773943704
20220308,2022,002990,금호건설,건물건설업,10650,187.0,1991550.0,10938.0,9038.0,20220527,390151290600,0.485291694939591,0.9606299212598425,22.0,-0.173644085404968
20220308,2022,086450,동국제약,의약품제조업,20300,98.0,1989400.0,21053.0,20859.0,20220510,902538000000,0.5640661227697057,0.9584905660377359,23.0,-0.009229806355548709
20220308,2022,017810,풀무원,도시락및식사용조리식품제조업,16400,121.0,1984400.0,16298.0,15849.0,20220518,625176888800,0.5046582268360206,0.9566929133858267,24.0,-0.02755479624564472
20220308,2022,023410,유진기업,"시멘트,석회,플라스터및그제품제조업",4700,425.0,1997500.0,4960.0,4795.0,20220510,363361056100,0.5388091407793665,0.9547169811320755,25.0,-0.03331049376193829
20220308,2022,036580,팜스코,"떡,빵및과자류제조업",6050,330.0,1996500.0,6110.0,6250.0,20220513,222204055150,0.495430887405619,0.952755905511811,26.0,0.02281931492597855
20220308,2022,036200,유니셈,특수목적용기계제조업,11200,178.0,1993600.0,11300.0,10204.0,20220510,343439297600,0.5645935927954469,0.9509433962264151,27.0,-0.09694341879711799
20220308,2022,007860,서연,기타금융업,9630,207.0,1993410.0,9282.0,8636.0,20230414,226110897720,0.5077872262101343,0.9488188976377953,28.0,-0.06951227913298241
20220308,2022,084110,휴온스글로벌,의약품제조업,28400,70.0,1988000.0,29689.0,24731.0,20220608,341660207600,0.5605114225650774,0.9471698113207547,29.0,-0.16698098601610256
20220308,2022,075580,세진중공업,선박및보트건조업,6750,296.0,1998000.0,6804.0,5941.0,20220623,383733828000,0.49396764579376573,0.9448818897637795,30.0,-0.12672267793955128
20220308,2022,104830,원익머트리얼즈,기초화학물질제조업,33350,59.0,1967650.0,34246.0,38007.0,20220510,420476800000,0.5347445268888836,0.9433962264150944,31.0,0.1098196543749308
20220308,2022,034220,LG디스플레이,전자부품제조업,18200,109.0,1983800.0,17381.0,15846.0,20220510,6512245740000,0.5338482421383157,0.9409448818897638,32.0,-0.08832729093905511
20220308,2022,290650,엘앤씨바이오,의약품제조업,32700,61.0,1994700.0,33094.0,38240.0,20220510,741795935700,0.5584012654560779,0.939622641509434,33.0,0.15551778596143273
20220308,2022,018260,삼성에스디에스,"컴퓨터프로그래밍,시스템통합및관리업",137000,14.0,1918000.0,145072.0,144609.0,20220510,10600758600000,0.4960359811693813,0.937007874015748,34.0,-0.003193981748618402
20220308,2022,006620,동구바이오제약,의약품제조업,7280,274.0,1994720.0,7302.0,8502.0,20240724,207225141760,0.5582660195290872,0.9358490566037736,35.0,0.16437266402200645
20220308,2022,122900,아이마켓코리아,상품종합도매업,9860,202.0,1991720.0,10048.0,,,329608362400,0.49062255079584344,0.9330708661417323,36.0,0.07518847599837875
20220308,2022,950190,고스트스튜디오,소프트웨어개발및공급업,18400,108.0,1987200.0,18961.0,16406.0,20220715,249870012800,0.5554699067406415,0.9320754716981132,37.0,-0.13471225487130878
20220308,2022,023530,롯데쇼핑,종합소매업,83600,23.0,1922800.0,85917.0,92933.0,20220510,2364939918000,0.4976896527594594,0.9291338582677166,38.0,0.08165469534291958
20220308,2022,102120,어보브반도체,반도체제조업,11700,170.0,1989000.0,11890.0,13288.0,20220510,204277940100,0.5588449208251235,0.9283018867924528,39.0,0.11757801203968854
20220308,2022,011280,태림포장,"골판지,종이상자및종이용기제조업",4065,492.0,1999980.0,4074.0,3839.0,20220527,287826146100,0.4931471856454995,0.9251968503937008,40.0,-0.05762307084908658
20220308,2022,001680,대상,도시락및식사용조리식품제조업,21550,92.0,1982600.0,21744.0,24048.0,20220510,746664938750,0.5023486599180971,0.9212598425196851,42.0,0.10594920160530119
20220308,2022,120110,코오롱인더,화학섬유제조업,56400,35.0,1974000.0,57255.0,65343.0,20220510,1552076732400,0.49465150035771,0.9173228346456693,44.0,0.14126843727159688
20220308,2022,110790,크리스에프앤씨,봉제의복제조업,40000,50.0,2000000.0,20195.0,21044.0,20220511,468619200000,0.5595809752363885,0.9169811320754717,45.0,0.042037474530771224
20220308,2022,243070,휴온스,의약품제조업,48250,41.0,1978250.0,48871.0,38338.0,20220517,523979125750,0.55564607755151,0.9056603773584906,50.0,-0.21552326117059084
20220308,2022,051600,한전KPS,전기및통신공사업,39200,51.0,1999200.0,39602.0,38357.0,20220510,1764000000000,0.5009030973281913,0.905511811023622,51.0,-0.03143362771433611
20220308,2022,041960,코미팜,의약품제조업,8600,232.0,1995200.0,8070.0,7344.0,20220510,551998533600,0.5524886873607397,0.8679245283018868,70.0,-0.09001039406778055
20220308,2022,005930,삼성전자,통신및방송장비제조업,69500,28.0,1946000.0,71208.0,65721.0,20220510,414899887225000,0.5462626721039281,0.8622047244094488,73.0,-0.07705170614468293
20220308,2022,011070,LG이노텍,전자부품제조업,346000,5.0,1730000.0,353439.0,338771.0,20220510,8188819022000,0.5249531030056074,0.8582677165354331,75.0,-0.04150098184486728
20220308,2022,103140,풍산,1차비철금속제조업,33200,60.0,1992000.0,32651.0,29558.0,20220510,930406029600,0.49378796987121787,0.84251968503937,83.0,-0.09473723099930953
20220308,2022,018000,유니슨,일반목적용기계제조업,2650,754.0,1998100.0,2315.0,1812.0,20220510,323957260950,0.5490094935553231,0.8415094339622642,84.0,-0.2171517148405454
20220509,2022,005490,POSCO홀딩스,1차철강제조업,281000,7.0,1967000.0,276209.0,230149.0,20220711,24499500635000,0.5594797779279053,1.0,1.0,-0.16675797710035223
20220509,2022,042370,비츠로테크,기타금융업,9700,206.0,1998200.0,9645.0,8695.0,20230628,254140242500,0.5394417148601239,1.0,2.0,-0.09847096889440676
20220509,2022,357230,에이치피오,도시락및식사용조리식품제조업,12450,160.0,1992000.0,5654.0,4939.0,20220826,248230092000,0.5436114098014979,0.9964664310954063,3.0,-0.1264907898808938
20220509,2022,051910,LG화학,기초화학물질제조업,504000,3.0,1512000.0,501029.0,522186.0,20220711,35578540872000,0.5380770106650986,0.9962406015037594,4.0,0.04222715803966848
20220509,2022,011040,경동제약,의약품제조업,10000,200.0,2000000.0,9944.0,9061.0,20220711,307687660000,0.5734092752910626,0.9929328621908127,5.0,-0.08872905247974472
20220509,2022,005930,삼성전자,통신및방송장비제조업,66100,30.0,1983000.0,65721.0,58813.0,20220711,394602626555000,0.5555967878696901,0.9924812030075187,6.0,-0.10511294363252732
20220509,2022,146320,비씨엔씨,반도체제조업,21300,93.0,1980900.0,21442.0,17449.0,20220726,263436759900,0.5810726267346942,0.9893992932862191,7.0,-0.18621994233261752
20220509,2022,282330,BGF리테일,종합소매업,187000,10.0,1870000.0,187376.0,185868.0,20220711,3232090422000,0.4955073761825478,0.9887218045112782,8.0,-0.0080482006011382
20220509,2022,047310,파워로직스,"전동기,발전기및전기변환ㆍ공급ㆍ제어장치제조업",7030,284.0,1996520.0,7003.0,6725.0,20220727,241979503460,0.5272994788865821,0.9858657243816255,9.0,-0.03972915660203635
20220509,2022,293940,신한알파리츠,부동산임대및공급업,7630,262.0,1999060.0,7586.0,7644.0,20220711,563323838490,0.5001505527424976,0.9849624060150376,10.0,0.007702396119093402
20220509,2022,086450,동국제약,의약품제조업,20600,97.0,1998200.0,20859.0,19661.0,20220711,915876000000,0.5600791931057632,0.9823321554770318,11.0,-0.057438100273132786
20220509,2022,000660,SK하이닉스,반도체제조업,107500,18.0,1935000.0,110096.0,93761.0,20220711,78260254237500,0.5520622544152086,0.981203007518797,12.0,-0.1483745749214611
20220509,2022,042420,네오위즈홀딩스,소프트웨어개발및공급업,35450,56.0,1985200.0,34789.0,29090.0,20220711,313975899700,0.5629038643112738,0.9787985865724381,13.0,-0.16380627234210265
20220509,2022,012510,더존비즈온,"컴퓨터프로그래밍,시스템통합및관리업",39550,50.0,1977500.0,39623.0,35663.0,20220711,1201639107200,0.4912867957112812,0.9774436090225563,14.0,-0.09994327468953523
20220509,2022,241690,유니테크노,자동차신품부품제조업,8330,240.0,1999200.0,8357.0,,,208346336450,0.5584120971309006,0.9752650176678446,15.0,0.02984010094137801
20220509,2022,009150,삼성전기,전자부품제조업,160500,12.0,1926000.0,160510.0,134006.0,20220711,11988338208000,0.5439610256704388,0.9736842105263158,16.0,-0.16512502924786976
20220509,2022,104830,원익머트리얼즈,기초화학물질제조업,38350,52.0,1994200.0,38007.0,29467.0,20230711,483516800000,0.5347806139876768,0.9717314487632509,17.0,-0.22471153767322516
20220509,2022,001390,KG케미칼,기초화학물질제조업,37900,52.0,1970800.0,7577.0,5124.0,20220711,525525038400,0.5204380847937026,0.9699248120300752,18.0,-0.32376606218191994
20220509,2022,041960,코미팜,의약품제조업,8140,245.0,1994300.0,7344.0,6473.0,20220711,522473030640,0.5545389504124161,0.9681978798586572,19.0,-0.11861980998042143
20220509,2022,011200,HMM,해상운송업,29400,68.0,1999200.0,28669.0,24325.0,20220711,14377761182400,0.5303015802142539,0.9661654135338346,20.0,-0.15152745335291173
20220509,2022,206640,바디텍메드,의료용품및기타의약관련제품제조업,14350,139.0,1994650.0,14054.0,13400.0,20220711,337032136000,0.5631619854376033,0.9646643109540636,21.0,-0.046512538838664574
20220509,2022,073240,금호타이어,고무제품제조업,4100,487.0,1996700.0,4077.0,3442.0,20220711,1177767176700,0.4979201792120177,0.9624060150375939,22.0,-0.15585014835295985
20220509,2022,101730,위메이드맥스,소프트웨어개발및공급업,13700,145.0,1986500.0,13789.0,11989.0,20221013,456145500400,0.557066295731585,0.9611307420494699,23.0,-0.13058088627581665
20220509,2022,084690,대상홀딩스,기타금융업,9940,201.0,1997940.0,10052.0,6797.0,20230731,359952627720,0.5058919728187885,0.9586466165413534,24.0,-0.3238368873215538
20220509,2022,022100,포스코DX,"건축기술,엔지니어링및관련기술서비스업",6070,329.0,1997030.0,5970.0,5160.0,20220711,922850805030,0.547520386686196,0.9575971731448764,25.0,-0.13575826767392374
20220509,2022,006400,삼성SDI,일차전지및이차전지제조업,591000,3.0,1773000.0,580679.0,516136.0,20220711,40639837230000,0.5536101078872757,0.9548872180451128,26.0,-0.11115183662782357
20220509,2022,069080,웹젠,소프트웨어개발및공급업,20450,97.0,1983650.0,19988.0,18641.0,20220711,722107577800,0.5536969748955516,0.9540636042402827,27.0,-0.06741721597929862
20220509,2022,003490,대한항공,항공여객운송업,29600,67.0,1983200.0,29408.0,24195.0,20220711,10295496420000,0.5202871144346154,0.9511278195488722,28.0,-0.1772515848072772
20220509,2022,281740,레이크머티리얼즈,기타화학제품제조업,4390,455.0,1997450.0,4634.0,4579.0,20220711,288557105720,0.5582422247763676,0.950530035335689,29.0,-0.011937511873234885
20220509,2022,066570,LG전자,통신및방송장비제조업,113000,17.0,1921000.0,111399.0,78051.0,20221013,18492202982000,0.5440182577347263,0.9473684210526315,30.0,-0.2993541239992381
20220509,2022,015750,성우하이텍,자동차신품부품제조업,4555,439.0,1999645.0,4521.0,4321.0,20220711,364400000000,0.5474413239995144,0.9469964664310954,31.0,-0.04418164382658041
20220509,2022,011070,LG이노텍,전자부품제조업,332000,6.0,1992000.0,338771.0,338769.0,20220711,7857479524000,0.5383944098566806,0.943609022556391,32.0,-5.749015222766829e-06
20220509,2022,251970,펌텍코리아,플라스틱제품제조업,18700,106.0,1982200.0,18737.0,21027.0,20230516,231880000000,0.5478467055826681,0.9434628975265018,33.0,0.12223214098961122
20220509,2022,115960,연우,플라스틱제품제조업,22250,89.0,1980250.0,21943.0,19488.0,20230125,275855500000,0.5473628134243593,0.9399293286219081,34.0,-0.11188931503212018
20220509,2022,093370,후성,기초화학물질제조업,18750,106.0,1987500.0,18527.0,17165.0,20220711,1736377856250,0.5167574531345716,0.9398496240601504,35.0,-0.0735488161237281
20220509,2022,182360,큐브엔터,오디오물출판및원판녹음업,15500,129.0,1999500.0,15184.0,16285.0,20221005,213972648500,0.5485612212289427,0.9363957597173145,36.0,0.0725332844135973
20220509,2022,375500,DL이앤씨,토목건설업,53100,37.0,1964700.0,52788.0,34096.0,20221013,2054631381300,0.48630477088232726,0.9360902255639098,37.0,-0.3540879013553059
20220509,2022,023410,유진기업,"시멘트,석회,플라스터및그제품제조업",4860,411.0,1997460.0,4795.0,3701.0,20231116,375730794180,0.5158100964032746,0.9328621908127208,38.0,-0.22811376706214692
20220509,2022,010140,삼성중공업,선박및보트건조업,5720,349.0,1996280.0,5684.0,5422.0,20220711,5033600000000,0.4808363782505278,0.9323308270676691,39.0,-0.04620280302980462
20220509,2022,025320,시노펙스,전자부품제조업,2765,723.0,1999095.0,2348.0,2936.0,20220713,202516778870,0.5498858918800176,0.9293286219081273,40.0,0.25045637031636714
20220509,2022,373220,LG에너지솔루션,일차전지및이차전지제조업,394000,5.0,1970000.0,393669.0,395069.0,20220711,92196000000000,0.5407786524285135,0.9285714285714286,41.0,0.0035556362958306664
20220509,2022,073490,LIG아큐버,통신및방송장비제조업,38600,51.0,1968600.0,39381.0,30153.0,20220826,260069198400,0.552580619643875,0.9257950530035336,42.0,-0.23433350633043226
20220509,2022,006360,GS건설,건물건설업,40300,49.0,1974700.0,39699.0,28943.0,20220711,3448934047000,0.5012070460145344,0.924812030075188,43.0,-0.2709440952724995
20220509,2022,036200,유니셈,특수목적용기계제조업,10200,196.0,1999200.0,10204.0,7291.0,20220711,312775074600,0.5537685277125375,0.9222614840989399,44.0,-0.2854374975683772
20220509,2022,036810,에프에스티,전자부품제조업,20450,97.0,1983650.0,19649.0,13317.0,20221101,444926335050,0.5484921404773027,0.9187279151943463,46.0,-0.32224658394989125
20220509,2022,011280,태림포장,"골판지,종이상자및종이용기제조업",4355,459.0,1998945.0,4259.0,3131.0,20221209,308359868700,0.5034395101965703,0.9172932330827067,47.0,-0.2647885960737031
20220509,2022,036580,팜스코,"떡,빵및과자류제조업",6790,294.0,1996260.0,6640.0,,,249382732970,0.5189211290121056,0.8646616541353384,76.0,-0.17803761101757498
20220509,2022,110790,크리스에프앤씨,봉제의복제조업,41350,48.0,1984800.0,21295.0,17583.0,20220711,484435098000,0.5565251810176538,0.8621908127208481,77.0,-0.17433406166416454
20220509,2022,051600,한전KPS,전기및통신공사업,38850,51.0,1981350.0,38357.0,38213.0,20220711,1748250000000,0.48490264041485637,0.8571428571428571,80.0,-0.00375730989601053
20220509,2022,103140,풍산,1차비철금속제조업,29950,66.0,1976700.0,29558.0,24150.0,20220711,839327126100,0.5000921902239707,0.8383458646616542,90.0,-0.18296788921419305
20220708,2022,013030,하이록코리아,1차철강제조업,17100,116.0,1983600.0,17239.0,24579.0,20220908,232786267200,0.5393921942061995,1.0,1.0,0.42579180626612945
20220708,2022,051910,LG화학,기초화학물질제조업,540000,3.0,1620000.0,522186.0,726923.0,20230426,38119865220000,0.5463988337818086,1.0,2.0,0.3920781010337815
20220708,2022,011040,경동제약,의약품제조업,8930,223.0,1991390.0,9061.0,7682.0,20221123,274765080380,0.5701019970061847,0.9950738916256158,3.0,-0.15219233597844362
20220708,2022,004800,효성,기타금융업,76500,26.0,1989000.0,58302.0,56907.0,20220908,1611933412500,0.5081367971275925,0.9945945945945946,4.0,-0.023935475974101617
20220708,2022,015750,성우하이텍,자동차신품부품제조업,4370,457.0,1997090.0,4321.0,5520.0,20220908,349600000000,0.5312059349890166,0.9901477832512315,5.0,0.2774794762150157
20220708,2022,005930,삼성전자,통신및방송장비제조업,58700,34.0,1995800.0,58813.0,55599.0,20220908,350426235685000,0.5592276779211622,0.9891891891891892,6.0,-0.054647853427202686
20220708,2022,084110,휴온스글로벌,의약품제조업,21800,91.0,1983800.0,21773.0,25812.0,20230816,275148525600,0.5626848673036262,0.9852216748768473,7.0,0.1855334830668085
20220708,2022,007700,F&F홀딩스,기타금융업,18800,106.0,1992800.0,19105.0,25397.0,20221209,735350099600,0.5019391127845433,0.9837837837837838,8.0,0.329355645393808
20220708,2022,086450,동국제약,의약품제조업,19850,100.0,1985000.0,19661.0,18360.0,20220908,882531000000,0.5619820820745185,0.9802955665024631,9.0,-0.06614458915062948
20220708,2022,005440,현대지에프홀딩스,종합소매업,7720,259.0,1999480.0,4966.0,4841.0,20220908,754278601040,0.48570170712590643,0.9783783783783784,10.0,-0.025158331173952275
20220708,2022,089980,상아프론테크,플라스틱제품제조업,29650,67.0,1986550.0,29309.0,31667.0,20220908,474074947050,0.5386477856957874,0.9753694581280788,11.0,0.08045926020853278
20220708,2022,000660,SK하이닉스,반도체제조업,94800,21.0,1990800.0,93761.0,90457.0,20220908,69014624202000,0.5553918360485528,0.972972972972973,12.0,-0.03523026187547884
20220708,2022,054950,제이브이엠,일반목적용기계제조업,17000,117.0,1989000.0,17728.0,20328.0,20220908,205528164000,0.5506166161695296,0.9704433497536946,13.0,0.14665918862140948
20220708,2022,001740,SK네트웍스,기타전문도매업,4250,470.0,1997500.0,4221.0,4086.0,20221208,1054797499750,0.5297116605318579,0.9675675675675676,14.0,-0.032071980594038485
20220708,2022,083790,CG인바이츠,자연과학및공학연구개발업,4190,477.0,1998630.0,4252.0,3302.0,20220922,290142776340,0.5443578095309078,0.9655172413793104,15.0,-0.22335974749651477
20220708,2022,009150,삼성전기,전자부품제조업,134500,14.0,1883000.0,134006.0,137504.0,20220908,10046302112000,0.543897177183881,0.9621621621621622,16.0,0.026101496396116808
20220708,2022,041960,코미팜,의약품제조업,7190,278.0,1998820.0,6473.0,6628.0,20221220,461496448440,0.5550419016899886,0.9605911330049262,17.0,0.02405878644402626
20220708,2022,009410,태영건설,토목건설업,6760,295.0,1994200.0,13630.0,2539.0,20250516,262957902480,0.49339273178123283,0.9567567567567568,18.0,-0.8137402866539561
20220708,2022,041830,인바디,의료용기기제조업,23100,86.0,1986600.0,22739.0,20992.0,20220916,316095364200,0.5600671453845136,0.9556650246305419,19.0,-0.07683971536805434
20220708,2022,010140,삼성중공업,선박및보트건조업,5500,363.0,1996500.0,5422.0,5661.0,20220908,4840000000000,0.4901169220502043,0.9513513513513514,20.0,0.044033732374554324
20220708,2022,065680,우주일렉트로,전자부품제조업,21400,93.0,1990200.0,21193.0,22494.0,20220914,212592308000,0.5551855543156812,0.9507389162561576,21.0,0.061407459756958716
20220708,2022,006400,삼성SDI,일차전지및축전지제조업,537000,3.0,1611000.0,516136.0,559253.0,20220908,36926552610000,0.5534651826246272,0.9459459459459459,22.0,0.08353802898698426
20220708,2022,131390,원익피앤이,"전동기,발전기및전기변환ㆍ공급ㆍ제어장치제조업",20650,96.0,1982400.0,20804.0,19454.0,20220908,306010491500,0.5422813300165717,0.9458128078817734,23.0,-0.06489341846204233
20220708,2022,059090,미코,반도체제조업,8190,244.0,1998360.0,8203.0,8216.0,20221005,273683411820,0.5578693594401156,0.9408866995073891,24.0,0.0016214392454032556
20220708,2022,293940,신한알파리츠,부동산임대및공급업,7790,256.0,1994240.0,7644.0,7831.0,20220908,575136658170,0.4897334390777189,0.9405405405405406,25.0,0.024407795095403584
20220708,2022,083450,GST,특수목적용기계제조업,21750,91.0,1979250.0,10828.0,11301.0,20221121,202660953750,0.5675594720068594,0.9359605911330049,26.0,0.043684415694173584
20220708,2022,005490,POSCO홀딩스,1차철강제조업,231000,8.0,1848000.0,230149.0,241655.0,20220908,20140158885000,0.5215973423580244,0.9351351351351351,27.0,0.04999612163993605
20220708,2022,206650,유바이오로직스,의약품제조업,15750,126.0,1984500.0,16997.0,14649.0,20220908,574005710250,0.5495823466172254,0.9310344827586207,28.0,-0.13812901283592105
20220708,2022,028670,팬오션,해상운송업,5590,357.0,1995630.0,5444.0,4825.0,20220908,2988243572080,0.4826444439520181,0.9297297297297298,29.0,-0.11362403152965883
20220708,2022,213420,덕산네오룩스,전자부품제조업,31200,64.0,1996800.0,31331.0,35379.0,20220908,774732784800,0.5508241080770675,0.9261083743842364,30.0,0.12921177473608192
20220708,2022,001800,오리온홀딩스,기타금융업,14950,133.0,1988350.0,14798.0,14200.0,20220908,936549058900,0.4941959626610372,0.9243243243243243,31.0,-0.04039080312920973
20220708,2022,376980,원티드랩,소프트웨어개발및공급업,21900,91.0,1992900.0,21571.0,,,205994378400,0.5679897754620749,0.9211822660098522,32.0,-0.022652018472462565
20220708,2022,373220,LG에너지솔루션,일차전지및축전지제조업,388000,5.0,1940000.0,395069.0,612433.0,20230612,90792000000000,0.5451202583372998,0.918918918918919,33.0,0.5501927453102204
20220708,2022,043150,바텍,의료용기기제조업,30350,65.0,1972750.0,30016.0,34014.0,20220908,450826669600,0.5550669925306042,0.916256157635468,34.0,0.13317313299655953
20220708,2022,002990,금호건설,건물건설업,8010,249.0,1994490.0,7901.0,7763.0,20221212,295998295950,0.49245728669534833,0.9135135135135135,35.0,-0.017468528863371358
20220708,2022,194700,노바렉스,기타식품제조업,29100,68.0,1978800.0,15712.0,11738.0,20221011,262008834000,0.5387809583392185,0.9113300492610837,36.0,-0.25290896508035166
20220708,2022,073240,금호타이어,고무제품제조업,3475,575.0,1998125.0,3442.0,4152.0,20220908,998229497325,0.4950831495175063,0.9081081081081082,37.0,0.2062505515013897
20220708,2022,235980,메드팩토,자연과학및공학연구개발업,26400,75.0,1980000.0,23169.0,26948.0,20220908,556127932800,0.5362211653901022,0.9064039408866995,38.0,0.16313859821417598
20220708,2022,010060,OCI홀딩스,기초화학물질제조업,127000,15.0,1905000.0,98610.0,83908.0,20220908,3028870117000,0.5153569185638918,0.9027027027027027,39.0,-0.14909937259405437
20220708,2022,092040,아미코젠,기타식품제조업,24300,82.0,1992600.0,11306.0,10150.0,20220908,480039404400,0.535934916520859,0.9014778325123153,40.0,-0.10222087932164614
20220708,2022,281740,레이크머티리얼즈,기타화학제품제조업,4450,449.0,1998050.0,4579.0,6919.0,20220908,292500938600,0.5570596460474296,0.896551724137931,42.0,0.511214243191281
20220708,2022,206640,바디텍메드,의료용품및기타의약관련제품제조업,12950,154.0,1994300.0,13400.0,10148.0,20220908,304150952000,0.5535296004307158,0.8916256157635468,44.0,-0.24273181309761094
20220708,2022,003490,대한항공,항공여객운송업,25150,79.0,1986850.0,24195.0,25342.0,20220908,8747693748750,0.48713594913117275,0.8702702702702703,52.0,0.04741923763559064
20220708,2022,022100,포스코DX,"건축기술,엔지니어링및관련기술서비스업",5260,380.0,1998800.0,5160.0,6429.0,20220908,799702674540,0.5466072084128707,0.8669950738916257,53.0,0.24591017047860553
20220708,2022,012510,더존비즈온,"컴퓨터프로그래밍,시스템통합및관리업",36100,55.0,1985500.0,35663.0,35576.0,20220908,1096818502400,0.5050839845282868,0.8648648648648649,54.0,-0.00242964727281636
20220708,2022,110790,크리스에프앤씨,봉제의복제조업,35500,56.0,1988000.0,17583.0,13174.0,20220908,415899540000,0.5555961239777698,0.8620689655172413,55.0,-0.25074143207271504
20220708,2022,042420,네오위즈홀딩스,소프트웨어개발및공급업,29450,67.0,1973150.0,29090.0,31932.0,20220908,260834703700,0.5587739376395299,0.8226600985221675,70.0,0.09769395096963418
20220708,2022,006360,GS건설,건물건설업,29550,67.0,1979850.0,28943.0,28192.0,20220908,2528933029500,0.4696552604530655,0.7945945945945946,81.0,-0.025943154067520013
20220708,2022,036200,유니셈,특수목적용기계제조업,7360,271.0,1994560.0,7291.0,7120.0,20220908,225688681280,0.5575187429588221,0.7881773399014779,84.0,-0.023493138713712836
20220708,2022,282330,BGF리테일,종합소매업,189500,10.0,1895000.0,185868.0,158364.0,20220908,3275300187000,0.4760968387780898,0.7837837837837838,85.0,-0.14797635738572112
20220907,2022,005490,POSCO홀딩스,1차철강제조업,246000,8.0,1968000.0,241655.0,285686.0,20221111,20804522580000,0.5421029940762198,1.0,1.0,0.18220459743517292
20220907,2022,206650,유바이오로직스,의약품제조업,14300,139.0,1987700.0,14649.0,11301.0,20221111,521160740100,0.5584872152115032,1.0,2.0,-0.22855284141266952
20220907,2022,086450,동국제약,의약품제조업,17900,111.0,1986900.0,18360.0,17006.0,20221111,795834000000,0.5539755612657495,0.9957446808510638,3.0,-0.07377106346261908
20220907,2022,001800,오리온홀딩스,기타금융업,13900,143.0,1987700.0,14200.0,14602.0,20221111,870771365800,0.5122463305291451,0.9953917050691244,4.0,0.028284084193254344
20220907,2022,092040,아미코젠,기타식품제조업,21700,92.0,1996400.0,10150.0,9245.0,20221111,428677163600,0.5407123394869495,0.9914893617021276,5.0,-0.08910731354526702
20220907,2022,004990,롯데지주,기타금융업,40300,49.0,1974700.0,40897.0,33497.0,20221111,4227842251100,0.5102988191329849,0.9907834101382489,6.0,-0.18094480322205697
20220907,2022,083790,CG인바이츠,자연과학및공학연구개발업,3380,591.0,1997580.0,3392.0,3627.0,20221111,234053122680,0.5490011426979148,0.9872340425531915,7.0,0.06924900326361128
20220907,2022,001570,금양,기초화학물질제조업,16850,118.0,1988300.0,17457.0,31805.0,20221111,970241181150,0.5411465997580389,0.9861751152073732,8.0,0.8219355232903494
20220907,2022,045100,한양이엔지,"건축기술,엔지니어링및관련기술서비스업",14200,140.0,1988000.0,14396.0,14245.0,20221111,255600000000,0.5475163257807365,0.9829787234042553,9.0,-0.010490727196498129
20220907,2022,005930,삼성전자,통신및방송장비제조업,56000,35.0,1960000.0,55599.0,62888.0,20221111,334307822800000,0.5583300003787516,0.9815668202764977,10.0,0.13108895516918206
20220907,2022,131390,원익피앤이,"전동기,발전기및전기변환ㆍ공급ㆍ제어장치제조업",19850,100.0,1985000.0,19454.0,,,294155363500,0.5441843338234954,0.9787234042553191,11.0,0.045095934921316916
20220907,2022,034020,두산에너빌리티,일반목적용기계제조업,18100,110.0,1991000.0,17825.0,16523.0,20221111,11553375397300,0.5429832042281391,0.9769585253456221,12.0,-0.07301910144831569
20220907,2022,119860,커넥트웨이브,소프트웨어개발및공급업,17600,113.0,1988800.0,17547.0,15596.0,20230131,230116867200,0.564826277743159,0.9744680851063829,13.0,-0.11117453052195381
20220907,2022,012330,현대모비스,자동차신품부품제조업,217000,9.0,1953000.0,219164.0,219173.0,20221111,20522361398000,0.5166480340083772,0.9723502304147466,14.0,4.121244192556439e-05
20220907,2022,088290,이원컴포텍,자동차신품부품제조업,9050,220.0,1991000.0,8957.0,8756.0,20221125,209574153250,0.5205708035035224,0.9702127659574468,15.0,-0.02245725091854378
20220907,2022,000660,SK하이닉스,반도체제조업,90400,22.0,1988800.0,90457.0,93569.0,20221111,65811413796000,0.5522118172374817,0.967741935483871,16.0,0.03439523159705837
20220907,2022,091120,이엠텍,전자부품제조업,28250,70.0,1977500.0,28214.0,29412.0,20221111,484005442000,0.552117152974599,0.9659574468085106,17.0,0.042496324871189595
20220907,2022,010620,현대미포조선,선박및보트건조업,104500,19.0,1985500.0,103209.0,94188.0,20221111,4173954570500,0.49595198115829786,0.9631336405529954,18.0,-0.08740310834770404
20220907,2022,101160,월덱스,전자부품제조업,18650,107.0,1995550.0,18694.0,20548.0,20221111,307930019450,0.5516684092601073,0.9617021276595744,19.0,0.09917846234601102
20220907,2022,004360,세방,도로화물운송업,15100,132.0,1993200.0,14443.0,19385.0,20221111,291561219000,0.4943744584655126,0.9585253456221198,20.0,0.3421745603368809
20220907,2022,089980,상아프론테크,플라스틱제품제조업,31200,64.0,1996800.0,31667.0,28865.0,20221111,498857954400,0.5419978005569333,0.9574468085106383,21.0,-0.08849801886431208
20220907,2022,006400,삼성SDI,일차전지및축전지제조업,554000,3.0,1662000.0,559253.0,731598.0,20221111,38095549620000,0.5589546989106462,0.9539170506912442,22.0,0.30817014080287874
20220907,2022,048530,인트론바이오,기초의약물질및생물학적제제제조업,10350,193.0,1997550.0,10897.0,9691.0,20221111,353460386700,0.5505481709503095,0.9531914893617022,23.0,-0.11065601599023922
20220907,2022,011200,HMM,해상운송업,19650,101.0,1984650.0,20020.0,20862.0,20221111,9609626096400,0.49559656173901767,0.9493087557603687,24.0,0.042079816180293106
20220907,2022,041830,인바디,의료용기기제조업,21650,92.0,1991800.0,21090.0,19541.0,20221111,296253880300,0.5595699524740352,0.948936170212766,25.0,-0.07344822772278103
20220907,2022,016710,대성홀딩스,회사본부및경영컨설팅서비스업,87600,22.0,1927200.0,88459.0,105448.0,20221111,1409436608400,0.5058380457378227,0.9447004608294931,26.0,0.1920560214083522
20220907,2022,336570,원텍,의료용기기제조업,2830,706.0,1997980.0,2843.0,3829.0,20221125,246314571330,0.5586938225966382,0.9446808510638298,27.0,0.346842043600442
20220907,2022,094480,갤럭시아머니트리,소프트웨어개발및공급업,6110,327.0,1997970.0,6166.0,7176.0,20230127,239694310180,0.5606103157972292,0.9404255319148936,28.0,0.1638443678281125
20220907,2022,010140,삼성중공업,선박및보트건조업,5690,351.0,1997190.0,5661.0,5520.0,20221111,5007200000000,0.4940462198565039,0.9400921658986175,29.0,-0.024878370090759327
20220907,2022,319400,현대무벡스,일반목적용기계제조업,2910,687.0,1999170.0,3008.0,5087.0,20230522,333966630150,0.5447276893378497,0.9361702127659575,30.0,0.6909071545442289
20220907,2022,005440,현대지에프홀딩스,종합소매업,7320,273.0,1998360.0,4841.0,4533.0,20221111,715196808240,0.4924156386833972,0.9354838709677419,31.0,-0.06370117191393043
20220907,2022,131370,알서포트,소프트웨어개발및공급업,4350,459.0,1996650.0,4455.0,4820.0,20230201,231711811050,0.5594959228294636,0.9319148936170213,32.0,0.08183990716908984
20220907,2022,017670,SK텔레콤,전기통신업,52000,38.0,1976000.0,51871.0,50478.0,20221111,11379323488000,0.5277288922094163,0.9308755760368663,33.0,-0.026843681043091983
20220907,2022,013120,동원개발,건물건설업,3680,543.0,1998240.0,3774.0,,,334173808000,0.5535524432766181,0.9276595744680851,34.0,-0.001203785947113456
20220907,2022,005390,신성통상,기타전문도매업,2725,733.0,1997425.0,2752.0,2091.0,20231102,391605362750,0.4959822929867399,0.9262672811059908,35.0,-0.24033255153516064
20220907,2022,091700,파트론,전자부품제조업,8190,244.0,1998360.0,8194.0,8922.0,20221111,482540172660,0.5481742287635694,0.9234042553191489,36.0,0.0888865699956698
20220907,2022,103140,풍산,1차비철금속제조업,30450,65.0,1979250.0,28508.0,29815.0,20221111,853339265100,0.5041795265240754,0.9216589861751152,37.0,0.04585781621901708
20220907,2022,067000,조이시티,소프트웨어개발및공급업,4315,463.0,1997845.0,4317.0,4813.0,20221111,295636783785,0.5588496823197249,0.9191489361702128,38.0,0.11488863953173789
20220907,2022,017390,서울가스,연료용가스제조및배관공급업,271000,7.0,1897000.0,266373.0,331315.0,20221111,1355000000000,0.5166172510600303,0.9170506912442397,39.0,0.24380125982880752
20220907,2022,053030,바이넥스,의약품제조업,13350,149.0,1989150.0,13598.0,11599.0,20221111,424009990800,0.5299974750205709,0.9148936170212766,40.0,-0.14703569807506822
20220907,2022,007070,GS리테일,종합소매업,26200,76.0,1991200.0,22448.0,24536.0,20221111,2743609556400,0.49040507503278397,0.9124423963133641,41.0,0.09302711633867133
20220907,2022,194700,노바렉스,기타식품제조업,14250,140.0,1995000.0,13886.0,10701.0,20230203,267256584000,0.5323992879054331,0.9106382978723404,42.0,-0.22935920561068923
20220907,2022,110790,크리스에프앤씨,봉제의복제조업,26400,75.0,1980000.0,13174.0,9746.0,20230106,309288672000,0.5552414885804895,0.8851063829787233,53.0,-0.26025465098873646
20220907,2022,293940,신한알파리츠,부동산임대및공급업,7970,250.0,1992500.0,7831.0,7045.0,20221111,588426080310,0.5034685533767809,0.8755760368663594,58.0,-0.10034094672689031
20220907,2022,206640,바디텍메드,의료용품및기타의약관련제품제조업,10200,196.0,1999200.0,10148.0,10600.0,20221111,239562912000,0.5523309484652611,0.8723404255319149,59.0,0.04459837769003716
20220907,2022,003490,대한항공,항공여객운송업,25300,79.0,1998700.0,25342.0,26533.0,20221111,9315982723300,0.5079861631419705,0.8571428571428571,66.0,0.04699588692396328
20220907,2022,009150,삼성전기,전자부품제조업,136500,14.0,1911000.0,137504.0,141520.0,20221111,10195689504000,0.5298160559497188,0.8525345622119815,68.0,0.029205383473613677
20220907,2022,054950,제이브이엠,일반목적용기계제조업,19850,100.0,1985000.0,20328.0,17023.0,20221116,239984356200,0.5344355418500446,0.8468085106382979,71.0,-0.16258100324161295
20220907,2022,010060,OCI홀딩스,기초화학물질제조업,105500,18.0,1899000.0,83908.0,82321.0,20221111,2516108640500,0.5093359803624209,0.8387096774193549,74.0,-0.018908544571043406
20220907,2022,036200,유니셈,특수목적용기계제조업,7150,279.0,1994850.0,7120.0,6761.0,20230202,219249194450,0.5540466062475828,0.8085106382978723,88.0,-0.050421623161216234
20221110,2022,001800,오리온홀딩스,기타금융업,14450,138.0,1994100.0,14602.0,15301.0,20230111,905226347900,0.5275038566159653,1.0,1.0,0.0478413385928822
20221110,2022,123040,엠에스오토텍,자동차신품부품제조업,4655,429.0,1996995.0,4796.0,5149.0,20230322,203180723130,0.5641318802804731,1.0,2.0,0.07360879187983671
20221110,2022,011040,경동제약,의약품제조업,7550,264.0,1993200.0,7653.0,7782.0,20230120,232304183300,0.5710660310116069,0.9954337899543378,3.0,0.01686999049077742
20221110,2022,139480,이마트,종합소매업,89300,22.0,1964600.0,92676.0,99873.0,20230111,2489310636700,0.5054331335028588,0.995260663507109,4.0,0.07766513278297493
20221110,2022,194700,노바렉스,기타식품제조업,11250,177.0,1991250.0,11638.0,15445.0,20250520,210992040000,0.5491246292432579,0.9908675799086758,5.0,0.3271207114603545
20221110,2022,001570,금양,기초화학물질제조업,31950,62.0,1980900.0,31805.0,25358.0,20230111,1854698682150,0.5451150428002621,0.990521327014218,6.0,-0.2027071869357805
20221110,2022,086450,동국제약,의약품제조업,15950,125.0,1993750.0,17006.0,16202.0,20230111,709137000000,0.5520435286003484,0.9863013698630136,7.0,-0.04724546959778342
20221110,2022,005490,POSCO홀딩스,1차철강제조업,281000,7.0,1967000.0,285686.0,292143.0,20230111,23764515630000,0.5251275900013626,0.985781990521327,8.0,0.022601321261388696
20221110,2022,206650,유바이오로직스,의약품제조업,10550,189.0,1993950.0,11301.0,9159.0,20230111,384492713850,0.5519277759793553,0.9817351598173516,9.0,-0.18954494245617481
20221110,2022,005930,삼성전자,통신및방송장비제조업,60400,33.0,1993200.0,62888.0,60507.0,20230111,360574866020000,0.5582112759009853,0.981042654028436,10.0,-0.037859964744348384
20221110,2022,041830,인바디,의료용기기제조업,20650,96.0,1982400.0,19541.0,20241.0,20230111,282570098300,0.5632050503529201,0.9771689497716894,11.0,0.03584637472675567
20221110,2022,010620,현대미포조선,선박및보트건조업,88800,22.0,1953600.0,94188.0,75727.0,20230111,3546862831200,0.48071777935511856,0.976303317535545,12.0,-0.19599757924018213
20221110,2022,022100,포스코DX,"건축기술,엔지니어링및관련기술서비스업",6250,320.0,2000000.0,6389.0,6439.0,20230111,950217056250,0.5526558283132035,0.9726027397260274,13.0,0.007693999665010054
20221110,2022,004990,롯데지주,기타금융업,35500,56.0,1988000.0,33497.0,32595.0,20230111,3724277913500,0.5160535383940199,0.9715639810426541,14.0,-0.026913303075352113
20221110,2022,013030,하이록코리아,1차철강제조업,21150,94.0,1988100.0,21284.0,19887.0,20230111,287919856800,0.5270575658509287,0.9680365296803652,15.0,-0.06564279754143543
20221110,2022,003490,대한항공,항공여객운송업,24550,81.0,1988550.0,26533.0,23729.0,20230111,9039817227550,0.4805791554682962,0.966824644549763,16.0,-0.10569678618082157
20221110,2022,048530,인트론바이오,기초의약물질및생물학적제제제조업,9180,217.0,1992060.0,9691.0,8062.0,20230111,313503995160,0.5643080677772372,0.9634703196347032,17.0,-0.16809010470568886
20221110,2022,000660,SK하이닉스,반도체제조업,89100,22.0,1960200.0,93569.0,87355.0,20230111,64865010721500,0.5506455737246401,0.9620853080568721,18.0,-0.06641330309607951
20221110,2022,051370,인터플렉스,전자부품제조업,10500,190.0,1995000.0,10853.0,10703.0,20230307,244938456000,0.5558300880115903,0.958904109589041,19.0,-0.01377635879188932
20221110,2022,002990,금호건설,건물건설업,6490,308.0,1998920.0,6624.0,8083.0,20230111,239828831550,0.47475163842560997,0.957345971563981,20.0,0.2201315047111263
20221110,2022,089980,상아프론테크,플라스틱제품제조업,27000,74.0,1998000.0,28865.0,30916.0,20230111,431703999000,0.5511918839673642,0.954337899543379,21.0,0.0710750543632761
20221110,2022,011200,HMM,해상운송업,20250,98.0,1984500.0,20862.0,20364.0,20230111,9903049794000,0.477307060335441,0.95260663507109,22.0,-0.023872498321667046
20221110,2022,102710,이엔에프테크놀로지,기타화학제품제조업,23050,86.0,1982300.0,24652.0,22453.0,20230111,329334619800,0.5480216265290918,0.9497716894977168,23.0,-0.08919320415855092
20221110,2022,017390,서울가스,연료용가스제조및배관공급업,330000,6.0,1980000.0,331315.0,445857.0,20230111,1650000000000,0.48915046609945784,0.9478672985781991,24.0,0.3457171898988134
20221110,2022,088290,이원컴포텍,자동차신품부품제조업,9420,212.0,1997040.0,9536.0,,,218142378300,0.5402951759746717,0.9452054794520548,25.0,-0.07133685264228029
20221110,2022,003550,LG,기타금융업,82300,24.0,1975200.0,83593.0,79772.0,20230111,12945871723900,0.5130007732218442,0.943127962085308,26.0,-0.04570523534227833
20221110,2022,206640,바디텍메드,의료용품및기타의약관련제품제조업,10550,189.0,1993950.0,10600.0,11259.0,20230215,247783208000,0.5609687843298538,0.9406392694063926,27.0,0.06215650476139101
20221110,2022,011070,LG이노텍,전자부품제조업,287500,6.0,1725000.0,319597.0,278105.0,20230111,6804293262500,0.5371747825565654,0.9383886255924171,28.0,-0.12982346043420567
20221110,2022,045100,한양이엔지,"건축기술,엔지니어링및관련기술서비스업",13950,143.0,1994850.0,14245.0,15046.0,20230222,251100000000,0.5482169232208487,0.9360730593607306,29.0,0.056204075786103536
20221110,2022,006400,삼성SDI,일차전지및축전지제조업,725000,2.0,1450000.0,731598.0,610974.0,20230111,49854284250000,0.5543719080791432,0.933649289099526,30.0,-0.16487702007069582
20221110,2022,080580,오킨스전자,전자부품제조업,17050,117.0,1994850.0,16716.0,22572.0,20230302,301432030900,0.5530572718686813,0.9315068493150684,31.0,0.35034689269120034
20221110,2022,170900,동아에스티,의약품제조업,61200,32.0,1958400.0,54603.0,64107.0,20230908,516928125600,0.5240754262630749,0.9289099526066351,32.0,0.17406669456119594
20221110,2022,182360,큐브엔터,오디오물출판및원판녹음업,18500,108.0,1998000.0,18582.0,18482.0,20230111,255386709500,0.5235622388138148,0.9269406392694064,33.0,-0.005385143535606929
20221110,2022,010140,삼성중공업,선박및보트건조업,5320,375.0,1995000.0,5520.0,5120.0,20230111,4681600000000,0.4734949426050807,0.9241706161137441,34.0,-0.07233426198499082
20221110,2022,084990,헬릭스미스,자연과학및공학연구개발업,13700,145.0,1986500.0,14573.0,11722.0,20230111,516343766200,0.5404317821452387,0.9223744292237442,35.0,-0.19562467856078347
20221110,2022,000070,삼양홀딩스,기타금융업,67000,29.0,1943000.0,45943.0,46669.0,20230112,573806157000,0.509405891389511,0.919431279620853,36.0,0.015807133506061666
20221110,2022,091120,이엠텍,전자부품제조업,29150,68.0,1982200.0,29412.0,23013.0,20230111,499425084400,0.5494339908074113,0.9178082191780822,37.0,-0.21756389662058662
20221110,2022,016710,대성홀딩스,회사본부및경영컨설팅서비스업,103000,19.0,1957000.0,105448.0,117913.0,20230111,1657214277000,0.5123565077395077,0.9146919431279621,38.0,0.11821255737283587
20221110,2022,089030,테크윙,특수목적용기계제조업,6290,317.0,1993930.0,6492.0,6271.0,20230131,234954427050,0.5622180731337927,0.91324200913242,39.0,-0.033994860213897304
20221110,2022,004360,세방,도로화물운송업,18800,106.0,1992800.0,19385.0,37526.0,20230111,363003372000,0.5183983675044457,0.909952606635071,40.0,0.9357705837593686
20221110,2022,141080,리가켐바이오,자연과학및공학연구개발업,34100,58.0,1977800.0,36088.0,38395.0,20230111,831121959800,0.5387489701215582,0.908675799086758,41.0,0.06392575609840567
20221110,2022,054950,제이브이엠,일반목적용기계제조업,17150,116.0,1989400.0,17072.0,21381.0,20230111,207341647800,0.5330091746562737,0.8949771689497716,47.0,0.2523721176487437
20221110,2022,092040,아미코젠,기타식품제조업,18800,106.0,1992800.0,9245.0,9314.0,20230111,371388510400,0.5324093673007679,0.8904109589041096,49.0,0.007442133906882198
20221110,2022,083790,CG인바이츠,자연과학및공학연구개발업,3565,561.0,1999965.0,3627.0,3418.0,20230130,246863722590,0.5372144518781948,0.8767123287671232,55.0,-0.057739184000145216
20221110,2022,053030,바이넥스,의약품제조업,11150,179.0,1995850.0,11599.0,11248.0,20230111,354135685200,0.5352618786424179,0.8721461187214612,56.0,-0.03020913018405169
20221110,2022,293940,신한알파리츠,부동산임대및공급업,7050,283.0,1995150.0,7045.0,6250.0,20230605,520502367150,0.48281962381921595,0.8720379146919431,57.0,-0.11284476279419264
20221110,2022,017670,SK텔레콤,전기통신업,50400,39.0,1965600.0,50478.0,46484.0,20230111,11029190457600,0.480951414963107,0.8625592417061612,61.0,-0.0791240238744002
20221110,2022,094480,갤럭시아머니트리,소프트웨어개발및공급업,5150,388.0,1998200.0,5425.0,7817.0,20230303,202033665700,0.5658438042784653,0.8538812785388128,64.0,0.4409172525431162
20221110,2022,010060,OCI홀딩스,기초화학물질제조업,101000,19.0,1919000.0,82321.0,66739.0,20230111,2408786471000,0.5105733434559889,0.8436018957345972,69.0,-0.18928993552941054
20221110,2022,103140,풍산,1차비철금속제조업,28400,70.0,1988000.0,29815.0,32760.0,20230111,795889495200,0.4975372661778942,0.8246445497630331,77.0,0.09876800220132087
20230102,2023,001740,SK네트웍스,기타전문도매업,3825,522.0,1996650.0,3736.0,4391.0,20230307,949317749775,0.519982798893517,1.0,1.0,0.17529307536759053
20230102,2023,043150,바텍,의료용기기제조업,32000,62.0,1984000.0,31923.0,33069.0,20230307,475336192000,0.5237719626929033,1.0,2.0,0.035888477402453045
20230102,2023,243070,휴온스,의약품제조업,28150,71.0,1998650.0,29061.0,32425.0,20230410,335985704350,0.5275892799871988,0.9951923076923077,3.0,0.11574759641531096
20230102,2023,016380,KG스틸,1차철강제조업,7150,279.0,1994850.0,7266.0,9338.0,20230307,715063613550,0.5336022266778238,0.9951690821256038,4.0,0.2851498910558501
20230102,2023,091120,이엠텍,전자부품제조업,20500,97.0,1988500.0,20712.0,23161.0,20230307,351225188000,0.5368924051705009,0.9903846153846154,5.0,0.11824967167095934
20230102,2023,005440,현대지에프홀딩스,종합소매업,6540,305.0,1994700.0,4350.0,4043.0,20230417,638987312280,0.5034677352279051,0.9903381642512077,6.0,-0.0707658279979313
20230102,2023,053030,바이넥스,의약품제조업,11300,176.0,1988800.0,11099.0,10669.0,20230307,358899842400,0.5246536842259863,0.9855769230769231,7.0,-0.03873998737668305
20230102,2023,009900,명신산업,자동차신품부품제조업,14450,138.0,1994100.0,14802.0,20506.0,20230307,758193421850,0.5221218234065732,0.9855072463768116,8.0,0.38530903921994786
20230102,2023,030520,한글과컴퓨터,소프트웨어개발및공급업,12000,166.0,1992000.0,12238.0,14626.0,20230307,302445960000,0.5429863885508738,0.9807692307692307,9.0,0.19519419805664295
20230102,2023,003090,대웅,의약품제조업,19700,101.0,1989700.0,18850.0,17190.0,20230307,1145397006000,0.5173185212558746,0.9806763285024155,10.0,-0.08804364769607032
20230102,2023,206650,유바이오로직스,의약품제조업,8650,231.0,1998150.0,8769.0,8120.0,20230307,315247580550,0.5236424614790398,0.9759615384615384,11.0,-0.07403763732790059
20230102,2023,010140,삼성중공업,선박및보트건조업,5080,393.0,1996440.0,4965.0,5291.0,20230307,4470400000000,0.5147327960674186,0.9758454106280193,12.0,0.06550758728817696
20230102,2023,061970,LB세미콘,반도체제조업,6460,309.0,1996140.0,6565.0,7294.0,20230307,282848464320,0.5302297061206451,0.9711538461538461,13.0,0.11102715066391511
20230102,2023,034020,두산에너빌리티,일반목적용기계제조업,15250,131.0,1997750.0,15120.0,16865.0,20230307,9734197503250,0.5296015048788542,0.9710144927536232,14.0,0.11541996640843344
20230102,2023,049070,인탑스,통신및방송장비제조업,27200,73.0,1985600.0,29290.0,30085.0,20230307,467840000000,0.5254979853907267,0.9663461538461539,15.0,0.027130915346074147
20230102,2023,093370,후성,기초화학물질제조업,10600,188.0,1992800.0,10490.0,13156.0,20230307,1000132302400,0.5329706373896088,0.966183574879227,16.0,0.2541186586065267
20230102,2023,086450,동국제약,의약품제조업,16000,125.0,2000000.0,15804.0,15914.0,20230307,711360000000,0.5218534543718041,0.9615384615384616,17.0,0.006983607331629171
20230102,2023,001120,LX인터내셔널,상품중개업,32550,61.0,1985550.0,32621.0,31978.0,20230307,1261638000000,0.5067666735950158,0.961352657004831,18.0,-0.019728944894623957
20230102,2023,214150,클래시스,의료용기기제조업,17700,112.0,1982400.0,17020.0,19626.0,20230307,1146547625400,0.516448133169896,0.9567307692307693,19.0,0.15305621107404055
20230102,2023,117580,대성에너지,연료용가스제조및배관공급업,8710,229.0,1994590.0,8754.0,9404.0,20230307,239525000000,0.5104122217172578,0.9565217391304348,20.0,0.0742420292742969
20230102,2023,102710,이엔에프테크놀로지,기타화학제품제조업,19550,102.0,1994100.0,19952.0,21250.0,20230307,279327193800,0.542398225232936,0.9519230769230769,21.0,0.06506177957585813
20230102,2023,000150,두산,기타금융업,76800,26.0,1996800.0,81415.0,106480.0,20230307,1269030528000,0.5251690522508345,0.9516908212560387,22.0,0.307862322911008
20230102,2023,095700,제넥신,자연과학및공학연구개발업,18550,107.0,1984850.0,14344.0,14163.0,20230307,466439416100,0.5179919228778915,0.9471153846153846,23.0,-0.01258168033493734
20230102,2023,003410,쌍용양회,"시멘트,석회,플라스터및그제품제조업",5640,354.0,1996560.0,5318.0,5628.0,20230307,2841768115800,0.5127649474784586,0.9468599033816425,24.0,0.058208011907607604
20230102,2023,018310,삼목에스폼,"구조용금속제품,탱크및증기발생기제조업",16400,121.0,1984400.0,16058.0,17991.0,20230828,241080000000,0.5329241097999923,0.9423076923076923,25.0,0.12037400970014
20230102,2023,010950,S-Oil,석유정제품제조업,82800,24.0,1987200.0,81167.0,84067.0,20230307,9321855177600,0.5080364246229534,0.9420289855072463,26.0,0.03572750077454323
20230102,2023,222800,심텍,전자부품제조업,25600,78.0,1996800.0,27513.0,29111.0,20230307,815466060800,0.5326640244854648,0.9375,27.0,0.058082113875253416
20230102,2023,010130,고려아연,1차비철금속제조업,539000,3.0,1617000.0,525681.0,585642.0,20230307,10706242162000,0.5096180370888892,0.9371980676328503,28.0,0.11406457157321892
20230102,2023,235980,메드팩토,자연과학및공학연구개발업,21750,91.0,1979250.0,19356.0,17167.0,20230307,458505116250,0.517471589136154,0.9326923076923077,29.0,-0.1130791153416868
20230102,2023,073240,금호타이어,고무제품제조업,2775,720.0,1998000.0,2710.0,3215.0,20230307,797147296425,0.5190330479670386,0.9323671497584541,30.0,0.18627472106188914
20230102,2023,243840,신흥에스이씨,일차전지및축전지제조업,39950,50.0,1997500.0,8041.0,10983.0,20230307,310140998550,0.5311542891112221,0.9278846153846154,31.0,0.3659392710940852
20230102,2023,130660,한전산업,"건축기술,엔지니어링및관련기술서비스업",8010,249.0,1994490.0,8012.0,7712.0,20230328,261126000000,0.522647828312111,0.927536231884058,32.0,-0.037417342359826744
20230102,2023,096530,씨젠,의료용품및기타의약관련제품제조업,26050,76.0,1979800.0,26066.0,24865.0,20230307,1360487143700,0.5237976601459324,0.9230769230769231,33.0,-0.04607335526819056
20230102,2023,007810,코리아써키트,전자부품제조업,11750,170.0,1997500.0,12500.0,15508.0,20230307,277543824250,0.5278068950396049,0.9227053140096618,34.0,0.24065446835676085
20230102,2023,101160,월덱스,전자부품제조업,18300,109.0,1994700.0,18655.0,21611.0,20230307,302151171900,0.5317173052311794,0.9182692307692307,35.0,0.15845497985085388
20230102,2023,001390,KG케미칼,기초화학물질제조업,19950,100.0,1995000.0,4033.0,6664.0,20230307,276628615200,0.5296481533296904,0.9178743961352657,36.0,0.6522002701343645
20230102,2023,092040,아미코젠,기타식품제조업,19150,104.0,1991600.0,8851.0,8690.0,20230307,378302658200,0.5039084174806977,0.9134615384615384,37.0,-0.018178518947542854
20230102,2023,026890,스틱인베스트먼트,"전동기,발전기및전기변환ㆍ공급ㆍ제어장치제조업",5150,388.0,1998200.0,5205.0,8692.0,20240430,214642601250,0.5044738239655058,0.9130434782608695,38.0,0.6699599837309091
20230102,2023,078160,메디포스트,기초의약물질및생물학적제제제조업,14700,136.0,1999200.0,12766.0,13718.0,20230307,239083651800,0.5245117128888126,0.9086538461538461,39.0,0.07458384451766786
20230102,2023,060980,HL홀딩스,기타금융업,29600,67.0,1983200.0,29814.0,35405.0,20240207,309973272000,0.5230440170960877,0.9082125603864735,40.0,0.18752273998264468
20230102,2023,047820,초록뱀미디어,"영화,비디오물,방송프로그램제작및배급업",10150,197.0,1999550.0,15668.0,16131.0,20230307,220383925300,0.5248887086215355,0.9038461538461539,41.0,0.02956549460919078
20230102,2023,002380,KCC,기타화학제품제조업,199500,10.0,1995000.0,198873.0,249852.0,20230307,1772850964500,0.5296175157261337,0.9033816425120773,42.0,0.25633782585854936
20230102,2023,042000,카페24,"자료처리,호스팅,포털및기타인터넷정보매개서비스업",9750,205.0,1998750.0,9822.0,12208.0,20230725,219347680500,0.5361039525957592,0.8990384615384616,43.0,0.24290594961146272
20230102,2023,361610,SK아이이테크놀로지,일차전지및축전지제조업,53900,37.0,1994300.0,53025.0,69428.0,20230307,3842940208800,0.5239243836690787,0.8985507246376812,44.0,0.3093363876345985
20230102,2023,048530,인트론바이오,기초의약물질및생물학적제제제조업,8200,243.0,1992600.0,7972.0,8961.0,20230307,280036248400,0.5223114470446915,0.875,53.0,0.12410281211445873
20230102,2023,011040,경동제약,의약품제조업,7700,259.0,1994300.0,7572.0,6943.0,20231205,236919498200,0.5162252808853613,0.8653846153846154,57.0,-0.08307660781143278
20230102,2023,005930,삼성전자,통신및방송장비제조업,55500,36.0,1998000.0,55407.0,60714.0,20230307,331322931525000,0.517482299381574,0.8647342995169082,58.0,0.0957827693111637
20230102,2023,083790,CG인바이츠,자연과학및공학연구개발업,3475,575.0,1998125.0,3337.0,3404.0,20230323,245844038850,0.512687461471015,0.8413461538461539,67.0,0.01988127550430141
20230102,2023,041830,인바디,의료용기기제조업,20350,98.0,1994300.0,19842.0,28339.0,20230307,278464963700,0.5120599314012804,0.8221153846153846,75.0,0.42823676056308724
20230102,2023,016710,대성홀딩스,회사본부및경영컨설팅서비스업,112500,17.0,1912500.0,109440.0,128241.0,20230307,1810064137500,0.4940362733166195,0.8067632850241546,82.0,0.17178967269519507
20230306,2023,082920,비츠로셀,일차전지및축전지제조업,15220,131.0,1993820.0,7668.0,8989.0,20230508,327825893440,0.5174112739196594,1.0,1.0,0.1723415005785156
20230306,2023,226320,잇츠한불,기타화학제품제조업,18020,110.0,1982200.0,17828.0,12751.0,20231101,395166256300,0.5336446204109484,1.0,2.0,-0.2847643018146164
20230306,2023,119860,커넥트웨이브,소프트웨어개발및공급업,14010,142.0,1989420.0,13850.0,14399.0,20230508,675183537720,0.5414571843624645,0.996,3.0,0.039702448144320446
20230306,2023,017800,현대엘리베이터,일반목적용기계제조업,27900,71.0,1980900.0,27687.0,35043.0,20230508,1138743828900,0.5329791274641504,0.9951690821256038,4.0,0.26568142737863765
20230306,2023,138580,비즈니스온,소프트웨어개발및공급업,9350,213.0,1991550.0,9288.0,11280.0,20230912,210900124050,0.5384209168213083,0.992,5.0,0.21443982378534
20230306,2023,001120,LX인터내셔널,상품중개업,32150,62.0,1993300.0,31978.0,30976.0,20230508,1246134000000,0.5200615941591196,0.9903381642512077,6.0,-0.031314833863509195
20230306,2023,091120,이엠텍,전자부품제조업,22850,87.0,1987950.0,23161.0,26664.0,20230508,391487587600,0.5341030413612478,0.988,7.0,0.15125857706432289
20230306,2023,023530,롯데쇼핑,종합소매업,87200,22.0,1918400.0,86748.0,81254.0,20230508,2466779436000,0.499701234700717,0.9855072463768116,8.0,-0.06333199672049672
20230306,2023,053030,바이넥스,의약품제조업,10550,189.0,1993950.0,10669.0,10768.0,20230508,335079056400,0.5306888875589941,0.984,9.0,0.009285807269327151
20230306,2023,001390,KG케미칼,기초화학물질제조업,25650,77.0,1975050.0,6664.0,7275.0,20230508,355665362400,0.524593936194113,0.9806763285024155,10.0,0.09169576599730878
20230306,2023,222800,심텍,전자부품제조업,29500,67.0,1976500.0,29111.0,27807.0,20230508,939697218500,0.5308766384816568,0.98,11.0,-0.04477474308468754
20230306,2023,036800,나이스정보통신,전기통신업,28500,70.0,1995000.0,28757.0,,,285000000000,0.5163151066825757,0.976,12.0,-0.1279531528075354
20230306,2023,352820,하이브,오디오물출판및원판녹음업,191800,10.0,1918000.0,188543.0,278967.0,20230508,7931579626600,0.5047247263513894,0.9758454106280193,13.0,0.4795936836075061
20230306,2023,256840,한국비엔씨,기초의약물질및생물학적제제제조업,4280,467.0,1998760.0,4306.0,3946.0,20230508,289253048640,0.528637251108071,0.972,14.0,-0.08356363896789443
20230306,2023,010950,S-Oil,석유정제품제조업,83200,24.0,1996800.0,84067.0,73337.0,20230508,9366888294400,0.5010149810848443,0.9710144927536232,15.0,-0.12763822056632224
20230306,2023,064290,인텍플러스,특수목적용기계제조업,16800,119.0,1999200.0,16440.0,18480.0,20230511,214333761600,0.5377252999679638,0.968,16.0,0.12408745298134338
20230306,2023,001250,GS글로벌,상품종합도매업,2455,814.0,1998370.0,2545.0,3126.0,20230512,202620390620,0.5307157165356222,0.966183574879227,17.0,0.22818619207756274
20230306,2023,086450,동국제약,의약품제조업,15870,126.0,1999620.0,15914.0,15478.0,20230508,705580200000,0.526376809834237,0.964,18.0,-0.02738295331811169
20230306,2023,028260,삼성물산,기타전문도매업,112000,17.0,1904000.0,110654.0,110736.0,20230508,20931353072000,0.5072048520984522,0.961352657004831,19.0,0.000736803116251572
20230306,2023,060570,드림어스컴퍼니,"자료처리,호스팅,포털및기타인터넷정보매개서비스업",3715,538.0,1998670.0,3627.0,,,211234331605,0.5225456413605609,0.96,20.0,-0.0966865520045106
20230306,2023,011700,한신기계,일반목적용기계제조업,6430,311.0,1999730.0,6373.0,,,208628750930,0.5211816312225227,0.9565217391304348,21.0,-0.00795571797350536
20230306,2023,100090,SK오션플랜트,1차철강제조업,20100,99.0,1989900.0,22208.0,,,1070023741200,0.518582692988044,0.956,22.0,0.08448533622394505
20230306,2023,060720,KH바텍,전자부품제조업,14960,133.0,1989680.0,15945.0,19234.0,20230508,354214532320,0.5280147383071745,0.952,23.0,0.20624479878298252
20230306,2023,018260,삼성에스디에스,"컴퓨터프로그래밍,시스템통합및관리업",125400,15.0,1881000.0,123462.0,118954.0,20230508,9703176120000,0.5099523901729177,0.9516908212560387,24.0,-0.03650970632873585
20230306,2023,123040,엠에스오토텍,자동차신품부품제조업,5600,357.0,1999200.0,5679.0,6010.0,20230508,244427937600,0.5191504167307025,0.948,25.0,0.058393891931738606
20230306,2023,112610,씨에스윈드,"구조용금속제품,탱크및증기발생기제조업",71500,27.0,1930500.0,76379.0,72986.0,20230508,3015255314500,0.506181403363018,0.9468599033816425,26.0,-0.04442997996568365
20230306,2023,041960,코미팜,의약품제조업,6670,299.0,1994330.0,6063.0,7046.0,20230508,428119792920,0.5243691917439879,0.944,27.0,0.16206154721200816
20230306,2023,183190,아세아시멘트,"시멘트,석회,플라스터및그제품제조업",9200,217.0,1996400.0,9200.0,10949.0,20230525,358414428000,0.5244517606705382,0.9420289855072463,28.0,0.19018434316443766
20230306,2023,092040,아미코젠,기타식품제조업,18600,107.0,1990200.0,8690.0,8704.0,20230508,367437568800,0.5126252493624056,0.94,29.0,0.0015926349319477229
20230306,2023,019170,신풍제약,의약품제조업,19970,100.0,1997000.0,19877.0,18238.0,20230508,1058110250300,0.5219623123081109,0.9371980676328503,30.0,-0.08242882916441174
20230306,2023,045100,한양이엔지,"건축기술,엔지니어링및관련기술서비스업",15060,132.0,1987920.0,15428.0,14927.0,20230508,271080000000,0.5203526295773829,0.936,31.0,-0.03247171389656556
20230306,2023,093050,LF,봉제의복제조업,17480,114.0,1992720.0,18247.0,17711.0,20250627,511115200000,0.4880940655218977,0.9323671497584541,32.0,-0.029384140250530044
20230306,2023,073490,LIG아큐버,통신및방송장비제조업,30750,65.0,1998750.0,30544.0,27035.0,20230510,233818264500,0.5280696638728972,0.932,33.0,-0.1148758432744339
20230306,2023,043150,바텍,의료용기기제조업,33250,60.0,1995000.0,33069.0,42576.0,20230508,493904012000,0.5249449487626207,0.928,34.0,0.287484027849652
20230306,2023,329180,HD현대중공업,선박및보트건조업,102100,19.0,1939900.0,100202.0,108955.0,20230508,9063735143600,0.5020394273256853,0.927536231884058,35.0,0.08734956918636194
20230306,2023,146320,비씨엔씨,반도체제조업,17640,113.0,1993320.0,17322.0,16336.0,20230519,225091744920,0.5277908622197609,0.924,36.0,-0.05689729166457502
20230306,2023,117580,대성에너지,연료용가스제조및배관공급업,9420,212.0,1997040.0,9404.0,8562.0,20230508,259050000000,0.5113765043453342,0.9227053140096618,37.0,-0.08954484307555532
20230306,2023,102710,이엔에프테크놀로지,기타화학제품제조업,21550,92.0,1982600.0,21250.0,21155.0,20230508,307902865800,0.5245613895378423,0.92,38.0,-0.004508381994624111
20230306,2023,017810,풀무원,기타식품제조업,10730,186.0,1995780.0,10701.0,10824.0,20230627,409033415660,0.5077849949228632,0.9178743961352657,39.0,0.011491898981219606
20230306,2023,101160,월덱스,전자부품제조업,21950,91.0,1997450.0,21611.0,21659.0,20230508,362416296350,0.5241273116580527,0.892,51.0,0.002246122627621361
20230306,2023,001740,SK네트웍스,기타전문도매업,4320,462.0,1995840.0,4391.0,5702.0,20231218,1072170635040,0.5048336063341199,0.8840579710144928,54.0,0.2985885399279369
20230306,2023,061970,LB세미콘,반도체제조업,7410,269.0,1993290.0,7294.0,7835.0,20230508,324443826720,0.5239373926386417,0.884,55.0,0.0742053128092659
20230306,2023,243840,신흥에스이씨,일차전지및축전지제조업,53600,37.0,1983200.0,10983.0,9201.0,20230508,416109074400,0.5102307699381301,0.88,56.0,-0.1622361770810895
20230306,2023,060980,HL홀딩스,기타금융업,33100,60.0,1986000.0,32969.0,40998.0,20250605,346625517000,0.5104464211296156,0.8695652173913043,61.0,0.2435227767601571
20230306,2023,030520,한글과컴퓨터,소프트웨어개발및공급업,15000,133.0,1995000.0,14626.0,14276.0,20230508,378057450000,0.5222857977491842,0.856,67.0,-0.023972593818939902
20230306,2023,206650,유바이오로직스,의약품제조업,7900,253.0,1998700.0,8120.0,7619.0,20230508,287913975300,0.5188920096678227,0.848,71.0,-0.06165701965693915
20230306,2023,048530,인트론바이오,기초의약물질및생물학적제제제조업,8520,234.0,1993680.0,8961.0,7900.0,20230508,290964492240,0.5215116455038038,0.844,73.0,-0.11840356871836932
20230306,2023,010140,삼성중공업,선박및보트건조업,5380,371.0,1995980.0,5291.0,5430.0,20230508,4734400000000,0.4977542798391995,0.8405797101449275,74.0,0.026391212538563913
20230306,2023,049070,인탑스,통신및방송장비제조업,29600,67.0,1983200.0,30085.0,35927.0,20230508,509120000000,0.5229894139998399,0.84,75.0,0.19419083343270938
20230306,2023,002380,KCC,기타화학제품제조업,250000,8.0,2000000.0,249852.0,222900.0,20230508,2221617750000,0.5168628042979981,0.8357487922705314,77.0,-0.1078692708847625
20230504,2023,023530,롯데쇼핑,종합소매업,79600,25.0,1990000.0,81254.0,65776.0,20230707,2251784898000,0.5026715829808552,1.0,1.0,-0.19049128533025217
20230504,2023,183300,코미코,특수목적용기계제조업,43350,46.0,1994100.0,44576.0,56833.0,20230707,434386377450,0.5336736557501758,1.0,2.0,0.27497721131796027
20230504,2023,069080,웹젠,소프트웨어개발및공급업,15660,127.0,1988820.0,15797.0,14216.0,20230831,552968443440,0.5323330772311468,0.9962121212121212,3.0,-0.10008490364521272
20230504,2023,007810,코리아써키트,전자부품제조업,13900,143.0,1987700.0,14265.0,16405.0,20230707,328328438900,0.5365447039408769,0.9957081545064378,4.0,0.15001649663234717
20230504,2023,073490,LIG아큐버,통신및방송장비제조업,27350,73.0,1996550.0,27286.0,29175.0,20240219,207965188100,0.5267569461000028,0.9924242424242424,5.0,0.069216204211062
20230504,2023,004250,NPC,플라스틱제품제조업,6460,309.0,1996140.0,6495.0,6605.0,20230712,237211200000,0.5360219749148897,0.9914163090128756,6.0,0.01700606362475665
20230504,2023,206560,덱스터,"영화,비디오물,방송프로그램제작및배급업",10580,189.0,1999620.0,10633.0,9820.0,20230707,268841354880,0.5311815259346295,0.9886363636363636,7.0,-0.07649135246120675
20230504,2023,011790,SKC,기타화학제품제조업,98200,20.0,1964000.0,94172.0,98112.0,20230707,3718666863600,0.5369851459055013,0.9871244635193133,8.0,0.04184126933277521
20230504,2023,115450,HLB테라퓨틱스,기타전문도매업,4955,403.0,1996865.0,4381.0,4036.0,20230707,350754822435,0.5265181209284002,0.9848484848484849,9.0,-0.07874200924713348
20230504,2023,093370,후성,기초화학물질제조업,13670,146.0,1995820.0,13339.0,12207.0,20230707,1289793261680,0.5207522974545526,0.9828326180257511,10.0,-0.08485922505084997
20230504,2023,297890,HB솔루션,특수목적용기계제조업,14160,141.0,1996560.0,3589.0,5631.0,20240115,236756516880,0.5307953288125861,0.9810606060606061,11.0,0.569229733463807
20230504,2023,000150,두산,기타금융업,93000,21.0,1953000.0,94497.0,85495.0,20230707,1536716655000,0.5233638056371264,0.9785407725321889,12.0,-0.09526506643666399
20230504,2023,018290,브이티,기타화학제품제조업,6010,332.0,1995320.0,6001.0,9274.0,20230707,207248196930,0.531608669550277,0.9772727272727273,13.0,0.5454261852183317
20230504,2023,092220,KEC,반도체제조업,2265,883.0,1999995.0,2178.0,,,327888514365,0.5303551528562794,0.9742489270386266,14.0,-0.0034383483406943416
20230504,2023,084990,헬릭스미스,자연과학및공학연구개발업,8800,227.0,1997600.0,8852.0,5959.0,20230707,366049455200,0.5281873646191916,0.9734848484848485,15.0,-0.32681003123784425
20230504,2023,181710,NHN,소프트웨어개발및공급업,28100,71.0,1995100.0,28055.0,22809.0,20240109,981720764200,0.5313087824050823,0.9699570815450643,16.0,-0.18698903870060812
20230504,2023,182360,큐브엔터,오디오물출판및원판녹음업,25450,78.0,1985100.0,24270.0,23371.0,20230707,351329284150,0.49984095743482193,0.9696969696969697,17.0,-0.03703931905211022
20230504,2023,086450,동국제약,의약품제조업,15340,130.0,1994200.0,15478.0,13244.0,20230707,682016400000,0.5289807118515605,0.9659090909090909,18.0,-0.14434661554069084
20230504,2023,336370,솔루스첨단소재,전자부품제조업,39700,50.0,1985000.0,19880.0,18603.0,20230707,1393914441500,0.5286071483562884,0.9656652360515021,19.0,-0.0642498918790092
20230504,2023,099430,바이오플러스,기초의약물질제조업,6430,311.0,1999730.0,6356.0,6807.0,20230707,372495455520,0.5290001130664366,0.9621212121212122,20.0,0.07094988406643132
20230504,2023,003570,SNT다이내믹스,자동차신품부품제조업,9350,213.0,1991550.0,9452.0,13118.0,20231031,310912716950,0.5254421272725104,0.9613733905579399,21.0,0.3879567007921425
20230504,2023,041830,인바디,의료용기기제조업,29100,68.0,1978800.0,28693.0,27646.0,20230710,398198056200,0.5233140318597418,0.9583333333333334,22.0,-0.036479668018006284
20230504,2023,002380,KCC,기타화학제품제조업,223500,8.0,1788000.0,222900.0,189407.0,20230707,1986126268500,0.5290479938867444,0.9570815450643777,23.0,-0.15026046242329105
20230504,2023,053800,안랩,소프트웨어개발및공급업,62000,32.0,1984000.0,62867.0,61663.0,20230707,620859010000,0.5272394804419379,0.9545454545454546,24.0,-0.01914936703754533
20230504,2023,097950,CJ제일제당,도시락및식사용조리식품제조업,309500,6.0,1857000.0,322514.0,263972.0,20230707,4659270567000,0.5038780323156773,0.9527896995708155,25.0,-0.1815173387015464
20230504,2023,950130,엑세스바이오,의료용품및기타의약관련제품제조업,9470,211.0,1998170.0,8086.0,6492.0,20230707,343908040690,0.5318777609070713,0.9507575757575758,26.0,-0.19714725201289307
20230504,2023,092200,디아이씨,자동차신품부품제조업,5540,361.0,1999940.0,5291.0,5199.0,20240711,215442672260,0.522973385837975,0.9484978540772532,27.0,-0.01737281217410669
20230504,2023,256840,한국비엔씨,기초의약물질제조업,3940,507.0,1997580.0,3946.0,3333.0,20230707,266275002720,0.5274279408822099,0.946969696969697,28.0,-0.15548817075739307
20230504,2023,020150,롯데에너지머티리얼즈,전자부품제조업,60400,33.0,1993200.0,62438.0,54729.0,20230707,2785094434000,0.5258912175874135,0.944206008583691,29.0,-0.12346899348770124
20230504,2023,014620,성광벤드,1차철강제조업,12160,164.0,1994240.0,13549.0,16004.0,20230707,347776000000,0.5117955519261557,0.9431818181818182,30.0,0.18116880559099613
20230504,2023,249420,일동제약,의약품제조업,20500,97.0,1988500.0,20315.0,14572.0,20230707,549467342500,0.527813869536188,0.9399141630901288,31.0,-0.2827042092392774
20230504,2023,083450,GST,특수목적용기계제조업,23650,84.0,1986600.0,11979.0,14133.0,20230707,220364669250,0.5253888185894438,0.9393939393939394,32.0,0.17982868356918646
20230504,2023,017390,서울가스,연료용가스제조및배관공급업,104300,19.0,1981700.0,101876.0,66644.0,20230707,521500000000,0.5188368009674771,0.9356223175965666,33.0,-0.3458258082568795
20230504,2023,061970,LB세미콘,반도체제조업,7600,263.0,1998800.0,7835.0,7877.0,20230707,332762899200,0.5229649571188217,0.9356060606060606,34.0,0.0053181476498276314
20230504,2023,099320,쎄트렉아이,"항공기,우주선및부품제조업",36100,55.0,1985500.0,37315.0,29158.0,20230707,327990412700,0.5062713803000118,0.9318181818181818,35.0,-0.21860091706682605
20230504,2023,001120,LX인터내셔널,상품중개업,30900,64.0,1977600.0,30976.0,34730.0,20230707,1197684000000,0.5120268271427351,0.9313304721030042,36.0,0.12118464910158822
20230504,2023,050890,쏠리드,통신및방송장비제조업,5250,380.0,1995000.0,5263.0,5302.0,20230707,321413610000,0.5210567652854785,0.928030303030303,37.0,0.007313208597527376
20230504,2023,051910,LG화학,기초화학물질제조업,731000,2.0,1462000.0,726030.0,656067.0,20230707,51603002733000,0.51274256926966,0.927038626609442,38.0,-0.09636399333146206
20230504,2023,079370,제우스,특수목적용기계제조업,27100,73.0,1978300.0,9264.0,10758.0,20231012,281406400000,0.5237814141326411,0.9242424242424242,39.0,0.1612946513702429
20230504,2023,009830,한화솔루션,기초화학물질제조업,45750,43.0,1967250.0,45762.0,41014.0,20230707,7864083522000,0.5122680100141209,0.9227467811158798,40.0,-0.1037438683529639
20230504,2023,950220,네오이뮨텍,자연과학및공학연구개발업,3255,614.0,1998570.0,2749.0,1898.0,20230707,321683398575,0.5221720979480224,0.9204545454545454,41.0,-0.3094365199409732
20230504,2023,004490,세방전지,일차전지및이차전지제조업,54400,36.0,1958400.0,54844.0,48620.0,20230707,761600000000,0.5167276509152172,0.9184549356223176,42.0,-0.11347666073963403
20230504,2023,146320,비씨엔씨,반도체제조업,16000,125.0,2000000.0,16357.0,22990.0,20230718,204164848000,0.5201458603660052,0.8977272727272727,52.0,0.40556607119327115
20230504,2023,048530,인트론바이오,기초의약물질제조업,8000,250.0,2000000.0,7900.0,5989.0,20230707,273206096000,0.5231338228961815,0.8939393939393939,54.0,-0.24188029275252554
20230504,2023,010950,S-Oil,석유정제품제조업,72400,27.0,1954800.0,73337.0,63445.0,20230707,8150994140800,0.5042558303706488,0.8927038626609443,55.0,-0.1348808380151404
20230504,2023,222800,심텍,전자부품제조업,27650,72.0,1990800.0,27807.0,32713.0,20230707,880767053950,0.5212193221135947,0.8901515151515151,56.0,0.17642356657200042
20230504,2023,019170,신풍제약,의약품제조업,18360,108.0,1982880.0,18238.0,15185.0,20230707,972804416400,0.5233451024766338,0.8884120171673819,57.0,-0.16738825440379068
20230504,2023,043150,바텍,의료용기기제조업,43000,46.0,1978000.0,42576.0,37483.0,20230707,638733008000,0.5186738188201132,0.8863636363636364,58.0,-0.11962815945403393
20230504,2023,123040,엠에스오토텍,자동차신품부품제조업,5750,347.0,1995250.0,6010.0,5502.0,20230707,252332540000,0.5163236067039738,0.8598484848484849,71.0,-0.08461754379659758
20230504,2023,101160,월덱스,전자부품제조업,21450,93.0,1994850.0,21659.0,25461.0,20230707,354160799850,0.5198747876837422,0.8522727272727273,75.0,0.1755084991386655
20230706,2023,092220,KEC,반도체제조업,2100,952.0,1999200.0,2111.0,,,304002596100,0.535185680987293,1.0,1.0,-0.1998361320929909
20230706,2023,950130,엑세스바이오,의료용품및기타의약관련제품제조업,7710,259.0,1996890.0,6492.0,7187.0,20230906,279992713170,0.5347363856915497,1.0,2.0,0.10706271057152228
20230706,2023,056080,유진로봇,특수목적용기계제조업,5520,362.0,1998240.0,5505.0,13488.0,20230913,207067079040,0.5263163887503763,0.996078431372549,3.0,1.4503290803261777
20230706,2023,336370,솔루스첨단소재,전자부품제조업,37850,52.0,1968200.0,18603.0,16134.0,20230906,1328958730750,0.5346136809026274,0.9952830188679245,4.0,-0.13269692990729676
20230706,2023,084990,헬릭스미스,자연과학및공학연구개발업,6080,328.0,1994240.0,5959.0,4958.0,20230906,252906896320,0.5312231226209285,0.9921568627450981,5.0,-0.1680272208157284
20230706,2023,009150,삼성전기,전자부품제조업,142800,14.0,1999200.0,140360.0,139775.0,20230906,10666259788800,0.5308427441632475,0.9905660377358491,6.0,-0.004171930142167546
20230706,2023,190510,나무가,전자부품제조업,14830,134.0,1987220.0,14410.0,13692.0,20230906,241022854720,0.5269446561505331,0.9882352941176471,7.0,-0.04979851185016648
20230706,2023,093370,후성,기초화학물질제조업,12650,158.0,1998700.0,12207.0,11603.0,20230906,1193554115600,0.538104230996953,0.9858490566037735,8.0,-0.04951852283597402
20230706,2023,256840,한국비엔씨,기초의약물질제조업,3405,587.0,1998735.0,3333.0,4582.0,20230907,231241868415,0.5284555318820711,0.984313725490196,9.0,0.3748370838491326
20230706,2023,137310,에스디바이오센서,의료용기기제조업,11750,170.0,1997500.0,11530.0,12950.0,20230906,1227315147750,0.5236809433002381,0.9811320754716981,10.0,0.12312963982618408
20230706,2023,123040,엠에스오토텍,자동차신품부품제조업,5690,351.0,1997190.0,5502.0,5592.0,20230906,259708937430,0.5224002338537276,0.9803921568627451,11.0,0.016441160603407834
20230706,2023,100130,동국S&C,"구조용금속제품,탱크및증기발생기제조업",4045,494.0,1998230.0,3976.0,,,231143435000,0.5189815333552823,0.9764705882352941,12.0,-0.13106150465324184
20230706,2023,011790,SKC,기타화학제품제조업,103200,19.0,1960800.0,98112.0,86351.0,20230906,3908008353600,0.535615526906994,0.9764150943396226,13.0,-0.11987430243994202
20230706,2023,054210,이랜텍,전자부품제조업,11990,166.0,1990340.0,11702.0,11463.0,20230906,303241607900,0.5250646942621928,0.9725490196078431,14.0,-0.02038510809313354
20230706,2023,002380,KCC,기타화학제품제조업,192400,10.0,1924000.0,189407.0,221381.0,20230906,1709757020400,0.5341887199630453,0.9716981132075472,15.0,0.16881221208760344
20230706,2023,118990,모트렉스,자동차신품부품제조업,18900,105.0,1984500.0,18257.0,18558.0,20230906,462964950000,0.5205167743555847,0.9686274509803922,16.0,0.016503251353724213
20230706,2023,004250,NPC,플라스틱제품제조업,6570,304.0,1997280.0,6555.0,5682.0,20231222,241250400000,0.5353708112339015,0.9669811320754716,17.0,-0.13323810845156536
20230706,2023,048530,인트론바이오,기초의약물질제조업,6080,328.0,1994240.0,5989.0,7102.0,20231013,207636632960,0.5270393880035857,0.9647058823529412,18.0,0.185728592660249
20230706,2023,000210,DL,기초화학물질제조업,38250,52.0,1989000.0,37062.0,38399.0,20230906,801562563000,0.5308893972618147,0.9622641509433962,19.0,0.03606585072895041
20230706,2023,298380,에이비엘바이오,기초의약물질제조업,19070,104.0,1983280.0,18154.0,18025.0,20230906,912547918730,0.5270088874969994,0.9607843137254902,20.0,-0.007121928379815068
20230706,2023,004980,성신양회,"시멘트,석회,플라스터및그제품제조업",8530,234.0,1996020.0,8510.0,9772.0,20230918,209122102690,0.5291191687266186,0.9575471698113207,21.0,0.14823800395677078
20230706,2023,032500,케이엠더블유,통신및방송장비제조업,13680,146.0,1997280.0,13484.0,10868.0,20230906,544749679440,0.5196622423290091,0.9568627450980393,22.0,-0.1939839309731528
20230706,2023,041830,인바디,의료용기기제조업,29200,68.0,1985600.0,28245.0,25151.0,20230911,399566434400,0.5199802883741773,0.9529411764705882,23.0,-0.10954906675902887
20230706,2023,016380,KG스틸,1차철강제조업,8910,224.0,1995840.0,8728.0,8296.0,20230906,891079272270,0.5317452602316213,0.9528301886792453,24.0,-0.04946888631160584
20230706,2023,067630,HLB생명과학,의료용품및기타의약관련제품제조업,9650,207.0,1997550.0,9319.0,9504.0,20231206,982336524150,0.525409541404114,0.9490196078431372,25.0,0.019922157113668737
20230706,2023,091810,트리니티항공,항공여객운송업,3170,630.0,1997100.0,2948.0,2581.0,20230906,636445816670,0.48543308060630275,0.9481132075471698,26.0,-0.12439055859500892
20230706,2023,083310,엘오티베큠,특수목적용기계제조업,16270,122.0,1984940.0,16255.0,31908.0,20230906,289769236910,0.5210346299632664,0.9450980392156862,27.0,0.9629501298983294
20230706,2023,004800,효성,기타금융업,56900,35.0,1991500.0,43915.0,48450.0,20230906,1198941322500,0.5205788413997223,0.9433962264150944,28.0,0.10328141218603037
20230706,2023,348210,넥스틴,특수목적용기계제조업,71800,27.0,1938600.0,71488.0,82461.0,20230906,732135840400,0.5203108285389371,0.9411764705882353,29.0,0.15349159724368766
20230706,2023,097950,CJ제일제당,도시락및식사용조리식품제조업,267500,7.0,1872500.0,263972.0,297461.0,20230906,4026994755000,0.511593573428679,0.9386792452830188,30.0,0.12686602114197254
20230706,2023,108230,톱텍,특수목적용기계제조업,8190,244.0,1998360.0,7962.0,8701.0,20230907,311410376550,0.519778957661885,0.9372549019607843,31.0,0.09290855628814887
20230706,2023,008730,율촌화학,플라스틱제품제조업,29900,66.0,1973400.0,30196.0,31787.0,20230906,741520000000,0.5323109186699118,0.9339622641509434,32.0,0.052690287793639046
20230706,2023,206560,덱스터,"영화,비디오물,방송프로그램제작및배급업",9960,200.0,1992000.0,9820.0,8221.0,20231208,253100890560,0.529482271782572,0.9333333333333333,33.0,-0.16280422588159804
20230706,2023,093320,케이아이엔엑스,"자료처리,호스팅,포털및기타인터넷정보매개서비스업",63900,31.0,1980900.0,63462.0,68448.0,20230906,311832000000,0.51729575850912,0.9294117647058824,34.0,0.07856514139124204
20230706,2023,001530,DI동일,상품중개업,20150,99.0,1994850.0,18117.0,21599.0,20230906,524719641550,0.5167408366799473,0.9292452830188679,35.0,0.1922359847438575
20230706,2023,063080,컴투스홀딩스,소프트웨어개발및공급업,36050,55.0,1982750.0,35032.0,33189.0,20231121,237756671600,0.5351727125462673,0.9254901960784314,36.0,-0.05262728380294868
20230706,2023,011000,진원생명과학,의약품제조업,3630,550.0,1996500.0,3542.0,3807.0,20230906,282238304370,0.5278131580125437,0.9245283018867925,37.0,0.07482834265967231
20230706,2023,340930,유일에너테크,특수목적용기계제조업,17530,114.0,1998420.0,3975.0,,,201036669500,0.5189557964091274,0.9215686274509803,38.0,0.009515487408259249
20230706,2023,071970,HD현대마린엔진,일반목적용기계제조업,7890,253.0,1996170.0,7913.0,11363.0,20231206,225280558410,0.5209940444999412,0.9198113207547169,39.0,0.4359836100296337
20230706,2023,182360,큐브엔터,오디오물출판및원판녹음업,23150,86.0,1990900.0,23371.0,18777.0,20230906,319578504050,0.4866648605957637,0.9176470588235294,40.0,-0.19656777181955964
20230706,2023,005010,휴스틸,1차철강제조업,6160,324.0,1995840.0,6015.0,4890.0,20230906,346118542000,0.5256232506317238,0.9150943396226415,41.0,-0.18702599756501614
20230706,2023,017390,서울가스,연료용가스제조및배관공급업,67600,29.0,1960400.0,66644.0,66446.0,20230906,338000000000,0.5261524993164501,0.9009433962264151,48.0,-0.0029834256725166375
20230706,2023,051910,LG화학,기초화학물질제조업,664000,3.0,1992000.0,656067.0,585073.0,20230906,46873315752000,0.5229773954454561,0.8962264150943396,50.0,-0.10821109799396811
20230706,2023,249420,일동제약,의약품제조업,14870,134.0,1992580.0,14572.0,20620.0,20230906,398564847950,0.5245696308593444,0.8820754716981132,57.0,0.4150626408013196
20230706,2023,086450,동국제약,의약품제조업,13280,150.0,1992000.0,13244.0,13711.0,20230906,590428800000,0.5265993820301942,0.8784313725490196,58.0,0.03526588002197162
20230706,2023,019170,신풍제약,의약품제조업,15200,131.0,1991200.0,15185.0,17459.0,20230906,805371848000,0.5207504409577461,0.8490566037735849,72.0,0.1497319066807925
20230706,2023,000150,두산,기타금융업,86500,23.0,1989500.0,85495.0,107998.0,20230906,1429311727500,0.5128881702664208,0.8443396226415094,74.0,0.2632108453228055
20230706,2023,023530,롯데쇼핑,종합소매업,66800,29.0,1937200.0,65776.0,72493.0,20230906,1889688834000,0.4991897430405741,0.8349056603773585,79.0,0.10211526190114206
20230706,2023,050890,쏠리드,통신및방송장비제조업,5310,376.0,1996560.0,5302.0,5891.0,20230906,325086908400,0.5147382818478703,0.8196078431372549,86.0,0.11116520646923145
20230706,2023,101160,월덱스,전자부품제조업,25850,77.0,1990450.0,25461.0,26657.0,20230906,426809169050,0.5162482021870486,0.8156862745098039,88.0,0.046982410192484725
20230905,2023,007700,F&F홀딩스,기타금융업,16770,119.0,1995630.0,16898.0,14617.0,20240724,655947934590,0.5321429367882573,1.0,1.0,-0.1350002441724626
20230905,2023,950130,엑세스바이오,의료용품및기타의약관련제품제조업,8210,243.0,1995030.0,7187.0,8222.0,20231110,298150476670,0.5294823473435125,1.0,2.0,0.14407292376480352
20230905,2023,041830,인바디,의료용기기제조업,25900,77.0,1994300.0,25751.0,26102.0,20240126,354409953800,0.531816967418705,0.9961240310077519,3.0,0.013643466761198209
20230905,2023,007810,코리아써키트,전자부품제조업,16900,118.0,1994200.0,16501.0,14522.0,20231110,399190691900,0.5367300353887149,0.9956709956709957,4.0,-0.11994043605103655
20230905,2023,182360,큐브엔터,오디오물출판및원판녹음업,18930,105.0,1987650.0,18777.0,15414.0,20231115,261322724910,0.5171350213429682,0.9922480620155039,5.0,-0.17911751129876863
20230905,2023,002900,TYM,특수목적용기계제조업,6160,324.0,1995840.0,6161.0,5139.0,20231110,277513888960,0.5264540875561903,0.9913419913419913,6.0,-0.16576684186581936
20230905,2023,278650,HLB바이오스텝,자연과학및공학연구개발업,2985,670.0,1999950.0,3087.0,2671.0,20231121,234622014900,0.5336740126411921,0.9883720930232558,7.0,-0.13478858628153312
20230905,2023,180640,한진칼,항공여객운송업,42900,46.0,1973400.0,42386.0,47441.0,20231110,2864101769100,0.5155564993433476,0.987012987012987,8.0,0.11925819503422441
20230905,2023,091580,상신이디피,일차전지및이차전지제조업,17270,115.0,1986050.0,16952.0,16901.0,20231116,235359342130,0.5358812127689507,0.9844961240310077,9.0,-0.0029918690408333726
20230905,2023,249420,일동제약,의약품제조업,15880,125.0,1985000.0,20620.0,16131.0,20231110,429603672640,0.5284301992410387,0.9826839826839827,10.0,-0.21769065580900981
20230905,2023,043150,바텍,의료용기기제조업,36000,55.0,1980000.0,34977.0,30475.0,20231110,534753216000,0.5245395935043098,0.9806201550387597,11.0,-0.128707783757805
20230905,2023,011210,현대위아,자동차신품부품제조업,56800,35.0,1988000.0,55938.0,52855.0,20231110,1544680714400,0.5208759755839967,0.9783549783549783,12.0,-0.0551044338926725
20230905,2023,950140,잉글우드랩,기타화학제품제조업,11880,168.0,1995840.0,12371.0,14303.0,20231110,236030248080,0.5256843132972482,0.9767441860465116,13.0,0.1561516137549983
20230905,2023,052690,한전기술,"건축기술,엔지니어링및관련기술서비스업",64000,31.0,1984000.0,63194.0,53987.0,20231110,2446080000000,0.5313887902891359,0.974025974025974,14.0,-0.14568860204924827
20230905,2023,064550,바이오니아,의료용품및기타의약관련제품제조업,41500,48.0,1992000.0,42481.0,30737.0,20231110,1071127076500,0.5211470493809177,0.9728682170542635,15.0,-0.2764367001603254
20230905,2023,042670,HD현대인프라코어,특수목적용기계제조업,10440,191.0,1994040.0,10091.0,7311.0,20231110,2083860049320,0.5231866861832076,0.9696969696969697,16.0,-0.2754796428851847
20230905,2023,053030,바이넥스,의약품제조업,8920,224.0,1998080.0,8851.0,7900.0,20231110,283308548160,0.527784374844884,0.9689922480620154,17.0,-0.10738477191370921
20230905,2023,003550,LG,기타금융업,84500,23.0,1943500.0,84450.0,81417.0,20231110,13291933908500,0.5256990621355104,0.9653679653679653,18.0,-0.03591053831379343
20230905,2023,089010,켐트로닉스,기타화학제품제조업,22400,89.0,1993600.0,21900.0,23196.0,20231110,339756032000,0.523271676375801,0.9651162790697675,19.0,0.05917658844630447
20230905,2023,089980,상아프론테크,플라스틱제품제조업,23900,83.0,1983700.0,23252.0,18383.0,20231110,382137984300,0.5278340520094209,0.9612403100775194,20.0,-0.20942491638977867
20230905,2023,034730,SK,기타금융업,149300,13.0,1940900.0,148326.0,159608.0,20231110,10928510519700,0.5253642867681372,0.961038961038961,21.0,0.07605819421687632
20230905,2023,102710,이엔에프테크놀로지,기타화학제품제조업,22050,90.0,1984500.0,21304.0,27162.0,20240109,315046783800,0.5212979732542389,0.9573643410852714,22.0,0.27495585511275
20230905,2023,010600,웰바이오텍,상품중개업,3325,601.0,1998325.0,3149.0,,,302320328275,0.5108175023652096,0.9567099567099567,23.0,-0.25865069787423944
20230905,2023,190510,나무가,전자부품제조업,14010,142.0,1989420.0,13692.0,13603.0,20231218,227695899840,0.5312975062897627,0.9534883720930233,24.0,-0.006475095871068315
20230905,2023,006280,녹십자,의약품제조업,112100,17.0,1905700.0,110991.0,102823.0,20231110,1310060909800,0.5252442839493183,0.9523809523809523,25.0,-0.07358926303711344
20230905,2023,041960,코미팜,의약품제조업,5390,371.0,1999690.0,5278.0,4083.0,20231227,380558060960,0.5240500961370425,0.9496124031007752,26.0,-0.22642158324868633
20230905,2023,005010,휴스틸,1차철강제조업,4940,404.0,1995760.0,4890.0,4555.0,20231110,277569090500,0.5324006170552669,0.948051948051948,27.0,-0.0684950288801508
20230905,2023,319400,현대무벡스,일반목적용기계제조업,3740,534.0,1997160.0,3785.0,3175.0,20231110,439214649280,0.5202966000631893,0.9457364341085271,28.0,-0.16111287611755176
20230905,2023,023530,롯데쇼핑,종합소매업,73600,27.0,1987200.0,72493.0,77711.0,20231110,2082052368000,0.5140737554371908,0.9437229437229437,29.0,0.0719818984481364
20230905,2023,200130,콜마비앤에이치,기초의약물질제조업,17940,111.0,1991340.0,17558.0,16350.0,20231110,530011430520,0.5312676800335112,0.9418604651162791,30.0,-0.06882012074015531
20230905,2023,286940,롯데이노베이트,"컴퓨터프로그래밍,시스템통합및관리업",26850,74.0,1986900.0,26940.0,27987.0,20231122,413391487350,0.49138823598834125,0.9393939393939394,31.0,0.038854583436317425
20230905,2023,259630,엠플러스,특수목적용기계제조업,16840,118.0,1987120.0,19308.0,,,206835649680,0.5208461644375578,0.937984496124031,32.0,-0.02664035253114272
20230905,2023,294870,IPARK현대산업개발,건물건설업,10210,195.0,1990950.0,10121.0,13097.0,20231110,672913839300,0.5325820464269477,0.935064935064935,33.0,0.2940551986253561
20230905,2023,294570,쿠콘,소프트웨어개발및공급업,22100,90.0,1989000.0,21107.0,19707.0,20240214,226628538500,0.5357050672094474,0.9341085271317829,34.0,-0.06632353689599135
20230905,2023,006400,삼성SDI,일차전지및이차전지제조업,616000,3.0,1848000.0,590400.0,411254.0,20231110,42358950480000,0.5267356157775424,0.9307359307359307,35.0,-0.30343121255862415
20230905,2023,146320,비씨엔씨,반도체제조업,17700,112.0,1982400.0,17403.0,20086.0,20231110,225857363100,0.5228222484019391,0.9302325581395349,36.0,0.1541631399775969
20230905,2023,093370,후성,기초화학물질제조업,11960,167.0,1997320.0,11603.0,10495.0,20231110,1128451163840,0.5314143502193487,0.9264069264069265,37.0,-0.09550099553184543
20230905,2023,357780,솔브레인,기타화학제품제조업,236500,8.0,1892000.0,231865.0,249829.0,20231110,1839630859000,0.5194512539573419,0.9263565891472868,38.0,0.07747764924718803
20230905,2023,298380,에이비엘바이오,기초의약물질제조업,17910,111.0,1988010.0,18025.0,18997.0,20231110,857038973490,0.52993291757365,0.9224806201550387,39.0,0.05395930490864931
20230905,2023,001430,세아베스틸지주,1차철강제조업,23450,85.0,1993250.0,22581.0,22085.0,20231110,840966690550,0.5296633953496703,0.922077922077922,40.0,-0.02197178689804813
20230905,2023,064260,다날,소프트웨어개발및공급업,3770,530.0,1998100.0,3785.0,3995.0,20231110,259937880800,0.5344692341663027,0.9186046511627907,41.0,0.05552188833309213
20230905,2023,063080,컴투스홀딩스,소프트웨어개발및공급업,30500,65.0,1982500.0,30542.0,37889.0,20240109,201153356000,0.5337701312005063,0.9147286821705426,43.0,0.24055025455175527
20230905,2023,016380,KG스틸,1차철강제조업,8540,234.0,1998360.0,8296.0,8044.0,20231110,854075980380,0.5295940400118868,0.9134199134199135,44.0,-0.030464410498216465
20230905,2023,123040,엠에스오토텍,자동차신품부품제조업,5630,355.0,1998650.0,5592.0,5080.0,20231110,256970354610,0.5156321373366914,0.9031007751937985,49.0,-0.09162534740006156
20230905,2023,097950,CJ제일제당,도시락및식사용조리식품제조업,299500,6.0,1797000.0,297461.0,304407.0,20231110,4508728707000,0.5177931437837393,0.8961038961038961,52.0,0.023352584316823632
20230905,2023,002380,KCC,기타화학제품제조업,227500,8.0,1820000.0,221381.0,239386.0,20231110,2021672152500,0.5169719265868786,0.8917748917748918,54.0,0.08132967528381085
20230905,2023,118990,모트렉스,자동차신품부품제조업,18680,107.0,1998760.0,18558.0,14998.0,20231110,457575940000,0.5146470114663199,0.8914728682170543,55.0,-0.19181211687832433
20230905,2023,011790,SKC,기타화학제품제조업,91700,21.0,1925700.0,86351.0,79311.0,20231110,3472522926600,0.5147171202599384,0.8528138528138528,73.0,-0.08152002856935614
20230905,2023,093320,케이아이엔엑스,"자료처리,호스팅,포털및기타인터넷정보매개서비스업",67200,29.0,1948800.0,68448.0,88062.0,20231110,327936000000,0.5213235438099467,0.8410852713178295,79.0,0.28655362149122765
20230905,2023,000210,DL,기초화학물질제조업,38600,51.0,1968600.0,38399.0,47366.0,20231110,808897122400,0.5265739069779022,0.8311688311688312,84.0,0.23353425373144265
20231109,2023,011070,LG이노텍,전자부품제조업,239500,8.0,1916000.0,241428.0,220415.0,20240112,5668272126500,0.5371489066519161,1.0,1.0,-0.08703572445992447
20231109,2023,254490,미래반도체,기타전문도매업,19990,100.0,1999000.0,20514.0,21765.0,20240112,288615620000,0.5167201655872318,1.0,2.0,0.06096522330506815
20231109,2023,278650,HLB바이오스텝,자연과학및공학연구개발업,2605,767.0,1998035.0,2546.0,3713.0,20240130,204753885700,0.5338709599227082,0.9955156950672646,3.0,0.45807336049952485
20231109,2023,011000,진원생명과학,의약품제조업,3020,662.0,1999240.0,3005.0,2714.0,20240112,236990927340,0.5301437919157814,0.9954545454545455,4.0,-0.0968050736865651
20231109,2023,143160,아이디스,통신및방송장비제조업,20600,97.0,1998200.0,20516.0,22166.0,20240123,220757634000,0.5227514339041555,0.9910313901345291,5.0,0.08044973955976276
20231109,2023,004170,신세계,종합소매업,172300,11.0,1895300.0,170633.0,165193.0,20240112,1696324686300,0.48923694818726227,0.990909090909091,6.0,-0.0318851888447389
20231109,2023,036890,진성티이씨,특수목적용기계제조업,9610,208.0,1998880.0,9578.0,9998.0,20240112,216054595480,0.5377727290062722,0.9865470852017937,7.0,0.0438657302105816
20231109,2023,003550,LG,기타금융업,82700,24.0,1984800.0,81417.0,76395.0,20240112,13008792121100,0.5254437129025775,0.9863636363636363,8.0,-0.06168471946805898
20231109,2023,039840,디오,의료용기기제조업,24700,80.0,1976000.0,24418.0,22365.0,20240112,392279348500,0.5370286615418922,0.9820627802690582,9.0,-0.08407431056020986
20231109,2023,002900,TYM,특수목적용기계제조업,5170,386.0,1995620.0,5139.0,6009.0,20240119,232913442520,0.5362506523089541,0.9818181818181818,10.0,0.1692889120306591
20231109,2023,053030,바이넥스,의약품제조업,7990,250.0,1997500.0,7900.0,10102.0,20240201,253770773520,0.5297765383999526,0.9775784753363229,11.0,0.278708440182581
20231109,2023,019170,신풍제약,의약품제조업,13120,152.0,1994240.0,12729.0,12919.0,20240112,695163068800,0.5277589383785954,0.9772727272727273,12.0,0.014934056183844913
20231109,2023,043150,바텍,의료용기기제조업,30850,64.0,1974400.0,30475.0,31071.0,20240112,458253797600,0.5369700874252943,0.9730941704035875,13.0,0.01955248518283237
20231109,2023,093370,후성,기초화학물질제조업,10990,181.0,1989190.0,10495.0,10634.0,20240112,1036929622960,0.5299685890846539,0.9727272727272728,14.0,0.013241856259400997
20231109,2023,083450,GST,특수목적용기계제조업,21650,92.0,1991800.0,10950.0,12730.0,20240115,201729179250,0.5355369271207011,0.968609865470852,15.0,0.16259869946575467
20231109,2023,000880,한화,기타화학제품제조업,24050,83.0,1996150.0,24205.0,24055.0,20240112,1802757576750,0.5238871153964728,0.9681818181818181,16.0,-0.006201481255988184
20231109,2023,063080,컴투스홀딩스,소프트웨어개발및공급업,34100,58.0,1977800.0,37089.0,37888.0,20240112,224896047200,0.5321191550031792,0.9641255605381166,17.0,0.02152523070973511
20231109,2023,097950,CJ제일제당,도시락및식사용조리식품제조업,303500,6.0,1821000.0,304407.0,294878.0,20240112,4568945451000,0.5104704663303479,0.9636363636363636,18.0,-0.031305857526636394
20231109,2023,425040,티이엠씨,기초화학물질제조업,32000,62.0,1984000.0,15885.0,22810.0,20240112,340035648000,0.5315162373810622,0.9596412556053812,19.0,0.4360082950244013
20231109,2023,052690,한전기술,"건축기술,엔지니어링및관련기술서비스업",55300,36.0,1990800.0,53987.0,66984.0,20240112,2113566000000,0.5294991197734099,0.9590909090909091,20.0,0.24073219028982384
20231109,2023,089980,상아프론테크,플라스틱제품제조업,18860,106.0,1999160.0,18383.0,21453.0,20240112,301553237820,0.522015961643838,0.9551569506726457,21.0,0.16705332730029987
20231109,2023,353200,대덕전자,전자부품제조업,22400,89.0,1993600.0,22757.0,27557.0,20240112,1106939120000,0.5317800547853004,0.9545454545454546,22.0,0.21092780970984126
20231109,2023,340570,티앤엘,의료용품및기타의약관련제품제조업,42650,46.0,1961900.0,43729.0,45589.0,20240112,346659200000,0.5300160069236616,0.9506726457399103,23.0,0.04254262366356154
20231109,2023,336370,솔루스첨단소재,전자부품제조업,23050,86.0,1982300.0,11260.0,17622.0,20240530,809313044750,0.530941875644378,0.95,24.0,0.5649181621046853
20231109,2023,030520,한글과컴퓨터,소프트웨어개발및공급업,12710,157.0,1995470.0,12785.0,23724.0,20240112,307324546240,0.5312894594799051,0.9461883408071748,25.0,0.8555620454311561
20231109,2023,002380,KCC,기타화학제품제조업,244500,8.0,1956000.0,239386.0,214868.0,20240112,2172742159500,0.5215621840951266,0.9454545454545454,26.0,-0.10242286203318951
20231109,2023,079940,가비아,소프트웨어개발및공급업,15200,131.0,1991200.0,14795.0,17248.0,20240201,205742396800,0.5307821036638651,0.9417040358744395,27.0,0.1658089636826643
20231109,2023,037270,YG PLUS,"자료처리,호스팅,포털및기타인터넷정보매개서비스업",4660,429.0,1999140.0,4814.0,4264.0,20240112,295581050600,0.5304296832446568,0.9409090909090909,28.0,-0.11426965686943602
20231109,2023,091580,상신이디피,일차전지및이차전지제조업,15490,129.0,1998210.0,15013.0,15077.0,20240112,211101112310,0.5320924992729794,0.9372197309417041,29.0,0.004273814802495224
20231109,2023,007810,코리아써키트,전자부품제조업,14540,137.0,1991980.0,14522.0,18734.0,20240112,343445719540,0.5291482533273786,0.9363636363636364,30.0,0.2900097441906533
20231109,2023,122870,와이지엔터테인먼트,오디오물출판및원판녹음업,60900,32.0,1948800.0,64279.0,43095.0,20240112,1137487094100,0.5243048727660231,0.9327354260089686,31.0,-0.32956582062566664
20231109,2023,006040,동원산업,기타금융업,32550,61.0,1985550.0,28720.0,28678.0,20240112,1513010745750,0.5169238635330342,0.9318181818181818,32.0,-0.0014601876444604311
20231109,2023,059090,미코,반도체제조업,8560,233.0,1994480.0,8703.0,8704.0,20240112,286047619680,0.5244186760364666,0.9282511210762332,33.0,0.00011852748420970727
20231109,2023,000670,영풍,1차비철금속제조업,490000,4.0,1960000.0,45879.0,37880.0,20240503,902599600000,0.5343430312633072,0.9272727272727272,34.0,-0.17434284741719697
20231109,2023,281740,레이크머티리얼즈,기타화학제품제조업,11560,173.0,1999880.0,11408.0,19034.0,20240112,759845134880,0.5227946165010573,0.9237668161434978,35.0,0.668471437563996
20231109,2023,004000,롯데정밀화학,기초화학물질제조업,57700,34.0,1961800.0,57674.0,51074.0,20240112,1488660000000,0.5259992758808916,0.9227272727272727,36.0,-0.11443047748844659
20231109,2023,064550,바이오니아,의료용품및기타의약관련제품제조업,31750,62.0,1968500.0,30737.0,33290.0,20240112,819476739250,0.5270497375180359,0.9192825112107623,37.0,0.08304692439341133
20231109,2023,010780,아이에스동서,"시멘트,석회,플라스터및그제품제조업",28250,70.0,1977500.0,27914.0,26154.0,20240112,872716119500,0.5128419984373022,0.9181818181818182,38.0,-0.06302037649936465
20231109,2023,099430,바이오플러스,기초의약물질제조업,6750,296.0,1998000.0,6609.0,7097.0,20240112,391033332000,0.5313991033414979,0.9147982062780269,39.0,0.07395095642199534
20231109,2023,298050,HS효성첨단소재,화학섬유제조업,391500,5.0,1957500.0,375473.0,356431.0,20240112,1753899642000,0.5318519028308878,0.9136363636363637,40.0,-0.050713447206309104
20231109,2023,061970,LB세미콘,반도체제조업,6550,305.0,1997750.0,6529.0,7179.0,20240112,286789077600,0.5234500013033975,0.9103139013452914,41.0,0.09952425796686093
20231109,2023,010690,화신,자동차신품부품제조업,10610,188.0,1994680.0,10231.0,12191.0,20240112,370505550100,0.5340722274372443,0.9090909090909091,42.0,0.19156654722737243
20231109,2023,118990,모트렉스,자동차신품부품제조업,15400,129.0,1986600.0,14998.0,16763.0,20240112,377230700000,0.5385835241913094,0.905829596412556,43.0,0.1176693583446573
20231109,2023,251270,넷마블,소프트웨어개발및공급업,46900,42.0,1969800.0,47021.0,58118.0,20240112,4031219243800,0.5223086209828596,0.9045454545454545,44.0,0.23600962069986609
20231109,2023,067160,SOOP,소프트웨어개발및공급업,65200,30.0,1956000.0,66024.0,99632.0,20240112,749458808400,0.5263507291264395,0.9013452914798207,45.0,0.5090287051354885
20231109,2023,006280,녹십자,의약품제조업,102600,19.0,1949400.0,102823.0,114391.0,20240112,1199038798800,0.5177241962473097,0.9,46.0,0.1125014301338283
20231109,2023,005010,휴스틸,1차철강제조업,4620,432.0,1995840.0,4555.0,4890.0,20240112,259588906500,0.527193100185412,0.8863636363636364,52.0,0.07340704104011642
20231109,2023,123040,엠에스오토텍,자동차신품부품제조업,5170,386.0,1995620.0,5080.0,5149.0,20240115,236053292090,0.5361063468537126,0.8565022421524664,65.0,0.013631905728022309
20231109,2023,034730,SK,기타금융업,159600,12.0,1915200.0,159608.0,163416.0,20240112,11682453308400,0.5108069000578812,0.8318181818181818,76.0,0.023857483489480025
20231109,2023,357780,솔브레인,기타화학제품제조업,248000,8.0,1984000.0,249829.0,296722.0,20240112,1929084368000,0.5153320984238239,0.8251121076233184,79.0,0.18769887993412304
20240102,2024,002900,TYM,특수목적용기계제조업,5790,345.0,1997550.0,5848.0,5640.0,20240325,260845035240,0.5445921305893278,1.0,1.0,-0.035628389862598864
20240102,2024,083310,엘오티베큠,특수목적용기계제조업,20950,95.0,1990250.0,20612.0,22655.0,20240306,373120191350,0.5281437873300538,1.0,2.0,0.09910196133959737
20240102,2024,041020,폴라리스오피스,소프트웨어개발및공급업,4430,451.0,1997930.0,4300.0,7971.0,20240306,220283956140,0.5325320773681018,0.996268656716418,3.0,0.8538356268691032
20240102,2024,011930,신성이엔지,반도체제조업,2055,973.0,1999515.0,2067.0,2387.0,20240405,423017950305,0.552594292650384,0.9957983193277311,4.0,0.15493951363673775
20240102,2024,348150,고바이오랩,자연과학및공학연구개발업,11060,180.0,1990800.0,12409.0,,,208726620480,0.5054704446783399,0.9925373134328358,5.0,0.009913747229497227
20240102,2024,042670,HD현대인프라코어,특수목적용기계제조업,8040,248.0,1993920.0,7591.0,7970.0,20240306,1604811762120,0.5404002966988317,0.9915966386554622,6.0,0.05004023372779587
20240102,2024,340570,티앤엘,의료용품및기타의약관련제품제조업,38100,52.0,1981200.0,38436.0,47601.0,20240306,309676800000,0.5064086066818432,0.9888059701492538,7.0,0.23842741668295409
20240102,2024,241560,두산밥캣,특수목적용기계제조업,49500,40.0,1980000.0,47004.0,48055.0,20240306,4962333717000,0.53673379489469,0.9873949579831933,8.0,0.022362157996648202
20240102,2024,214370,케어젠,기초의약물질및생물학적제제제조업,27850,71.0,1977350.0,26814.0,21666.0,20240306,1495962750000,0.5239982481321303,0.9850746268656716,9.0,-0.19197435034866417
20240102,2024,011790,SKC,기타화학제품제조업,88800,22.0,1953600.0,83826.0,90589.0,20240306,3362704862400,0.5590312485136882,0.9831932773109243,10.0,0.08068713781425729
20240102,2024,215000,골프존,소프트웨어개발및공급업,88300,22.0,1942600.0,87005.0,80691.0,20240306,554119144500,0.5144569438818192,0.9813432835820896,11.0,-0.07257362118713018
20240102,2024,000660,SK하이닉스,반도체제조업,142400,14.0,1993600.0,136772.0,162871.0,20240306,103667536776000,0.5388811111224026,0.9789915966386554,12.0,0.19081789501066848
20240102,2024,095660,네오위즈,소프트웨어개발및공급업,26550,75.0,1991250.0,26207.0,21653.0,20240306,584995239450,0.5138595715455403,0.9776119402985075,13.0,-0.17374700453584158
20240102,2024,000880,한화,기타화학제품제조업,25100,79.0,1982900.0,25004.0,29557.0,20240306,1881464248500,0.5535690444543191,0.9747899159663865,14.0,0.18208329206689533
20240102,2024,073490,LIG아큐버,통신및방송장비제조업,26850,74.0,1986900.0,26976.0,28973.0,20240321,204163265100,0.5154825909553624,0.9738805970149254,15.0,0.07402412329383834
20240102,2024,093370,후성,기초화학물질제조업,12020,166.0,1995320.0,11472.0,8218.0,20240306,1134112290080,0.5641731915151157,0.9705882352941176,16.0,-0.283667053746416
20240102,2024,086390,유니테스트,특수목적용기계제조업,13670,146.0,1995820.0,13696.0,14039.0,20240306,288903502420,0.5135902145417819,0.9701492537313433,17.0,0.025056749950990165
20240102,2024,079810,APS이노베이션,특수목적용기계제조업,15100,132.0,1993200.0,14556.0,14845.0,20240306,332624219400,0.5131055974089107,0.9664179104477612,18.0,0.019882247085901916
20240102,2024,018880,한온시스템,일반목적용기계제조업,7310,273.0,1995630.0,6553.0,5651.0,20240306,3902078000000,0.565431646161054,0.9663865546218487,19.0,-0.13761566675832504
20240102,2024,084370,유진테크,특수목적용기계제조업,41250,48.0,1980000.0,40588.0,36236.0,20240306,945286732500,0.5122366349454215,0.9626865671641791,20.0,-0.1072322414713317
20240102,2024,352820,하이브,오디오물출판및원판녹음업,241500,8.0,1932000.0,239429.0,187452.0,20240306,10058981425500,0.5453402348479505,0.9621848739495799,21.0,-0.2170862739811149
20240102,2024,225570,넥슨게임즈,소프트웨어개발및공급업,14970,133.0,1991010.0,14725.0,13196.0,20240306,984947706900,0.5082043783026338,0.9589552238805971,22.0,-0.10384028093886
20240102,2024,322000,HD현대에너지솔루션,반도체제조업,28150,71.0,1998650.0,27468.0,22315.0,20240306,315280000000,0.5330765212018833,0.957983193277311,23.0,-0.18759686577703316
20240102,2024,099430,바이오플러스,기초의약물질및생물학적제제제조업,6920,289.0,1999880.0,7187.0,7017.0,20240306,400881578880,0.5112455284265348,0.9552238805970149,24.0,-0.0236807547640987
20240102,2024,004020,현대제철,1차철강제조업,36600,54.0,1976400.0,34473.0,34369.0,20240306,4884115731000,0.5595644772136228,0.9537815126050421,25.0,-0.003017845509719508
20240102,2024,206560,덱스터,"영화,비디오물,방송프로그램제작및배급업",8920,224.0,1998080.0,9081.0,7900.0,20241104,226672685120,0.5225157856830737,0.9514925373134329,26.0,-0.1300658976315462
20240102,2024,064960,SNT모티브,자동차신품부품제조업,42600,46.0,1959600.0,23007.0,25710.0,20240306,622945593600,0.5625233755235196,0.9495798319327731,27.0,0.11748479806826162
20240102,2024,138580,비즈니스온,소프트웨어개발및공급업,13250,150.0,1987500.0,12865.0,14088.0,20240426,298869159750,0.5071975266899896,0.9477611940298507,28.0,0.09511983909678712
20240102,2024,034220,LG디스플레이,전자부품제조업,13350,149.0,1989150.0,12270.0,10796.0,20240306,4776839595000,0.556232063966601,0.9453781512605042,29.0,-0.12014013817179137
20240102,2024,083930,아바코,특수목적용기계제조업,15310,130.0,1990300.0,14786.0,15549.0,20240417,235969937380,0.5110081216748774,0.9440298507462687,30.0,0.05156452541476142
20240102,2024,005010,휴스틸,1차철강제조업,4925,406.0,1999550.0,4830.0,5014.0,20240306,276726269375,0.5588809805365453,0.9411764705882353,31.0,0.03806256699860344
20240102,2024,140860,파크시스템스,"측정,시험,항해,제어및기타정밀기기제조업;광학기기제외",182600,10.0,1826000.0,181611.0,170607.0,20240306,1271984113400,0.5008106806561579,0.9402985074626866,32.0,-0.06058724838571017
20240102,2024,016580,환인제약,의약품제조업,15350,130.0,1995500.0,15452.0,,,285511074500,0.5472178834537326,0.9369747899159664,33.0,-0.061922098511505985
20240102,2024,214450,파마리서치,의료용품및기타의약관련제품제조업,110600,18.0,1990800.0,109176.0,92374.0,20240306,1141438783800,0.4951448773314767,0.9365671641791045,34.0,-0.15390140680507225
20240102,2024,053610,프로텍,특수목적용기계제조업,46000,43.0,1978000.0,44512.0,52623.0,20240306,506000000000,0.5106557745438565,0.9328358208955224,35.0,0.1822208395756233
20240102,2024,181710,NHN,소프트웨어개발및공급업,23450,85.0,1993250.0,22912.0,25406.0,20240306,819265192900,0.5284348594798336,0.9327731092436975,36.0,0.10883631002181637
20240102,2024,243070,휴온스,의약품제조업,38100,52.0,1981200.0,39366.0,35871.0,20240306,456425236500,0.5235050032771411,0.9291044776119403,37.0,-0.08878523703519758
20240102,2024,010120,LS ELECTRIC,"전동기,발전기및전기변환ㆍ공급ㆍ제어장치제조업",73300,27.0,1979100.0,14700.0,15819.0,20240306,2199000000000,0.5567072889681848,0.9285714285714286,38.0,0.07612579095873384
20240102,2024,293780,압타바이오,자연과학및공학연구개발업,9080,220.0,1997600.0,9169.0,9069.0,20240912,202473703280,0.4836987949036353,0.9253731343283582,39.0,-0.010870492755767902
20240102,2024,001820,삼화콘덴서,전자부품제조업,39550,50.0,1977500.0,39974.0,33128.0,20240327,411122250000,0.5547938067817824,0.9243697478991597,40.0,-0.17125876199612644
20240102,2024,278650,HLB바이오스텝,자연과학및공학연구개발업,3135,637.0,1996995.0,3177.0,3372.0,20240306,246412065900,0.4834971926779523,0.9216417910447762,41.0,0.06136983488379588
20240102,2024,003490,대한항공,항공여객운송업,23900,83.0,1983700.0,23013.0,22258.0,20240306,8800473797900,0.5383472716902317,0.9201680672268907,42.0,-0.032816107875722755
20240102,2024,353200,대덕전자,전자부품제조업,28450,70.0,1991500.0,28360.0,24107.0,20240306,1405911516250,0.5545981347839286,0.9159663865546218,44.0,-0.1499605073812862
20240102,2024,251270,넷마블,소프트웨어개발및공급업,58000,34.0,1972000.0,56923.0,57006.0,20240306,4985303116000,0.5266870138721889,0.907563025210084,48.0,0.0014516935941568665
20240102,2024,039840,디오,의료용기기제조업,23800,84.0,1999200.0,23916.0,21512.0,20240306,377985769000,0.5246045039986875,0.8992537313432836,52.0,-0.10049860785277565
20240102,2024,079940,가비아,소프트웨어개발및공급업,16900,118.0,1994200.0,16847.0,19435.0,20240315,228753059600,0.5001973284433825,0.8880597014925373,58.0,0.1536141038579213
20240102,2024,002380,KCC,기타화학제품제조업,228500,8.0,1828000.0,227850.0,286335.0,20240306,2030558623500,0.5394459272218446,0.8613445378151261,72.0,0.25668163321811344
20240102,2024,004000,롯데정밀화학,기초화학물질제조업,56600,35.0,1981000.0,56471.0,47292.0,20240306,1460280000000,0.5507936326884848,0.8571428571428571,74.0,-0.16253004127528026
20240102,2024,064550,바이오니아,의료용품및기타의약관련제품제조업,34050,58.0,1974900.0,35139.0,33488.0,20240306,878840408550,0.48689030449263865,0.8283582089552238,88.0,-0.046970462941105295
20240102,2024,030520,한글과컴퓨터,소프트웨어개발및공급업,14580,137.0,1997460.0,14415.0,23078.0,20240306,352540667520,0.49463600651316897,0.8246268656716418,90.0,0.6009265908294008
20240305,2024,086450,동국제약,의약품제조업,15840,126.0,1995840.0,15853.0,16862.0,20240508,704246400000,0.5138157615267644,1.0,1.0,0.06360684122980165
20240305,2024,322000,HD현대에너지솔루션,반도체제조업,22800,87.0,1983600.0,22315.0,24418.0,20240521,255360000000,0.5244120059962991,1.0,2.0,0.09422103868129383
20240305,2024,086390,유니테스트,특수목적용기계제조업,13900,143.0,1987700.0,14039.0,14321.0,20240508,293764351400,0.5025273027626964,0.9960474308300395,3.0,0.020070903798268036
20240305,2024,042670,HD현대인프라코어,특수목적용기계제조업,7960,251.0,1997960.0,7970.0,8409.0,20240508,1588843485880,0.5197322889544302,0.9959349593495935,4.0,0.055051359327395355
20240305,2024,253450,스튜디오드래곤,"영화,비디오물,방송프로그램제작및배급업",44750,44.0,1969000.0,42921.0,43069.0,20240508,1345117785500,0.5142867669036897,0.9920948616600791,5.0,0.0034556513011037016
20240305,2024,018880,한온시스템,일반목적용기계제조업,6080,328.0,1994240.0,5651.0,5261.0,20240508,3245504000000,0.5439985998569368,0.991869918699187,6.0,-0.0689589510011337
20240305,2024,095700,제넥신,자연과학및공학연구개발업,7900,253.0,1998700.0,7918.0,7436.0,20240508,327933692600,0.4892411349962984,0.9881422924901185,7.0,-0.060909604772134585
20240305,2024,307950,현대오토에버,소프트웨어개발및공급업,146400,13.0,1903200.0,145655.0,152603.0,20240508,4014870964800,0.5341041787584935,0.9878048780487805,8.0,0.04770261976559076
20240305,2024,168360,펨트론,특수목적용기계제조업,10830,184.0,1992720.0,11496.0,11819.0,20250226,230552115720,0.5001173703606794,0.9841897233201581,9.0,0.028135880318799433
20240305,2024,034220,LG디스플레이,전자부품제조업,10940,182.0,1991080.0,10796.0,10697.0,20240508,3914503758000,0.5448316865204226,0.983739837398374,10.0,-0.009141625588215407
20240305,2024,036890,진성티이씨,특수목적용기계제조업,9350,213.0,1991550.0,9368.0,9787.0,20240527,210209205800,0.4998435001340556,0.9802371541501976,11.0,0.04475019713707962
20240305,2024,011930,신성이엔지,반도체제조업,2045,977.0,1997965.0,2047.0,2137.0,20240513,420959468795,0.5150222533402141,0.9796747967479674,12.0,0.04380478406931432
20240305,2024,056080,유진로봇,특수목적용기계제조업,9560,209.0,1998040.0,9512.0,8554.0,20240508,358616173120,0.4991634714900933,0.9762845849802372,13.0,-0.10066575420490498
20240305,2024,353200,대덕전자,전자부품제조업,23550,84.0,1978200.0,24107.0,23502.0,20240508,1163768583750,0.5437889885428111,0.975609756097561,14.0,-0.0250828410002516
20240305,2024,095660,네오위즈,소프트웨어개발및공급업,21650,92.0,1991800.0,21653.0,22153.0,20240508,477030016350,0.5155230035563365,0.9723320158102767,15.0,0.023089103189942284
20240305,2024,241560,두산밥캣,특수목적용기계제조업,47500,42.0,1995000.0,48055.0,53105.0,20240508,4761835385000,0.5098707254379513,0.9715447154471545,16.0,0.10509206192829357
20240305,2024,099430,바이오플러스,기초의약물질및생물학적제제제조업,7100,281.0,1995100.0,7017.0,6446.0,20240508,411309134400,0.5180547121753626,0.9683794466403162,17.0,-0.08131903737909507
20240305,2024,006400,삼성SDI,일차전지및축전지제조업,366500,5.0,1832500.0,356840.0,427908.0,20240508,25202200245000,0.5512705985290274,0.967479674796748,18.0,0.19915857283856808
20240305,2024,215000,골프존,소프트웨어개발및공급업,77700,25.0,1942500.0,80691.0,78390.0,20240508,487599745500,0.5151645734854684,0.9644268774703557,19.0,-0.028518598965261766
20240305,2024,006280,녹십자,의약품제조업,117100,17.0,1990700.0,121447.0,115825.0,20240508,1368493599800,0.5194738279775252,0.9634146341463414,20.0,-0.04628968990189075
20240305,2024,039840,디오,의료용기기제조업,20400,98.0,1999200.0,21512.0,21216.0,20240508,323987802000,0.5254426047609454,0.9604743083003953,21.0,-0.013791034237271238
20240305,2024,003490,대한항공,항공여객운송업,22450,89.0,1998050.0,22258.0,21811.0,20240508,8266553839450,0.5291923139294517,0.959349593495935,22.0,-0.020054643603038214
20240305,2024,206640,바디텍메드,의료용품및기타의약관련제품제조업,15340,130.0,1994200.0,15449.0,15716.0,20240508,360283830400,0.506258727785504,0.9565217391304348,23.0,0.01725002823158861
20240305,2024,011070,LG이노텍,전자부품제조업,204500,9.0,1840500.0,186454.0,233419.0,20240508,4839923381500,0.5396302235650086,0.9552845528455285,24.0,0.25188053910374797
20240305,2024,265520,AP시스템,특수목적용기계제조업,20700,96.0,1987200.0,21351.0,34895.0,20240508,316325414700,0.4972175187520018,0.9525691699604744,25.0,0.634351442761381
20240305,2024,009150,삼성전기,전자부품제조업,136300,14.0,1908200.0,133394.0,156608.0,20240508,10180750764800,0.5396244307026875,0.9512195121951219,26.0,0.17402345096850724
20240305,2024,215600,신라젠,자연과학및공학연구개발업,4605,434.0,1998570.0,4285.0,4358.0,20240508,473703110625,0.48258879626543594,0.9486166007905138,27.0,0.017018403852869568
20240305,2024,008350,남선알미늄,1차비철금속제조업,2025,987.0,1998675.0,1999.0,,,261385157250,0.5473654778426391,0.9471544715447154,28.0,-0.053353379130696044
20240305,2024,214450,파마리서치,의료용품및기타의약관련제품제조업,91800,21.0,1927800.0,92374.0,135782.0,20240508,947414831400,0.5032173506543703,0.9446640316205533,29.0,0.46991774353247906
20240305,2024,112610,씨에스윈드,"구조용금속제품,탱크및증기발생기제조업",51000,39.0,1989000.0,51321.0,52532.0,20240508,2150741553000,0.5436989113740945,0.943089430894309,30.0,0.023579584521527863
20240305,2024,053800,안랩,소프트웨어개발및공급업,69500,28.0,1946000.0,69341.0,65044.0,20240508,695962922500,0.5118879514272113,0.9407114624505929,31.0,-0.061968355082053006
20240305,2024,454910,두산로보틱스,특수목적용기계제조업,78200,25.0,1955000.0,80694.0,75018.0,20240508,5068922436000,0.506272125207794,0.9390243902439024,32.0,-0.07033047581195251
20240305,2024,119610,인터로조,의료용기기제조업,28850,69.0,1990650.0,21709.0,16530.0,20250611,381295390300,0.5225141380918632,0.9367588932806324,33.0,-0.2385824292751889
20240305,2024,352820,하이브,오디오물출판및원판녹음업,188600,10.0,1886000.0,187452.0,202974.0,20240508,7855585494200,0.5201433397911657,0.9349593495934959,34.0,0.08280326067227683
20240305,2024,151860,KG에코솔루션,기타화학제품제조업,10450,191.0,1995950.0,10395.0,8992.0,20240508,376200000000,0.5248218199180763,0.932806324110672,35.0,-0.13495740013730884
20240305,2024,011810,STX,상품종합도매업,8960,223.0,1998080.0,8772.0,8041.0,20240508,277920625920,0.5359669675447558,0.9308943089430894,36.0,-0.08331288619540089
20240305,2024,085660,차바이오텍,기초의약물질및생물학적제제제조업,17070,117.0,1997190.0,16696.0,16082.0,20240508,961287542010,0.5135994246877571,0.9288537549407114,37.0,-0.03674498557147787
20240305,2024,011210,현대위아,자동차신품부품제조업,58100,34.0,1975400.0,57839.0,58037.0,20240508,1580034322300,0.5344556864028657,0.926829268292683,38.0,0.003434389310122965
20240305,2024,183300,코미코,특수목적용기계제조업,62200,32.0,1990400.0,63797.0,94969.0,20240508,650654544800,0.49330992776916427,0.924901185770751,39.0,0.4886199410611294
20240305,2024,002350,넥센타이어,고무제품제조업,8860,225.0,1993500.0,8865.0,8302.0,20240517,865337390220,0.5076465185687737,0.9227642276422764,40.0,-0.06343882308657589
20240305,2024,214370,케어젠,기초의약물질및생물학적제제제조업,22500,88.0,1980000.0,21666.0,21617.0,20240508,1208587500000,0.5128993520156664,0.9209486166007905,41.0,-0.002260530915412229
20240305,2024,019170,신풍제약,의약품제조업,11950,167.0,1995650.0,12150.0,14089.0,20240508,633170630500,0.5130285900634457,0.9186991869918699,42.0,0.1595624995288174
20240305,2024,171090,선익시스템,특수목적용기계제조업,25700,77.0,1978900.0,27631.0,65781.0,20240508,242648220500,0.4925989374425513,0.9169960474308301,43.0,1.3806915123055812
20240305,2024,326030,SK바이오팜,자연과학및공학연구개발업,91000,21.0,1911000.0,91709.0,89472.0,20240508,7126505750000,0.4910016508818915,0.9146341463414634,44.0,-0.024392194926980526
20240305,2024,143160,아이디스,통신및방송장비제조업,19350,103.0,1993050.0,,,,207362146500,0.521843253389768,0.9130434782608695,45.0,-0.02390557248349834
20240305,2024,090350,노루페인트,기타화학제품제조업,10470,191.0,1999770.0,10378.0,,,209400000000,0.5336828196809401,0.9105691056910569,46.0,-0.04278651344681583
20240305,2024,225570,넥슨게임즈,소프트웨어개발및공급업,13500,148.0,1998000.0,13196.0,14073.0,20240508,888310395000,0.5081095368908302,0.9090909090909091,47.0,0.06644998458385509
20240305,2024,195870,해성디에스,전자부품제조업,47200,42.0,1982400.0,49428.0,51235.0,20240508,802400000000,0.5338300604995432,0.9065040650406504,48.0,0.03654802883990316
20240305,2024,084370,유진테크,특수목적용기계제조업,35700,56.0,1999200.0,36236.0,53374.0,20240508,818102699400,0.48825617400093063,0.8379446640316206,82.0,0.4729660090138563
20240305,2024,093370,후성,기초화학물질제조업,8190,244.0,1998360.0,8218.0,7427.0,20240508,772743731760,0.5247193921140965,0.8373983739837398,83.0,-0.09622071230823348
20240507,2024,096530,씨젠,의료용품및기타의약관련제품제조업,22150,90.0,1993500.0,22329.0,20674.0,20240709,1156805767100,0.5061204213336965,1.0,1.0,-0.07414075185853697
20240507,2024,302440,SK바이오사이언스,기초의약물질제조업,59600,33.0,1966800.0,59876.0,53989.0,20240709,4578933900000,0.5461716674266002,1.0,2.0,-0.0983136585252522
20240507,2024,000660,SK하이닉스,반도체제조업,179600,11.0,1975600.0,177923.0,238432.0,20240709,130749224754000,0.5183070202203184,0.9963503649635036,3.0,0.3400813035481338
20240507,2024,054450,텔레칩스,반도체제조업,25950,77.0,1998150.0,25863.0,21458.0,20240709,392992846350,0.5144646513531466,0.9962264150943396,4.0,-0.1702959702734932
20240507,2024,034730,SK,기타금융업,164900,12.0,1978800.0,164789.0,157512.0,20240709,12070404452100,0.5449656061865542,0.9927007299270073,5.0,-0.044158717491433186
20240507,2024,083310,엘오티베큠,특수목적용기계제조업,20550,97.0,1993350.0,20555.0,15129.0,20240709,365996178150,0.5149791944949338,0.9924528301886792,6.0,-0.26394968803626484
20240507,2024,042670,HD현대인프라코어,특수목적용기계제조업,8390,238.0,1996820.0,8409.0,7348.0,20240709,1674672970670,0.520197414500359,0.9890510948905109,7.0,-0.12616387155469222
20240507,2024,122870,와이지엔터테인먼트,오디오물출판및원판녹음업,44450,44.0,1955800.0,43633.0,37844.0,20241016,830817128050,0.5094039584079568,0.9886792452830189,8.0,-0.13268841200269632
20240507,2024,017860,DS단석,기타화학제품제조업,128100,15.0,1921500.0,40971.0,36916.0,20240709,750845852400,0.5227463018282554,0.9854014598540146,9.0,-0.09896627777991485
20240507,2024,032620,GC메디아이,소프트웨어개발및공급업,4730,422.0,1996060.0,4757.0,4716.0,20240709,246892467470,0.5236626142215022,0.9849056603773585,10.0,-0.008585206611088858
20240507,2024,011210,현대위아,자동차신품부품제조업,57900,34.0,1968600.0,58037.0,56349.0,20240709,1574595305700,0.5405164624239905,0.9817518248175182,11.0,-0.029096628872563368
20240507,2024,056080,유진로봇,특수목적용기계제조업,8390,238.0,1996820.0,8554.0,,,314726955280,0.5081490826906958,0.9811320754716981,12.0,-0.12516098905309636
20240507,2024,373220,LG에너지솔루션,일차전지및이차전지제조업,391500,5.0,1957500.0,392982.0,362959.0,20240709,91611000000000,0.5466066252843766,0.9781021897810219,13.0,-0.07639668448566184
20240507,2024,089600,KT나스미디어,광고업,19020,105.0,1997100.0,18877.0,,,220026460260,0.5015856609324139,0.9773584905660377,14.0,-0.07104164172227001
20240507,2024,005420,코스모화학,기타화학제품제조업,31500,63.0,1984500.0,31457.0,27563.0,20240709,1209859182000,0.5213693996600688,0.9744525547445255,15.0,-0.1238085938452429
20240507,2024,206640,바디텍메드,의료용품및기타의약관련제품제조업,15400,129.0,1986600.0,15716.0,18306.0,20240709,361693024000,0.4875976977855515,0.9735849056603774,16.0,0.16481849794378833
20240507,2024,012330,현대모비스,자동차신품부품제조업,228500,8.0,1828000.0,231946.0,233405.0,20240709,21400188979000,0.5399653400966419,0.9708029197080292,17.0,0.006292303355678985
20240507,2024,348210,넥스틴,특수목적용기계제조업,63900,31.0,1980900.0,63843.0,65344.0,20240709,656785414800,0.5061066284983857,0.969811320754717,18.0,0.023502220279356667
20240507,2024,002380,KCC,기타화학제품제조업,283500,7.0,1984500.0,288260.0,305290.0,20240709,2519314528500,0.5202943710251002,0.9671532846715328,19.0,0.05907729060900935
20240507,2024,039840,디오,의료용기기제조업,20750,96.0,1992000.0,21216.0,16017.0,20240822,329546416250,0.5245448302181455,0.9660377358490566,20.0,-0.24504737480969696
20240507,2024,004990,롯데지주,기타금융업,26900,74.0,1990600.0,26983.0,24981.0,20240709,2822058475300,0.5389230337632365,0.9635036496350365,21.0,-0.07420185871060092
20240507,2024,278650,HLB바이오스텝,자연과학및공학연구개발업,3550,563.0,1998650.0,3537.0,2821.0,20240712,306452734700,0.4967504407915626,0.9622641509433962,22.0,-0.20259109868912517
20240507,2024,010140,삼성중공업,선박및보트건조업,9600,208.0,1996800.0,9667.0,9695.0,20240709,8448000000000,0.5227116370928798,0.9598540145985401,23.0,0.002951412588536373
20240507,2024,190510,나무가,전자부품제조업,14750,135.0,1991250.0,14779.0,14100.0,20240715,239899664000,0.5253350606385272,0.9584905660377359,24.0,-0.0459870726112499
20240507,2024,025540,한국단자,"전동기,발전기및전기변환ㆍ공급ㆍ제어장치제조업",62500,32.0,2000000.0,64001.0,65289.0,20240709,650937500000,0.5215059338252095,0.9562043795620438,25.0,0.02012043907811223
20240507,2024,053800,안랩,소프트웨어개발및공급업,64800,30.0,1944000.0,65044.0,57616.0,20240709,648897804000,0.5204369434309343,0.9547169811320755,26.0,-0.11419936765577066
20240507,2024,064960,SNT모티브,자동차신품부품제조업,46100,43.0,1982300.0,25517.0,24910.0,20240710,674126569600,0.5387860687915761,0.9525547445255474,27.0,-0.023787294774107348
20240507,2024,086450,동국제약,의약품제조업,16800,119.0,1999200.0,16862.0,18341.0,20240709,746928000000,0.5167814198848083,0.9509433962264151,28.0,0.08771691070628784
20240507,2024,007070,GS리테일,종합소매업,20050,99.0,1984950.0,17489.0,17445.0,20240709,2099594336100,0.5399786672232658,0.948905109489051,29.0,-0.002517248215811785
20240507,2024,417010,나노팀,일반목적용기계제조업,13220,151.0,1996220.0,13337.0,11069.0,20240722,260755616160,0.5201118348129903,0.9471698113207547,30.0,-0.16998931396863337
20240507,2024,000430,대원강업,자동차신품부품제조업,5590,357.0,1995630.0,5595.0,5216.0,20240715,346580000000,0.5385286960982142,0.9452554744525548,31.0,-0.0676709369932591
20240507,2024,282880,코윈테크,특수목적용기계제조업,23350,85.0,1984750.0,22299.0,,,260161193450,0.5018601987660405,0.9433962264150944,32.0,-0.17592470341287447
20240507,2024,003490,대한항공,항공여객운송업,21500,93.0,1999500.0,21811.0,22559.0,20240709,7916744211500,0.532749681258831,0.9416058394160584,33.0,0.03429370268280807
20240507,2024,099430,바이오플러스,기초의약물질제조업,6510,307.0,1998570.0,6446.0,6265.0,20240709,377129924640,0.5256426152679564,0.939622641509434,34.0,-0.02808934957769571
20240507,2024,088350,한화생명,보험업,2960,675.0,1998000.0,2977.0,,,2570848800000,0.5341926510431358,0.9379562043795621,35.0,-0.001729107426069909
20240507,2024,095660,네오위즈,소프트웨어개발및공급업,22300,89.0,1984700.0,22153.0,20304.0,20240709,491351933700,0.5174620244635082,0.9358490566037736,36.0,-0.08346991693415517
20240507,2024,006120,SK디스커버리,기타금융업,45000,44.0,1980000.0,44876.0,38520.0,20240722,845363475000,0.5371177983108,0.9343065693430657,37.0,-0.141641034198143
20240507,2024,050890,쏠리드,통신및방송장비제조업,5860,341.0,1998260.0,5882.0,5133.0,20240709,358758810400,0.5241575848738211,0.9320754716981132,38.0,-0.12726425344656378
20240507,2024,192650,드림텍,전자부품제조업,10140,197.0,1997580.0,10209.0,9490.0,20240709,698365750680,0.5312506836222262,0.9306569343065694,39.0,-0.070434211518702
20240507,2024,036890,진성티이씨,특수목적용기계제조업,9880,202.0,1995760.0,9916.0,9785.0,20241127,222124807840,0.5002517871990486,0.9283018867924528,40.0,-0.013262708015310487
20240507,2024,307950,현대오토에버,소프트웨어개발및공급업,154600,12.0,1855200.0,152603.0,146198.0,20241016,4239747617200,0.5258095972179158,0.927007299270073,41.0,-0.04196870252688478
20240507,2024,228670,레이,의료용기기제조업,13350,149.0,1989150.0,13923.0,,,204041974050,0.5174376264011544,0.9245283018867925,42.0,-0.025476849934561896
20240507,2024,353200,대덕전자,전자부품제조업,23200,86.0,1995200.0,23502.0,22308.0,20240709,1146472660000,0.5294911399009776,0.9124087591240876,49.0,-0.05082667406775909
20240507,2024,095700,제넥신,자연과학및공학연구개발업,7730,258.0,1994340.0,7436.0,6705.0,20240807,320876891620,0.48927546770789854,0.8981132075471698,56.0,-0.0983353802055299
20240507,2024,085660,차바이오텍,기초의약물질제조업,17400,114.0,1983600.0,16082.0,14855.0,20240709,979871308200,0.520723906939814,0.8905660377358491,60.0,-0.0762855724459508
20240507,2024,006280,녹십자,의약품제조업,116200,17.0,1975400.0,115825.0,124813.0,20240709,1357975715600,0.5215739749727084,0.8905109489051095,61.0,0.07759775489037213
20240507,2024,253450,스튜디오드래곤,"영화,비디오물,방송프로그램제작및배급업",43050,46.0,1980300.0,43069.0,41411.0,20240709,1294018338900,0.5037406730644426,0.8867924528301887,63.0,-0.03849903777295738
20240507,2024,011930,신성이엔지,반도체제조업,2185,915.0,1999275.0,2217.0,2750.0,20260402,449778209935,0.5083522313428691,0.8832116788321168,64.0,0.24050326284528944
20240507,2024,002350,넥센타이어,고무제품제조업,8470,236.0,1998920.0,8533.0,5370.0,20250317,827246918190,0.5156256199645304,0.8722627737226277,70.0,-0.37065025669594154
20240507,2024,034220,LG디스플레이,전자부품제조업,10660,187.0,1993420.0,10697.0,12742.0,20240709,5330000000000,0.5266948648436827,0.8467153284671532,84.0,0.19110903085805808
20240708,2024,096530,씨젠,의료용품및기타의약관련제품제조업,21200,94.0,1992800.0,20674.0,24972.0,20240906,1107191072800,0.5093338214423437,1.0,1.0,0.207902984257607
20240708,2024,241560,두산밥캣,특수목적용기계제조업,49800,40.0,1992000.0,50594.0,41247.0,20240906,4992408466800,0.5488960738400861,1.0,2.0,-0.1847296422093837
20240708,2024,181710,NHN,소프트웨어개발및공급업,20550,97.0,1993350.0,20356.0,17990.0,20240906,693893827650,0.5394251129461036,0.9956896551724138,3.0,-0.11621003849618738
20240708,2024,372170,윤성에프앤씨,특수목적용기계제조업,70500,28.0,1974000.0,69223.0,45521.0,20240906,562522884000,0.529709463309713,0.9955357142857143,4.0,-0.3423986784808034
20240708,2024,137310,에스디바이오센서,의료용기기제조업,9490,210.0,1992900.0,9355.0,9434.0,20240906,1181290079970,0.5493234035491276,0.9913793103448276,5.0,0.008395384996193522
20240708,2024,036540,SFA반도체,반도체제조업,5340,374.0,1997160.0,5368.0,3444.0,20240906,878218018020,0.5042248157214089,0.9910714285714286,6.0,-0.3585111864425472
20240708,2024,302440,SK바이오사이언스,기초의약물질제조업,53600,37.0,1983200.0,53989.0,51784.0,20240906,4117967400000,0.55759656733423,0.9870689655172413,7.0,-0.040837772210543966
20240708,2024,405100,큐알티,"그외기타전문,과학및기술서비스업",18590,107.0,1989130.0,19419.0,17714.0,20260129,228458105590,0.5112399126835769,0.9866071428571429,8.0,-0.08782398794721114
20240708,2024,326030,SK바이오팜,자연과학및공학연구개발업,79900,25.0,1997500.0,80670.0,104054.0,20240906,6257228675000,0.5097409145780067,0.9827586206896551,9.0,0.2898671973684368
20240708,2024,108230,톱텍,특수목적용기계제조업,7760,257.0,1994320.0,7753.0,,,295060381200,0.5244762472500493,0.9821428571428571,10.0,-0.23096674460236588
20240708,2024,251270,넷마블,소프트웨어개발및공급업,55700,35.0,1949500.0,56802.0,56985.0,20240906,4787610061400,0.5349206013995637,0.978448275862069,11.0,0.003225250242004929
20240708,2024,061970,LB세미콘,반도체제조업,6220,321.0,1996620.0,6357.0,3794.0,20250320,272340162240,0.5010544372635117,0.9776785714285714,12.0,-0.4032388617987771
20240708,2024,064960,SNT모티브,자동차신품부품제조업,46400,43.0,1995200.0,24938.0,24882.0,20240906,678513510400,0.5688220938514577,0.9741379310344828,13.0,-0.002251423167927258
20240708,2024,078350,한양디지텍,반도체제조업,22050,90.0,1984500.0,21933.0,14115.0,20240927,336138623100,0.5010161336774317,0.9732142857142857,14.0,-0.356446915101187
20240708,2024,042670,HD현대인프라코어,특수목적용기계제조업,7680,260.0,1996800.0,7348.0,6649.0,20240906,1532954519040,0.537190600334776,0.9698275862068966,15.0,-0.09520057262430004
20240708,2024,080220,제주반도체,반도체제조업,18590,107.0,1989130.0,18366.0,13499.0,20250610,640292265470,0.4996913481449831,0.96875,16.0,-0.26500683233738354
20240708,2024,361610,SK아이이테크놀로지,일차전지및이차전지제조업,44300,45.0,1993500.0,44171.0,31730.0,20240906,3158483325600,0.5642687409075775,0.9655172413793104,17.0,-0.28166673663715625
20240708,2024,092070,디엔에프,기타화학제품제조업,18170,110.0,1998700.0,18251.0,,,210260659860,0.5198445991264535,0.9642857142857143,18.0,-0.038097345047757525
20240708,2024,454910,두산로보틱스,특수목적용기계제조업,79100,25.0,1977500.0,79131.0,63637.0,20240906,5127260418000,0.5333744286667705,0.9612068965517241,19.0,-0.19580173228803566
20240708,2024,095700,제넥신,자연과학및공학연구개발업,6630,301.0,1995630.0,6815.0,6084.0,20240906,275215238220,0.4895779962986758,0.9598214285714286,20.0,-0.10721664037461998
20240708,2024,005420,코스모화학,기타화학제품제조업,28000,71.0,1988000.0,27563.0,18668.0,20240906,1075430384000,0.5356770516345841,0.9568965517241379,21.0,-0.322702770222396
20240708,2024,089010,켐트로닉스,기타화학제품제조업,26550,75.0,1991250.0,27358.0,20308.0,20240906,407126886300,0.5187713731007213,0.9553571428571429,22.0,-0.2576846069418963
20240708,2024,004380,삼익THK,일반목적용기계제조업,12000,166.0,1992000.0,15907.0,17621.0,20250214,252000000000,0.5489350817461898,0.9525862068965517,23.0,0.1077515272892533
20240708,2024,083310,엘오티베큠,특수목적용기계제조업,15110,132.0,1994520.0,15129.0,12401.0,20250909,269109598630,0.5194617599318663,0.9508928571428571,24.0,-0.18031651539987625
20240708,2024,007810,코리아써키트,전자부품제조업,16300,122.0,1988600.0,16332.0,11205.0,20240913,385018241300,0.5465457941658707,0.9482758620689655,25.0,-0.3139052259219449
20240708,2024,222080,씨아이에스,특수목적용기계제조업,10320,193.0,1991760.0,10233.0,7851.0,20241206,740246654640,0.5193123865298793,0.9464285714285714,26.0,-0.23271349708535216
20240708,2024,011210,현대위아,자동차신품부품제조업,56600,35.0,1981000.0,56349.0,49256.0,20240906,1539241697800,0.5599817009935881,0.9439655172413793,27.0,-0.12586291735398314
20240708,2024,348210,넥스틴,특수목적용기계제조업,65100,30.0,1953000.0,65344.0,41610.0,20240906,674264136000,0.5185668100059696,0.9419642857142857,28.0,-0.3632176479895741
20240708,2024,336260,두산퓨얼셀,"전동기,발전기및전기변환ㆍ공급ㆍ제어장치제조업",20650,96.0,1982400.0,20904.0,17122.0,20240906,1352445441900,0.531928541871853,0.9396551724137931,29.0,-0.18089348090717727
20240708,2024,290550,디케이티,전자부품제조업,10850,184.0,1996400.0,11032.0,11092.0,20240909,215157670000,0.5302777004432064,0.9375,30.0,0.005425106457876305
20240708,2024,353200,대덕전자,전자부품제조업,21850,91.0,1988350.0,22308.0,17529.0,20240906,1079759811250,0.5446490520792612,0.9353448275862069,31.0,-0.2142126853032541
20240708,2024,160980,싸이맥스,특수목적용기계제조업,18500,108.0,1998000.0,18887.0,24903.0,20260325,202098495500,0.5184312391035009,0.9330357142857143,32.0,0.3185613518479169
20240708,2024,019170,신풍제약,의약품제조업,11910,167.0,1988970.0,11913.0,12124.0,20240906,631051230900,0.5409669757717944,0.9310344827586207,33.0,0.017743983636347327
20240708,2024,046890,서울반도체,반도체제조업,9250,216.0,1998000.0,9271.0,9180.0,20240906,539324950000,0.4975481490868116,0.9285714285714286,34.0,-0.00982567806741852
20240708,2024,226320,잇츠한불,기타화학제품제조업,13830,144.0,1991520.0,13732.0,,,303282426450,0.5273811478035526,0.9267241379310345,35.0,-0.15829866752257415
20240708,2024,006620,동구바이오제약,의약품제조업,7240,276.0,1998240.0,7203.0,,,206086542080,0.5293014965984357,0.9241071428571429,36.0,-0.01950850129388093
20240708,2024,069260,TKG휴켐스,기타화학제품제조업,19280,103.0,1985840.0,19362.0,18632.0,20240923,788139176640,0.5267605655175727,0.9224137931034483,37.0,-0.03770629250172075
20240708,2024,146320,비씨엔씨,반도체제조업,18520,107.0,1981640.0,18662.0,,,236924933960,0.49692854677747383,0.9196428571428571,38.0,-0.14724819129605593
20240708,2024,004020,현대제철,1차철강제조업,28850,69.0,1990650.0,28754.0,24451.0,20240906,3849910897250,0.5686586336690878,0.9181034482758621,39.0,-0.14962957763217044
20240708,2024,114810,한솔아이원스,특수목적용기계제조업,10680,187.0,1997160.0,11004.0,8003.0,20240906,310928698320,0.517506516585317,0.9151785714285714,40.0,-0.2727261706312528
20240708,2024,192650,드림텍,전자부품제조업,9630,207.0,1993410.0,9490.0,7960.0,20240906,663240846060,0.5395967424811223,0.9137931034482759,41.0,-0.16124953324343094
20240708,2024,108860,셀바스AI,소프트웨어개발및공급업,14170,141.0,1997970.0,13808.0,13870.0,20250422,381382574300,0.5133317463945235,0.9107142857142857,42.0,0.004434520945270748
20240708,2024,079160,CJ CGV,"영화,비디오물,방송프로그램제작및배급업",5550,360.0,1998000.0,5619.0,6726.0,20240906,918965953050,0.5525909907276583,0.9094827586206896,43.0,0.1969798523523476
20240708,2024,095660,네오위즈,소프트웨어개발및공급업,20250,98.0,1984500.0,20304.0,21313.0,20240906,446182809750,0.5121800012214222,0.90625,44.0,0.049691595930560606
20240708,2024,050890,쏠리드,통신및방송장비제조업,5140,389.0,1999460.0,5133.0,4154.0,20240906,314679229600,0.5227450429326059,0.9017857142857143,46.0,-0.19081038074714052
20240708,2024,000430,대원강업,자동차신품부품제조업,5270,379.0,1997330.0,5245.0,4425.0,20260119,326740000000,0.5534327706491076,0.9008620689655172,47.0,-0.15633501359569346
20240708,2024,053800,안랩,소프트웨어개발및공급업,57600,34.0,1958400.0,57616.0,52511.0,20240906,576798048000,0.5115259483936472,0.8973214285714286,48.0,-0.0886046146208136
20240708,2024,025540,한국단자,"전동기,발전기및전기변환ㆍ공급ㆍ제어장치제조업",65600,30.0,1968000.0,65289.0,65989.0,20240906,683224000000,0.5213328294507689,0.8491379310344828,70.0,0.01071740547482869
20240708,2024,032620,GC메디아이,소프트웨어개발및공급업,4710,424.0,1997040.0,4716.0,4072.0,20250610,245848524690,0.5080229562057265,0.8392857142857143,75.0,-0.13654650926395784
20240708,2024,054450,텔레칩스,반도체제조업,21900,91.0,1992900.0,21458.0,14353.0,20240926,331658702700,0.4914542942582467,0.8303571428571429,79.0,-0.33111706380061456
20240905,2024,010060,OCI홀딩스,기타금융업,67800,29.0,1966200.0,67612.0,56612.0,20241113,1326438047400,0.5436337730550032,1.0,1.0,-0.16269551134687776
20240905,2024,059090,미코,반도체제조업,9510,210.0,1997100.0,9244.0,7852.0,20241113,317793558780,0.5339599432656967,1.0,2.0,-0.15059936481469605
20240905,2024,336260,두산퓨얼셀,"전동기,발전기및전기변환ㆍ공급ㆍ제어장치제조업",17650,113.0,1994450.0,17122.0,14541.0,20241113,1155964263900,0.5348416985971386,0.995475113122172,3.0,-0.15073712263838124
20240905,2024,372170,윤성에프앤씨,특수목적용기계제조업,48650,41.0,1994650.0,45521.0,45527.0,20241113,388180685200,0.5458952565217416,0.9948979591836735,4.0,0.00013317573593130128
20240905,2024,005420,코스모화학,기타화학제품제조업,19800,101.0,1999800.0,18668.0,17366.0,20241113,760482914400,0.5554861155829328,0.9909502262443439,5.0,-0.06974483752287486
20240905,2024,460930,현대힘스,선박및보트건조업,11180,178.0,1990040.0,10795.0,14468.0,20241113,394361877780,0.5221768618545559,0.9897959183673469,6.0,0.34022660999542453
20240905,2024,000990,DB하이텍,반도체제조업,37400,53.0,1982200.0,36498.0,31593.0,20241113,1660507191200,0.5326583639956235,0.9864253393665159,7.0,-0.13438584837939038
20240905,2024,140410,메지온,자연과학및공학연구개발업,31900,62.0,1977800.0,30689.0,31685.0,20241113,954987684200,0.5065019619394768,0.9846938775510204,8.0,0.032434606284271084
20240905,2024,003000,부광약품,의약품제조업,4800,416.0,1996800.0,4280.0,4295.0,20241212,328582420800,0.5245679435538045,0.9819004524886877,9.0,0.0035328104817122785
20240905,2024,086450,동국제약,의약품제조업,16910,118.0,1995380.0,16667.0,17217.0,20241113,751818600000,0.5146017823879661,0.9795918367346939,10.0,0.0329960409661092
20240905,2024,034730,SK,기타금융업,142300,14.0,1992200.0,140925.0,139243.0,20241113,10317134636900,0.534847033230663,0.9773755656108597,11.0,-0.011938528868675635
20240905,2024,030520,한글과컴퓨터,소프트웨어개발및공급업,18690,107.0,1999830.0,17337.0,19498.0,20241113,451919415360,0.5312663920612615,0.9744897959183674,12.0,0.12465092869288075
20240905,2024,007810,코리아써키트,전자부품제조업,10480,190.0,1991200.0,11205.0,9435.0,20241218,247545470480,0.5539487981157305,0.9728506787330317,13.0,-0.15802476929620846
20240905,2024,099190,아이센스,의료용기기제조업,15530,128.0,1987840.0,15100.0,19117.0,20241113,429206849690,0.5264641599361501,0.9693877551020408,14.0,0.26602266783202944
20240905,2024,011790,SKC,기타화학제품제조업,116900,17.0,1987300.0,102640.0,104102.0,20241113,4426804036200,0.5450473084876459,0.9683257918552036,15.0,0.014247849478542518
20240905,2024,235980,메드팩토,자연과학및공학연구개발업,6570,304.0,1997280.0,6313.0,6881.0,20251208,220625166150,0.5047335622248559,0.9642857142857143,16.0,0.09002333361647419
20240905,2024,033240,자화전자,전자부품제조업,18780,106.0,1990680.0,18209.0,13912.0,20241113,416087238600,0.5501198629747794,0.9638009049773756,17.0,-0.23600377008728213
20240905,2024,353200,대덕전자,전자부품제조업,18030,110.0,1983300.0,17529.0,16008.0,20241113,890987157750,0.5495911837898462,0.9592760180995475,18.0,-0.08674574796981749
20240905,2024,058820,CMG제약,의약품제조업,2120,943.0,1999160.0,2082.0,2006.0,20250327,294451557280,0.5127606081233904,0.9591836734693877,19.0,-0.03644454610184433
20240905,2024,361610,SK아이이테크놀로지,일차전지및축전지제조업,34500,57.0,1966500.0,31730.0,27336.0,20241113,2459766924000,0.5147760756377819,0.9547511312217195,20.0,-0.13847524727642813
20240905,2024,041020,폴라리스오피스,소프트웨어개발및공급업,5220,383.0,1999260.0,4839.0,4784.0,20241113,259567099560,0.529147575494358,0.9540816326530612,21.0,-0.01130789092663087
20240905,2024,014820,동원시스템즈,플라스틱제품제조업,41850,47.0,1966950.0,38808.0,44153.0,20241113,1213285151700,0.5369177711330042,0.9502262443438914,22.0,0.13774095317995583
20240905,2024,041510,에스엠,오디오물출판및원판녹음업,59100,33.0,1950300.0,56283.0,71482.0,20241113,1394140750200,0.512915220387563,0.9489795918367347,23.0,0.2700542166838451
20240905,2024,010690,화신,자동차신품부품제조업,8390,238.0,1996820.0,8190.0,7358.0,20241113,292982239900,0.536560867142054,0.9457013574660633,24.0,-0.10151569284856243
20240905,2024,214370,케어젠,기초의약물질및생물학적제제제조업,16460,121.0,1991660.0,15861.0,18713.0,20241113,884148900000,0.5306583482609952,0.9438775510204082,25.0,0.17979205845849888
20240905,2024,000520,삼일제약,의약품제조업,10030,199.0,1995970.0,9816.0,13537.0,20241113,216619905970,0.5142580265223414,0.9411764705882353,26.0,0.3790792111203072
20240905,2024,089010,켐트로닉스,기타화학제품제조업,20850,95.0,1980750.0,20308.0,16359.0,20241113,319721114100,0.5369035500413984,0.9387755102040817,27.0,-0.19447197717859044
20240905,2024,017860,DS단석,기타화학제품제조업,76600,26.0,1991600.0,23650.0,51992.0,20241113,448983546400,0.5394374409211969,0.9366515837104072,28.0,1.1984075656084063
20240905,2024,095700,제넥신,자연과학및공학연구개발업,6270,318.0,1993860.0,6084.0,5983.0,20241118,260271424380,0.5017854109452535,0.9336734693877551,29.0,-0.01669562529861468
20240905,2024,192650,드림텍,전자부품제조업,8230,243.0,1999890.0,7960.0,7968.0,20241113,566908019990,0.5463174219400566,0.9321266968325792,30.0,0.0010005111979050074
20240905,2024,041830,인바디,의료용기기제조업,23700,84.0,1990800.0,23498.0,28306.0,20250806,324305633400,0.5228158742779818,0.9285714285714286,31.0,0.2046156723882111
20240905,2024,017800,현대엘리베이터,일반목적용기계제조업,42050,47.0,1976350.0,41609.0,48104.0,20241113,1643834789250,0.5305464064633468,0.9276018099547512,32.0,0.15609489202907922
20240905,2024,102710,이엔에프테크놀로지,기타화학제품제조업,24000,83.0,1992000.0,23202.0,14732.0,20241113,342908064000,0.5356025473850616,0.923469387755102,33.0,-0.3650463316826894
20240905,2024,267270,HD건설기계,일반목적용기계제조업,48900,40.0,1956000.0,46838.0,59695.0,20241113,921622994400,0.5302930121381668,0.9230769230769231,34.0,0.2744841040664914
20240905,2024,029460,케이씨,"측정,시험,항해,제어및기타정밀기기제조업;광학기기제외",17330,115.0,1992950.0,17037.0,26241.0,20251118,234891582520,0.5335395087380483,0.918552036199095,35.0,0.5402028264388221
20240905,2024,357780,솔브레인,기타화학제품제조업,216500,9.0,1948500.0,215451.0,187755.0,20241113,1684059539000,0.5353771958781297,0.9183673469387755,36.0,-0.12854891967499626
20240905,2024,280360,롯데웰푸드,동물용사료및조제식품제조업,133000,15.0,1995000.0,129668.0,108354.0,20241113,1254798342000,0.5231442339146142,0.9140271493212669,37.0,-0.1643754797812712
20240905,2024,050890,쏠리드,통신및방송장비제조업,4230,472.0,1996560.0,4154.0,4789.0,20241113,258967537200,0.5383681686494737,0.9132653061224489,38.0,0.15285144028679443
20240905,2024,004800,효성,기타금융업,48650,41.0,1994650.0,48402.0,45052.0,20241122,814420800550,0.5239342467498185,0.9095022624434389,39.0,-0.06921257052687102
20240905,2024,131970,두산테스나,"그외기타전문,과학및기술서비스업",29050,68.0,1975400.0,28465.0,25317.0,20241113,494040742300,0.5097420599352104,0.9081632653061225,40.0,-0.11061783997043595
20240905,2024,028670,팬오션,해상운송업,3540,564.0,1996560.0,3376.0,3447.0,20241113,1892376072480,0.5428690156936803,0.9049773755656109,41.0,0.021002230829461954
20240905,2024,215000,골프존,소프트웨어개발및공급업,66900,29.0,1940100.0,66501.0,63877.0,20241113,419825263500,0.5234388717172029,0.9030612244897959,42.0,-0.039468506900503186
20240905,2024,011210,현대위아,자동차신품부품제조업,48800,40.0,1952000.0,49256.0,39918.0,20241113,1327120050400,0.5330286991384962,0.9004524886877828,43.0,-0.189583654687407
20240905,2024,082920,비츠로셀,일차전지및축전지제조업,18140,110.0,1995400.0,9025.0,10509.0,20241114,414901943820,0.5087602689392248,0.8979591836734694,44.0,0.16446227064402907
20240905,2024,307950,현대오토에버,소프트웨어개발및공급업,155200,12.0,1862400.0,152890.0,128909.0,20241113,4256202006400,0.5239539714474841,0.8959276018099548,45.0,-0.15684776838673364
20240905,2024,302440,SK바이오사이언스,기초의약물질및생물학적제제제조업,52100,38.0,1979800.0,51784.0,46195.0,20241113,4002725775000,0.5244275196746873,0.8687782805429864,56.0,-0.10792671212525518
20240905,2024,114810,한솔아이원스,특수목적용기계제조업,8300,240.0,1992000.0,8003.0,8201.0,20250219,241639344200,0.5342694694027407,0.8622448979591837,59.0,0.024794163778737888
20240905,2024,042670,HD현대인프라코어,특수목적용기계제조업,6700,298.0,1996600.0,6649.0,7219.0,20241113,1290794308900,0.5353012041395292,0.8280542986425339,73.0,0.08576666798773691
20240905,2024,004020,현대제철,1차철강제조업,24600,81.0,1992600.0,24451.0,21745.0,20241113,3282766311000,0.5391280467844128,0.8190045248868778,77.0,-0.11069104472068148
20240905,2024,053800,안랩,소프트웨어개발및공급업,53100,37.0,1964700.0,52511.0,63006.0,20241113,531735700500,0.5146500904300159,0.8061224489795918,82.0,0.19984544524310333
20241112,2024,005420,코스모화학,기타화학제품제조업,18210,109.0,1984890.0,17366.0,18983.0,20250115,699413831880,0.5499532615150593,1.0,1.0,0.0931110336219323
20241112,2024,041020,폴라리스오피스,소프트웨어개발및공급업,4790,417.0,1997430.0,4784.0,5789.0,20250115,238185135420,0.5335002504225275,1.0,2.0,0.21005938569523508
20241112,2024,005930,삼성전자,통신및방송장비제조업,53000,37.0,1961000.0,50585.0,53681.0,20250115,316398475150000,0.5533296622875361,0.9952153110047847,3.0,0.06119331003076045
20241112,2024,183300,코미코,특수목적용기계제조업,43800,45.0,1971000.0,43631.0,40789.0,20250115,458177959200,0.5398440424444473,0.9947089947089947,4.0,-0.06513364235386476
20241112,2024,004490,세방전지,일차전지및축전지제조업,70100,28.0,1962800.0,67402.0,82231.0,20250115,981400000000,0.5263759685686504,0.9904306220095693,5.0,0.22000638440737563
20241112,2024,083790,CG인바이츠,자연과학및공학연구개발업,2710,738.0,1999980.0,2702.0,,,208383233220,0.49117063624214075,0.9894179894179894,6.0,-0.02771081125791619
20241112,2024,019170,신풍제약,의약품제조업,10970,182.0,1996540.0,10596.0,10894.0,20250115,581245340300,0.5198802060666226,0.9856459330143541,7.0,0.02805959330609631
20241112,2024,102710,이엔에프테크놀로지,기타화학제품제조업,14470,138.0,1996860.0,14732.0,19701.0,20250115,206744986920,0.5396214466474697,0.9841269841269841,8.0,0.3372768827825685
20241112,2024,137310,에스디바이오센서,의료용기기제조업,8050,248.0,1996400.0,7884.0,11467.0,20250115,1002042691650,0.5360421908516775,0.9808612440191388,9.0,0.45450065809900253
20241112,2024,194480,데브시스터즈,소프트웨어개발및공급업,32000,62.0,1984000.0,30830.0,30791.0,20250115,385300800000,0.5267319407328799,0.9788359788359788,10.0,-0.0012455447453919577
20241112,2024,102460,이연제약,의약품제조업,15200,131.0,1991200.0,14342.0,11455.0,20251216,282519527200,0.518247054011155,0.9760765550239234,11.0,-0.2012963479624168
20241112,2024,054950,제이브이엠,일반목적용기계제조업,18270,109.0,1991430.0,18376.0,19735.0,20250115,220882326840,0.5251897431691728,0.9735449735449735,12.0,0.07393277594927539
20241112,2024,007810,코리아써키트,전자부품제조업,8590,232.0,1992880.0,8674.0,13920.0,20250218,202902251090,0.5533736149649842,0.9712918660287081,13.0,0.6047766691373102
20241112,2024,215600,신라젠,자연과학및공학연구개발업,2540,787.0,1998980.0,2473.0,2659.0,20250115,348912497500,0.48850658635055877,0.9682539682539683,14.0,0.07502475413267051
20241112,2024,014820,동원시스템즈,플라스틱제품제조업,46900,42.0,1969800.0,44153.0,40405.0,20250115,1359691125800,0.5114683128766131,0.9665071770334929,15.0,-0.08489746218439831
20241112,2024,086450,동국제약,의약품제조업,17000,117.0,1989000.0,17217.0,15216.0,20250115,755820000000,0.5137165838875648,0.9629629629629629,16.0,-0.11620001785431855
20241112,2024,456040,OCI,기초화학물질제조업,58600,34.0,1992400.0,56980.0,62872.0,20250115,524616207000,0.5397821153714728,0.9617224880382775,17.0,0.10339187113903803
20241112,2024,215000,골프존,소프트웨어개발및공급업,64900,30.0,1947000.0,63877.0,64361.0,20250115,407274433500,0.5230136538610372,0.9576719576719577,18.0,0.007585037011033968
20241112,2024,336370,솔루스첨단소재,전자부품제조업,10210,195.0,1990950.0,9708.0,9046.0,20250115,716919082240,0.5510650226058929,0.9569377990430622,19.0,-0.06817284671661583
20241112,2024,086900,메디톡스,기초의약물질및생물학적제제제조업,129000,15.0,1935000.0,127706.0,117617.0,20250115,941506113000,0.5303169225031105,0.9523809523809523,20.0,-0.07900478186054938
20241112,2024,001820,삼화콘덴서,전자부품제조업,29200,68.0,1985600.0,28190.0,28743.0,20250115,303534000000,0.5507848945053946,0.9521531100478469,21.0,0.019607108285729646
20241112,2024,293940,신한알파리츠,부동산임대및공급업,5480,364.0,1994720.0,5507.0,5776.0,20250115,482788674040,0.522388545332443,0.9473684210526315,22.0,0.04893236183647365
20241112,2024,319660,피에스케이,특수목적용기계제조업,18020,110.0,1982200.0,17600.0,18559.0,20250115,521980186280,0.5338072981525689,0.9470899470899471,23.0,0.054498000528549806
20241112,2024,009150,삼성전기,전자부품제조업,111000,18.0,1998000.0,106777.0,123089.0,20250115,8291000256000,0.5496977285215322,0.9425837320574163,24.0,0.15276861749646287
20241112,2024,243070,휴온스,의약품제조업,25850,77.0,1990450.0,27626.0,29135.0,20250808,309674340250,0.5100325231749112,0.9417989417989417,25.0,0.05461179246273318
20241112,2024,010060,OCI홀딩스,기타금융업,57300,34.0,1948200.0,56612.0,77702.0,20250115,1095997326900,0.52873996849317,0.937799043062201,26.0,0.3725408363821341
20241112,2024,058610,에스피지,"전동기,발전기및전기변환ㆍ공급ㆍ제어장치제조업",21050,95.0,1999750.0,20607.0,28403.0,20250115,466833428000,0.5215535801749107,0.9365079365079365,27.0,0.3783287442956622
20241112,2024,307950,현대오토에버,소프트웨어개발및공급업,137800,14.0,1929200.0,128909.0,140215.0,20250115,3779024719600,0.5233755039211967,0.9330143540669856,28.0,0.08770134931178486
20241112,2024,059090,미코,반도체제조업,8190,244.0,1998360.0,7852.0,9393.0,20250115,273683411820,0.5345853557766342,0.9312169312169312,29.0,0.19630106152179883
20241112,2024,336260,두산퓨얼셀,"전동기,발전기및전기변환ㆍ공급ㆍ제어장치제조업",15420,129.0,1989180.0,14541.0,16743.0,20250115,1009913254920,0.5248477511195304,0.9282296650717703,30.0,0.15144083561094046
20241112,2024,182360,큐브엔터,오디오물출판및원판녹음업,14230,140.0,1992200.0,13911.0,14294.0,20250116,207353256110,0.5103582245272362,0.9259259259259259,31.0,0.02751477135481828
20241112,2024,170900,동아에스티,의약품제조업,73800,27.0,1992600.0,64568.0,49400.0,20250115,676549987200,0.5117970702806867,0.9234449760765551,32.0,-0.23491586554591337
20241112,2024,243840,신흥에스이씨,일차전지및축전지제조업,6510,307.0,1998570.0,6241.0,5471.0,20251128,253362917850,0.5177502640953546,0.9206349206349206,33.0,-0.12345765988367696
20241112,2024,023530,롯데쇼핑,종합소매업,60800,32.0,1945600.0,60283.0,53890.0,20250115,1719956304000,0.521996869292557,0.9186602870813397,34.0,-0.10604952009267221
20241112,2024,319400,현대무벡스,일반목적용기계제조업,2965,674.0,1998410.0,2860.0,3995.0,20250115,349102236970,0.5167178376617556,0.9153439153439153,35.0,0.3969764051669953
20241112,2024,052690,한전기술,"건축기술,엔지니어링및관련기술서비스업",68100,29.0,1974900.0,67067.0,61892.0,20250115,2602782000000,0.5192775632537814,0.9138755980861244,36.0,-0.07715573062658221
20241112,2024,098460,고영,특수목적용기계제조업,8400,238.0,1999200.0,8203.0,9244.0,20250115,576699942000,0.53059275736802,0.91005291005291,37.0,0.12695572583654324
20241112,2024,003620,KG모빌리티,자동차용엔진및자동차제조업,4055,493.0,1999115.0,4215.0,4177.0,20250115,796419249970,0.5351617217951281,0.9090909090909091,38.0,-0.008933684868419056
20241112,2024,043150,바텍,의료용기기제조업,20200,99.0,1999800.0,20019.0,,,300055971200,0.5206771005669129,0.9047619047619048,39.0,-0.039921219047142076
20241112,2024,079160,CJ CGV,"영화,비디오물,방송프로그램제작및배급업",5290,378.0,1999620.0,5128.0,5218.0,20250115,875918575590,0.5097593632018036,0.9043062200956937,40.0,0.017540907061043276
20241112,2024,033240,자화전자,전자부품제조업,14310,139.0,1989090.0,13912.0,11910.0,20250115,317050499700,0.5461659378914971,0.8947368421052632,43.0,-0.14386678673604425
20241112,2024,353200,대덕전자,전자부품제조업,16200,123.0,1992600.0,16008.0,15636.0,20250115,800554185000,0.5458565003739833,0.8899521531100478,45.0,-0.02325024363855699
20241112,2024,372170,윤성에프앤씨,특수목적용기계제조업,48250,41.0,1978250.0,45527.0,38618.0,20250115,384989066000,0.5281520327331508,0.8888888888888888,46.0,-0.1517686471223163
20241112,2024,302440,SK바이오사이언스,기초의약물질및생물학적제제제조업,47650,41.0,1953650.0,46195.0,48947.0,20250115,3733248511450,0.5247342841969675,0.8564593301435407,59.0,0.059577398151872574
20241112,2024,140410,메지온,자연과학및공학연구개발업,32100,62.0,1990200.0,31685.0,42281.0,20250901,961823117700,0.4757005298891501,0.8518518518518519,60.0,0.33442477828401684
20241112,2024,004020,현대제철,1차철강제조업,21950,91.0,1997450.0,21745.0,21643.0,20250115,2929134980750,0.5345024459969583,0.8421052631578947,64.0,-0.00465629299450987
20241112,2024,034730,SK,기타금융업,143300,13.0,1862900.0,139243.0,142022.0,20250115,10389637339900,0.5210238406553624,0.8325358851674641,68.0,0.019958626349697584
20241112,2024,089010,켐트로닉스,기타화학제품제조업,17040,117.0,1993680.0,16359.0,18063.0,20250115,261297255840,0.5259105418258405,0.8253968253968254,71.0,0.10420910657189131
20241112,2024,011790,SKC,기타화학제품제조업,117400,17.0,1995800.0,104102.0,148962.0,20250115,4445738185200,0.5289456533759074,0.8181818181818182,74.0,0.4309239562226983
20241112,2024,214370,케어젠,기초의약물질및생물학적제제제조업,18280,109.0,1992520.0,18713.0,30025.0,20250115,981910200000,0.5134901310053885,0.7936507936507936,84.0,0.6045136017470703
20250102,2025,005930,삼성전자,통신및방송장비제조업,53400,37.0,1975800.0,54376.0,53592.0,20250311,318786388170000,0.5426832481573405,1.0,1.0,-0.014408446505356665
20250102,2025,200130,콜마비앤에이치,기초의약물질및생물학적제제제조업,11610,172.0,1996920.0,11887.0,13137.0,20250320,341514628380,0.5422496200206235,1.0,2.0,0.105159982635602
20250102,2025,352820,하이브,오디오물출판및원판녹음업,196300,10.0,1963000.0,201017.0,237000.0,20250311,8176306641100,0.545660242732828,0.9953703703703703,3.0,0.1790050186212493
20250102,2025,183300,코미코,특수목적용기계제조업,36500,54.0,1971000.0,38284.0,41239.0,20250311,381814966000,0.5349120909855467,0.9948186528497409,4.0,0.07718509376062666
20250102,2025,207940,삼성바이오로직스,기초의약물질및생물학적제제제조업,934000,2.0,1868000.0,1383708.0,1571914.0,20250311,66476516000000,0.547569447227646,0.9907407407407407,5.0,0.1360162076939262
20250102,2025,297890,HB솔루션,특수목적용기계제조업,2745,728.0,1998360.0,2865.0,2834.0,20250317,200771808930,0.5320365332135482,0.9896373056994818,6.0,-0.010730247683389038
20250102,2025,084010,대한제강,1차철강제조업,16610,120.0,1993200.0,10696.0,10707.0,20260116,388913134170,0.5701323391249906,0.9861111111111112,7.0,0.0009919162815104077
20250102,2025,256840,한국비엔씨,기초의약물질및생물학적제제제조업,4150,481.0,1996150.0,4450.0,4014.0,20250311,281836638450,0.5329543712944176,0.9844559585492227,8.0,-0.09785673969719588
20250102,2025,950210,프레스티지바이오파마,자연과학및공학연구개발업,15330,130.0,1992900.0,15598.0,13322.0,20250311,921274056150,0.5119113425032046,0.9814814814814815,9.0,-0.14593670751800958
20250102,2025,098460,고영,특수목적용기계제조업,8890,224.0,1991360.0,8774.0,16109.0,20250311,610340771950,0.5283760630138206,0.9792746113989638,10.0,0.8359489400358178
20250102,2025,002790,아모레퍼시픽홀딩스,기타화학제품제조업,20750,96.0,1992000.0,21239.0,21489.0,20250311,1711007235000,0.5540511124701446,0.9768518518518519,11.0,0.011731156591018088
20250102,2025,194480,데브시스터즈,소프트웨어개발및공급업,28350,70.0,1984500.0,29287.0,34197.0,20250311,341352427500,0.5212732211781573,0.9740932642487047,12.0,0.16764022873890894
20250102,2025,066570,LG전자,통신및방송장비제조업,84000,23.0,1932000.0,85074.0,81766.0,20250311,13746416376000,0.5397650010173901,0.9722222222222222,13.0,-0.03888676085689324
20250102,2025,079940,가비아,소프트웨어개발및공급업,17200,116.0,1995200.0,17254.0,19074.0,20250331,232813764800,0.5210320743506895,0.9689119170984456,14.0,0.10548502584102226
20250102,2025,010620,현대미포조선,선박및보트건조업,134500,14.0,1883000.0,128022.0,101996.0,20250311,5372219040500,0.552234152793002,0.9675925925925926,15.0,-0.20329289749916502
20250102,2025,215000,골프존,소프트웨어개발및공급업,65500,30.0,1965000.0,67762.0,64370.0,20250324,411039682500,0.5205840027275442,0.9637305699481865,16.0,-0.05005737137242805
20250102,2025,307950,현대오토에버,소프트웨어개발및공급업,135000,14.0,1890000.0,132216.0,129546.0,20250311,3702237570000,0.5334353451182343,0.9629629629629629,17.0,-0.020196389219469757
20250102,2025,166090,하나머티리얼즈,반도체제조업,22800,87.0,1983600.0,24200.0,29453.0,20250311,450930967200,0.5328454896223113,0.9585492227979274,18.0,0.21705993980806815
20250102,2025,012630,HDC,기타금융업,12090,165.0,1994850.0,12265.0,14492.0,20250311,722277406890,0.5543679700259652,0.9583333333333334,19.0,0.18162702435176192
20250102,2025,069260,TKG휴켐스,기타화학제품제조업,17180,116.0,1992880.0,17466.0,14383.0,20250409,702294141840,0.5474259449985073,0.9537037037037037,20.0,-0.17651947623184117
20250102,2025,143240,사람인,"자료처리,호스팅,포털및기타인터넷정보매개서비스업",18180,110.0,1999800.0,17854.0,,,212874401340,0.5342681849755944,0.9533678756476683,21.0,-0.06003922571244413
20250102,2025,028050,삼성E&A,"건축기술,엔지니어링및관련기술서비스업",16800,119.0,1999200.0,16907.0,18352.0,20250311,3292800000000,0.5536321784446327,0.9490740740740741,22.0,0.08548336692199365
20250102,2025,095610,테스,특수목적용기계제조업,15360,130.0,1996800.0,16404.0,22956.0,20250311,303639951360,0.5258357990531489,0.9481865284974094,23.0,0.39940404170179256
20250102,2025,170900,동아에스티,의약품제조업,59100,33.0,1950300.0,55946.0,43409.0,20250311,542117799000,0.5456331636577592,0.9444444444444444,24.0,-0.22408485103894782
20250102,2025,047310,파워로직스,"전동기,발전기및전기변환ㆍ공급ㆍ제어장치제조업",6000,333.0,1998000.0,5998.0,5610.0,20260303,219664530000,0.5410490516915174,0.9430051813471503,25.0,-0.06481508711050243
20250102,2025,137310,에스디바이오센서,의료용기기제조업,10690,187.0,1999030.0,10836.0,9918.0,20250311,1330662903570,0.5384262312161199,0.9398148148148148,26.0,-0.0847304104207911
20250102,2025,348210,넥스틴,특수목적용기계제조업,51800,38.0,1968400.0,53252.0,50567.0,20250311,540649550000,0.5250168969428599,0.9378238341968912,27.0,-0.05041992268127515
20250102,2025,025540,한국단자,"전동기,발전기및전기변환ㆍ공급ㆍ제어장치제조업",67000,29.0,1943000.0,66595.0,67091.0,20250311,697805000000,0.5468121324269528,0.9351851851851852,28.0,0.007458508437572897
20250102,2025,064550,바이오니아,의료용품및기타의약관련제품제조업,19410,103.0,1999230.0,19531.0,14224.0,20250311,500977748310,0.5234430990110706,0.9326424870466321,29.0,-0.27173014272237095
20250102,2025,042670,HD현대인프라코어,특수목적용기계제조업,7010,285.0,1997850.0,7000.0,9801.0,20250311,1350517627670,0.5305777915523523,0.9305555555555556,30.0,0.4001471856550498
20250102,2025,131290,티에스이,"측정,시험,항해,제어및기타정밀기기제조업;광학기기제외",41300,48.0,1982400.0,43484.0,44887.0,20250311,456837017700,0.5276559823802405,0.927461139896373,31.0,0.03226729330108857
20250102,2025,018260,삼성에스디에스,"컴퓨터프로그래밍,시스템통합및관리업",124500,16.0,1992000.0,127983.0,118452.0,20250311,9633536100000,0.5505200619342221,0.9259259259259259,32.0,-0.07446463396430547
20250102,2025,196170,알테오젠,자연과학및공학연구개발업,300000,6.0,1800000.0,318627.0,370083.0,20250311,15995648400000,0.4963094177170756,0.9222797927461139,33.0,0.16149346441960755
20250102,2025,006060,화승인더,플라스틱제품제조업,4450,449.0,1998050.0,4474.0,4800.0,20250401,246174000000,0.5522609330370425,0.9212962962962963,34.0,0.07268932316983423
20250102,2025,086450,동국제약,의약품제조업,16300,122.0,1988600.0,16306.0,15319.0,20250311,724698000000,0.5322924166490156,0.917098445595855,35.0,-0.060491410630397424
20250102,2025,185750,종근당,의약품제조업,89100,22.0,1960200.0,89601.0,77808.0,20250311,1173840822000,0.5417739923108059,0.9166666666666666,36.0,-0.1316247099299802
20250102,2025,181710,NHN,소프트웨어개발및공급업,17590,113.0,1987670.0,17663.0,18136.0,20250314,593946103570,0.5240577056483618,0.9120370370370371,37.0,0.026760358295134568
20250102,2025,253590,네오셈,특수목적용기계제조업,9020,221.0,1993420.0,9932.0,10542.0,20250311,395699859280,0.5213900467374875,0.9119170984455959,38.0,0.06138099202537295
20250102,2025,089010,켐트로닉스,기타화학제품제조업,16170,123.0,1988910.0,16461.0,27064.0,20250311,247956374820,0.5289001434921358,0.9067357512953368,40.0,0.6441907746969451
20250102,2025,319400,현대무벡스,일반목적용기계제조업,3480,574.0,1997520.0,3475.0,3550.0,20250311,409738881840,0.5390467710902931,0.9015544041450777,42.0,0.021501091846474862
20250102,2025,243070,휴온스,의약품제조업,27400,72.0,1972800.0,26878.0,29835.0,20250826,328242821000,0.5275501069447555,0.8911917098445595,46.0,0.11001558091233798
20250102,2025,215600,신라젠,자연과학및공학연구개발업,2535,788.0,1997580.0,2553.0,2404.0,20250311,348225661875,0.4930393760848345,0.8860103626943006,48.0,-0.05862177471955421
20250102,2025,319660,피에스케이,특수목적용기계제조업,16360,122.0,1995920.0,17409.0,17473.0,20250311,473895441040,0.5190638629881885,0.8808290155440415,50.0,0.003681761056181454
20250102,2025,019170,신풍제약,의약품제조업,10650,187.0,1991550.0,10525.0,8197.0,20250311,564290143500,0.5349322301497839,0.875,53.0,-0.22111692463455757
20250102,2025,293940,신한알파리츠,부동산임대및공급업,5740,348.0,1997520.0,5737.0,5507.0,20250331,694196306020,0.5387154830066812,0.8472222222222222,64.0,-0.040141190942384886
20250102,2025,041020,폴라리스오피스,소프트웨어개발및공급업,6150,325.0,1998750.0,6188.0,5850.0,20250311,305811812700,0.5067197146641069,0.844559585492228,65.0,-0.054718570629278096
20250102,2025,054950,제이브이엠,일반목적용기계제조업,19240,103.0,1981720.0,19295.0,21098.0,20250311,232609522080,0.5334915176629895,0.8341968911917098,69.0,0.09349286214848007
20250102,2025,302440,SK바이오사이언스,기초의약물질및생물학적제제제조업,48150,41.0,1974150.0,49356.0,40643.0,20250311,3772422157950,0.5210241340615953,0.8101851851851852,79.0,-0.17652758314666095
20250102,2025,001820,삼화콘덴서,전자부품제조업,26850,74.0,1986900.0,27543.0,27446.0,20250311,279105750000,0.5298866306424427,0.7962962962962963,85.0,-0.003504826939918382
20250102,2025,059090,미코,반도체제조업,8420,237.0,1995540.0,8823.0,8624.0,20250311,281369270760,0.5141021843198432,0.7875647668393783,88.0,-0.02258191354658201
20250310,2025,005930,삼성전자,통신및방송장비제조업,53700,37.0,1986900.0,53592.0,56892.0,20250513,317884556411400,0.5513395996805869,1.0,1.0,0.061563881071255544
20250310,2025,297890,HB솔루션,특수목적용기계제조업,2735,731.0,1999285.0,2784.0,,,200040399790,0.5409399223181837,1.0,2.0,0.0021185303292388102
20250310,2025,307950,현대오토에버,소프트웨어개발및공급업,130300,15.0,1954500.0,129546.0,133978.0,20250513,3573344854600,0.5384933428027903,0.9955156950672646,3.0,0.03421219045440771
20250310,2025,079940,가비아,소프트웨어개발및공급업,14970,133.0,1991010.0,14974.0,21001.0,20250521,202629189480,0.5265411767012032,0.995260663507109,4.0,0.4025065161677579
20250310,2025,007310,오뚜기,동물용사료및조제식품제조업,404500,4.0,1618000.0,397997.0,395982.0,20250513,1621167235000,0.5514427717672984,0.9910313901345291,5.0,-0.005063409137668784
20250310,2025,114810,한솔아이원스,특수목적용기계제조업,6980,286.0,1996280.0,7171.0,7700.0,20250516,203209954520,0.5391045051860437,0.990521327014218,6.0,0.07379203190900041
20250310,2025,185750,종근당,의약품제조업,79000,25.0,1975000.0,77808.0,80522.0,20250513,1090419620000,0.5612265815171738,0.9865470852017937,7.0,0.03488608901092838
20250310,2025,048870,시너지이노베이션,의료용기기제조업,2785,718.0,1999630.0,4017.0,2866.0,20250731,230383964395,0.5433823248174672,0.985781990521327,8.0,-0.28667752303775995
20250310,2025,000430,대원강업,자동차신품부품제조업,3770,530.0,1998100.0,3723.0,,,233740000000,0.5509719297748038,0.9820627802690582,9.0,0.022497039192838963
20250310,2025,348210,넥스틴,특수목적용기계제조업,51300,38.0,1949400.0,50567.0,54764.0,20250513,536456925000,0.5381467634647374,0.981042654028436,10.0,0.08300403350154939
20250310,2025,012630,HDC,기타금융업,14390,138.0,1985820.0,14492.0,19364.0,20250513,859683365190,0.5591545523121721,0.9775784753363229,11.0,0.33616377410675424
20250310,2025,046890,서울반도체,반도체제조업,6690,298.0,1993620.0,6549.0,6849.0,20250514,390063126000,0.5275082005577105,0.976303317535545,12.0,0.04578422959637618
20250310,2025,950210,프레스티지바이오파마,자연과학및공학연구개발업,13260,150.0,1989000.0,13322.0,13983.0,20250513,796875015300,0.5266306998570075,0.9730941704035875,13.0,0.04966440261753258
20250310,2025,054450,텔레칩스,반도체제조업,14450,138.0,1994100.0,14148.0,13432.0,20251001,218834166850,0.5264184182550771,0.9715639810426541,14.0,-0.05061987385606603
20250310,2025,007340,DN오토모티브,일차전지및축전지제조업,21850,91.0,1988350.0,21257.0,21156.0,20250513,1278462400250,0.5738807516244243,0.968609865470852,15.0,-0.00477587965951598
20250310,2025,206640,바디텍메드,의료용품및기타의약관련제품제조업,15060,132.0,1987920.0,14808.0,16006.0,20250513,353707593600,0.5404485389612568,0.966824644549763,16.0,0.08090733645475567
20250310,2025,181710,NHN,소프트웨어개발및공급업,19390,103.0,1997170.0,18855.0,20565.0,20250513,654725124970,0.5313871186940304,0.9641255605381166,17.0,0.09068070409391304
20250310,2025,319400,현대무벡스,일반목적용기계제조업,3540,564.0,1996560.0,3550.0,4344.0,20250513,417174489540,0.5491788159758358,0.9620853080568721,18.0,0.22375754072851928
20250310,2025,006060,화승인더,플라스틱제품제조업,5210,383.0,1995430.0,5184.0,4714.0,20250617,288217200000,0.553616929438424,0.9596412556053812,19.0,-0.09061254755048409
20250310,2025,059090,미코,반도체제조업,8800,227.0,1997600.0,8624.0,11295.0,20250513,294067646400,0.5258911984381835,0.957345971563981,20.0,0.3097024893923628
20250310,2025,251270,넷마블,소프트웨어개발및공급업,41150,48.0,1975200.0,40085.0,51480.0,20250513,3536986607300,0.5297711719640992,0.9551569506726457,21.0,0.2842764265095117
20250310,2025,091700,파트론,전자부품제조업,6970,286.0,1993420.0,6929.0,6601.0,20250519,397290000000,0.5414914454269255,0.95260663507109,22.0,-0.04733283973282065
20250310,2025,069260,TKG휴켐스,기타화학제품제조업,16210,123.0,1993830.0,14383.0,17271.0,20250801,662641911480,0.5559165511866184,0.9506726457399103,23.0,0.2007983125398336
20250310,2025,101160,월덱스,전자부품제조업,16870,118.0,1990660.0,16671.0,18775.0,20250513,278540451910,0.5405543776014659,0.9478672985781991,24.0,0.1261838047382331
20250310,2025,322000,HD현대에너지솔루션,반도체제조업,26200,76.0,1991200.0,25656.0,33905.0,20250513,293440000000,0.5324453251481027,0.9461883408071748,25.0,0.32149412950110845
20250310,2025,054950,제이브이엠,일반목적용기계제조업,20800,96.0,1996800.0,21098.0,23699.0,20250513,251469753600,0.5468702541767634,0.943127962085308,26.0,0.12326402772186529
20250310,2025,075580,세진중공업,선박및보트건조업,8000,250.0,2000000.0,7858.0,9187.0,20250513,454795648000,0.5381908271168974,0.9417040358744395,27.0,0.16912776346907776
20250310,2025,013030,하이록코리아,1차철강제조업,28850,69.0,1990650.0,28763.0,27205.0,20250513,354723501700,0.5388259553284206,0.9383886255924171,28.0,-0.05417228403688301
20250310,2025,025540,한국단자,"전동기,발전기및전기변환ㆍ공급ㆍ제어장치제조업",68100,29.0,1974900.0,67091.0,65781.0,20250513,709261500000,0.5481245245362005,0.9372197309417041,29.0,-0.019524921151223174
20250310,2025,051370,인터플렉스,전자부품제조업,9170,218.0,1999060.0,9055.0,8800.0,20250908,213912918240,0.537855732241439,0.933649289099526,30.0,-0.028100968364118573
20250310,2025,003850,보령,의약품제조업,9830,203.0,1995490.0,9683.0,8530.0,20250513,853118244810,0.552666274812168,0.9327354260089686,31.0,-0.11901990042378163
20250310,2025,060720,KH바텍,전자부품제조업,9280,215.0,1995200.0,9215.0,11587.0,20251211,219726661760,0.537396908487066,0.9289099526066351,32.0,0.25749125301566034
20250310,2025,002790,아모레퍼시픽홀딩스,기타화학제품제조업,21900,91.0,1992900.0,21489.0,22936.0,20250513,1740134142000,0.5533681050183954,0.9282511210762332,33.0,0.06736856345415254
20250310,2025,222080,씨아이에스,특수목적용기계제조업,7640,261.0,1994040.0,7352.0,7312.0,20250513,591120849960,0.5312382872670931,0.9241706161137441,34.0,-0.005455667271015541
20250310,2025,066570,LG전자,통신및방송장비제조업,78500,25.0,1962500.0,81766.0,72972.0,20250513,12846353399000,0.5369249309822071,0.9237668161434978,35.0,-0.10754392499827947
20250310,2025,036890,진성티이씨,특수목적용기계제조업,10500,190.0,1995000.0,10347.0,11107.0,20250604,236063814000,0.5298104383202412,0.919431279620853,36.0,0.07351956854092934
20250310,2025,352820,하이브,오디오물출판및원판녹음업,239000,8.0,1912000.0,237000.0,266941.0,20250513,9954851183000,0.5425421229694329,0.9192825112107623,37.0,0.12633560745011163
20250310,2025,170900,동아에스티,의약품제조업,47050,42.0,1976100.0,43409.0,43783.0,20250807,431588473750,0.5487312416711094,0.9147982062780269,38.0,0.008604973708824293
20250310,2025,200130,콜마비앤에이치,기초의약물질및생물학적제제제조업,12460,160.0,1993600.0,12467.0,14037.0,20250515,366517852680,0.5405233419106654,0.9146919431279621,39.0,0.1260113622159278
20250310,2025,006280,녹십자,의약품제조업,128300,15.0,1924500.0,125703.0,119865.0,20250513,1499382825400,0.5473626472296265,0.9103139013452914,40.0,-0.046444761037215176
20250310,2025,093320,케이아이엔엑스,"자료처리,호스팅,포털및기타인터넷정보매개서비스업",72700,27.0,1962900.0,72649.0,79153.0,20250513,354776000000,0.5380912874843679,0.909952606635071,41.0,0.08953179567921055
20250310,2025,051900,LG생활건강,기타화학제품제조업,319000,6.0,1914000.0,323277.0,325322.0,20250513,4982204843000,0.5458669542739321,0.905829596412556,42.0,0.006326156978398112
20250310,2025,256840,한국비엔씨,기초의약물질및생물학적제제제조업,4000,500.0,2000000.0,4014.0,4385.0,20250521,273579544000,0.5376134820529532,0.9004739336492891,45.0,0.09229727097650708
20250310,2025,196170,알테오젠,자연과학및공학연구개발업,372000,5.0,1860000.0,370083.0,348063.0,20250513,19834604016000,0.5039317099302851,0.8909952606635071,49.0,-0.059500535948029065
20250310,2025,086450,동국제약,의약품제조업,15580,128.0,1994240.0,15319.0,15690.0,20250513,692686800000,0.5358904211388178,0.8862559241706162,51.0,0.024187882978975228
20250310,2025,041020,폴라리스오피스,소프트웨어개발및공급업,5970,335.0,1999950.0,5850.0,5781.0,20250513,296861223060,0.5102340825840679,0.8767772511848341,55.0,-0.011732824629884786
20250310,2025,207940,삼성바이오로직스,기초의약물질및생물학적제제제조업,1083000,1.0,1083000.0,1571914.0,1471654.0,20250513,77081442000000,0.5460510239609654,0.8609865470852018,62.0,-0.0637824514245392
20250310,2025,319660,피에스케이,특수목적용기계제조업,17560,113.0,1984280.0,17473.0,19424.0,20250513,508655497840,0.5204423604871534,0.8246445497630331,78.0,0.11168501743474812
20250310,2025,064550,바이오니아,의료용품및기타의약관련제품제조업,14390,138.0,1985820.0,14224.0,16822.0,20250513,371410087490,0.5220907873034085,0.8056872037914692,86.0,0.18269500883671252
20250310,2025,302440,SK바이오사이언스,기초의약물질및생물학적제제제조업,41600,48.0,1996800.0,40643.0,40002.0,20250513,3259247388800,0.5351885749057821,0.7982062780269058,89.0,-0.015766664910572437
20250512,2025,046890,서울반도체,반도체제조업,6730,297.0,1998810.0,6779.0,7059.0,20250807,392395342000,0.5270174876662024,1.0,1.0,0.04123457325152646
20250512,2025,307950,현대오토에버,소프트웨어개발및공급업,132700,15.0,1990500.0,133978.0,166079.0,20250714,3639162411400,0.5552283490683645,1.0,2.0,0.2395984166171392
20250512,2025,001800,오리온홀딩스,기타금융업,19680,101.0,1987680.0,19514.0,19208.0,20251017,1232861904960,0.5654172419735022,0.9961240310077519,3.0,-0.015690229806855305
20250512,2025,091700,파트론,전자부품제조업,6770,295.0,1997150.0,6601.0,6950.0,20251229,385890000000,0.5431049309419759,0.9958677685950413,4.0,0.052963447550518516
20250512,2025,241560,두산밥캣,특수목적용기계제조업,48050,41.0,1970050.0,48402.0,57092.0,20250714,4605883923250,0.5438508667850139,0.9922480620155039,5.0,0.17952443499450643
20250512,2025,215000,골프존,소프트웨어개발및공급업,66100,30.0,1983000.0,66063.0,60171.0,20251021,414804931500,0.5272935251026062,0.9917355371900827,6.0,-0.08918715990963
20250512,2025,185750,종근당,의약품제조업,79300,25.0,1982500.0,80522.0,,,1094560454000,0.5521524371028481,0.9883720930232558,7.0,0.06547557882111454
20250512,2025,190510,나무가,전자부품제조업,13470,148.0,1993560.0,13643.0,17604.0,20250925,203158001790,0.5418297949313305,0.987603305785124,8.0,0.2903371185959571
20250512,2025,003850,보령,의약품제조업,8480,235.0,1992800.0,8530.0,8490.0,20251010,727475515360,0.5507003721783621,0.9844961240310077,9.0,-0.004761154733677775
20250512,2025,236200,슈프리마,통신및방송장비제조업,33350,59.0,1967650.0,34841.0,33945.0,20250714,239895654550,0.5409221104889035,0.9834710743801653,10.0,-0.02571608083822996
20250512,2025,075580,세진중공업,선박및보트건조업,8850,225.0,1991250.0,9187.0,20091.0,20251017,503117685600,0.5374197557821356,0.9806201550387597,11.0,1.1870606042483307
20250512,2025,101160,월덱스,전자부품제조업,18720,106.0,1984320.0,18775.0,25015.0,20250714,309085788960,0.5412947495006284,0.9793388429752066,12.0,0.3323626677378164
20250512,2025,161890,한국콜마,기타화학제품제조업,82100,24.0,1970400.0,83467.0,107940.0,20250714,1937976821700,0.5526602118765476,0.9767441860465116,13.0,0.29321455333028723
20250512,2025,086980,쇼박스,"영화,비디오물,방송프로그램제작및배급업",3305,605.0,1999525.0,3290.0,,,207018590000,0.5267436494380905,0.9752066115702479,14.0,-0.0015146166039353703
20250512,2025,088350,한화생명,보험업,2675,747.0,1998225.0,2683.0,,,2323317750000,0.5199881431181974,0.9728682170542635,15.0,0.5587189573045523
20250512,2025,319400,현대무벡스,일반목적용기계제조업,4380,456.0,1997280.0,4344.0,4959.0,20250714,516165046380,0.5516162162669984,0.9710743801652892,16.0,0.1416282946772649
20250512,2025,950210,프레스티지바이오파마,자연과학및공학연구개발업,13900,143.0,1987700.0,13983.0,12328.0,20260114,835336554500,0.5162249681374833,0.9689922480620154,17.0,-0.11836659718428466
20250512,2025,272290,이녹스첨단소재,전자부품제조업,24450,81.0,1980450.0,24099.0,23497.0,20250714,494566238100,0.5404914579038469,0.9669421487603306,18.0,-0.024979472634207522
20250512,2025,456040,OCI,기초화학물질제조업,58300,34.0,1982200.0,59160.0,57468.0,20250714,521930458500,0.5556531089539658,0.9651162790697675,19.0,-0.028604822226039883
20250512,2025,041830,인바디,의료용기기제조업,23600,84.0,1982400.0,23909.0,27705.0,20250912,318148815200,0.5343415618539756,0.9628099173553719,20.0,0.15877376286049616
20250512,2025,271560,오리온,동물용사료및조제식품제조업,123400,16.0,1974400.0,122555.0,121053.0,20250714,4878758688800,0.5465030113751675,0.9612403100775194,21.0,-0.01224974798850631
20250512,2025,256840,한국비엔씨,기초의약물질및생물학적제제제조업,4270,468.0,1998360.0,4310.0,5082.0,20250714,292046163220,0.536216522517019,0.9586776859504132,22.0,0.17905934958151715
20250512,2025,002900,TYM,특수목적용기계제조업,4620,432.0,1995840.0,5022.0,5802.0,20250822,208135416720,0.5374372946111736,0.9573643410852714,23.0,0.1553102866115288
20250512,2025,200130,콜마비앤에이치,기초의약물질및생물학적제제제조업,14130,141.0,1992330.0,13967.0,15168.0,20250714,415641834540,0.5354245489961167,0.9545454545454546,24.0,0.08595939127282137
20250512,2025,352820,하이브,오디오물출판및원판녹음업,265500,7.0,1858500.0,266941.0,272460.0,20250714,11058631753500,0.5417045577819912,0.9534883720930233,25.0,0.020675094321098264
20250512,2025,036890,진성티이씨,특수목적용기계제조업,9430,212.0,1999160.0,9617.0,10698.0,20250714,212007787240,0.5306571631879877,0.9504132231404959,26.0,0.11236451804630643
20250512,2025,009900,명신산업,자동차신품부품제조업,8310,240.0,1994400.0,8615.0,8413.0,20250725,436026805230,0.544357815099116,0.9496124031007752,27.0,-0.0234017931831626
20250512,2025,013030,하이록코리아,1차철강제조업,27000,74.0,1998000.0,27205.0,29098.0,20250714,331976934000,0.5426256535184648,0.9462809917355371,28.0,0.06960076932831094
20250512,2025,002380,KCC,기타화학제품제조업,267500,7.0,1872500.0,264375.0,371402.0,20250714,2377130992500,0.5480437441217407,0.9457364341085271,29.0,0.40483336424288385
20250512,2025,079370,제우스,특수목적용기계제조업,14160,141.0,1996560.0,14001.0,12599.0,20250714,439200578400,0.529263119063802,0.9421487603305785,30.0,-0.10008691171659945
20250512,2025,008060,대덕,기타금융업,7950,251.0,1995450.0,7955.0,9056.0,20251104,269426692500,0.5506372214556401,0.9418604651162791,31.0,0.1382937540353879
20250512,2025,054950,제이브이엠,일반목적용기계제조업,23400,85.0,1989000.0,23699.0,24801.0,20250714,282903472800,0.5431230830410682,0.9380165289256198,32.0,0.04649374160384934
20250512,2025,016360,삼성증권,금융지원서비스업,54600,36.0,1965600.0,55499.0,,,4875780000000,0.5505837080274545,0.937984496124031,33.0,0.41548332951664113
20250512,2025,025540,한국단자,"전동기,발전기및전기변환ㆍ공급ㆍ제어장치제조업",64300,31.0,1993300.0,65781.0,66776.0,20250714,669684500000,0.5472056212065194,0.9341085271317829,34.0,0.015114401884665618
20250512,2025,079940,가비아,소프트웨어개발및공급업,19850,100.0,1985000.0,19894.0,30051.0,20250916,268683327400,0.5158128782047309,0.9338842975206612,35.0,0.5105357550712517
20250512,2025,007310,오뚜기,동물용사료및조제식품제조업,397000,5.0,1985000.0,395982.0,410978.0,20250714,1591108510000,0.5434502332680062,0.9302325581395349,36.0,0.03786974455205838
20250512,2025,099320,쎄트렉아이,"항공기,우주선및부품제조업",49050,40.0,1962000.0,48604.0,,,537160185900,0.49062475262858646,0.9297520661157025,37.0,-0.07561844313064114
20250512,2025,006280,녹십자,의약품제조업,118100,16.0,1889600.0,119865.0,162904.0,20260114,1380180137800,0.5428712852107853,0.9263565891472868,38.0,0.3590650222310694
20250512,2025,099190,아이센스,의료용기기제조업,16930,118.0,1997740.0,16915.0,18132.0,20250731,469219571890,0.5267638893963917,0.9256198347107438,39.0,0.07190260670311965
20250512,2025,004000,롯데정밀화학,기초화학물질제조업,36450,54.0,1968300.0,36344.0,40786.0,20250714,940410000000,0.549414812467834,0.9224806201550387,40.0,0.12223764503095147
20250512,2025,002790,아모레퍼시픽홀딩스,기타화학제품제조업,22900,87.0,1992300.0,22936.0,33876.0,20250714,1819592322000,0.5455458371669224,0.9186046511627907,42.0,0.4769847961907461
20250512,2025,302440,SK바이오사이언스,기초의약물질및생물학적제제제조업,39550,50.0,1977500.0,40002.0,47605.0,20250714,3099499684750,0.5385520592712418,0.9147286821705426,44.0,0.1900466522568538
20250512,2025,196170,알테오젠,자연과학및공학연구개발업,336000,5.0,1680000.0,348063.0,433085.0,20251017,17915126208000,0.49904954052158956,0.9090909090909091,47.0,0.2442719742368673
20250512,2025,181710,NHN,소프트웨어개발및공급업,22700,88.0,1997600.0,20565.0,29163.0,20250714,766490992100,0.521740104197248,0.9031007751937985,50.0,0.4181080112853208
20250512,2025,093320,케이아이엔엑스,"자료처리,호스팅,포털및기타인터넷정보매개서비스업",78400,25.0,1960000.0,79153.0,90543.0,20250714,382592000000,0.5277882451350957,0.8966942148760331,53.0,0.14390428685060952
20250512,2025,059090,미코,반도체제조업,11490,174.0,1999260.0,11295.0,,,383958779220,0.5109532463377693,0.8842975206611571,59.0,0.1712004003281724
20250512,2025,086450,동국제약,의약품제조업,15640,127.0,1986280.0,15690.0,18165.0,20250714,701981615400,0.526258258498819,0.8677685950413223,68.0,0.15775308374646357
20250512,2025,251270,넷마블,소프트웨어개발및공급업,50500,39.0,1969500.0,51480.0,61680.0,20250714,4340651851000,0.5175940763216396,0.8643410852713178,69.0,0.1981213405829425
20250512,2025,170900,동아에스티,의약품제조업,46150,43.0,1984450.0,45504.0,52370.0,20251202,431624566750,0.5353141997722792,0.8565891472868217,73.0,0.15090395145938929
20250512,2025,041020,폴라리스오피스,소프트웨어개발및공급업,6060,330.0,1999800.0,5781.0,6350.0,20250714,301336517880,0.5065672023445853,0.8553719008264463,74.0,0.09844017359147217
20250711,2025,046440,KG파이낸셜,소프트웨어개발및공급업,6010,332.0,1995320.0,5780.0,5470.0,20260416,228444920020,0.5346641700196864,1.0,1.0,-0.053599766510778135
20250711,2025,259960,크래프톤,소프트웨어개발및공급업,353500,5.0,1767500.0,346890.0,324404.0,20250911,16752603966000,0.5382911731022144,1.0,2.0,-0.06482111166337556
20250711,2025,000100,유한양행,의약품제조업,111700,17.0,1898900.0,111397.0,118894.0,20250911,8932474412900,0.5445197051238369,0.9954128440366973,3.0,0.06729368531968505
20250711,2025,206640,바디텍메드,의료용품및기타의약관련제품제조업,14130,141.0,1992330.0,13976.0,,,331865092800,0.5388612217276159,0.995260663507109,4.0,0.029250628614198027
20250711,2025,078930,GS,기타금융업,52100,38.0,1979800.0,53593.0,46539.0,20250911,4840891193800,0.5728901673376112,0.9908256880733946,5.0,-0.13161571527904226
20250711,2025,215000,골프존,소프트웨어개발및공급업,75400,26.0,1960400.0,76358.0,60474.0,20251028,473166291000,0.5303675148226155,0.990521327014218,6.0,-0.208025283993295
20250711,2025,000640,동아쏘시오홀딩스,기타금융업,121500,16.0,1944000.0,119462.0,105561.0,20250911,794176731000,0.5723864395121598,0.9862385321100917,7.0,-0.11636485773250382
20250711,2025,102120,어보브반도체,반도체제조업,11790,169.0,1992510.0,11593.0,13196.0,20251021,209635077870,0.5334249216693017,0.985781990521327,8.0,0.13823190521669426
20250711,2025,009900,명신산업,자동차신품부품제조업,8320,240.0,1996800.0,8443.0,9254.0,20250918,436551506560,0.5396457748743304,0.981651376146789,9.0,0.0960912875403932
20250711,2025,253590,네오셈,특수목적용기계제조업,8890,224.0,1991360.0,8706.0,9235.0,20250911,389996867960,0.5465604283096434,0.981042654028436,10.0,0.06080031689185739
20250711,2025,002790,아모레퍼시픽홀딩스,기타화학제품제조업,32900,60.0,1974000.0,33876.0,27245.0,20250911,2614174122000,0.5667776974031276,0.9770642201834863,11.0,-0.19576643718939868
20250711,2025,054950,제이브이엠,일반목적용기계제조업,25000,80.0,2000000.0,24801.0,33304.0,20250911,302247300000,0.547345155171904,0.976303317535545,12.0,0.3428443878633103
20250711,2025,207940,삼성바이오로직스,기초의약물질및생물학적제제제조업,1057000,1.0,1057000.0,1533396.0,1524570.0,20250911,75230918000000,0.5446004447665612,0.9724770642201835,13.0,-0.005755722966243715
20250711,2025,025320,시노펙스,전자부품제조업,7260,275.0,1996500.0,6905.0,6677.0,20250911,636849348960,0.5407418432491373,0.9715639810426541,14.0,-0.032958471316157145
20250711,2025,001390,KG케미칼,기초화학물질제조업,5130,389.0,1995570.0,5113.0,4777.0,20250911,351246175200,0.5473505424064813,0.9678899082568807,15.0,-0.06577382255091879
20250711,2025,086450,동국제약,의약품제조업,18130,110.0,1994300.0,18165.0,19767.0,20250911,813742115550,0.5353131970236871,0.966824644549763,16.0,0.08820724785899481
20250711,2025,248070,솔루엠,전자부품제조업,16950,117.0,1983150.0,17405.0,18197.0,20250911,810485200200,0.5444998020278227,0.963302752293578,17.0,0.04547066416001222
20250711,2025,013030,하이록코리아,1차철강제조업,28900,69.0,1994100.0,29098.0,38492.0,20250911,355338273800,0.5397281193963933,0.9620853080568721,18.0,0.32283694084028336
20250711,2025,093050,LF,봉제의복제조업,19070,104.0,1983280.0,19802.0,18607.0,20250911,557606800000,0.5547852840918953,0.9587155963302753,19.0,-0.060335317238828234
20250711,2025,083450,GST,특수목적용기계제조업,19870,100.0,1987000.0,19690.0,21451.0,20250911,366204100000,0.5420844983693779,0.957345971563981,20.0,0.08946359946601845
20250711,2025,069960,현대백화점,종합소매업,78600,25.0,1965000.0,83290.0,79515.0,20250911,1778624701800,0.5494404088116747,0.9541284403669725,21.0,-0.04532488552531633
20250711,2025,079940,가비아,소프트웨어개발및공급업,26300,76.0,1998800.0,26499.0,26102.0,20251028,355988489200,0.5237463126394676,0.95260663507109,22.0,-0.014958170578113661
20250711,2025,000490,대동,특수목적용기계제조업,10460,191.0,1997860.0,10333.0,,,276067202680,0.5459806707841433,0.9495412844036697,23.0,-0.048337543222529145
20250711,2025,272290,이녹스첨단소재,전자부품제조업,23600,84.0,1982400.0,23497.0,24189.0,20250911,477372728800,0.5383384837640519,0.9478672985781991,24.0,0.029439098667661145
20250711,2025,001120,LX인터내셔널,상품중개업,31900,62.0,1977800.0,32586.0,30838.0,20250911,1236444000000,0.563017293604534,0.944954128440367,25.0,-0.053669776952198656
20250711,2025,036930,주성엔지니어링,특수목적용기계제조업,30100,66.0,1986600.0,30226.0,,,1422776462100,0.5405533679626148,0.943127962085308,26.0,-0.060011738261660286
20250711,2025,004710,한솔테크닉스,전자부품제조업,6300,317.0,1997100.0,6556.0,,,202292231400,0.5411585181988503,0.9403669724770642,27.0,-0.035863248084164856
20250711,2025,222080,씨아이에스,특수목적용기계제조업,7280,274.0,1994720.0,7349.0,6940.0,20250911,563266987920,0.5403025014400265,0.9383886255924171,28.0,-0.05571763572726263
20250711,2025,018260,삼성에스디에스,"컴퓨터프로그래밍,시스템통합및관리업",184000,10.0,1840000.0,183647.0,163455.0,20250911,14237515200000,0.5337443406107443,0.9357798165137615,29.0,-0.10994831899317559
20250711,2025,372320,큐로셀,자연과학및공학연구개발업,31200,64.0,1996800.0,30533.0,38879.0,20250911,446895727200,0.49616007582109206,0.933649289099526,30.0,0.273338710056064
20250711,2025,298050,HS효성첨단소재,화학섬유제조업,214500,9.0,1930500.0,211954.0,198584.0,20250911,960948846000,0.5407023051026532,0.9311926605504587,31.0,-0.06307833496901782
20250711,2025,319660,피에스케이,특수목적용기계제조업,19810,100.0,1981000.0,19775.0,25708.0,20250911,573830604340,0.5398976931279446,0.9289099526066351,32.0,0.3000609125492093
20250711,2025,352820,하이브,오디오물출판및원판녹음업,271000,7.0,1897000.0,272460.0,285434.0,20250911,11287718287000,0.537212109768512,0.926605504587156,33.0,0.047616651342230254
20250711,2025,236200,슈프리마,통신및방송장비제조업,35350,56.0,1979600.0,33945.0,33802.0,20250917,256544600550,0.5214961549132663,0.9241706161137441,34.0,-0.004228545577296572
20250711,2025,007310,오뚜기,동물용사료및조제식품제조업,409500,4.0,1638000.0,410978.0,408881.0,20250911,1641206385000,0.5420125339492314,0.9220183486238532,35.0,-0.005101636171461754
20250711,2025,460930,현대힘스,선박및보트건조업,18580,107.0,1988060.0,18310.0,30462.0,20250911,658201535180,0.5182892744990288,0.919431279620853,36.0,0.6636951846382277
20250711,2025,009420,한올바이오파마,의약품제조업,26500,75.0,1987500.0,26498.0,33404.0,20250911,1384376907000,0.5311810836702366,0.9174311926605505,37.0,0.2606198473779331
20250711,2025,310200,애니플러스,"영화,비디오물,방송프로그램제작및배급업",5850,341.0,1994850.0,5899.0,4099.0,20250911,286566456150,0.5233872391525423,0.9146919431279621,38.0,-0.30506400267465217
20250711,2025,028050,삼성E&A,"건축기술,엔지니어링및관련기술서비스업",24800,80.0,1984000.0,25354.0,28911.0,20250911,4860800000000,0.5405210172257034,0.9128440366972477,39.0,0.140286266149227
20250711,2025,046890,서울반도체,반도체제조업,7060,283.0,1997980.0,6969.0,7770.0,20260130,411636124000,0.5253953514397267,0.9052132701421801,42.0,0.11484610886915969
20250711,2025,307950,현대오토에버,소프트웨어개발및공급업,168400,11.0,1852400.0,166079.0,169957.0,20250911,4618198568800,0.518808803865259,0.8899082568807339,49.0,0.023347002859364974
20250711,2025,093320,케이아이엔엑스,"자료처리,호스팅,포털및기타인터넷정보매개서비스업",90200,22.0,1984400.0,90543.0,91511.0,20250911,440176000000,0.521949514210986,0.8815165876777251,52.0,0.010689938771160534
20250711,2025,025540,한국단자,"전동기,발전기및전기변환ㆍ공급ㆍ제어장치제조업",65600,30.0,1968000.0,66776.0,62093.0,20250911,663544000000,0.5526657339436396,0.8577981651376146,63.0,-0.0701216890017603
20250711,2025,004000,롯데정밀화학,기초화학물질제조업,41250,48.0,1980000.0,40786.0,45698.0,20250911,1064250000000,0.5363887520626456,0.8532110091743119,64.0,0.1204187415080562
20250711,2025,002380,KCC,기타화학제품제조업,357000,5.0,1785000.0,371402.0,417925.0,20250911,3172470147000,0.536697133104465,0.8394495412844036,70.0,0.12526228145927565
20250711,2025,036890,진성티이씨,특수목적용기계제조업,10830,184.0,1992720.0,10698.0,12879.0,20250912,243482962440,0.5241588717326872,0.8341232227488151,73.0,0.20387570902365826
20250711,2025,181710,NHN,소프트웨어개발및공급업,30700,65.0,1995500.0,29163.0,27465.0,20250911,1036619976100,0.5105293072348813,0.8302752293577982,74.0,-0.058223348324193736
20250711,2025,079370,제우스,특수목적용기계제조업,12910,154.0,1988140.0,12599.0,13188.0,20250911,400429340900,0.521801829371267,0.8151658767772512,81.0,0.04673069984940059
20250711,2025,256840,한국비엔씨,기초의약물질및생물학적제제제조업,5110,391.0,1998010.0,5082.0,5103.0,20250911,349497867460,0.5182529200214504,0.8104265402843602,83.0,0.00423049989043589
20250711,2025,302440,SK바이오사이언스,기초의약물질및생물학적제제제조업,48150,41.0,1974150.0,47605.0,49198.0,20250911,3773474331750,0.521227589363422,0.8027522935779816,86.0,0.03347737528733896
20250910,2025,000990,DB하이텍,반도체제조업,50400,39.0,1965600.0,51300.0,70412.0,20251117,2237688835200,0.5616229739496894,1.0,1.0,0.37255630228463876
20250910,2025,196170,알테오젠,자연과학및공학연구개발업,486000,4.0,1944000.0,473112.0,548047.0,20251117,25983974448000,0.5310677623835847,1.0,2.0,0.15838759066629082
20250910,2025,032620,GC메디아이,소프트웨어개발및공급업,4190,477.0,1998630.0,4204.0,,,218706012410,0.5357026364647566,0.9959016393442623,3.0,-0.028680909052174908
20250910,2025,010140,삼성중공업,선박및보트건조업,21550,92.0,1982600.0,22337.0,26187.0,20251117,18964000000000,0.5660905482295926,0.9955947136563876,4.0,0.17237069498850133
20250910,2025,083450,GST,특수목적용기계제조업,21350,93.0,1985550.0,21451.0,29650.0,20251117,393480500000,0.538622651993762,0.9918032786885246,5.0,0.3822267000498252
20250910,2025,005010,휴스틸,1차철강제조업,4275,467.0,1996425.0,4278.0,,,240204020625,0.5515767671353344,0.9911894273127754,6.0,-0.07953217285732828
20250910,2025,054950,제이브이엠,일반목적용기계제조업,33300,60.0,1998000.0,33304.0,26099.0,20251117,402593403600,0.5441115033669599,0.9877049180327869,7.0,-0.21632519065927003
20250910,2025,004490,세방전지,일차전지및축전지제조업,63200,31.0,1959200.0,63222.0,59008.0,20251117,884800000000,0.557326305640881,0.986784140969163,8.0,-0.0666529876120956
20250910,2025,166090,하나머티리얼즈,반도체제조업,29600,67.0,1983200.0,30460.0,43361.0,20251117,585419150400,0.5425973051698654,0.9836065573770492,9.0,0.4235535335438596
20250910,2025,259960,크래프톤,소프트웨어개발및공급업,323000,6.0,1938000.0,324404.0,266931.0,20251117,15308011998000,0.5314256638986983,0.9823788546255506,10.0,-0.1771655250312042
20250910,2025,083310,엘오티베큠,특수목적용기계제조업,12400,161.0,1996400.0,12561.0,13203.0,20251117,220844409200,0.5342458555161509,0.9795081967213115,11.0,0.05108035062011185
20250910,2025,207940,삼성바이오로직스,기초의약물질및생물학적제제제조업,1034000,1.0,1034000.0,1524570.0,1664888.0,20251210,73593916000000,0.5537535763436894,0.9779735682819384,12.0,0.09203776570979416
20250910,2025,256840,한국비엔씨,기초의약물질및생물학적제제제조업,5180,386.0,1999480.0,5103.0,5473.0,20251117,354285509480,0.5487679111373023,0.9754098360655737,13.0,0.07260108601197945
20250910,2025,007310,오뚜기,동물용사료및조제식품제조업,394500,5.0,1972500.0,408881.0,389927.0,20251117,1581088935000,0.5492640616433652,0.973568281938326,14.0,-0.04635623810688361
20250910,2025,206640,바디텍메드,의료용품및기타의약관련제품제조업,14540,137.0,1991980.0,14399.0,,,341494582400,0.5355206095137923,0.9713114754098361,15.0,-0.06656226423776479
20250910,2025,025540,한국단자,"전동기,발전기및전기변환ㆍ공급ㆍ제어장치제조업",61400,32.0,1964800.0,62093.0,61499.0,20251120,621061000000,0.5513884367050342,0.9691629955947136,16.0,-0.00956989954001719
20250910,2025,099430,바이오플러스,기초의약물질및생물학적제제제조업,6160,324.0,1995840.0,6189.0,6100.0,20251117,372925229600,0.5472888091648781,0.9672131147540983,17.0,-0.0145096084459867
20250910,2025,017800,현대엘리베이터,일반목적용기계제조업,79300,25.0,1982500.0,79406.0,81914.0,20251117,3100026130500,0.5429473141808979,0.9647577092511013,18.0,0.031592930391734386
20250910,2025,190510,나무가,전자부품제조업,17540,114.0,1999560.0,17295.0,16333.0,20251117,251433707500,0.5428144432534989,0.9631147540983607,19.0,-0.055612727490296776
20250910,2025,011780,금호석유화학,기초화학물질제조업,109600,18.0,1972800.0,109479.0,120050.0,20251117,2899970735200,0.5535611000306582,0.960352422907489,20.0,0.09655825050945799
20250910,2025,243070,휴온스,의약품제조업,31400,63.0,1978200.0,31333.0,27845.0,20251224,376161481000,0.540706438907054,0.9590163934426229,21.0,-0.11131092700614575
20250910,2025,002840,미원상사,기타화학제품제조업,152200,13.0,1978600.0,154964.0,,,722950000000,0.5500676253965779,0.9559471365638766,22.0,-0.039712944105652515
20250910,2025,058610,에스피지,"전동기,발전기및전기변환ㆍ공급ㆍ제어장치제조업",27550,72.0,1983600.0,28401.0,30893.0,20251117,610986268000,0.5455297304119602,0.9549180327868853,23.0,0.08771812713077742
20250910,2025,003550,LG,기타금융업,77700,25.0,1942500.0,77058.0,83639.0,20251117,12218415520500,0.5475912623775407,0.9515418502202643,24.0,0.08540309661335366
20250910,2025,053610,프로텍,특수목적용기계제조업,28900,69.0,1994100.0,28951.0,32799.0,20251125,317900000000,0.5312559373149148,0.9508196721311475,25.0,0.13290919461874395
20250910,2025,002380,KCC,기타화학제품제조업,418000,4.0,1672000.0,417925.0,427924.0,20251117,3714544878000,0.548410161658508,0.947136563876652,26.0,0.023925813167597454
20250910,2025,025320,시노펙스,전자부품제조업,6990,286.0,1999140.0,6677.0,6001.0,20251117,613201916040,0.5409278269578304,0.9467213114754098,27.0,-0.10137681958342293
20250910,2025,003000,부광약품,의약품제조업,3520,568.0,1999360.0,3484.0,3849.0,20251117,347299641920,0.5415081540055673,0.9427312775330396,28.0,0.10492152730032056
20250910,2025,041020,폴라리스오피스,소프트웨어개발및공급업,5610,356.0,1997160.0,5612.0,4781.0,20251117,278960043780,0.5217220454884188,0.9426229508196722,29.0,-0.1479475368175064
20250910,2025,372320,큐로셀,자연과학및공학연구개발업,39300,50.0,1965000.0,38879.0,42891.0,20251117,565145043300,0.498577716079306,0.9385245901639344,30.0,0.10318300069613673
20250910,2025,051900,LG생활건강,기타화학제품제조업,292500,6.0,1755000.0,294152.0,289141.0,20251117,4475969257500,0.5474272945051599,0.9383259911894273,31.0,-0.017037044246701716
20250910,2025,086450,동국제약,의약품제조업,18470,108.0,1994760.0,19767.0,19312.0,20251117,829002585450,0.5367260938371845,0.9344262295081968,32.0,-0.023004354955473483
20250910,2025,192650,드림텍,전자부품제조업,6510,307.0,1998570.0,6631.0,6930.0,20251217,448474166910,0.5425114843886121,0.933920704845815,33.0,0.045094832848044275
20250910,2025,051370,인터플렉스,전자부품제조업,9130,219.0,1999470.0,8970.0,9599.0,20251117,212979819360,0.538043304701004,0.930327868852459,34.0,0.0701147372946691
20250910,2025,456040,OCI,기초화학물질제조업,54900,36.0,1976400.0,55261.0,61358.0,20251117,491491975500,0.5501774726035895,0.9295154185022027,35.0,0.11032493173237556
20250910,2025,253590,네오셈,특수목적용기계제조업,9200,217.0,1996400.0,9235.0,11245.0,20251117,403596308800,0.5281660840004323,0.9262295081967213,36.0,0.21767992254390256
20250910,2025,241560,두산밥캣,특수목적용기계제조업,54500,36.0,1962000.0,53987.0,56680.0,20251117,5224155542500,0.5314108492622907,0.9251101321585903,37.0,0.04988137481518562
20250910,2025,182360,큐브엔터,오디오물출판및원판녹음업,16300,122.0,1988600.0,16308.0,,,263192921500,0.5233520718794219,0.9221311475409836,38.0,-0.16554359532732743
20250910,2025,009150,삼성전기,전자부품제조업,180500,11.0,1985500.0,188047.0,215572.0,20251117,13482212128000,0.5413091788661075,0.920704845814978,39.0,0.1463721800452853
20250910,2025,102120,어보브반도체,반도체제조업,12090,165.0,1994850.0,12035.0,11556.0,20251117,214969303770,0.5325063963877895,0.9180327868852459,40.0,-0.039817788885282535
20250910,2025,036890,진성티이씨,특수목적용기계제조업,13080,152.0,1988160.0,12899.0,12280.0,20251117,294068065440,0.5270626606771059,0.9057377049180327,46.0,-0.04804800051003799
20250910,2025,000640,동아쏘시오홀딩스,기타금융업,111700,17.0,1898900.0,105561.0,104576.0,20251117,730119677800,0.5428247630242427,0.9030837004405287,47.0,-0.009330102140168717
20250910,2025,093050,LF,봉제의복제조업,18800,106.0,1992800.0,18607.0,24201.0,20260331,549712000000,0.5301709978048289,0.8854625550660793,55.0,0.30063840683852194
20250910,2025,093320,케이아이엔엑스,"자료처리,호스팅,포털및기타인터넷정보매개서비스업",90800,22.0,1997600.0,91511.0,86086.0,20251117,443104000000,0.5269178439331597,0.8770491803278688,59.0,-0.0592832948035501
20250910,2025,002790,아모레퍼시픽홀딩스,기타화학제품제조업,27300,73.0,1992900.0,27245.0,27643.0,20251117,2169208314000,0.5405129495466925,0.8766519823788547,60.0,0.014624990959196671
20250910,2025,307950,현대오토에버,소프트웨어개발및공급업,171200,11.0,1883200.0,169957.0,188938.0,20251117,4694985718400,0.5176770293854995,0.8722466960352423,62.0,0.11168365888513643
20250910,2025,078930,GS,기타금융업,46350,43.0,1993050.0,46539.0,59588.0,20251117,4306627770300,0.5410723945485238,0.8678414096916299,64.0,0.2803899061229276
20250910,2025,079370,제우스,특수목적용기계제조업,13070,153.0,1999710.0,13188.0,13788.0,20251117,405392059300,0.5215166560636784,0.8565573770491803,69.0,0.045482064897115704
20250910,2025,236200,슈프리마,통신및방송장비제조업,35500,56.0,1988000.0,35099.0,31993.0,20251117,257633191500,0.5233897654757693,0.8442622950819673,75.0,-0.08848024968532708
20250910,2025,352820,하이브,오디오물출판및원판녹음업,291500,6.0,1749000.0,285434.0,294517.0,20251117,12141586275500,0.5197967902614794,0.8325991189427313,80.0,0.031822901754635646
20251114,2025,041020,폴라리스오피스,소프트웨어개발및공급업,4840,413.0,1998920.0,4781.0,4315.0,20260119,240671410320,0.533713422609867,1.0,1.0,-0.0975287594928439
20251114,2025,234080,JW생명과학,의약품제조업,14990,133.0,1993670.0,15213.0,,,237359964460,0.5714687835958757,1.0,2.0,-0.15010147193856305
20251114,2025,196170,알테오젠,자연과학및공학연구개발업,554000,3.0,1662000.0,548047.0,496003.0,20260119,29642206552000,0.5238299395891663,0.9957805907172996,3.0,-0.09496298902094336
20251114,2025,002900,TYM,특수목적용기계제조업,6350,314.0,1993900.0,6391.0,6132.0,20260119,286073570600,0.5508773731908942,0.9957081545064378,4.0,-0.04063959584077581
20251114,2025,033640,네패스,반도체제조업,16870,118.0,1990660.0,18029.0,16310.0,20260119,389008737740,0.5422722247002054,0.9915611814345991,5.0,-0.09536337318655863
20251114,2025,241560,두산밥캣,특수목적용기계제조업,57200,34.0,1944800.0,56680.0,60984.0,20260119,5482966918000,0.5485784989216826,0.9914163090128756,6.0,0.07593031251321491
20251114,2025,102120,어보브반도체,반도체제조업,11370,175.0,1989750.0,11556.0,11697.0,20260303,202167161610,0.5399137505558743,0.9873417721518988,7.0,0.012158582206858837
20251114,2025,017800,현대엘리베이터,일반목적용기계제조업,81800,24.0,1963200.0,81914.0,90414.0,20260119,3197757093000,0.5410805468430626,0.9871244635193133,8.0,0.10376794238111908
20251114,2025,199820,제일일렉트릭,"전동기,발전기및전기변환ㆍ공급ㆍ제어장치제조업",9840,203.0,1997520.0,9807.0,10253.0,20260128,218644800000,0.5476232017072133,0.9831223628691983,9.0,0.0455436374135918
20251114,2025,008060,대덕,기타금융업,10230,195.0,1994850.0,10265.0,10027.0,20260119,346696234500,0.5614556166447269,0.9828326180257511,10.0,-0.023212634136692056
20251114,2025,036890,진성티이씨,특수목적용기계제조업,12460,160.0,1993600.0,12280.0,13729.0,20260119,274526482580,0.5406111978950585,0.9789029535864979,11.0,0.1180124628757373
20251114,2025,025540,한국단자,"전동기,발전기및전기변환ㆍ공급ㆍ제어장치제조업",61300,32.0,1961600.0,60595.0,75203.0,20260119,620049500000,0.5488960357104391,0.9785407725321889,12.0,0.24107830422338417
20251114,2025,099430,바이오플러스,기초의약물질및생물학적제제제조업,6420,311.0,1996620.0,6100.0,4970.0,20260119,395733435240,0.549799978207222,0.9746835443037974,13.0,-0.18515818533977046
20251114,2025,259960,크래프톤,소프트웨어개발및공급업,270000,7.0,1890000.0,266931.0,237898.0,20260119,12796341120000,0.5198606491499278,0.9742489270386266,14.0,-0.1087674547395926
20251114,2025,236200,슈프리마,통신및방송장비제조업,32100,62.0,1990200.0,31993.0,35597.0,20260119,232958463300,0.536093725254361,0.9704641350210971,15.0,0.11264122308997515
20251114,2025,005010,휴스틸,1차철강제조업,3935,508.0,1998980.0,,,,221100075125,0.5346990655136883,0.9699570815450643,16.0,-0.0023968963376848063
20251114,2025,083930,아바코,특수목적용기계제조업,14880,134.0,1993920.0,14757.0,,,218397465120,0.53838311682859,0.9662447257383966,17.0,0.057573126316582623
20251114,2025,002790,아모레퍼시픽홀딩스,기타화학제품제조업,27400,72.0,1972800.0,27643.0,25394.0,20260119,2177154132000,0.5487362314934491,0.9656652360515021,18.0,-0.08135366670713995
20251114,2025,030520,한글과컴퓨터,소프트웨어개발및공급업,24200,82.0,1984400.0,24095.0,22448.0,20260119,585149804800,0.5177957913964983,0.9620253164556962,19.0,-0.0683534493421456
20251114,2025,004490,세방전지,일차전지및축전지제조업,59800,33.0,1973400.0,59008.0,62890.0,20260119,837200000000,0.5530106538799364,0.9613733905579399,20.0,0.06579139506261011
20251114,2025,272110,케이엔제이,반도체제조업,27300,73.0,1992900.0,29253.0,35652.0,20260326,219093283500,0.532425632197306,0.9578059071729957,21.0,0.21875997326376484
20251114,2025,069260,TKG휴켐스,기타화학제품제조업,18240,109.0,1988160.0,17821.0,18421.0,20260119,745625445120,0.5479779411010879,0.9570815450643777,22.0,0.03366562753547164
20251114,2025,025320,시노펙스,전자부품제조업,5970,335.0,1999950.0,6001.0,5621.0,20260119,523769269620,0.5430141436571122,0.9535864978902954,23.0,-0.06331417220821423
20251114,2025,282330,BGF리테일,종합소매업,110000,18.0,1980000.0,111078.0,114392.0,20260119,1901229660000,0.5337441074155421,0.9527896995708155,24.0,0.029835433320360316
20251114,2025,190510,나무가,전자부품제조업,16350,122.0,1994700.0,16333.0,25453.0,20260119,234375206250,0.5423912207587563,0.9493670886075949,25.0,0.5583470363671519
20251114,2025,003850,보령,의약품제조업,8750,228.0,1995000.0,8760.0,8769.0,20260119,750638061250,0.5460305723835022,0.9484978540772532,26.0,0.0010803807798001053
20251114,2025,042370,비츠로테크,기타금융업,8520,234.0,1993680.0,8919.0,10727.0,20260119,223224213000,0.5533593823492676,0.9451476793248945,27.0,0.20273488691674602
20251114,2025,251270,넷마블,소프트웨어개발및공급업,55200,36.0,1987200.0,53803.0,48893.0,20260119,4744633310400,0.5144945798689744,0.944206008583691,28.0,-0.09124436928072799
20251114,2025,340570,티앤엘,의료용품및기타의약관련제품제조업,45550,43.0,1958650.0,45861.0,43555.0,20260119,370230400000,0.5273627971625999,0.9409282700421941,29.0,-0.05029156219808584
20251114,2025,090430,아모레퍼시픽,기타화학제품제조업,127400,15.0,1911000.0,127159.0,119654.0,20260119,7451977496600,0.5445865428231713,0.9399141630901288,30.0,-0.05902174882507816
20251114,2025,108380,대양전기공업,선박및보트건조업,29000,68.0,1972000.0,33007.0,26646.0,20260120,277452657000,0.521500957315654,0.9367088607594937,31.0,-0.1927010135868149
20251114,2025,011780,금호석유화학,기초화학물질제조업,121900,16.0,1950400.0,120050.0,140672.0,20260119,3173269349800,0.5479837906119163,0.9356223175965666,32.0,0.17178327991342068
20251114,2025,054950,제이브이엠,일반목적용기계제조업,26050,76.0,1979800.0,26099.0,25156.0,20260119,314941686600,0.536025480685095,0.9324894514767933,33.0,-0.03616604042061511
20251114,2025,051900,LG생활건강,기타화학제품제조업,294000,6.0,1764000.0,289141.0,263582.0,20260119,4498922946000,0.5439964566247117,0.9313304721030042,34.0,-0.08839730569616067
20251114,2025,041510,에스엠,오디오물출판및원판녹음업,101500,19.0,1928500.0,102598.0,114005.0,20260119,2323811035000,0.5098382047953542,0.9282700421940928,35.0,0.11118553297716716
20251114,2025,108670,LX하우시스,플라스틱제품제조업,30550,65.0,1985750.0,31057.0,,,273962318500,0.5411474096658471,0.927038626609442,36.0,-0.06243179558390688
20251114,2025,243070,휴온스,의약품제조업,29350,68.0,1995800.0,29687.0,,,351603167750,0.5437860657109634,0.9240506329113924,37.0,-0.11907490761605322
20251114,2025,192650,드림텍,전자부품제조업,7050,283.0,1995150.0,7119.0,7380.0,20260119,485674789050,0.5370802127380625,0.9227467811158798,38.0,0.03672476892889964
20251114,2025,272290,이녹스첨단소재,전자부품제조업,24000,83.0,1992000.0,23890.0,24847.0,20260119,485463792000,0.5365894031543001,0.919831223628692,39.0,0.04006586841960491
20251114,2025,001800,오리온홀딩스,기타금융업,19510,102.0,1990020.0,19839.0,20410.0,20260119,1222212183220,0.548445957961402,0.9184549356223176,40.0,0.028799863952105653
20251114,2025,293780,압타바이오,자연과학및공학연구개발업,7830,255.0,1996650.0,7789.0,7891.0,20260122,210481048800,0.5012219599421658,0.9156118143459916,41.0,0.013211773974368457
20251114,2025,053610,프로텍,특수목적용기계제조업,35800,55.0,1969000.0,37403.0,36491.0,20260119,393800000000,0.5306992574477571,0.9113924050632911,43.0,-0.024372827513481687
20251114,2025,051370,인터플렉스,전자부품제조업,8850,225.0,1991250.0,9599.0,10589.0,20260119,206448127200,0.5344564602547173,0.9071729957805907,45.0,0.10309552648960296
20251114,2025,083310,엘오티베큠,특수목적용기계제조업,12960,154.0,1995840.0,13203.0,13330.0,20260202,230818027680,0.5285276847960119,0.9029535864978903,47.0,0.009633611965081945
20251114,2025,372320,큐로셀,자연과학및공학연구개발업,40150,49.0,1967350.0,42891.0,46152.0,20260119,579469452100,0.4978532142669284,0.890295358649789,53.0,0.07603457527547608
20251114,2025,086450,동국제약,의약품제조업,18000,111.0,1998000.0,19312.0,16427.0,20260119,814147560000,0.5361320424477338,0.8860759493670886,55.0,-0.14942838750513643
20251114,2025,000640,동아쏘시오홀딩스,기타금융업,107500,18.0,1935000.0,104576.0,99235.0,20260119,702666655000,0.5453194695583578,0.8798283261802575,58.0,-0.051073052478476044
20251114,2025,083450,GST,특수목적용기계제조업,27500,72.0,1980000.0,29650.0,27504.0,20260119,506825000000,0.5215106543402905,0.8649789029535865,65.0,-0.07239787265109565
20251114,2025,079370,제우스,특수목적용기계제조업,13550,147.0,1991850.0,13788.0,15497.0,20260119,420280214500,0.5168057567230327,0.8354430379746836,79.0,0.12397103702235568
20251114,2025,007310,오뚜기,동물용사료및조제식품제조업,386000,5.0,1930000.0,389927.0,381503.0,20260119,1547022380000,0.5340970025435856,0.8197424892703863,86.0,-0.021604611246009986
20260102,2026,196170,알테오젠,자연과학및공학연구개발업,457000,4.0,1828000.0,468542.0,375540.0,20260310,24452145116000,0.5257218020330479,1.0,1.0,-0.19849231281067015
20260102,2026,439260,대한조선,선박및보트건조업,66600,30.0,1998000.0,65707.0,99592.0,20260310,2565852379200,0.5854514631879348,1.0,2.0,0.5156970475050899
20260102,2026,340570,티앤엘,의료용품및기타의약관련제품제조업,47150,42.0,1980300.0,47259.0,50702.0,20260310,383235200000,0.5286374464260952,0.996268656716418,3.0,0.07285598730547638
20260102,2026,207940,삼성바이오로직스,기초의약물질및생물학적제제제조업,1683000,1.0,1683000.0,1713000.0,1592092.0,20260310,77907670533000,0.5731499471888639,0.9960159362549801,4.0,-0.07058252722400327
20260102,2026,215000,골프존,소프트웨어개발및공급업,56700,35.0,1984500.0,55993.0,,,355816030500,0.5318441064298833,0.9925373134328358,5.0,-0.12427719567320572
20260102,2026,241560,두산밥캣,특수목적용기계제조업,56800,35.0,1988000.0,58984.0,59691.0,20260310,5444624492000,0.5677663362010879,0.9920318725099602,6.0,0.011980236834409963
20260102,2026,093320,케이아이엔엑스,"자료처리,호스팅,포털및기타인터넷정보매개서비스업",124600,16.0,1993600.0,117091.0,,,608048000000,0.5085896835608374,0.9888059701492538,7.0,-0.13320978452432086
20260102,2026,066570,LG전자,통신및방송장비제조업,91400,21.0,1919400.0,93012.0,115904.0,20260310,14887815771800,0.5785983820200402,0.9880478087649402,8.0,0.2461122921046206
20260102,2026,033640,네패스,반도체제조업,16380,122.0,1998360.0,17218.0,16581.0,20260310,377709728760,0.5308854196696242,0.9850746268656716,9.0,-0.03697882222973803
20260102,2026,181710,NHN,소프트웨어개발및공급업,30850,64.0,1974400.0,31961.0,36749.0,20260310,1010434338150,0.5540865042331296,0.9840637450199203,10.0,0.14978471802822924
20260102,2026,126700,하이비젼시스템,사진장비및광학기기제조업,16140,123.0,1985220.0,16247.0,16767.0,20260310,241165687680,0.517013575075558,0.9813432835820896,11.0,0.0320340812527824
20260102,2026,170900,동아에스티,의약품제조업,51600,38.0,1960800.0,49699.0,,,482596791600,0.5814628406206526,0.9800796812749004,12.0,-0.07847754367205051
20260102,2026,060720,KH바텍,전자부품제조업,11390,175.0,1993250.0,11138.0,15089.0,20260310,269686064380,0.5322147532281223,0.9776119402985075,13.0,0.354723541209101
20260102,2026,950210,프레스티지바이오파마,자연과학및공학연구개발업,13560,147.0,1993320.0,13089.0,,,814903861800,0.5187780133365099,0.9760956175298805,14.0,-0.29430076344014167
20260102,2026,036890,진성티이씨,특수목적용기계제조업,12830,155.0,1988650.0,13698.0,15842.0,20260310,282678553090,0.5325285220730551,0.9738805970149254,15.0,0.15646875699680374
20260102,2026,017800,현대엘리베이터,일반목적용기계제조업,87800,22.0,1931600.0,87006.0,88903.0,20260310,3432311403000,0.5686184799442728,0.9721115537848606,16.0,0.021808907967809654
20260102,2026,214370,케어젠,기초의약물질및생물학적제제제조업,73800,27.0,1992600.0,70705.0,131401.0,20260310,3964167000000,0.5327035328018772,0.9701492537313433,17.0,0.8584332040250149
20260102,2026,000660,SK하이닉스,반도체제조업,677000,2.0,1354000.0,695864.0,937885.0,20260310,492857601105000,0.5504870975821834,0.9681274900398407,18.0,0.3477990498761596
20260102,2026,099430,바이오플러스,기초의약물질및생물학적제제제조업,5120,390.0,1996800.0,5120.0,5010.0,20260310,315600496640,0.5323992280848575,0.9664179104477612,19.0,-0.021459768695080705
20260102,2026,251270,넷마블,소프트웨어개발및공급업,49550,40.0,1982000.0,49194.0,55200.0,20260310,4258996024100,0.5409119938932769,0.9641434262948207,20.0,0.12209299259854389
20260102,2026,051370,인터플렉스,전자부품제조업,10390,192.0,1994880.0,10349.0,12690.0,20260310,242372434080,0.5291029343566755,0.9626865671641791,21.0,0.2261631999951763
20260102,2026,007310,오뚜기,동물용사료및조제식품제조업,383000,5.0,1915000.0,381495.0,359989.0,20260310,1534998890000,0.5687286374079928,0.9601593625498008,22.0,-0.056371687191322795
20260102,2026,041020,폴라리스오피스,소프트웨어개발및공급업,4635,431.0,1997685.0,4661.0,5041.0,20260320,230477683230,0.5182667363609104,0.9589552238805971,23.0,0.08157332447341781
20260102,2026,002900,TYM,특수목적용기계제조업,6300,317.0,1997100.0,6591.0,6852.0,20260310,260820000000,0.5517650033171921,0.9561752988047809,24.0,0.039607721706402366
20260102,2026,053610,프로텍,특수목적용기계제조업,36350,55.0,1999250.0,37092.0,55403.0,20260310,399850000000,0.5276539868474615,0.9552238805970149,25.0,0.49364780243818673
20260102,2026,069260,TKG휴켐스,기타화학제품제조업,18260,109.0,1990340.0,18191.0,17900.0,20260310,746443016880,0.5624722943045524,0.952191235059761,26.0,-0.016036167215116914
20260102,2026,190510,나무가,전자부품제조업,17140,116.0,1988240.0,22252.0,19061.0,20260310,245888297500,0.5262823056021915,0.9514925373134329,27.0,-0.14343197514818473
20260102,2026,004490,세방전지,일차전지및축전지제조업,62400,32.0,1996800.0,61895.0,60002.0,20260310,873600000000,0.562758405746667,0.9482071713147411,28.0,-0.030581291172585234
20260102,2026,216080,제테마,의료용품및기타의약관련제품제조업,6230,321.0,1999830.0,6682.0,8891.0,20260310,224326837140,0.513356075956725,0.9477611940298507,29.0,0.3305373846552011
20260102,2026,004000,롯데정밀화학,기초화학물질제조업,42950,46.0,1975700.0,43358.0,48143.0,20260310,1108110000000,0.5657671454073306,0.9442231075697212,30.0,0.11036318617097729
20260102,2026,053300,한국정보인증,소프트웨어개발및공급업,6180,323.0,1996140.0,6320.0,6020.0,20260310,262287610980,0.5152801051862925,0.9440298507462687,31.0,-0.04744453843878449
20260102,2026,079370,제우스,특수목적용기계제조업,15090,132.0,1991880.0,15547.0,17587.0,20260310,468046379100,0.5264866195029434,0.9402985074626866,32.0,0.13122048724697488
20260102,2026,282330,BGF리테일,종합소매업,104200,19.0,1979800.0,103787.0,120493.0,20260310,1800983005200,0.5966324005343291,0.9402390438247012,33.0,0.16096423857895936
20260102,2026,030520,한글과컴퓨터,소프트웨어개발및공급업,23600,84.0,1982400.0,22799.0,20301.0,20260310,570641958400,0.5147456001614032,0.9365671641791045,34.0,-0.10954333775649194
20260102,2026,293940,신한알파리츠,부동산임대및공급업,5620,355.0,1995100.0,5598.0,,,679683491260,0.5807497321776691,0.9362549800796812,35.0,-0.0068637090667793554
20260102,2026,405100,큐알티,"그외기타전문,과학및기술서비스업",17750,112.0,1988000.0,17127.0,18331.0,20260409,218135092750,0.4922437989831858,0.9328358208955224,36.0,0.07029209765534872
20260102,2026,192650,드림텍,전자부품제조업,7110,281.0,1997910.0,7140.0,6750.0,20260310,489808191510,0.5458070080136199,0.9322709163346613,37.0,-0.05457505186827616
20260102,2026,110990,디아이티,특수목적용기계제조업,15690,127.0,1992630.0,18391.0,22244.0,20260310,296541000000,0.5252699167944173,0.9291044776119403,38.0,0.2095002706046174
20260102,2026,000640,동아쏘시오홀딩스,기타금융업,107700,18.0,1938600.0,104686.0,103011.0,20260316,703973941800,0.5721953227010009,0.9282868525896414,39.0,-0.016000585570263848
20260102,2026,199820,제일일렉트릭,"전동기,발전기및전기변환ㆍ공급ㆍ제어장치제조업",9810,203.0,1991430.0,9965.0,10041.0,20260312,217978200000,0.5293076054901059,0.9253731343283582,40.0,0.007670461310799848
20260102,2026,034220,LG디스플레이,전자부품제조업,11830,169.0,1999270.0,12020.0,11980.0,20260310,5915000000000,0.5450628109985645,0.9243027888446215,41.0,-0.003335347498175767
20260102,2026,091700,파트론,전자부품제조업,6940,288.0,1998720.0,6841.0,8252.0,20260310,381700000000,0.5238682916204425,0.9216417910447762,42.0,0.206396967898562
20260102,2026,051900,LG생활건강,기타화학제품제조업,270000,7.0,1890000.0,267106.0,245056.0,20260310,4131663930000,0.5571593394580933,0.9203187250996016,43.0,-0.08254833883017054
20260102,2026,011780,금호석유화학,기초화학물질제조업,117200,17.0,1992400.0,118682.0,121807.0,20260310,3050920162400,0.5602416214147394,0.9163346613545816,45.0,0.026331294130972127
20260102,2026,236200,슈프리마,통신및방송장비제조업,39800,50.0,1990000.0,40495.0,47296.0,20260310,288839465400,0.5303210630972948,0.9067164179104478,50.0,0.1679634828208405
20260102,2026,259960,크래프톤,소프트웨어개발및공급업,248000,8.0,1984000.0,245899.0,236932.0,20260310,11756150088000,0.5289116054358879,0.896414342629482,55.0,-0.036466152761614024
20260102,2026,102120,어보브반도체,반도체제조업,12720,157.0,1997040.0,12889.0,11717.0,20260312,226171178160,0.5111618346031479,0.8768656716417911,65.0,-0.09091246728168356
20260102,2026,090430,아모레퍼시픽,기타화학제품제조업,126900,15.0,1903500.0,126539.0,129152.0,20260310,7422731117100,0.5470672973785783,0.8645418326693227,72.0,0.02064771547611821
20260102,2026,025320,시노펙스,전자부품제조업,6020,332.0,1998640.0,6021.0,5820.0,20260310,528155946920,0.5181473431979767,0.8432835820895522,83.0,-0.033408036955530296
20260102,2026,025540,한국단자,"전동기,발전기및전기변환ㆍ공급ㆍ제어장치제조업",66300,30.0,1989000.0,69899.0,71197.0,20260310,670624500000,0.5376355416771414,0.8406374501992032,84.0,0.018579058456345665
20260309,2026,196170,알테오젠,자연과학및공학연구개발업,366500,5.0,1832500.0,375540.0,,,19609871302000,0.5059403677510768,1.0,1.0,0.008120187387012257
20260309,2026,259960,크래프톤,소프트웨어개발및공급업,218500,9.0,1966500.0,236932.0,,,10357903133500,0.5470071147804672,1.0,2.0,0.17428594402588082
20260309,2026,340570,티앤엘,의료용품및기타의약관련제품제조업,49150,40.0,1966000.0,50702.0,,,399491200000,0.5370329556051567,0.9961089494163424,3.0,0.28982178800898417
20260309,2026,241560,두산밥캣,특수목적용기계제조업,56700,35.0,1984500.0,59691.0,,,5435038885500,0.5512947782624855,0.996078431372549,4.0,0.24532527426079853
20260309,2026,033640,네패스,반도체제조업,15550,128.0,1990400.0,16581.0,,,358570591100,0.5398164935442804,0.9922178988326849,5.0,0.6815083733265472
20260309,2026,282330,BGF리테일,종합소매업,115500,17.0,1963500.0,120493.0,,,1996291143000,0.5707360356187199,0.9921568627450981,6.0,0.18969224661717643
20260309,2026,083930,아바코,특수목적용기계제조업,13750,145.0,1993750.0,14573.0,,,201812173750,0.5448725008178952,0.9883268482490273,7.0,0.0702677142357866
20260309,2026,207940,삼성바이오로직스,기초의약물질및생물학적제제제조업,1579000,1.0,1579000.0,1592092.0,,,73093411629000,0.552135728880361,0.9882352941176471,8.0,0.023339587193532907
20260309,2026,236200,슈프리마,통신및방송장비제조업,44900,44.0,1975600.0,47296.0,,,313146563900,0.5333137910390899,0.9844357976653697,9.0,0.15827309073315332
20260309,2026,007310,오뚜기,동물용사료및조제식품제조업,357500,5.0,1787500.0,359989.0,,,1432799225000,0.561302379459024,0.984313725490196,10.0,0.03919870901522038
20260309,2026,099430,바이오플러스,기초의약물질및생물학적제제제조업,4895,408.0,1997160.0,5010.0,,,301731334190,0.5473223004224026,0.980544747081712,11.0,0.17866336591898357
20260309,2026,192650,드림텍,전자부품제조업,6550,305.0,1997750.0,6750.0,,,451781003450,0.541882880742228,0.9803921568627451,12.0,0.030517154881674946
20260309,2026,123410,코리아에프티,자동차신품부품제조업,7200,277.0,1994400.0,7567.0,,,200455660800,0.5369994554028371,0.9766536964980544,13.0,0.004524165655843904
20260309,2026,025540,한국단자,"전동기,발전기및전기변환ㆍ공급ㆍ제어장치제조업",68100,29.0,1974900.0,71197.0,,,688831500000,0.5609928849251622,0.9764705882352941,14.0,0.2246912793010123
20260309,2026,051370,인터플렉스,전자부품제조업,11220,178.0,1997160.0,12690.0,,,261734235840,0.5369669324064437,0.9727626459143969,15.0,0.16134421484044426
20260309,2026,000100,유한양행,의약품제조업,96400,20.0,1928000.0,98507.0,,,7678028736400,0.5656864706923848,0.9725490196078431,16.0,0.013432330852641172
20260309,2026,030520,한글과컴퓨터,소프트웨어개발및공급업,19900,100.0,1990000.0,20301.0,,,481176905600,0.5242283988989549,0.9688715953307393,17.0,0.05772586386657097
20260309,2026,229640,LS에코에너지,기타금융업,39250,50.0,1962500.0,40860.0,,,1202026500750,0.5732952237007869,0.9686274509803922,18.0,0.43920283996444476
20260309,2026,078350,한양디지텍,반도체제조업,22200,90.0,1998000.0,24291.0,,,338425280400,0.5280073710196953,0.9649805447470817,19.0,0.23242906505551897
20260309,2026,064960,SNT모티브,자동차신품부품제조업,32350,61.0,1973350.0,33247.0,,,858577799200,0.5362322363743852,0.9647058823529412,20.0,0.04643599126477893
20260309,2026,036890,진성티이씨,특수목적용기계제조업,13180,151.0,1990180.0,15842.0,,,290389971140,0.533069793281004,0.9610894941634242,21.0,0.3374775564741743
20260309,2026,019170,신풍제약,의약품제조업,10500,190.0,1995000.0,10929.0,,,556342395000,0.5592199590692404,0.9607843137254902,22.0,0.061060124028975205
20260309,2026,110990,디아이티,특수목적용기계제조업,21400,93.0,1990200.0,22244.0,,,404460000000,0.5302825312835491,0.9571984435797666,23.0,0.07502679293950054
20260309,2026,000070,삼양홀딩스,기타금융업,68200,29.0,1977800.0,70001.0,,,529449626200,0.5682657051124806,0.9568627450980393,24.0,0.014662299851428084
20260309,2026,160980,싸이맥스,특수목적용기계제조업,20000,100.0,2000000.0,21703.0,,,218484860000,0.5287588165500334,0.953307392996109,25.0,0.4572831999783393
20260309,2026,005930,삼성전자,통신및방송장비제조업,173500,11.0,1908500.0,187902.0,,,1027057179467000,0.5233926470750164,0.9529411764705882,26.0,0.25359122040547355
20260309,2026,272110,케이엔제이,반도체제조업,29900,66.0,1973400.0,32799.0,,,239959310500,0.5219233409828361,0.9494163424124513,27.0,0.4231442725466774
20260309,2026,000640,동아쏘시오홀딩스,기타금융업,104900,19.0,1993100.0,104599.0,,,685671926600,0.5671214136936689,0.9490196078431372,28.0,-0.04494199849324232
20260309,2026,950140,잉글우드랩,기타화학제품제조업,12310,162.0,1994220.0,12508.0,,,244573430460,0.5427677433578408,0.9455252918287937,29.0,-0.035668674084397445
20260309,2026,329180,HD현대중공업,선박및보트건조업,576000,3.0,1728000.0,582904.0,,,60457665600000,0.5661297724723033,0.9450980392156862,30.0,-0.1430482915358562
20260309,2026,166090,하나머티리얼즈,반도체제조업,61800,32.0,1977600.0,62592.0,,,1222260253200,0.5205435029484824,0.9416342412451362,31.0,0.16515458218311618
20260309,2026,352820,하이브,오디오물출판및원판녹음업,346000,5.0,1730000.0,351542.0,,,14894836014000,0.5392247947081876,0.9411764705882353,32.0,-0.22552276257711323
20260309,2026,213420,덕산네오룩스,전자부품제조업,38150,52.0,1983800.0,40948.0,,,947309478850,0.5302080818725802,0.9377431906614786,33.0,0.4522305028487048
20260309,2026,145720,덴티움,의료용기기제조업,49400,40.0,1976000.0,53207.0,,,506540190000,0.5294902244719989,0.9372549019607843,34.0,0.14556807390023208
20260309,2026,083450,GST,특수목적용기계제조업,29350,68.0,1995800.0,30155.0,,,540920500000,0.5230341658332449,0.933852140077821,35.0,0.4223092188680495
20260309,2026,192820,코스맥스,기타화학제품제조업,164000,12.0,1968000.0,171975.0,,,1861319476000,0.545186203359106,0.9333333333333333,36.0,0.2410592710313133
20260309,2026,183300,코미코,특수목적용기계제조업,97000,20.0,1940000.0,107996.0,,,1014686348000,0.5226096013940827,0.9299610894941635,37.0,0.5567497122567235
20260309,2026,092200,디아이씨,자동차신품부품제조업,8990,222.0,1995780.0,9320.0,,,349608235310,0.5318796628006832,0.9294117647058824,38.0,-0.12234757363142346
20260309,2026,095660,네오위즈,소프트웨어개발및공급업,27800,71.0,1973800.0,26104.0,,,607619484800,0.5134179177850899,0.9260700389105059,39.0,-0.1314812675452247
20260309,2026,069620,대웅제약,의약품제조업,162100,12.0,1945200.0,164440.0,,,1878183807500,0.5519194458269692,0.9254901960784314,40.0,-0.03476822936752855
20260309,2026,084990,헬릭스미스,자연과학및공학연구개발업,5990,333.0,1994670.0,6071.0,,,276095854030,0.48374111012227183,0.9221789883268483,41.0,0.5707875055522165
20260309,2026,025320,시노펙스,전자부품제조업,5600,357.0,1999200.0,5820.0,,,516065216800,0.5239012332025907,0.914396887159533,45.0,0.08579058189178124
20260309,2026,053300,한국정보인증,소프트웨어개발및공급업,5740,348.0,1997520.0,6020.0,,,243613412140,0.5098027113016597,0.9066147859922179,49.0,0.19334941666380234
20260309,2026,069260,TKG휴켐스,기타화학제품제조업,17350,115.0,1995250.0,17900.0,,,709243501800,0.537883379924537,0.8980392156862745,54.0,0.04843644983440831
20260309,2026,017800,현대엘리베이터,일반목적용기계제조업,86200,23.0,1982600.0,88903.0,,,3369763587000,0.5448459443312275,0.8901960784313725,58.0,0.15422513186717635
20260309,2026,051900,LG생활건강,기타화학제품제조업,249000,8.0,1992000.0,245056.0,,,3810312291000,0.5365181031839792,0.8784313725490196,64.0,0.017800902560465737
20260309,2026,190510,나무가,전자부품제조업,17980,111.0,1995780.0,19061.0,,,253253999660,0.5204044306064375,0.8754863813229572,65.0,0.06784881089528794
20260309,2026,011780,금호석유화학,기초화학물질제조업,114100,17.0,1939700.0,121807.0,,,2970221762200,0.5424583068531842,0.8588235294117647,74.0,0.2067801737280739
20260309,2026,004490,세방전지,일차전지및축전지제조업,57900,34.0,1968600.0,60002.0,,,802494000000,0.551179395729301,0.8509803921568627,78.0,0.0604420848683096
20260309,2026,002900,TYM,특수목적용기계제조업,6500,307.0,1995500.0,6852.0,,,269100000000,0.5178776065200498,0.8274509803921568,90.0,0.11955722372999333
