date,test_year,stock_code,name,sector,closing_price,shares,invested_krw,buy_price,sell_price,sell_date,market_cap,score,score_rank,rank_pos,forward_return_42d_lag1_close
20180102,2018,036540,SFA반도체,반도체제조업,2345,852.0,1997940.0,2389.0,2574.0,20180307,330824643415,0.5207907170066983,1.0,1.0,0.0777094908290692
20180102,2018,042670,HD현대인프라코어,특수목적용기계제조업,9080,220.0,1997600.0,7722.0,7433.0,20180307,1888617872040,0.514984202484086,1.0,2.0,-0.037376352641876776
20180102,2018,051910,LG화학,기초화학물질제조업,411000,4.0,1644000.0,409975.0,385355.0,20180307,29013452973000,0.5184900733099645,0.9943181818181818,3.0,-0.06005154576976279
20180102,2018,048260,오스템임플란트,의료용기기제조업,59100,33.0,1950300.0,489284.0,446006.0,20180307,844285874700,0.5146935008759604,0.9942857142857143,4.0,-0.08845189489732097
20180102,2018,000880,한화,기타화학제품제조업,43250,46.0,1989500.0,43012.0,41707.0,20180307,3241965288750,0.5172304187766854,0.9886363636363636,5.0,-0.0303402093442805
20180102,2018,122990,와이솔,전자부품제조업,14450,138.0,1994100.0,14367.0,15068.0,20180307,331972320350,0.5197586087343085,0.9885714285714285,6.0,0.048816051163691254
20180102,2018,090430,아모레퍼시픽,기타화학제품제조업,312500,6.0,1875000.0,311782.0,282765.0,20180307,18268278125000,0.5170427712346666,0.9829545454545454,7.0,-0.0930688048931827
20180102,2018,168330,내츄럴엔도텍,자연과학및공학연구개발업,23750,84.0,1995000.0,46564.0,39772.0,20180307,480487200000,0.5101216535556554,0.9828571428571429,8.0,-0.145853076948103
20180102,2018,009150,삼성전기,전자부품제조업,101000,19.0,1919000.0,99955.0,91553.0,20180307,7544063296000,0.5211060450087719,0.9772727272727273,9.0,-0.08405113351927485
20180102,2018,056190,에스에프에이,특수목적용기계제조업,37900,52.0,1970800.0,37960.0,35954.0,20180307,1360942004000,0.5104223233705283,0.9771428571428571,10.0,-0.05284789615078067
20180102,2018,034220,LG디스플레이,전자부품제조업,29850,67.0,1999950.0,28449.0,25530.0,20180307,10680798645000,0.5206344915847937,0.9715909090909091,11.0,-0.10262202668976994
20180102,2018,214370,케어젠,기초의약물질및생물학적제제제조업,88300,22.0,1942600.0,13764.0,13734.0,20180307,948606900000,0.5144086882868184,0.9714285714285714,12.0,-0.0021454608522941676
20180102,2018,034730,SK,기타금융업,283000,7.0,1981000.0,280476.0,294036.0,20180307,19911964051000,0.5211057339939192,0.9659090909090909,13.0,0.04834861570640103
20180102,2018,095660,네오위즈,소프트웨어개발및공급업,12750,156.0,1989000.0,12666.0,14771.0,20180307,279416352000,0.5114149708368261,0.9657142857142857,14.0,0.16617415325578966
20180102,2018,001060,JW중외제약,의약품제조업,45600,43.0,1960800.0,39005.0,35316.0,20180307,873296407200,0.5151993171042946,0.9602272727272727,15.0,-0.09458541142848576
20180102,2018,023410,유진기업,"시멘트,석회,플라스터및그제품제조업",4840,413.0,1998920.0,4778.0,5950.0,20180307,365426630800,0.5158156536948321,0.96,16.0,0.245321457800461
20180102,2018,078930,GS,기타금융업,62500,32.0,2000000.0,61248.0,65939.0,20180307,5807211125000,0.518852667955523,0.9545454545454546,17.0,0.07658467598508656
20180102,2018,222800,심텍,전자부품제조업,10500,190.0,1995000.0,9804.0,8959.0,20180907,238906069500,0.516866454872976,0.9542857142857143,18.0,-0.08624938153009187
20180102,2018,004150,한솔홀딩스,기타금융업,4565,438.0,1999470.0,4838.0,5412.0,20190712,211632811115,0.5186998222267286,0.9488636363636364,19.0,0.11863375909643126
20180102,2018,015750,성우하이텍,자동차신품부품제조업,6420,311.0,1996620.0,5950.0,6208.0,20180307,385200000000,0.5213432271993337,0.9485714285714286,20.0,0.043293586028839925
20180102,2018,214320,이노션,광고업,73600,27.0,1987200.0,34879.0,29928.0,20180307,1472000000000,0.5180380536808263,0.9431818181818182,21.0,-0.14193951096383517
20180102,2018,022100,포스코DX,"건축기술,엔지니어링및관련기술서비스업",8460,236.0,1996560.0,8506.0,7963.0,20180307,1286213807340,0.512982850243734,0.9428571428571428,22.0,-0.0637717138887427
20180102,2018,012330,현대모비스,자동차신품부품제조업,257000,7.0,1799000.0,255830.0,213936.0,20180307,25017372791000,0.5214590466812286,0.9375,23.0,-0.16375793774114666
20180102,2018,122870,와이지엔터테인먼트,오디오물출판및원판녹음업,28600,69.0,1973400.0,28239.0,27342.0,20180307,520111277400,0.5121674533057113,0.9371428571428572,24.0,-0.03178472627848583
20180102,2018,014820,동원시스템즈,플라스틱제품제조업,47150,42.0,1980300.0,47287.0,37615.0,20180713,1207912793650,0.5137836680915653,0.9318181818181818,25.0,-0.20453354938410584
20180102,2018,183300,코미코,특수목적용기계제조업,25400,78.0,1981200.0,25571.0,27714.0,20180307,222885000000,0.5089184170886725,0.9314285714285714,26.0,0.08380064854987146
20180102,2018,249420,일동제약,의약품제조업,22650,88.0,1993200.0,20975.0,21429.0,20180307,444603463800,0.5139622736779331,0.9261363636363636,27.0,0.021690162715970907
20180102,2018,145020,휴젤,기초의약물질및생물학적제제제조업,555000,3.0,1665000.0,190431.0,197568.0,20180307,2390776275000,0.5127528370207054,0.9257142857142857,28.0,0.037481044795051544
20180102,2018,111770,영원무역,상품종합도매업,31350,63.0,1975050.0,31507.0,27016.0,20180307,1389164521800,0.515468475768457,0.9204545454545454,29.0,-0.14254256903012463
20180102,2018,052790,액토즈소프트,소프트웨어개발및공급업,17700,112.0,1982400.0,19606.0,23714.0,20180308,200552292600,0.5100710153949903,0.92,30.0,0.2095250546450509
20180102,2018,267260,HD현대일렉트릭,"전동기,발전기및전기변환ㆍ공급ㆍ제어장치제조업",115500,17.0,1963500.0,50589.0,36583.0,20180307,1178767936500,0.5111266121762448,0.9147727272727273,31.0,-0.27685305907182634
20180102,2018,096530,씨젠,의료용품및기타의약관련제품제조업,33600,59.0,1982400.0,17863.0,17566.0,20180307,881463072000,0.5157720059205826,0.9142857142857143,32.0,-0.016670866426113817
20180102,2018,010130,고려아연,1차비철금속제조업,499500,4.0,1998000.0,486657.0,506129.0,20180307,9425565000000,0.519875019494406,0.9090909090909091,33.0,0.04000986875671231
20180102,2018,086450,동국제약,의약품제조업,63000,31.0,1953000.0,12264.0,13266.0,20180307,560196000000,0.5130362638808497,0.9085714285714286,34.0,0.08162872267438326
20180102,2018,017800,현대엘리베이터,일반목적용기계제조업,55500,36.0,1998000.0,37945.0,41747.0,20180307,1367104471500,0.5129390448286263,0.9034090909090909,35.0,0.10019953599013576
20180102,2018,036830,솔브레인홀딩스,기타화학제품제조업,65800,30.0,1974000.0,31420.0,27822.0,20180307,1144806231800,0.5115961803720005,0.9028571428571428,36.0,-0.11450672902750625
20180102,2018,170900,동아에스티,의약품제조업,100000,20.0,2000000.0,89302.0,93628.0,20180307,844386800000,0.5132227135687967,0.8977272727272727,37.0,0.048445780362107005
20180102,2018,144960,뉴파워프라즈마,특수목적용기계제조업,26550,75.0,1991250.0,5509.0,5700.0,20180307,219046447350,0.5082786084122203,0.8971428571428571,38.0,0.034670990106006494
20180102,2018,011170,롯데케미칼,기초화학물질제조업,360500,5.0,1802500.0,346212.0,424447.0,20180307,12356288549500,0.5126513759799824,0.8920454545454546,39.0,0.22597391638355124
20180102,2018,098460,고영,특수목적용기계제조업,81600,24.0,1958400.0,16053.0,18584.0,20180307,1116773601600,0.5082551011436458,0.8914285714285715,40.0,0.15764210913286614
20180102,2018,161890,한국콜마,기타화학제품제조업,85000,23.0,1955000.0,85405.0,77092.0,20180307,1793879185000,0.5117293500442675,0.8863636363636364,41.0,-0.09733454388103946
20180102,2018,040910,아이씨디,특수목적용기계제조업,13750,145.0,1993750.0,13681.0,13524.0,20190919,228889333750,0.5080158828754897,0.8857142857142857,42.0,-0.011434431431045167
20180102,2018,096770,SK이노베이션,기타금융업,206500,9.0,1858500.0,199084.0,199998.0,20180307,19094138966000,0.5169531433740793,0.8806818181818182,43.0,0.004589214996939983
20180102,2018,140410,메지온,자연과학및공학연구개발업,42650,46.0,1961900.0,14448.0,13514.0,20180307,355799478850,0.5074676944448873,0.88,44.0,-0.06465226295952908
20180102,2018,120110,코오롱인더,화학섬유제조업,87000,22.0,1914000.0,88391.0,67056.0,20180307,2218488342000,0.512559692464042,0.875,45.0,-0.24137568301586054
20180102,2018,215790,이노인스트루먼트,통신및방송장비제조업,2135,936.0,1998360.0,9086.0,8156.0,20180413,213320121980,0.5160095101996944,0.8742857142857143,46.0,-0.10231400745479091
20180102,2018,161390,한국타이어앤테크놀로지,고무제품제조업,55000,36.0,1980000.0,54027.0,55426.0,20180307,6813128795000,0.5177321169652374,0.8693181818181818,47.0,0.025890022440698157
20180102,2018,030190,NICE평가정보,기타정보서비스업,8680,230.0,1996400.0,8491.0,10049.0,20180403,527004637600,0.5071326597661544,0.8685714285714285,48.0,0.18357650432970307
20180102,2018,267270,HD건설기계,일반목적용기계제조업,178500,11.0,1963500.0,88911.0,88381.0,20180307,1762918657500,0.5125286404408802,0.8636363636363636,49.0,-0.005951496523101563
20180102,2018,067160,SOOP,소프트웨어개발및공급업,19400,103.0,1998200.0,19428.0,26336.0,20180307,219318299800,0.5085765668491555,0.8628571428571429,50.0,0.355591391422037
20180306,2018,041960,코미팜,의약품제조업,40200,49.0,1969800.0,31379.0,27028.0,20180508,2218647607800,0.519011606324363,1.0,1.0,-0.13867204220329998
20180306,2018,042670,HD현대인프라코어,특수목적용기계제조업,9260,215.0,1990900.0,7433.0,8626.0,20180508,1927401226060,0.5172758383238893,1.0,2.0,0.16045100732785533
20180306,2018,095340,ISC,전자부품제조업,17750,112.0,1988000.0,17034.0,16953.0,20200601,241444339500,0.5192042700062743,0.9946808510638298,3.0,-0.004797930782204807
20180306,2018,009830,한화솔루션,기초화학물질제조업,30950,64.0,1980800.0,37247.0,33075.0,20180508,5100849661050,0.5231109563704592,0.994535519125683,4.0,-0.11199631540127508
20180306,2018,115160,휴맥스,영상및음향기기제조업,8510,235.0,1999850.0,7956.0,5070.0,20210728,203489400980,0.5176991061824225,0.9893617021276596,5.0,-0.3627045143395198
20180306,2018,009150,삼성전기,전자부품제조업,92100,21.0,1934100.0,91553.0,115927.0,20180508,6879289401600,0.5201801027951797,0.9890710382513661,6.0,0.26622505033760424
20180306,2018,046890,서울반도체,반도체제조업,23500,85.0,1997500.0,22753.0,18701.0,20180508,1370176900000,0.5151372948994364,0.9840425531914894,7.0,-0.17809321506766473
20180306,2018,003550,LG,기타금융업,85800,23.0,1973400.0,81237.0,72416.0,20180508,14805401839800,0.5229247557548486,0.9836065573770492,8.0,-0.10858298214596485
20180306,2018,048260,오스템임플란트,의료용기기제조업,52300,38.0,1987400.0,446006.0,431636.0,20180508,747142999100,0.5094206005228661,0.9787234042553191,9.0,-0.03221767383599894
20180306,2018,034220,LG디스플레이,전자부품제조업,28550,70.0,1998500.0,25530.0,20638.0,20180508,10215638235000,0.5185449237979358,0.9781420765027322,10.0,-0.19159131991650147
20180306,2018,041140,넥슨지티,소프트웨어개발및공급업,11550,173.0,1998150.0,11514.0,10767.0,20180508,408561869100,0.5131328897486767,0.973404255319149,11.0,-0.06491115294489991
20180306,2018,034730,SK,기타금융업,295500,6.0,1773000.0,294036.0,299530.0,20180508,20791467763500,0.5210889071048214,0.9726775956284153,12.0,0.018685034503529874
20180306,2018,098460,고영,특수목적용기계제조업,91600,21.0,1923600.0,18584.0,18747.0,20180508,1253633111600,0.5122614604373883,0.9680851063829787,13.0,0.008769842635360403
20180306,2018,003060,에이프로젠바이오로직스,의약품제조업,4200,476.0,1999200.0,24312.0,23164.0,20180508,363134020200,0.5152084956315123,0.9672131147540983,14.0,-0.04721136693455408
20180306,2018,099190,아이센스,의료용기기제조업,28700,69.0,1980300.0,14101.0,13047.0,20180508,394172630600,0.5075385062776956,0.9627659574468085,15.0,-0.07473638346562761
20180306,2018,005440,현대지에프홀딩스,종합소매업,14250,140.0,1995000.0,9310.0,10100.0,20180508,1392288868500,0.5181805999577956,0.9617486338797814,16.0,0.08482290804240544
20180306,2018,196170,알테오젠,자연과학및공학연구개발업,18900,105.0,1984500.0,5058.0,9166.0,20180508,238335237000,0.5184874670811117,0.9574468085106383,17.0,0.8122879317512821
20180306,2018,051910,LG화학,기초화학물질제조업,387500,5.0,1937500.0,385355.0,330883.0,20180508,27354532912500,0.5197638377290659,0.9562841530054644,18.0,-0.1413561948925085
20180306,2018,096530,씨젠,의료용품및기타의약관련제품제조업,35750,55.0,1966250.0,17566.0,16231.0,20180508,937866215000,0.5146336495381705,0.9521276595744681,19.0,-0.07597932327407009
20180306,2018,111770,영원무역,상품종합도매업,27850,71.0,1977350.0,27016.0,29872.0,20180508,1234074383800,0.5194461800374597,0.9508196721311475,20.0,0.10569564349153637
20180306,2018,056190,에스에프에이,특수목적용기계제조업,36100,55.0,1985500.0,35954.0,33309.0,20180508,1296306236000,0.510966212451806,0.9468085106382979,21.0,-0.07356496739023255
20180306,2018,000880,한화,기타화학제품제조업,42200,47.0,1983400.0,41707.0,39207.0,20180508,3163258617000,0.516654869502563,0.9453551912568307,22.0,-0.059942047269399
20180306,2018,182400,엔케이젠바이오텍코리아,기초의약물질및생물학적제제제조업,21450,93.0,1994850.0,18675.0,16356.0,20180508,522408036150,0.5146656358216295,0.9414893617021277,23.0,-0.12418364424485162
20180306,2018,012330,현대모비스,자동차신품부품제조업,219500,9.0,1975500.0,213936.0,234380.0,20180508,21366977928500,0.5217512583513799,0.9398907103825137,24.0,0.09555935217806333
20180306,2018,130960,CJ E&M,텔레비전방송업,88100,22.0,1938200.0,87259.0,86480.0,20180508,3412297040900,0.5131731187353409,0.9361702127659575,25.0,-0.008922843587504725
20180306,2018,090430,아모레퍼시픽,기타화학제품제조업,278000,7.0,1946000.0,282765.0,347912.0,20180508,16251460220000,0.5161320790433268,0.9344262295081968,26.0,0.23039507388584424
20180306,2018,030520,한글과컴퓨터,소프트웨어개발및공급업,16900,118.0,1994200.0,16379.0,15332.0,20180508,390089365900,0.510321242823244,0.9308510638297872,27.0,-0.06395345575117506
20180306,2018,011790,SKC,기타화학제품제조업,39450,50.0,1972500.0,36237.0,36995.0,20180508,1480738194750,0.5158184858928232,0.9289617486338798,28.0,0.02090961962219895
20180306,2018,214370,케어젠,기초의약물질및생물학적제제제조업,86000,23.0,1978000.0,13734.0,14645.0,20180508,923898000000,0.513869609865027,0.925531914893617,29.0,0.06630681218454404
20180306,2018,012630,HDC,건물건설업,36950,54.0,1995300.0,27299.0,27013.0,20180620,2785445451000,0.5220853923857101,0.9234972677595629,30.0,-0.010450329479086529
20180306,2018,054950,제이브이엠,일반목적용기계제조업,54400,36.0,1958400.0,27917.0,16606.0,20200813,344401395200,0.514760819893386,0.9202127659574468,31.0,-0.405152529384175
20180306,2018,251270,넷마블,소프트웨어개발및공급업,144000,13.0,1872000.0,141915.0,134422.0,20180508,12243913920000,0.5125728901026627,0.9180327868852459,32.0,-0.05279514527456797
20180306,2018,122870,와이지엔터테인먼트,오디오물출판및원판녹음업,27700,72.0,1994400.0,27342.0,27242.0,20180508,503744139300,0.518061408148728,0.9148936170212766,33.0,-0.003655079982245679
20180306,2018,006120,SK디스커버리,화학섬유제조업,42950,46.0,1975700.0,42161.0,36352.0,20180622,463184954850,0.5188203722054645,0.912568306010929,34.0,-0.13778608248571322
20180306,2018,104830,원익머트리얼즈,기초화학물질제조업,66000,30.0,1980000.0,32039.0,28785.0,20180508,416064000000,0.5148359175223682,0.9095744680851063,35.0,-0.10155039613072048
20180306,2018,108670,LX하우시스,플라스틱제품제조업,81200,24.0,1948800.0,79180.0,77576.0,20180508,728174804000,0.5135508439318002,0.907103825136612,36.0,-0.020267715004075204
20180306,2018,084370,유진테크,특수목적용기계제조업,21850,91.0,1988350.0,21199.0,16251.0,20180622,500715517700,0.5095946701825775,0.9042553191489362,37.0,-0.2334023842874876
20180306,2018,005930,삼성전자,통신및방송장비제조업,2351000,0.0,0.0,48528.0,51196.0,20180511,301836647394000,0.5148686458182354,0.9016393442622951,38.0,0.054972283626985696
20180306,2018,053300,한국정보인증,소프트웨어개발및공급업,6790,294.0,1996260.0,6640.0,7712.0,20200914,211610350000,0.5091016022801358,0.898936170212766,39.0,0.16134453616993016
20180306,2018,145020,휴젤,기초의약물질및생물학적제제제조업,582000,3.0,1746000.0,197568.0,161297.0,20180508,2507084310000,0.512682832680954,0.8776595744680851,47.0,-0.1835872641084122
20180306,2018,022100,포스코DX,"건축기술,엔지니어링및관련기술서비스업",8010,249.0,1994490.0,7963.0,6974.0,20180508,1217798179290,0.5155936035217897,0.8723404255319149,49.0,-0.1241959150833688
20180306,2018,168330,내츄럴엔도텍,자연과학및공학연구개발업,20500,97.0,1988500.0,39772.0,33775.0,20180508,414736320000,0.514464301579197,0.8617021276595744,53.0,-0.15079574503093884
20180306,2018,001060,JW중외제약,의약품제조업,41850,47.0,1966950.0,35316.0,33772.0,20180508,821816192250,0.5109317690916828,0.8579234972677595,54.0,-0.04370995645216025
20180306,2018,015750,성우하이텍,자동차신품부품제조업,6640,301.0,1998640.0,6208.0,4323.0,20180706,398400000000,0.5148439510540284,0.8563829787234043,55.0,-0.3036683013388721
20180306,2018,183300,코미코,특수목적용기계제조업,28050,71.0,1991550.0,27714.0,35564.0,20180508,246138750000,0.5085301853845978,0.8457446808510638,59.0,0.28323357257069337
20180306,2018,096770,SK이노베이션,기타금융업,204500,9.0,1840500.0,199998.0,196636.0,20180508,18909207838000,0.5152700696551867,0.8360655737704918,62.0,-0.016810399728543923
20180306,2018,010130,고려아연,1차비철금속제조업,491500,4.0,1966000.0,506129.0,432314.0,20180508,9274605000000,0.5185460032239906,0.819672131147541,68.0,-0.14584077292875408
20180306,2018,120110,코오롱인더,화학섬유제조업,68300,29.0,1980700.0,67056.0,67761.0,20180508,1752571648100,0.5153520643848557,0.7868852459016393,81.0,0.010511759104020468
20180306,2018,052790,액토즈소프트,소프트웨어개발및공급업,22100,90.0,1989000.0,22861.0,,,250407099800,0.5046422757598354,0.7712765957446809,86.0,-0.19455755561823662
20180306,2018,086450,동국제약,의약품제조업,66100,30.0,1983000.0,13266.0,13048.0,20180508,587761200000,0.5049855953386537,0.7606382978723404,90.0,-0.016370114063788632
20180504,2018,003550,LG,기타금융업,78400,25.0,1960000.0,72416.0,60842.0,20181012,13528479070400,0.5252148412527375,1.0,1.0,-0.1598334625836204
20180504,2018,017890,한국알콜,기타화학제품제조업,9400,212.0,1992800.0,9283.0,9492.0,20180717,203094144000,0.5204610002464943,1.0,2.0,0.022502675916159953
20180504,2018,007820,에스엠코어,일반목적용기계제조업,13100,152.0,1991200.0,13666.0,12364.0,20180711,262000000000,0.5197495851302887,0.9953051643192489,3.0,-0.09526843270812646
20180504,2018,139480,이마트,종합소매업,265500,7.0,1858500.0,262157.0,245540.0,20180710,7401029944500,0.518936178366145,0.9952380952380953,4.0,-0.06338703022846393
20180504,2018,016250,SGC E&C,건물건설업,140000,14.0,1960000.0,37558.0,26235.0,20181012,392000000000,0.5180633782163298,0.9906103286384976,5.0,-0.30148954276529627
20180504,2018,000210,DL,토목건설업,88200,22.0,1940400.0,75769.0,67731.0,20180710,3069360000000,0.5180018293902262,0.9904761904761905,6.0,-0.10607953209590326
20180504,2018,031980,피에스케이홀딩스,특수목적용기계제조업,23600,84.0,1982400.0,19747.0,21612.0,20180710,479825854400,0.5133035811804638,0.9859154929577465,7.0,0.09444311811283423
20180504,2018,000660,SK하이닉스,반도체제조업,83000,24.0,1992000.0,83551.0,87366.0,20180710,60424196295000,0.5132015082207952,0.9857142857142858,8.0,0.04565857126716932
20180504,2018,003670,포스코퓨처엠,"시멘트,석회,플라스터및그제품제조업",35100,56.0,1965600.0,32358.0,42955.0,20180710,2073357000000,0.5198562310846054,0.9812206572769953,9.0,0.3274812949812218
20180504,2018,012330,현대모비스,자동차신품부품제조업,235000,8.0,1880000.0,234380.0,204480.0,20180710,22875807805000,0.5217380892441241,0.9809523809523809,10.0,-0.12757003311071258
20180504,2018,086980,쇼박스,"영화,비디오물,방송프로그램제작및배급업",5280,378.0,1995840.0,5198.0,3673.0,20190812,330528000000,0.5194555295502266,0.9765258215962441,11.0,-0.29341026697506967
20180504,2018,108670,LX하우시스,플라스틱제품제조업,81500,24.0,1956000.0,77576.0,68267.0,20180710,730865105000,0.5176998147328827,0.9761904761904762,12.0,-0.1199957167462522
20180504,2018,098460,고영,특수목적용기계제조업,96700,20.0,1934000.0,18747.0,20475.0,20180710,1323624861700,0.5117871894935602,0.971830985915493,13.0,0.09215925351354404
20180504,2018,018260,삼성에스디에스,"컴퓨터프로그래밍,시스템통합및관리업",218500,9.0,1966500.0,208829.0,204323.0,20180710,16907049300000,0.515771290721664,0.9714285714285714,14.0,-0.021577397487009486
20180504,2018,140410,메지온,자연과학및공학연구개발업,55500,36.0,1998000.0,17282.0,19817.0,20180710,475582996500,0.5077364152719084,0.9671361502347418,15.0,0.1466817040121391
20180504,2018,051910,LG화학,기초화학물질제조업,341000,5.0,1705000.0,330883.0,325949.0,20180710,24071988963000,0.5196408009744534,0.9666666666666667,16.0,-0.014910616563826307
20180504,2018,091120,이엠텍,전자부품제조업,16500,121.0,1996500.0,15628.0,13141.0,20200630,250780431000,0.5150251896124556,0.9624413145539906,17.0,-0.15914959693244068
20180504,2018,161890,한국콜마,기타화학제품제조업,80300,24.0,1927200.0,79187.0,78274.0,20180710,1694688218300,0.5175717975734988,0.9619047619047619,18.0,-0.011536831174867368
20180504,2018,201490,미투온,소프트웨어개발및공급업,8480,235.0,1992800.0,8693.0,7091.0,20180710,264345089600,0.5136432995720134,0.9577464788732394,19.0,-0.18436125895385558
20180504,2018,000880,한화,기타화학제품제조업,38500,51.0,1963500.0,39207.0,29101.0,20181012,2885911297500,0.5172139623394787,0.9571428571428572,20.0,-0.2577589148790813
20180504,2018,168330,내츄럴엔도텍,자연과학및공학연구개발업,17150,116.0,1989400.0,33775.0,53274.0,20180710,346962336000,0.5067750260719772,0.9530516431924883,21.0,0.5773235903576555
20180504,2018,034730,SK,기타금융업,299000,6.0,1794000.0,299530.0,262940.0,20180710,21037728803000,0.5214420639080152,0.9523809523809523,22.0,-0.12215984755204368
20180504,2018,200670,휴메딕스,의약품제조업,36300,55.0,1996500.0,32784.0,31984.0,20180903,339323433900,0.5174019800265823,0.9483568075117371,23.0,-0.024393115691542344
20180504,2018,020150,롯데에너지머티리얼즈,전자부품제조업,31850,62.0,1974700.0,31897.0,43637.0,20180710,1465100000000,0.5149837326040523,0.9476190476190476,24.0,0.36809470049258053
20180504,2018,041960,코미팜,의약품제조업,36050,55.0,1982750.0,27028.0,21492.0,20180710,1993225156650,0.5167953987034856,0.9436619718309859,25.0,-0.20482480536097547
20180504,2018,009830,한화솔루션,기초화학물질제조업,28100,71.0,1995100.0,33075.0,25517.0,20180710,4631142987900,0.5180506906088451,0.9428571428571428,26.0,-0.2285239954960745
20180504,2018,039030,이오테크닉스,특수목적용기계제조업,68500,29.0,1986500.0,68065.0,68769.0,20180710,841222881000,0.510159867218378,0.9389671361502347,27.0,0.010339198281846151
20180504,2018,002020,코오롱,기타금융업,51700,38.0,1964600.0,51111.0,18619.0,20190523,623563264500,0.5203237353090824,0.9380952380952381,28.0,-0.6357252336984134
20180504,2018,078340,컴투스,소프트웨어개발및공급업,163800,12.0,1965600.0,158874.0,177471.0,20180710,2107519596000,0.5122987894151707,0.9342723004694836,29.0,0.11705770921452352
20180504,2018,251270,넷마블,소프트웨어개발및공급업,136000,14.0,1904000.0,134422.0,162877.0,20180710,11573754088000,0.5129810499760123,0.9333333333333333,30.0,0.21168375608338041
20180504,2018,086450,동국제약,의약품제조업,67000,29.0,1943000.0,13048.0,13192.0,20180809,595764000000,0.51627825055617,0.9295774647887324,31.0,0.01102545971890656
20180504,2018,066570,LG전자,통신및방송장비제조업,99000,20.0,1980000.0,94754.0,78097.0,20180710,16201133586000,0.5166481937622335,0.9285714285714286,32.0,-0.17578411679330042
20180504,2018,240810,원익IPS,특수목적용기계제조업,32100,62.0,1990200.0,31729.0,28437.0,20180710,1324877295600,0.5099301802772649,0.9248826291079812,33.0,-0.10376766291234985
20180504,2018,004710,한솔테크닉스,전자부품제조업,12250,163.0,1996750.0,11673.0,9534.0,20180710,270846005500,0.5139854891108787,0.9238095238095239,34.0,-0.18324303314239032
20180504,2018,090430,아모레퍼시픽,기타화학제품제조업,350000,5.0,1750000.0,347912.0,294325.0,20180710,20460471500000,0.5151752482342595,0.919047619047619,36.0,-0.1540257845680998
20180504,2018,005930,삼성전자,통신및방송장비제조업,51900,38.0,1972200.0,52489.0,46208.0,20180710,333162951930000,0.5155489418089876,0.9142857142857143,38.0,-0.11967056909008045
20180504,2018,182400,엔케이젠바이오텍코리아,기초의약물질제조업,19100,104.0,1986400.0,16356.0,14902.0,20180710,471002581100,0.5156819332509611,0.9014084507042254,43.0,-0.08888083030544913
20180504,2018,041140,넥슨지티,소프트웨어개발및공급업,11200,178.0,1993600.0,10767.0,8012.0,20180713,396181206400,0.5113555181714653,0.892018779342723,47.0,-0.25583242280915985
20180504,2018,122870,와이지엔터테인먼트,오디오물출판및원판녹음업,27850,71.0,1977350.0,27242.0,47356.0,20190109,506471995650,0.5143346184371099,0.8826291079812206,51.0,0.7383648543663812
20180504,2018,003060,에이프로젠바이오로직스,의약품제조업,3980,502.0,1997960.0,23164.0,21573.0,20180710,345422671680,0.5151575693388872,0.8714285714285714,56.0,-0.06867786268737586
20180504,2018,056190,에스에프에이,특수목적용기계제조업,33500,59.0,1976500.0,33309.0,33774.0,20180710,1202943460000,0.5089473876187012,0.863849765258216,59.0,0.013959921955412957
20180504,2018,099190,아이센스,의료용기기제조업,27200,73.0,1985600.0,13047.0,11290.0,20180710,373652873600,0.5095457907003431,0.8544600938967136,63.0,-0.13461552995140846
20180504,2018,130960,CJ E&M,텔레비전방송업,87900,22.0,1933800.0,86480.0,,,3404550623100,0.5105403918280813,0.8497652582159625,65.0,0.12542901860575406
20180504,2018,030520,한글과컴퓨터,소프트웨어개발및공급업,15500,129.0,1999500.0,15332.0,14528.0,20181012,357774270500,0.5098398320650906,0.8356807511737089,71.0,-0.05238790004715743
20180504,2018,011790,SKC,기타화학제품제조업,40000,50.0,2000000.0,36995.0,36810.0,20181012,1501382200000,0.5131959314051853,0.8333333333333334,72.0,-0.004982112798096794
20180504,2018,214370,케어젠,기초의약물질제조업,94900,21.0,1992900.0,14645.0,12307.0,20180710,1019510700000,0.5130308998890007,0.8309859154929577,73.0,-0.159629647425943
20180504,2018,111770,영원무역,상품종합도매업,31100,64.0,1990400.0,29872.0,39364.0,20190109,1378086654800,0.5105880685509314,0.8285714285714286,74.0,0.3177720715901682
20180504,2018,096530,씨젠,의료용품및기타의약관련제품제조업,33750,59.0,1991250.0,16231.0,14398.0,20180710,885398175000,0.5144987630224136,0.8215962441314554,77.0,-0.11294065588075719
20180504,2018,120110,코오롱인더,화학섬유제조업,67700,29.0,1963300.0,67761.0,60272.0,20180710,1737179088900,0.5155913954933213,0.7952380952380952,88.0,-0.11051365482686637
20180504,2018,145020,휴젤,기초의약물질제조업,479700,4.0,1918800.0,161297.0,179893.0,20180710,2090630938500,0.5112099469365647,0.7934272300469484,89.0,0.11528708273837429
20180709,2018,048530,인트론바이오,기초의약물질및생물학적제제제조업,40150,49.0,1967350.0,20231.0,20253.0,20181207,603794249300,0.5195147138474887,1.0,1.0,0.0011221223556459048
20180709,2018,051910,LG화학,기초화학물질제조업,322500,6.0,1935000.0,325949.0,352367.0,20180907,22766030617500,0.5212531515629619,1.0,2.0,0.08105055450454146
20180709,2018,090430,아모레퍼시픽,기타화학제품제조업,292500,6.0,1755000.0,294325.0,263369.0,20180907,17099108325000,0.5163505966470221,0.994475138121547,3.0,-0.10517631586189535
20180709,2018,003670,포스코퓨처엠,"시멘트,석회,플라스터및그제품제조업",48700,41.0,1996700.0,42955.0,60972.0,20180907,2876709000000,0.5174668996898224,0.9935064935064936,4.0,0.4194605087621075
20180709,2018,034730,SK,기타금융업,261000,7.0,1827000.0,262940.0,266960.0,20180907,18364037517000,0.5207791141528566,0.988950276243094,5.0,0.015290580932816988
20180709,2018,056190,에스에프에이,특수목적용기계제조업,34450,58.0,1998100.0,33774.0,38436.0,20180907,1237056782000,0.5132432496806789,0.987012987012987,6.0,0.13801921041549203
20180709,2018,012330,현대모비스,자동차신품부품제조업,206000,9.0,1854000.0,204480.0,236433.0,20180907,20052835778000,0.5181939098292617,0.9834254143646409,7.0,0.1562678033197371
20180709,2018,089030,테크윙,특수목적용기계제조업,14750,135.0,1991250.0,7399.0,7880.0,20180914,277709047000,0.5123477219014239,0.9805194805194806,8.0,0.06506586985217644
20180709,2018,096770,SK이노베이션,기타금융업,193500,10.0,1935000.0,188812.0,95942.0,20200424,17892086634000,0.519496247135542,0.9779005524861878,9.0,-0.49186767646855056
20180709,2018,140410,메지온,자연과학및공학연구개발업,55500,36.0,1998000.0,19817.0,38591.0,20190610,476725575000,0.5134776243185162,0.974025974025974,10.0,0.9474096576837625
20180709,2018,181710,NHN,소프트웨어개발및공급업,67900,29.0,1969100.0,35270.0,31001.0,20180907,1328465197500,0.5159976901850515,0.9723756906077348,11.0,-0.12103744251223114
20180709,2018,064260,다날,소프트웨어개발및공급업,4580,436.0,1996880.0,4298.0,3564.0,20181221,248311560840,0.5138240141067663,0.9675324675324676,12.0,-0.17075951249101584
20180709,2018,011070,LG이노텍,전자부품제조업,160500,12.0,1926000.0,157685.0,146658.0,20180907,3798570673500,0.5171108580158164,0.9668508287292817,13.0,-0.06993203767829848
20180709,2018,028260,삼성물산,기타전문도매업,119000,16.0,1904000.0,118034.0,125008.0,20180907,22573115117000,0.5241363650507513,0.9613259668508287,14.0,0.05908914168037427
20180709,2018,096530,씨젠,의료용품및기타의약관련제품제조업,29350,68.0,1995800.0,14398.0,12007.0,20180907,769968487000,0.5113122343956645,0.961038961038961,15.0,-0.16608046753871308
20180709,2018,170900,동아에스티,의약품제조업,90400,22.0,1988800.0,82501.0,93213.0,20180907,763325667200,0.515388622615762,0.9558011049723757,16.0,0.1298320504805126
20180709,2018,115960,연우,플라스틱제품제조업,25300,79.0,1998700.0,25742.0,29474.0,20190423,313669400000,0.5152961678318213,0.9545454545454546,17.0,0.14498895637039855
20180709,2018,042700,한미반도체,특수목적용기계제조업,8360,239.0,1998040.0,4431.0,5815.0,20180907,531546356000,0.5127357117856064,0.9502762430939227,18.0,0.3123817484235889
20180709,2018,098460,고영,특수목적용기계제조업,104000,19.0,1976000.0,20475.0,20335.0,20180907,1423546904000,0.5105730753170161,0.948051948051948,19.0,-0.006827065197478666
20180709,2018,005490,POSCO홀딩스,1차철강제조업,305000,6.0,1830000.0,309292.0,308331.0,20180907,26591984675000,0.5227402160555366,0.9447513812154696,20.0,-0.003107150109330936
20180709,2018,272290,이녹스첨단소재,전자부품제조업,58600,34.0,1992400.0,26938.0,27627.0,20180907,525613051600,0.5142333333773843,0.9415584415584416,21.0,0.025584109261264754
20180709,2018,018880,한온시스템,일반목적용기계제조업,10600,188.0,1992800.0,9477.0,11523.0,20180907,5658280000000,0.5137190898953438,0.9392265193370166,22.0,0.21586740024854278
20180709,2018,091700,파트론,전자부품제조업,8030,249.0,1999470.0,8138.0,7619.0,20180907,434875972300,0.5140069559740149,0.935064935064935,23.0,-0.06383363970129707
20180709,2018,009150,삼성전기,전자부품제조업,155000,12.0,1860000.0,154434.0,156459.0,20180907,11577522880000,0.515213309051122,0.9337016574585635,24.0,0.013112130019428792
20180709,2018,048260,오스템임플란트,의료용기기제조업,52500,38.0,1995000.0,445163.0,419823.0,20180907,750000142500,0.5123726189906086,0.9285714285714286,25.0,-0.05692223000624952
20180709,2018,004490,세방전지,일차전지및축전지제조업,31400,63.0,1978200.0,31269.0,36526.0,20181008,439600000000,0.5141806274312343,0.9281767955801105,26.0,0.16812997132928387
20180709,2018,145990,삼양사,기타식품제조업,79300,25.0,1982500.0,78314.0,72629.0,20180917,815981377900,0.519058097369542,0.9226519337016574,27.0,-0.07259744151278746
20180709,2018,007820,에스엠코어,일반목적용기계제조업,12450,160.0,1992000.0,12614.0,15172.0,20180907,249000000000,0.5117844808641254,0.922077922077922,28.0,0.20274794908835925
20180709,2018,185750,종근당,의약품제조업,101500,19.0,1928500.0,73428.0,78498.0,20181207,1002742454000,0.5135913583574461,0.9171270718232044,29.0,0.06905399419793712
20180709,2018,214370,케어젠,기초의약물질및생물학적제제제조업,75900,26.0,1973400.0,12307.0,13655.0,20180907,815393700000,0.5134254388773605,0.9155844155844156,30.0,0.1095387685320599
20180709,2018,079160,CJ CGV,"영화,비디오물,방송프로그램제작및배급업",65800,30.0,1974000.0,42008.0,32891.0,20180907,1392414395400,0.5134307124621384,0.9116022099447514,31.0,-0.2170282651978387
20180709,2018,086450,동국제약,의약품제조업,66700,29.0,1934300.0,13232.0,13313.0,20180907,593096400000,0.5119891570535544,0.9090909090909091,32.0,0.006106329478063666
20180709,2018,003060,에이프로젠바이오로직스,의약품제조업,3590,557.0,1999630.0,21573.0,22720.0,20180907,387297076460,0.5133368675863729,0.9060773480662984,33.0,0.053146109729934166
20180709,2018,064240,홈캐스트,영상및음향기기제조업,7360,271.0,1994560.0,7623.0,9113.0,20180907,237145772480,0.5087715454760835,0.9025974025974026,34.0,0.19539426437446772
20180709,2018,145720,덴티움,의료용기기제조업,91700,21.0,1925700.0,93987.0,96603.0,20180907,1015011711000,0.5127183919187643,0.9005524861878453,35.0,0.027834270322156573
20180709,2018,022100,포스코DX,"건축기술,엔지니어링및관련기술서비스업",7030,284.0,1996520.0,7106.0,7369.0,20180907,1068804144870,0.5126087480217357,0.8961038961038961,36.0,0.03692606005408172
20180709,2018,009450,경동나비엔,가정용기기제조업,60000,33.0,1980000.0,60171.0,45076.0,20190610,764370600000,0.5102970996240931,0.8950276243093923,37.0,-0.25086335351913513
20180709,2018,046440,KG파이낸셜,소프트웨어개발및공급업,9140,218.0,1992520.0,9328.0,5575.0,20200410,273349586980,0.5104986331682602,0.8896103896103896,38.0,-0.40230977094088927
20180709,2018,000210,DL,토목건설업,75200,26.0,1955200.0,67731.0,74312.0,20180907,2616960000000,0.519262365988652,0.8839779005524862,40.0,0.09715177340905412
20180709,2018,145020,휴젤,기초의약물질및생물학적제제제조업,535300,3.0,1605900.0,179893.0,149724.0,20180907,2332947136500,0.5122837097695677,0.8831168831168831,41.0,-0.16770324939234338
20180709,2018,139480,이마트,종합소매업,242000,8.0,1936000.0,245540.0,207493.0,20180907,6745948198000,0.5165619685670797,0.856353591160221,50.0,-0.15495352440529286
20180709,2018,000660,SK하이닉스,반도체제조업,87600,22.0,1927200.0,87366.0,75965.0,20180907,63773007174000,0.5140090471764871,0.850828729281768,51.0,-0.13049670831816873
20180709,2018,251270,넷마블,소프트웨어개발및공급업,160500,12.0,1926000.0,162877.0,112946.0,20180907,13673601529500,0.5117000249417338,0.8287292817679558,59.0,-0.30656020973498155
20180709,2018,017890,한국알콜,기타화학제품제조업,9300,215.0,1999500.0,9612.0,10593.0,20200331,200933568000,0.5080257716438821,0.8181818181818182,62.0,0.10202004462137548
20180709,2018,066570,LG전자,통신및방송장비제조업,77700,25.0,1942500.0,78097.0,74186.0,20180907,12715435147800,0.5147162361747968,0.8176795580110497,63.0,-0.05008453528880008
20180709,2018,039030,이오테크닉스,특수목적용기계제조업,69000,28.0,1932000.0,68769.0,46925.0,20181207,847363194000,0.5044844945586657,0.7857142857142857,73.0,-0.31764346446112113
20180709,2018,078340,컴투스,소프트웨어개발및공급업,179700,11.0,1976700.0,177471.0,147995.0,20180907,2312095674000,0.5053969774230018,0.7597402597402597,82.0,-0.16609286193735484
20180709,2018,182400,엔케이젠바이오텍코리아,기초의약물질및생물학적제제제조업,16550,120.0,1986000.0,14902.0,13678.0,20180907,408871804750,0.5076654504771739,0.7467532467532467,86.0,-0.08212306672046588
20180709,2018,005930,삼성전자,통신및방송장비제조업,45600,43.0,1960800.0,46208.0,44824.0,20180907,292721206320000,0.511588361833996,0.7403314917127072,88.0,-0.02994036258543542
20180709,2018,018260,삼성에스디에스,"컴퓨터프로그래밍,시스템통합및관리업",201500,9.0,1813500.0,204323.0,242891.0,20180907,15591626700000,0.5115373967033647,0.7348066298342542,90.0,0.18876449735368195
20180906,2018,042670,HD현대인프라코어,특수목적용기계제조업,9270,215.0,1993050.0,7925.0,6994.0,20181113,1929586337820,0.515653978119727,1.0,1.0,-0.11738748320759307
20180906,2018,056190,에스에프에이,특수목적용기계제조업,38650,51.0,1971150.0,38436.0,41233.0,20181113,1387873574000,0.5141730105391986,1.0,2.0,0.0727675445710072
20180906,2018,003550,LG,기타금융업,71300,28.0,1996400.0,67651.0,64440.0,20181113,12303323440300,0.5233467289605144,0.9948979591836735,3.0,-0.047460331095235175
20180906,2018,108320,LX세미콘,반도체제조업,47050,42.0,1976100.0,45860.0,37958.0,20181113,765235315000,0.5122432636591583,0.9940476190476191,4.0,-0.17231519098375547
20180906,2018,001040,CJ,기타금융업,133500,14.0,1869000.0,125785.0,113543.0,20181113,3895129233000,0.5210290587816547,0.9897959183673469,5.0,-0.09732696506109229
20180906,2018,030520,한글과컴퓨터,소프트웨어개발및공급업,16900,118.0,1994200.0,16477.0,13482.0,20181113,390089365900,0.5102235157132682,0.9880952380952381,6.0,-0.1817791607675523
20180906,2018,011170,롯데케미칼,기초화학물질제조업,297500,6.0,1785000.0,288697.0,267248.0,20181113,10196937152500,0.5185696984255976,0.9846938775510204,7.0,-0.07429812343325215
20180906,2018,160550,NEW,"영화,비디오물,방송프로그램제작및배급업",7450,268.0,1996600.0,7497.0,10113.0,20210302,204175489700,0.5149950020758656,0.9821428571428571,8.0,0.3489593338473216
20180906,2018,051910,LG화학,기초화학물질제조업,351000,5.0,1755000.0,352367.0,335666.0,20181113,24777912393000,0.5181624753437175,0.9795918367346939,9.0,-0.047398089726134573
20180906,2018,086450,동국제약,의약품제조업,65900,30.0,1977000.0,13313.0,11732.0,20181120,585982800000,0.5127325144451312,0.9761904761904762,10.0,-0.1187099595772706
20180906,2018,093050,LF,봉제의복제조업,25500,78.0,1989000.0,25570.0,22729.0,20181113,745620000000,0.5135471142092333,0.9744897959183674,11.0,-0.11111513315622357
20180906,2018,053800,안랩,소프트웨어개발및공급업,58700,34.0,1995800.0,57330.0,41011.0,20181113,587813288500,0.5096869474299885,0.9702380952380952,12.0,-0.28464217451112594
20180906,2018,181710,NHN,소프트웨어개발및공급업,59300,33.0,1956900.0,31001.0,27549.0,20181113,1160205982500,0.5122434069115075,0.9693877551020408,13.0,-0.11134850838222332
20180906,2018,034730,SK,기타금융업,266000,7.0,1862000.0,266960.0,271973.0,20181113,18715839002000,0.5194808765382308,0.9642857142857143,14.0,0.018775858036361948
20180906,2018,145020,휴젤,기초의약물질및생물학적제제제조업,460300,4.0,1841200.0,149724.0,101279.0,20181113,2006081761500,0.5151046371748073,0.9642857142857143,15.0,-0.32356023156600056
20180906,2018,005490,POSCO홀딩스,1차철강제조업,308500,6.0,1851000.0,308331.0,257289.0,20181113,26897138597500,0.5219154427671813,0.9591836734693877,16.0,-0.16554281599083032
20180906,2018,098460,고영,특수목적용기계제조업,103600,19.0,1968400.0,20335.0,15824.0,20181113,1418071723600,0.5092519791041448,0.9583333333333334,17.0,-0.22182769864349117
20180906,2018,012330,현대모비스,자동차신품부품제조업,231500,8.0,1852000.0,236433.0,186019.0,20181113,22535104284500,0.51920538854653,0.9540816326530612,18.0,-0.21322867791168842
20180906,2018,016250,SGC E&C,건물건설업,118500,16.0,1896000.0,31603.0,21486.0,20181122,331800000000,0.5167921617931882,0.9523809523809523,19.0,-0.3201148038724987
20180906,2018,000880,한화,기타화학제품제조업,31400,63.0,1978200.0,31347.0,29747.0,20181113,2353704279000,0.5165162978759762,0.9489795918367347,20.0,-0.05103650672208415
20180906,2018,048260,오스템임플란트,의료용기기제조업,49300,40.0,1972000.0,419823.0,429922.0,20181113,704285848100,0.5124430294526139,0.9464285714285714,21.0,0.02405496310329136
20180906,2018,003240,태광산업,화학섬유제조업,1559000,1.0,1559000.0,1563136.0,1302907.0,20181113,1735790600000,0.5119249853820292,0.9438775510204082,22.0,-0.16647875211276353
20180906,2018,057500,SKC 솔믹스,전자부품제조업,4690,426.0,1997940.0,4534.0,3435.0,20190208,288407047600,0.5154833553336712,0.9404761904761905,23.0,-0.24240721449468094
20180906,2018,010120,LS ELECTRIC,"전동기,발전기및전기변환ㆍ공급ㆍ제어장치제조업",76000,26.0,1976000.0,15380.0,9409.0,20181113,2280000000000,0.5137889152984392,0.9387755102040817,24.0,-0.38819050205274297
20180906,2018,084990,헬릭스미스,자연과학및공학연구개발업,224500,8.0,1796000.0,121028.0,99859.0,20181113,3582180370000,0.5163977272023657,0.9345238095238095,25.0,-0.1749057133748234
20180906,2018,005440,현대지에프홀딩스,종합소매업,12800,156.0,1996800.0,8452.0,7761.0,20181113,1250617369600,0.516955369972703,0.9336734693877551,26.0,-0.08176145958780145
20180906,2018,004990,롯데지주,기타식품제조업,47500,42.0,1995000.0,47856.0,49889.0,20181113,5536896257500,0.5131307822500695,0.9285714285714286,27.0,0.04248638086681655
20180906,2018,200130,콜마비앤에이치,기초의약물질및생물학적제제제조업,25800,77.0,1986600.0,25529.0,19642.0,20181113,762223796400,0.5135303946426796,0.9285714285714286,28.0,-0.23058536247039318
20180906,2018,034220,LG디스플레이,전자부품제조업,21450,93.0,1994850.0,19437.0,16761.0,20181113,7675146765000,0.5160984167073096,0.923469387755102,29.0,-0.1376638644223096
20180906,2018,018000,유니슨,일반목적용기계제조업,2210,904.0,1997840.0,1887.0,5666.0,20200916,206857339260,0.5119627308144649,0.9226190476190477,30.0,2.0031013637944515
20180906,2018,047040,대우건설,건물건설업,5210,383.0,1995430.0,5206.0,4767.0,20181113,2165393943980,0.5168521070157173,0.9183673469387755,31.0,-0.08439512458533172
20180906,2018,214450,파마리서치,생활용품도매업,41450,48.0,1989600.0,41778.0,33191.0,20181113,392374694650,0.5091042065203315,0.9166666666666666,32.0,-0.205526595171296
20180906,2018,000210,DL,토목건설업,81700,24.0,1960800.0,74312.0,73580.0,20181113,2843160000000,0.516155419933688,0.9132653061224489,33.0,-0.00984943348327838
20180906,2018,222800,심텍,전자부품제조업,9320,214.0,1994480.0,8959.0,9379.0,20191016,212057577880,0.5129494931574927,0.9107142857142857,34.0,0.04697342677563032
20180906,2018,000990,DB하이텍,반도체제조업,17850,112.0,1999200.0,17830.0,11915.0,20181113,792514795800,0.5103434051457618,0.9081632653061225,35.0,-0.3317103596366363
20180906,2018,099190,아이센스,의료용기기제조업,21550,92.0,1982600.0,10914.0,10340.0,20181127,296037478900,0.5089997619218207,0.9047619047619048,36.0,-0.05267247276216147
20180906,2018,003850,보령,의약품제조업,10950,182.0,1992900.0,8130.0,7676.0,20181113,483990000000,0.5112810370556335,0.9030612244897959,37.0,-0.055834877417006656
20180906,2018,067390,아스트,"항공기,우주선및부품제조업",14300,139.0,1987700.0,13269.0,11000.0,20190621,224725887100,0.5078236480280387,0.8988095238095238,38.0,-0.1709958585146205
20180906,2018,090430,아모레퍼시픽,기타화학제품제조업,261000,7.0,1827000.0,263369.0,153142.0,20181113,15257665890000,0.5143010987387255,0.8979591836734694,39.0,-0.4185262324954099
20180906,2018,018260,삼성에스디에스,"컴퓨터프로그래밍,시스템통합및관리업",239000,8.0,1912000.0,242891.0,186704.0,20181113,18493294200000,0.5128280858133097,0.8775510204081632,46.0,-0.23132815606227186
20180906,2018,011070,LG이노텍,전자부품제조업,148000,13.0,1924000.0,146658.0,103624.0,20181113,3502731836000,0.514080399259019,0.8571428571428571,53.0,-0.29342864597527285
20180906,2018,182400,엔케이젠바이오텍코리아,기초의약물질및생물학적제제제조업,15200,131.0,1991200.0,13678.0,12724.0,20181113,375519724000,0.5085359432378735,0.8571428571428571,54.0,-0.06975638034539489
20180906,2018,272290,이녹스첨단소재,전자부품제조업,61200,32.0,1958400.0,27627.0,20050.0,20181113,548933767200,0.5104224824302515,0.8273809523809523,64.0,-0.2742497267622096
20180906,2018,005930,삼성전자,통신및방송장비제조업,46100,43.0,1982300.0,44824.0,44425.0,20181113,295930868670000,0.5147785038147441,0.826530612244898,65.0,-0.00890488652194954
20180906,2018,003060,에이프로젠바이오로직스,의약품제조업,3915,510.0,1996650.0,22720.0,16150.0,20181113,422358789510,0.5088275320698469,0.8163265306122449,68.0,-0.28918123753268654
20180906,2018,091700,파트론,전자부품제조업,7610,262.0,1993820.0,7619.0,8628.0,20181113,412130280100,0.510100918628411,0.8154761904761905,69.0,0.13242237551927016
20180906,2018,145990,삼양사,기타식품제조업,72000,27.0,1944000.0,72525.0,45011.0,20200528,740865816000,0.5103427009761003,0.8061224489795918,72.0,-0.3793674899495316
20180906,2018,170900,동아에스티,의약품제조업,102000,19.0,1938000.0,93213.0,85200.0,20181113,861274536000,0.5082292709222762,0.8010204081632653,74.0,-0.08596388830907908
20180906,2018,004490,세방전지,일차전지및축전지제조업,35450,56.0,1985200.0,35573.0,37935.0,20190211,496300000000,0.5143457520662661,0.7908163265306123,78.0,0.06637698240691736
20180906,2018,214370,케어젠,기초의약물질및생물학적제제제조업,84500,23.0,1943500.0,13655.0,12306.0,20181113,907783500000,0.5071661732383668,0.7678571428571429,86.0,-0.09880177548949165
20181112,2018,051910,LG화학,기초화학물질제조업,333500,5.0,1667500.0,335666.0,356161.0,20190115,23542546390500,0.5231135772467146,1.0,1.0,0.0610579019126678
20181112,2018,108320,LX세미콘,반도체제조업,38150,52.0,1983800.0,37958.0,35311.0,20190115,620483045000,0.516709300072502,1.0,2.0,-0.06973011403281315
20181112,2018,012330,현대모비스,자동차신품부품제조업,186000,10.0,1860000.0,186019.0,201522.0,20190115,18105958518000,0.520056647794602,0.9945945945945946,3.0,0.08333882349831945
20181112,2018,039840,디오,의료용기기제조업,26850,74.0,1986900.0,27337.0,27383.0,20190115,407352170550,0.5130199003667824,0.9927536231884058,4.0,0.0016989773436142386
20181112,2018,011070,LG이노텍,전자부품제조업,109500,18.0,1971000.0,103624.0,90216.0,20190115,2591548216500,0.5190721815833235,0.9891891891891892,5.0,-0.12939801118884364
20181112,2018,086450,동국제약,의약품제조업,51300,38.0,1949400.0,10291.0,11269.0,20190115,456159600000,0.5154771385290214,0.9855072463768116,6.0,0.09501064241721102
20181112,2018,007570,일양약품,의약품제조업,29050,68.0,1975400.0,32995.0,31143.0,20190115,553285835200,0.5151874371195821,0.9837837837837838,7.0,-0.056135176644676155
20181112,2018,034730,SK,기타금융업,273500,7.0,1914500.0,271973.0,259937.0,20190115,19243541229500,0.5193766681991068,0.9783783783783784,8.0,-0.044254592033254214
20181112,2018,200130,콜마비앤에이치,기초의약물질및생물학적제제제조업,20350,98.0,1994300.0,19642.0,19839.0,20190115,601211405300,0.510078930248683,0.9782608695652174,9.0,0.009992852953052633
20181112,2018,003550,LG,기타금융업,69000,28.0,1932000.0,64440.0,69274.0,20190115,11906442039000,0.519300408418818,0.972972972972973,10.0,0.07500932743012201
20181112,2018,056190,에스에프에이,특수목적용기계제조업,41250,48.0,1980000.0,41233.0,37597.0,20190529,1481236350000,0.5129063106039828,0.9710144927536232,11.0,-0.08817467391797174
20181112,2018,047040,대우건설,건물건설업,4765,419.0,1996535.0,4767.0,3832.0,20200529,1980441870070,0.5184909715198048,0.9675675675675676,12.0,-0.19602389240955775
20181112,2018,168330,내츄럴엔도텍,자연과학및공학연구개발업,17000,117.0,1989000.0,33981.0,28176.0,20190115,351318974000,0.5161481881406411,0.9637681159420289,13.0,-0.17081058927283332
20181112,2018,042670,HD현대인프라코어,특수목적용기계제조업,8280,241.0,1995480.0,6994.0,7018.0,20190115,1723540465080,0.5122875295832547,0.9621621621621622,14.0,0.0033891075488805544
20181112,2018,011790,SKC,기타화학제품제조업,35700,56.0,1999200.0,33002.0,36004.0,20190115,1339983613500,0.5132587571030576,0.9567567567567568,15.0,0.09098063435957471
20181112,2018,030520,한글과컴퓨터,소프트웨어개발및공급업,13500,148.0,1998000.0,13482.0,13581.0,20190115,311609848500,0.5095385725848645,0.9565217391304348,16.0,0.007327945615355658
20181112,2018,181710,NHN,소프트웨어개발및공급업,51400,38.0,1953200.0,27549.0,31147.0,20190115,1005642285000,0.5118160688390193,0.9513513513513514,17.0,0.13058752651883831
20181112,2018,214370,케어젠,기초의약물질및생물학적제제제조업,75000,26.0,1950000.0,12306.0,16100.0,20210111,805725000000,0.506911110799537,0.9492753623188406,18.0,0.30825848890637153
20181112,2018,000210,DL,토목건설업,80900,24.0,1941600.0,73580.0,87757.0,20190115,2815320000000,0.5178498255900643,0.9459459459459459,19.0,0.19267757272325836
20181112,2018,214450,파마리서치,생활용품도매업,32900,60.0,1974000.0,33191.0,38143.0,20190308,311438539300,0.5057110954977024,0.9420289855072463,20.0,0.14919809082208557
20181112,2018,003410,쌍용양회,"시멘트,석회,플라스터및그제품제조업",5230,382.0,1997860.0,5786.0,6674.0,20190115,2635185681850,0.5142465278525938,0.9405405405405406,21.0,0.15349112783982144
20181112,2018,005440,현대지에프홀딩스,종합소매업,12100,165.0,1996500.0,7761.0,9571.0,20190115,1182224232200,0.5162526584050967,0.9351351351351351,22.0,0.23319589659030737
20181112,2018,122990,와이솔,전자부품제조업,16250,123.0,1998750.0,16917.0,15171.0,20190115,392306541250,0.5124540117860514,0.9347826086956522,23.0,-0.1031804086569943
20181112,2018,003240,태광산업,화학섬유제조업,1330000,1.0,1330000.0,1302907.0,1306946.0,20190115,1480822000000,0.514062247460731,0.9297297297297298,24.0,0.0030999536838260955
20181112,2018,036830,솔브레인홀딩스,기타화학제품제조업,49200,40.0,1968000.0,23464.0,23725.0,20190115,855994933200,0.5086996538616504,0.927536231884058,25.0,0.011124003779608094
20181112,2018,000880,한화,기타화학제품제조업,29400,68.0,1999200.0,29747.0,25044.0,20191128,2203786809000,0.511629669829561,0.9243243243243243,26.0,-0.15811029076328642
20181112,2018,192080,더블유게임즈,소프트웨어개발및공급업,61400,32.0,1964800.0,51895.0,46401.0,20190115,1120384097200,0.5070528407940855,0.9202898550724637,27.0,-0.10586655522560529
20181112,2018,005930,삼성전자,통신및방송장비제조업,45200,44.0,1988800.0,44425.0,41030.0,20190115,290153476440000,0.5155788421759577,0.918918918918919,28.0,-0.07642491710721688
20181112,2018,066570,LG전자,통신및방송장비제조업,71200,28.0,1993600.0,70084.0,65705.0,20190115,11651724356800,0.5155280436733907,0.9135135135135135,29.0,-0.062479029151708665
20181112,2018,098460,고영,특수목적용기계제조업,86000,23.0,1978000.0,15824.0,15566.0,20190115,1177163786000,0.5061301794385306,0.9130434782608695,30.0,-0.01634647463098604
20181112,2018,000240,한국앤컴퍼니,기타금융업,16200,123.0,1992600.0,16106.0,16008.0,20190117,1506926802600,0.5153197485936816,0.9081081081081082,31.0,-0.0061030779414958936
20181112,2018,182400,엔케이젠바이오텍코리아,기초의약물질및생물학적제제제조업,13800,144.0,1987200.0,12724.0,11266.0,20190115,342031495800,0.5047834664535196,0.9057971014492754,32.0,-0.1145707466717929
20181112,2018,007310,오뚜기,기타식품제조업,659000,3.0,1977000.0,660516.0,783805.0,20190115,2375851183000,0.511577841052536,0.9027027027027027,33.0,0.18665633540481452
20181112,2018,253450,스튜디오드래곤,"영화,비디오물,방송프로그램제작및배급업",101200,19.0,1922800.0,102834.0,82743.0,20201019,2837368688000,0.5122604532375479,0.8985507246376812,34.0,-0.19537762249682444
20181112,2018,028050,삼성E&A,"건축기술,엔지니어링및관련기술서비스업",18400,108.0,1987200.0,18280.0,17978.0,20190115,3606400000000,0.5132417485400378,0.8972972972972973,35.0,-0.016494968646424746
20181112,2018,005490,POSCO홀딩스,1차철강제조업,258000,7.0,1806000.0,257289.0,256806.0,20190115,22494203430000,0.5216572216820139,0.8918918918918919,36.0,-0.0018785264010954261
20181112,2018,052710,아모텍,전자부품제조업,21300,93.0,1980900.0,13867.0,15231.0,20190409,207534547800,0.5097227417441166,0.8913043478260869,37.0,0.0983168008633184
20181112,2018,084990,헬릭스미스,자연과학및공학연구개발업,181000,11.0,1991000.0,99859.0,132914.0,20190115,2888083060000,0.5097150806034447,0.8768115942028986,41.0,0.33101711251203336
20181112,2018,004990,롯데지주,기타식품제조업,50300,39.0,1961700.0,49889.0,51122.0,20190115,5863281721100,0.510632948876073,0.8756756756756757,42.0,0.024706558928211608
20181112,2018,003850,보령,의약품제조업,10200,196.0,1999200.0,7676.0,7291.0,20190115,450840000000,0.5106021334830864,0.8702702702702703,43.0,-0.050197137901354605
20181112,2018,053800,안랩,소프트웨어개발및공급업,41500,48.0,1992000.0,41011.0,46383.0,20190115,415574982500,0.5051922200325845,0.8695652173913043,44.0,0.13097480553208363
20181112,2018,010120,LS ELECTRIC,"전동기,발전기및전기변환ㆍ공급ㆍ제어장치제조업",47400,42.0,1990800.0,9409.0,10246.0,20190115,1422000000000,0.513069712316892,0.8648648648648649,45.0,0.08894775076504535
20181112,2018,093050,LF,봉제의복제조업,22900,87.0,1992300.0,22729.0,24927.0,20190115,669596000000,0.507923596858592,0.8324324324324325,56.0,0.09671624982973248
20181112,2018,099190,아이센스,의료용기기제조업,24100,82.0,1976200.0,12044.0,12650.0,20190115,331067435800,0.5057294662232095,0.8188405797101449,60.0,0.05032144665979654
20181112,2018,170900,동아에스티,의약품제조업,94000,21.0,1974000.0,85200.0,93209.0,20190115,793723592000,0.508701510391482,0.8162162162162162,61.0,0.09401269585072347
20181112,2018,091700,파트론,전자부품제조업,8830,226.0,1995580.0,8628.0,8840.0,20190115,478201100300,0.5065895113467898,0.7971014492753623,67.0,0.0245313697154117
20181112,2018,011170,롯데케미칼,기초화학물질제조업,286000,6.0,1716000.0,267248.0,256262.0,20190115,9802769834000,0.5104932457329334,0.7837837837837838,71.0,-0.04110717030395772
20181112,2018,034220,LG디스플레이,전자부품제조업,18100,110.0,1991000.0,16761.0,18427.0,20190115,6476464170000,0.5089239224658564,0.7567567567567568,80.0,0.09939301063276496
20181112,2018,272290,이녹스첨단소재,전자부품제조업,45500,43.0,1956500.0,20050.0,20379.0,20190115,408112523000,0.5054367304090348,0.7536231884057971,81.0,0.01639663434536698
20181112,2018,048260,오스템임플란트,의료용기기제조업,50300,39.0,1961700.0,429922.0,465586.0,20190115,718571565100,0.504291963493997,0.7463768115942029,83.0,0.08295604335786466
20190102,2019,001800,오리온홀딩스,기타금융업,16650,120.0,1998000.0,16726.0,19427.0,20190308,1043027478450,0.5021346272402332,1.0,1.0,0.1615193148633356
20190102,2019,237690,에스티팜,의약품제조업,19350,103.0,1993050.0,18593.0,22537.0,20190308,360993600000,0.5021346272402332,1.0,2.0,0.2121026156634318
20190102,2019,204320,HL만도,자동차신품부품제조업,28850,69.0,1990650.0,29373.0,31218.0,20190308,1354712912000,0.5019332386188184,0.9947368421052631,3.0,0.06283961126093196
20190102,2019,041140,넥슨지티,소프트웨어개발및공급업,6370,313.0,1993810.0,8292.0,11766.0,20190308,225328061140,0.5021346272402332,0.9922480620155039,4.0,0.4189826507247658
20190102,2019,033240,자화전자,전자부품제조업,11600,172.0,1995200.0,11979.0,12675.0,20190308,207640000000,0.5021346272402332,0.9894736842105263,5.0,0.05813353414339395
20190102,2019,168330,내츄럴엔도텍,자연과학및공학연구개발업,13000,153.0,1989000.0,25978.0,8438.0,20210923,268655686000,0.5021346272402332,0.9844961240310077,6.0,-0.675188821994888
20190102,2019,161000,애경케미칼,기초화학물질제조업,7840,255.0,1999200.0,7543.0,9110.0,20190308,251193600000,0.5021346272402332,0.9842105263157894,7.0,0.20783139985723564
20190102,2019,005490,POSCO홀딩스,1차철강제조업,237000,8.0,1896000.0,237291.0,249759.0,20190308,20663279895000,0.5019332386188184,0.9789473684210527,8.0,0.052543821597320184
20190102,2019,084370,유진테크,특수목적용기계제조업,10650,187.0,1991550.0,10149.0,11350.0,20190308,244055847300,0.5019332386188184,0.9767441860465116,9.0,0.1183329130977433
20190102,2019,069960,현대백화점,종합소매업,87700,22.0,1929400.0,87510.0,96813.0,20190308,2052394075700,0.5019332386188184,0.9736842105263158,10.0,0.10630282706065253
20190102,2019,200130,콜마비앤에이치,기초의약물질및생물학적제제제조업,20100,99.0,1989900.0,19190.0,29934.0,20190308,593825515800,0.5019332386188184,0.9689922480620154,11.0,0.5598682922484315
20190102,2019,042670,HD현대인프라코어,특수목적용기계제조업,7330,272.0,1993760.0,6207.0,6460.0,20190308,1525796586040,0.5019332386188184,0.968421052631579,12.0,0.040783063851854706
20190102,2019,078930,GS,기타금융업,48500,41.0,1988500.0,48328.0,51370.0,20190308,4506395833000,0.5019332386188184,0.9631578947368421,13.0,0.06294448939347319
20190102,2019,078160,메디포스트,기초의약물질및생물학적제제제조업,72000,27.0,1944000.0,30876.0,37218.0,20190308,566526312000,0.5019332386188184,0.9612403100775194,14.0,0.2053889191859397
20190102,2019,000070,삼양홀딩스,기타금융업,78200,25.0,1955000.0,51589.0,58394.0,20190308,669725992200,0.5019332386188184,0.9578947368421052,15.0,0.13190163093640983
20190102,2019,086450,동국제약,의약품제조업,56700,35.0,1984500.0,11070.0,11690.0,20190531,504176400000,0.5019332386188184,0.9534883720930233,16.0,0.05597289687220974
20190102,2019,003240,태광산업,화학섬유제조업,1334000,1.0,1334000.0,1311936.0,1514378.0,20190308,1485275600000,0.5019332386188184,0.9526315789473684,17.0,0.1543080252070692
20190102,2019,003850,보령,의약품제조업,10050,199.0,1999950.0,7404.0,7824.0,20190308,444210000000,0.5019332386188184,0.9473684210526315,18.0,0.056650072861426315
20190102,2019,067290,JW신약,의약품제조업,6570,304.0,1997280.0,4734.0,5193.0,20190308,273753280620,0.5019332386188184,0.9457364341085271,19.0,0.09694371416504155
20190102,2019,007310,오뚜기,기타식품제조업,716000,2.0,1432000.0,727522.0,762851.0,20190308,2581349692000,0.5019332386188184,0.9421052631578948,20.0,0.0485608446350938
20190102,2019,100120,뷰웍스,의료용기기제조업,32350,61.0,1973350.0,31586.0,33727.0,20190308,323560332750,0.5019332386188184,0.937984496124031,21.0,0.06777880251689572
20190102,2019,005610,SPC삼립,기타식품제조업,125500,15.0,1882500.0,125042.0,114048.0,20190308,1082940629500,0.5019332386188184,0.9368421052631579,22.0,-0.0879240219762557
20190102,2019,003490,대한항공,항공여객운송업,32400,61.0,1976400.0,20658.0,22536.0,20190308,3072966141600,0.5018197937534492,0.9315789473684211,23.0,0.09091669524427615
20190102,2019,041830,인바디,의료용기기제조업,21500,93.0,1999500.0,20996.0,22509.0,20190308,294201313000,0.5019332386188184,0.9302325581395349,24.0,0.07206353498293927
20190102,2019,103140,풍산,1차비철금속제조업,26550,75.0,1991250.0,26462.0,29873.0,20190308,744044580900,0.5018076431915,0.9263157894736842,25.0,0.12891757920895275
20190102,2019,089600,KT나스미디어,광고업,27100,73.0,1978300.0,20465.0,25128.0,20190308,237252126100,0.5021346272402332,0.9224806201550387,26.0,0.22788024704557608
20190102,2019,010140,삼성중공업,선박및보트건조업,7240,276.0,1998240.0,7091.0,8223.0,20190308,4561200000000,0.5020211823748639,0.9210526315789473,27.0,0.1596698326878201
20190102,2019,017670,SK텔레콤,전기통신업,272500,7.0,1907500.0,47479.0,43432.0,20190308,22003206247500,0.5018926579099896,0.9157894736842105,28.0,-0.08525119929481073
20190102,2019,022100,포스코DX,"건축기술,엔지니어링및관련기술서비스업",5120,390.0,1996800.0,5086.0,5789.0,20190308,778417812480,0.5020315313561963,0.9147286821705426,29.0,0.1380898208977559
20190102,2019,073240,금호타이어,고무제품제조업,5200,384.0,1996800.0,5192.0,5053.0,20190308,1493753492400,0.5016484936814491,0.9105263157894737,30.0,-0.02679119479701142
20190102,2019,035900,JYP Ent.,오디오물출판및원판녹음업,29050,68.0,1975400.0,28281.0,30093.0,20190308,1027069024800,0.5018076431915,0.9069767441860465,31.0,0.06407351530370953
20190102,2019,012510,더존비즈온,"컴퓨터프로그래밍,시스템통합및관리업",51700,38.0,1964600.0,50302.0,45103.0,20190308,1534078590000,0.5016484936814491,0.9052631578947369,32.0,-0.10336489691724282
20190102,2019,000990,DB하이텍,반도체제조업,10500,190.0,1995000.0,10110.0,11661.0,20190308,466185174000,0.5019332386188184,0.9,33.0,0.15334297080470072
20190102,2019,023410,유진기업,"시멘트,석회,플라스터및그제품제조업",6020,332.0,1998640.0,5850.0,7073.0,20190308,464274843340,0.5019332386188184,0.8992248062015504,34.0,0.20898578554653047
20190102,2019,000970,한국주철관,1차철강제조업,9750,205.0,1998750.0,9633.0,10063.0,20190308,222304875000,0.5018076431915,0.8947368421052632,35.0,0.04461959680620464
20190102,2019,108320,LX세미콘,반도체제조업,33700,59.0,1988300.0,31558.0,41109.0,20190308,548106910000,0.5019332386188184,0.8914728682170543,36.0,0.3026691102040173
20190102,2019,161890,한국콜마,기타화학제품제조업,70000,28.0,1960000.0,69585.0,77386.0,20190308,1564268860000,0.5019332386188184,0.8894736842105263,37.0,0.11211260683993052
20190102,2019,051900,LG생활건강,기타화학제품제조업,1081000,1.0,1081000.0,1095935.0,1274125.0,20190308,16883270957000,0.5019332386188184,0.8842105263157894,38.0,0.1625921364224252
20190102,2019,073070,에이팸,자동차신품부품제조업,7040,284.0,1999360.0,33190.0,30439.0,20190308,616058960000,0.5018076431915,0.8837209302325582,39.0,-0.0828752950630911
20190102,2019,011790,SKC,기타화학제품제조업,35450,56.0,1985200.0,32857.0,34683.0,20190308,1330599974750,0.5019332386188184,0.8789473684210526,40.0,0.05558798283293154
20190102,2019,082920,비츠로셀,일차전지및축전지제조업,10750,186.0,1999500.0,4918.0,5223.0,20190308,210597133250,0.5019332386188184,0.875968992248062,41.0,0.062040328222433105
20190102,2019,002380,KCC,기타화학제품제조업,308500,6.0,1851000.0,277495.0,269650.0,20190308,3256684260500,0.5019332386188184,0.8736842105263158,42.0,-0.028272173583691496
20190102,2019,036830,솔브레인홀딩스,기타화학제품제조업,46600,42.0,1957200.0,21443.0,24161.0,20190308,810759428600,0.5019332386188184,0.8682170542635659,44.0,0.12673821424061837
20190102,2019,181710,NHN,소프트웨어개발및공급업,57300,34.0,1948200.0,29895.0,42144.0,20190308,1121075932500,0.5019332386188184,0.8631578947368421,45.0,0.4097065725898261
20190102,2019,192080,더블유게임즈,소프트웨어개발및공급업,57100,35.0,1998500.0,47838.0,51961.0,20190308,1041920715800,0.5019332386188184,0.8604651162790697,46.0,0.08617734619251571
20190102,2019,053800,안랩,소프트웨어개발및공급업,46150,43.0,1984450.0,44728.0,52099.0,20190308,462139408250,0.5019332386188184,0.8527131782945736,48.0,0.16479957033222892
20190102,2019,011070,LG이노텍,전자부품제조업,83700,23.0,1925100.0,81801.0,107146.0,20190308,1980936855900,0.5019332386188184,0.8105263157894737,62.0,0.30983906587454557
20190102,2019,066570,LG전자,통신및방송장비제조업,62800,31.0,1946800.0,62800.0,73597.0,20190308,10277082719200,0.5019332386188184,0.7894736842105263,69.0,0.1719399707378697
20190102,2019,005930,삼성전자,통신및방송장비제조업,38750,51.0,1976250.0,37534.0,43731.0,20190308,231329073812500,0.5019332386188184,0.7842105263157895,70.0,0.16510234505639287
20190102,2019,093050,LF,봉제의복제조업,25050,79.0,1978950.0,25128.0,24624.0,20190308,732462000000,0.5019332386188184,0.7631578947368421,77.0,-0.0200545316002394
20190307,2019,006620,동구바이오제약,의약품제조업,21550,92.0,1982600.0,7281.0,8985.0,20210915,206966200000,0.5021346272402332,1.0,1.0,0.23402955467836906
20190307,2019,014680,한솔케미칼,기초화학물질제조업,86900,23.0,1998700.0,87102.0,82562.0,20190509,981552445500,0.5018926579099896,1.0,2.0,-0.05212392524444176
20190307,2019,005490,POSCO홀딩스,1차철강제조업,250500,7.0,1753500.0,249759.0,245249.0,20190509,21840302167500,0.5019332386188184,0.9948453608247423,3.0,-0.018057491418779992
20190307,2019,073070,에이팸,자동차신품부품제조업,6270,318.0,1993860.0,30439.0,28251.0,20190509,549670641630,0.5021346272402332,0.9936305732484076,4.0,-0.0718695374008883
20190307,2019,009150,삼성전기,전자부품제조업,101500,19.0,1928500.0,99597.0,99998.0,20190509,7581410144000,0.5019332386188184,0.9896907216494846,5.0,0.004030691899651773
20190307,2019,078340,컴투스,소프트웨어개발및공급업,111700,17.0,1898900.0,114496.0,96416.0,20190509,1437179114000,0.5021346272402332,0.9872611464968153,6.0,-0.1579117823173546
20190307,2019,001800,오리온홀딩스,기타금융업,19700,101.0,1989700.0,19427.0,18732.0,20190509,1234114813400,0.5020211823748639,0.9845360824742269,7.0,-0.035790368562954256
20190307,2019,203690,아크솔루션스,기초의약물질및생물학적제제제조업,6550,305.0,1997750.0,33164.0,31570.0,20190509,297205051350,0.5021346272402332,0.9808917197452229,8.0,-0.04808381595926514
20190307,2019,010120,LS ELECTRIC,"전동기,발전기및전기변환ㆍ공급ㆍ제어장치제조업",50100,39.0,1953900.0,9907.0,9148.0,20190509,1503000000000,0.5021346272402332,0.979381443298969,9.0,-0.07661470813973714
20190307,2019,043150,바텍,의료용기기제조업,23950,83.0,1987850.0,23252.0,25101.0,20190509,355759431200,0.5021346272402332,0.9745222929936306,10.0,0.07952663060450482
20190307,2019,003850,보령,의약품제조업,10300,194.0,1998200.0,7824.0,9855.0,20190509,455260000000,0.5019332386188184,0.9742268041237113,11.0,0.2596077152015881
20190307,2019,003060,에이프로젠바이오로직스,의약품제조업,2570,778.0,1999460.0,15559.0,14146.0,20190509,277257238580,0.5019332386188184,0.9690721649484536,12.0,-0.09080858942286507
20190307,2019,067290,JW신약,의약품제조업,7000,285.0,1995000.0,5193.0,4573.0,20190509,291670162000,0.5019332386188184,0.9681528662420382,13.0,-0.11950668473478021
20190307,2019,008730,율촌화학,플라스틱제품제조업,13500,148.0,1998000.0,13597.0,14498.0,20190925,334800000000,0.5016941983261308,0.9639175257731959,14.0,0.06627003979202684
20190307,2019,048410,현대바이오,기타화학제품제조업,6000,333.0,1998000.0,3506.0,7211.0,20190521,202313154000,0.5019332386188184,0.9617834394904459,15.0,1.0565928819287227
20190307,2019,069260,TKG휴켐스,기타화학제품제조업,20950,95.0,1990250.0,20335.0,20379.0,20190509,856406418600,0.5019332386188184,0.9587628865979382,16.0,0.002162765496230179
20190307,2019,245620,EDGC,자연과학및공학연구개발업,6630,301.0,1995630.0,3145.0,3444.0,20190509,239826592200,0.5016484936814491,0.9554140127388535,17.0,0.09487079799777054
20190307,2019,000990,DB하이텍,반도체제조업,11900,168.0,1999200.0,11661.0,14113.0,20190509,528343197200,0.5019332386188184,0.9536082474226805,18.0,0.21027969719185746
20190307,2019,232140,와이씨,특수목적용기계제조업,3370,593.0,1998410.0,3333.0,3426.0,20191120,208227096720,0.5019332386188184,0.9490445859872612,19.0,0.0279482338669379
20190307,2019,003410,쌍용양회,"시멘트,석회,플라스터및그제품제조업",6210,322.0,1999620.0,6827.0,6576.0,20190509,3128968084950,0.5018197937534492,0.9484536082474226,20.0,-0.036760527865201786
20190307,2019,005930,삼성전자,통신및방송장비제조업,44450,44.0,1955800.0,43731.0,42395.0,20190509,265356834347500,0.5018926579099896,0.9432989690721649,21.0,-0.03055515388729102
20190307,2019,095190,이엠코리아,특수목적용기계제조업,8320,240.0,1996800.0,8239.0,6539.0,20190509,302288097280,0.5019332386188184,0.9426751592356688,22.0,-0.20630267515486933
20190307,2019,042700,한미반도체,특수목적용기계제조업,8110,246.0,1995060.0,3951.0,4111.0,20190509,464085747900,0.5019332386188184,0.9381443298969072,23.0,0.040597391616930434
20190307,2019,084110,휴온스글로벌,기타금융업,43300,46.0,1991800.0,37212.0,33562.0,20190509,450506146700,0.5019332386188184,0.9363057324840764,24.0,-0.09808383172674362
20190307,2019,042670,HD현대인프라코어,특수목적용기계제조업,7910,252.0,1993320.0,6460.0,5776.0,20190509,1646554870520,0.5019332386188184,0.9329896907216495,25.0,-0.105857118580296
20190307,2019,091700,파트론,전자부품제조업,10500,190.0,1995000.0,10627.0,14267.0,20190509,568642305000,0.5018197937534492,0.9299363057324841,26.0,0.3425349358525096
20190307,2019,005610,SPC삼립,기타식품제조업,117000,17.0,1989000.0,114048.0,119535.0,20190509,1009594053000,0.5019332386188184,0.9278350515463918,27.0,0.04811224974840256
20190307,2019,095660,네오위즈,소프트웨어개발및공급업,13300,150.0,1995000.0,13627.0,12728.0,20190509,291469606400,0.5019332386188184,0.9235668789808917,28.0,-0.06599072651678162
20190307,2019,078930,GS,기타금융업,51800,38.0,1968400.0,51370.0,49668.0,20190509,4813016580400,0.5019332386188184,0.9226804123711341,29.0,-0.03314075999296595
20190307,2019,060980,HL홀딩스,기타금융업,43300,46.0,1991800.0,41850.0,41744.0,20191025,453440631000,0.5019332386188184,0.9175257731958762,30.0,-0.0025541941199049845
20190307,2019,035600,KG이니시스,소프트웨어개발및공급업,14050,142.0,1995100.0,13949.0,14301.0,20190509,392057297700,0.5019332386188184,0.9171974522292994,31.0,0.025275839210510576
20190307,2019,000070,삼양홀딩스,기타금융업,88000,22.0,1936000.0,58394.0,50434.0,20190704,753655848000,0.5019332386188184,0.9123711340206185,32.0,-0.1363180524161156
20190307,2019,052710,아모텍,전자부품제조업,21850,91.0,1988350.0,14998.0,13826.0,20190510,212893421100,0.5018076431915,0.910828025477707,33.0,-0.0781512888387591
20190307,2019,011070,LG이노텍,전자부품제조업,107500,18.0,1935000.0,107146.0,111639.0,20190509,2544214002500,0.5018301427347815,0.9072164948453608,34.0,0.041926821785465807
20190307,2019,028150,GS홈쇼핑,텔레비전방송업,187700,10.0,1877000.0,184228.0,174820.0,20190509,1231781250000,0.5019332386188184,0.9044585987261147,35.0,-0.05106760866958482
20190307,2019,022100,포스코DX,"건축기술,엔지니어링및관련기술서비스업",5900,338.0,1994200.0,5789.0,5387.0,20190509,897004901100,0.5021346272402332,0.8853503184713376,42.0,-0.06945498221394564
20190307,2019,103140,풍산,1차비철금속제조업,31150,64.0,1993600.0,29873.0,25516.0,20190509,872956259700,0.50153504881608,0.8762886597938144,45.0,-0.14587029703817778
20190307,2019,078160,메디포스트,기초의약물질및생물학적제제제조업,84500,23.0,1943500.0,37218.0,29661.0,20190509,664881574500,0.5019332386188184,0.8726114649681529,46.0,-0.20302502322615856
20190307,2019,108320,LX세미콘,반도체제조업,42700,46.0,1964200.0,41109.0,45504.0,20190509,694485610000,0.5018197937534492,0.8662420382165605,48.0,0.10689901737543406
20190307,2019,073240,금호타이어,고무제품제조업,5070,394.0,1997580.0,5053.0,4359.0,20190509,1456409655090,0.5021346272402332,0.865979381443299,49.0,-0.13746124945702232
20190307,2019,012510,더존비즈온,"컴퓨터프로그래밍,시스템통합및관리업",44900,44.0,1975600.0,45103.0,59893.0,20190509,1332304230000,0.5018076431915,0.8505154639175257,54.0,0.3279181776206792
20190307,2019,100120,뷰웍스,의료용기기제조업,33750,59.0,1991250.0,33727.0,31381.0,20190509,337562943750,0.5019332386188184,0.8471337579617835,55.0,-0.06953892392744643
20190307,2019,003490,대한항공,항공여객운송업,35400,56.0,1982400.0,22536.0,21172.0,20190509,3357500043600,0.5018197937534492,0.8298969072164949,61.0,-0.06051712787322383
20190307,2019,035900,JYP Ent.,오디오물출판및원판녹음업,29350,68.0,1995800.0,30093.0,27200.0,20190509,1038805212400,0.5018301427347815,0.821656050955414,64.0,-0.09612366152189245
20190307,2019,192080,더블유게임즈,소프트웨어개발및공급업,64200,31.0,1990200.0,51961.0,,,1172324228400,0.5018301427347815,0.8152866242038217,66.0,-0.02648623020391483
20190307,2019,011790,SKC,기타화학제품제조업,37900,52.0,1970800.0,34683.0,32575.0,20190509,1422559634500,0.5018197937534492,0.8092783505154639,68.0,-0.060782709609784824
20190307,2019,002380,KCC,기타화학제품제조업,312000,6.0,1872000.0,269650.0,252633.0,20190509,3293632056000,0.5018197937534492,0.7989690721649485,72.0,-0.06310547671042432
20190307,2019,053800,안랩,소프트웨어개발및공급업,51400,38.0,1953200.0,52099.0,58018.0,20190509,514712147000,0.5018197937534492,0.7898089171974523,75.0,0.1136103474185941
20190307,2019,007310,오뚜기,기타식품제조업,763000,2.0,1526000.0,762851.0,699603.0,20190509,2750795831000,0.5018197937534492,0.7783505154639175,79.0,-0.08291029964579577
20190307,2019,093050,LF,봉제의복제조업,24850,80.0,1988000.0,24624.0,23822.0,20190509,726614000000,0.5019332386188184,0.7731958762886598,81.0,-0.03259549043229637
20190508,2019,012630,HDC,기타금융업,16300,122.0,1988600.0,15909.0,13504.0,20190709,973790052300,0.5021346272402332,1.0,1.0,-0.15114962970329027
20190508,2019,067290,JW신약,의약품제조업,6270,318.0,1993860.0,4573.0,4011.0,20200522,261253130820,0.5021346272402332,1.0,2.0,-0.12280051485973209
20190508,2019,006260,LS,기타금융업,47500,42.0,1995000.0,46460.0,48463.0,20191014,1529500000000,0.5021346272402332,0.9954545454545455,3.0,0.043116522763048115
20190508,2019,006620,동구바이오제약,의약품제조업,21200,94.0,1992800.0,9344.0,7182.0,20220228,203604800000,0.5021346272402332,0.9945945945945946,4.0,-0.2313334229612456
20190508,2019,139480,이마트,종합소매업,167000,11.0,1837000.0,162262.0,139225.0,20190709,4655261773000,0.5021346272402332,0.990909090909091,5.0,-0.1419730916650146
20190508,2019,241710,코스메카코리아,기타화학제품제조업,22350,89.0,1989150.0,21366.0,27546.0,20230811,238698000000,0.5021346272402332,0.9891891891891892,6.0,0.28926159540684826
20190508,2019,010060,OCI홀딩스,기초화학물질제조업,90800,22.0,1997600.0,71066.0,72737.0,20190709,2165522886800,0.5021346272402332,0.9863636363636363,7.0,0.023513691337688103
20190508,2019,069080,웹젠,소프트웨어개발및공급업,18650,107.0,1995550.0,17801.0,18149.0,20190709,658547986600,0.5021346272402332,0.9837837837837838,8.0,0.019550414329597476
20190508,2019,006650,대한유화,기초화학물질제조업,151500,13.0,1969500.0,144523.0,130538.0,20190709,984750000000,0.5021346272402332,0.9818181818181818,9.0,-0.09676631433940963
20190508,2019,084110,휴온스글로벌,기타금융업,39550,50.0,1977500.0,33562.0,27452.0,20190801,431939867100,0.5021346272402332,0.9783783783783784,10.0,-0.1820484381477494
20190508,2019,161000,애경케미칼,기초화학물질제조업,9030,221.0,1995630.0,8758.0,7968.0,20190712,289321200000,0.5020940465314043,0.9772727272727273,11.0,-0.0903022328477262
20190508,2019,200230,텔콘RF제약,통신및방송장비제조업,7290,274.0,1997460.0,18837.0,16085.0,20190709,603147306240,0.5019332386188184,0.972972972972973,12.0,-0.14607396551422003
20190508,2019,011690,와이투솔루션,반도체제조업,7790,256.0,1994240.0,37589.0,35289.0,20190709,453021225790,0.5020211823748639,0.9727272727272728,13.0,-0.06119670192380533
20190508,2019,298040,효성중공업,"전동기,발전기및전기변환ㆍ공급ㆍ제어장치제조업",39350,50.0,1967500.0,37291.0,30671.0,20191014,366920963800,0.5019332386188184,0.9681818181818181,14.0,-0.17752241504435218
20190508,2019,255440,야스,특수목적용기계제조업,20500,97.0,1988500.0,19567.0,26114.0,20190709,267689000000,0.5018926579099896,0.9675675675675676,15.0,0.33461983844680354
20190508,2019,234080,JW생명과학,의약품제조업,23550,84.0,1978200.0,24189.0,22991.0,20190709,372903746700,0.5019332386188184,0.9636363636363636,16.0,-0.04954523510710618
20190508,2019,098460,고영,특수목적용기계제조업,93700,21.0,1967700.0,18334.0,17029.0,20190709,1282561008700,0.5018926579099896,0.9621621621621622,17.0,-0.07116172135707322
20190508,2019,006280,녹십자,의약품제조업,136500,14.0,1911000.0,132563.0,114551.0,20191014,1595212437000,0.5019332386188184,0.9590909090909091,18.0,-0.13587525195974104
20190508,2019,218410,RFHIC,통신및방송장비제조업,34000,58.0,1972000.0,33191.0,28939.0,20190709,797058668000,0.5018926579099896,0.9567567567567568,19.0,-0.12810410640360648
20190508,2019,004020,현대제철,1차철강제조업,44700,44.0,1966800.0,43325.0,37060.0,20191014,5965026589500,0.5019332386188184,0.9545454545454546,20.0,-0.1446106334284062
20190508,2019,067630,HLB생명과학,"건축기술,엔지니어링및관련기술서비스업",16200,123.0,1992600.0,7217.0,3491.0,20190709,758068810200,0.5018076431915,0.9513513513513514,21.0,-0.5163210604591122
20190508,2019,000970,한국주철관,1차철강제조업,10250,195.0,1998750.0,10262.0,11261.0,20190808,233705125000,0.5019332386188184,0.95,22.0,0.097319214474477
20190508,2019,243840,신흥에스이씨,일차전지및이차전지제조업,33200,60.0,1992000.0,6306.0,8344.0,20190722,217515875600,0.5018076431915,0.9459459459459459,23.0,0.32327850345938236
20190508,2019,033240,자화전자,전자부품제조업,12800,156.0,1996800.0,12075.0,11633.0,20200103,229120000000,0.5019332386188184,0.9454545454545454,24.0,-0.03664263918486599
20190508,2019,020150,롯데에너지머티리얼즈,전자부품제조업,36250,55.0,1993750.0,33401.0,37750.0,20190709,1671517768750,0.5019332386188184,0.9409090909090909,25.0,0.13022256009785038
20190508,2019,226950,올릭스,자연과학및공학연구개발업,67600,29.0,1960400.0,33420.0,20336.0,20190709,439800259600,0.5018197937534492,0.9405405405405406,26.0,-0.39149227203796344
20190508,2019,091810,트리니티항공,항공여객운송업,8300,240.0,1992000.0,3989.0,3119.0,20190709,389890939600,0.5020315313561963,0.9363636363636364,27.0,-0.21813967689584168
20190508,2019,084990,헬릭스미스,자연과학및공학연구개발업,231300,8.0,1850400.0,122683.0,94254.0,20190709,3690682938000,0.5018197937534492,0.9351351351351351,28.0,-0.23172371975988548
20190508,2019,183190,아세아시멘트,"시멘트,석회,플라스터및그제품제조업",103000,19.0,1957000.0,9987.0,11644.0,20210423,401268327000,0.5019332386188184,0.9318181818181818,29.0,0.16590030856921967
20190508,2019,243070,휴온스,의약품제조업,64000,31.0,1984000.0,46867.0,41609.0,20190709,574960448000,0.5019332386188184,0.9297297297297298,30.0,-0.11218727989417032
20190508,2019,007310,오뚜기,도시락및식사용조리식품제조업,720000,2.0,1440000.0,699603.0,679638.0,20190709,2595770640000,0.5019332386188184,0.9272727272727272,31.0,-0.028537538397853668
20190508,2019,078600,대주전자재료,전자부품제조업,17000,117.0,1989000.0,16162.0,17109.0,20191014,247370825000,0.5019332386188184,0.9243243243243243,32.0,0.05857760268587531
20190508,2019,004370,농심,도시락및식사용조리식품제조업,281000,7.0,1967000.0,274351.0,240834.0,20190709,1709222402000,0.5019332386188184,0.9227272727272727,33.0,-0.12217077442571167
20190508,2019,085370,루트로닉,의료용기기제조업,8940,223.0,1993620.0,8579.0,8004.0,20190827,226586168460,0.5021346272402332,0.918918918918919,34.0,-0.06700638684424431
20190508,2019,115390,락앤락,플라스틱제품제조업,16550,120.0,1986000.0,16542.0,14624.0,20190709,896788230000,0.5019332386188184,0.9181818181818182,35.0,-0.1159745369481916
20190508,2019,003240,태광산업,화학섬유제조업,1501000,1.0,1501000.0,1468576.0,1393525.0,20190709,1671213400000,0.5018197937534492,0.9136363636363637,36.0,-0.05110447564231957
20190508,2019,041830,인바디,의료용기기제조업,22100,90.0,1989000.0,21000.0,24648.0,20190709,302411582200,0.5021346272402332,0.9135135135135135,37.0,0.17372353493745418
20190508,2019,093050,LF,봉제의복제조업,24600,81.0,1992600.0,23822.0,23472.0,20190709,719304000000,0.502126542659122,0.9090909090909091,38.0,-0.014658194574080019
20190508,2019,086520,에코프로,기타화학제품제조업,26650,75.0,1998750.0,3202.0,2999.0,20200110,588703590150,0.5019332386188184,0.9081081081081082,39.0,-0.06338973833339467
20190508,2019,103140,풍산,1차비철금속제조업,26200,76.0,1991200.0,25516.0,25419.0,20190709,734236083600,0.5021346272402332,0.9045454545454545,40.0,-0.0037717574598307158
20190508,2019,036830,솔브레인홀딩스,기타화학제품제조업,48650,41.0,1994650.0,22888.0,26035.0,20190709,846425884150,0.5019332386188184,0.9027027027027027,41.0,0.13747206515772903
20190508,2019,079160,CJ CGV,"영화,비디오물,방송프로그램제작및배급업",40650,49.0,1991850.0,25334.0,24107.0,20190709,860207373450,0.5021346272402332,0.9,42.0,-0.04843512800181782
20190508,2019,035900,JYP Ent.,오디오물출판및원판녹음업,28900,69.0,1994100.0,27200.0,21892.0,20190709,1024288018800,0.5019332386188184,0.8864864864864865,47.0,-0.19514410906841018
20190508,2019,095660,네오위즈,소프트웨어개발및공급업,12850,155.0,1991750.0,12728.0,13629.0,20190709,281607852800,0.5019332386188184,0.8486486486486486,63.0,0.07078224349107543
20190508,2019,078340,컴투스,소프트웨어개발및공급업,99900,20.0,1998000.0,96416.0,96019.0,20190709,1285355358000,0.5019332386188184,0.8432432432432433,65.0,-0.004117849590647982
20190508,2019,035600,KG이니시스,소프트웨어개발및공급업,14050,142.0,1995100.0,14301.0,14904.0,20190709,392057297700,0.5019332386188184,0.8378378378378378,67.0,0.042156243039494834
20190508,2019,095190,이엠코리아,특수목적용기계제조업,6980,286.0,1996280.0,6539.0,5519.0,20190709,253602273920,0.5018076431915,0.8324324324324325,69.0,-0.15596913307542326
20190508,2019,078160,메디포스트,기초의약물질제조업,36050,55.0,1982750.0,29661.0,27328.0,20190709,563023204100,0.5019332386188184,0.827027027027027,72.0,-0.07865471024215398
20190508,2019,073070,에이팸,자동차신품부품제조업,5820,343.0,1996260.0,28251.0,26799.0,20190709,510220595580,0.5018076431915,0.7945945945945946,85.0,-0.05141862158210386
20190508,2019,009150,삼성전기,전자부품제조업,102500,19.0,1947500.0,99998.0,90217.0,20190709,7656103840000,0.5018197937534492,0.7863636363636364,88.0,-0.09781013245545489
20190708,2019,012630,HDC,기타금융업,13950,143.0,1994850.0,13504.0,12454.0,20190906,833397007950,0.5021346272402332,1.0,1.0,-0.0777834635860144
20190708,2019,049950,미래컴퍼니,특수목적용기계제조업,44400,45.0,1998000.0,39180.0,36068.0,20190906,361603900800,0.5021346272402332,1.0,2.0,-0.0794304531817196
20190708,2019,226320,잇츠한불,기타화학제품제조업,22150,90.0,1993500.0,21161.0,18308.0,20191202,485734327250,0.5021346272402332,0.994475138121547,3.0,-0.1348081798375954
20190708,2019,067080,대화제약,의약품제조업,15150,132.0,1999800.0,14937.0,12781.0,20190910,276108356100,0.5021346272402332,0.9936305732484076,4.0,-0.14438799133603586
20190708,2019,090430,아모레퍼시픽,기타화학제품제조업,162000,12.0,1944000.0,159037.0,136503.0,20190906,9470275380000,0.5021346272402332,0.988950276243094,5.0,-0.14168811037174844
20190708,2019,201490,미투온,소프트웨어개발및공급업,6550,305.0,1997750.0,6403.0,6714.0,20191106,204738393500,0.5021346272402332,0.9872611464968153,6.0,0.0486397662828697
20190708,2019,011690,와이투솔루션,반도체제조업,7200,277.0,1994400.0,35289.0,27571.0,20190906,418818247200,0.5021346272402332,0.9834254143646409,7.0,-0.21869711163785577
20190708,2019,112040,위메이드,소프트웨어개발및공급업,31100,64.0,1990400.0,15717.0,14880.0,20190906,522480000000,0.5021346272402332,0.9808917197452229,8.0,-0.053232120320096055
20190708,2019,161000,애경케미칼,기초화학물질제조업,7810,256.0,1999360.0,7637.0,7319.0,20190906,250232400000,0.5021346272402332,0.9779005524861878,9.0,-0.04173894090699237
20190708,2019,078340,컴투스,소프트웨어개발및공급업,96600,20.0,1932000.0,96019.0,93217.0,20190906,1242896172000,0.5021346272402332,0.9745222929936306,10.0,-0.029177944601449846
20190708,2019,006650,대한유화,기초화학물질제조업,135000,14.0,1890000.0,130538.0,123535.0,20190906,877500000000,0.5021346272402332,0.9723756906077348,11.0,-0.05364718130713719
20190708,2019,067630,HLB생명과학,"건축기술,엔지니어링및관련기술서비스업",7940,251.0,1992940.0,3491.0,3240.0,20190906,371927727020,0.5018076431915,0.9681528662420382,12.0,-0.07199377957968223
20190708,2019,009150,삼성전기,전자부품제조업,90600,22.0,1993200.0,90217.0,97182.0,20190906,6767248857600,0.5019332386188184,0.9668508287292817,13.0,0.07720037371353561
20190708,2019,028300,HLB,선박및보트건조업,36200,55.0,1991000.0,13072.0,19099.0,20190906,1420313588400,0.5018076431915,0.9617834394904459,14.0,0.4610495466139999
20190708,2019,139480,이마트,종합소매업,140500,14.0,1967000.0,139225.0,112198.0,20190906,3916552569500,0.5021346272402332,0.9613259668508287,15.0,-0.19412693841739403
20190708,2019,091810,트리니티항공,항공여객운송업,6020,332.0,1998640.0,3119.0,2580.0,20190916,282788368240,0.5021346272402332,0.9558011049723757,16.0,-0.17273490051234697
20190708,2019,065620,제낙스,1차철강제조업,13350,149.0,1989150.0,68225.0,,,300198032400,0.5016941983261308,0.9554140127388535,17.0,-0.3272452962002733
20190708,2019,011810,STX,상품종합도매업,10800,185.0,1998000.0,10219.0,8431.0,20230605,213050541600,0.5021346272402332,0.9502762430939227,18.0,-0.174980744383872
20190708,2019,100120,뷰웍스,의료용기기제조업,30650,65.0,1992250.0,30931.0,25538.0,20190909,306557162250,0.5019332386188184,0.9490445859872612,19.0,-0.17435711159809286
20190708,2019,103140,풍산,1차비철금속제조업,25550,78.0,1992900.0,25419.0,22315.0,20190906,716020302900,0.5021346272402332,0.9447513812154696,20.0,-0.1221298972173549
20190708,2019,078160,메디포스트,기초의약물질제조업,31750,62.0,1968500.0,27328.0,26407.0,20190906,495866483500,0.5019332386188184,0.9426751592356688,21.0,-0.03371563717393378
20190708,2019,007310,오뚜기,도시락및식사용조리식품제조업,681000,2.0,1362000.0,679638.0,569411.0,20190906,2455166397000,0.5019332386188184,0.9392265193370166,22.0,-0.16218416969496197
20190708,2019,268600,셀리버리,자연과학및공학연구개발업,36250,55.0,1993750.0,9418.0,11144.0,20190906,283478878750,0.5021346272402332,0.9363057324840764,23.0,0.1832704865205934
20190708,2019,001680,대상,도시락및식사용조리식품제조업,24550,81.0,1988550.0,25013.0,21615.0,20190906,850609013750,0.5019332386188184,0.9337016574585635,24.0,-0.13583924010562454
20190708,2019,064550,바이오니아,의료용품및기타의약관련제품제조업,9100,219.0,1992900.0,8981.0,29454.0,20200827,201086785900,0.5019332386188184,0.9299363057324841,25.0,2.2794618092878043
20190708,2019,079160,CJ CGV,"영화,비디오물,방송프로그램제작및배급업",35750,55.0,1966250.0,24107.0,21317.0,20190906,756516939750,0.5021346272402332,0.9281767955801105,26.0,-0.11573403492652701
20190708,2019,043150,바텍,의료용기기제조업,27600,72.0,1987200.0,27549.0,25247.0,20190906,409977465600,0.5018926579099896,0.9235668789808917,27.0,-0.08356995456028127
20190708,2019,105630,한세실업,봉제의복제조업,20150,99.0,1994850.0,19845.0,17094.0,20191206,806000000000,0.5019332386188184,0.9226519337016574,28.0,-0.13861263584240013
20190708,2019,236200,슈프리마,통신및방송장비제조업,33150,60.0,1989000.0,32438.0,31784.0,20191212,234711049950,0.5018926579099896,0.9171974522292994,29.0,-0.020163453673128107
20190708,2019,298020,효성티앤씨,화학섬유제조업,139000,14.0,1946000.0,140484.0,150503.0,20190906,601547798000,0.5018076431915,0.9171270718232044,30.0,0.07131548928006048
20190708,2019,020150,롯데에너지머티리얼즈,전자부품제조업,38500,51.0,1963500.0,37750.0,41955.0,20190906,1775267147500,0.5018301427347815,0.9116022099447514,31.0,0.11138191394441299
20190708,2019,046890,서울반도체,반도체제조업,17550,113.0,1983150.0,17498.0,14949.0,20190906,1023259770000,0.5019332386188184,0.910828025477707,32.0,-0.14571499588653114
20190708,2019,011200,HMM,해상운송업,3685,542.0,1997270.0,3638.0,3552.0,20190906,1166494838575,0.5016484936814491,0.9060773480662984,33.0,-0.023472970602423038
20190708,2019,007820,에스엠코어,일반목적용기계제조업,10800,185.0,1998000.0,10319.0,,,216366616800,0.5019332386188184,0.9044585987261147,34.0,-0.06485677790680722
20190708,2019,214320,이노션,광고업,69700,28.0,1951600.0,34806.0,32095.0,20190906,1394000000000,0.5019332386188184,0.9005524861878453,35.0,-0.07787530014566701
20190708,2019,030530,원익홀딩스,기타금융업,3855,518.0,1996890.0,3871.0,4296.0,20190925,297752416755,0.5018076431915,0.8980891719745223,36.0,0.1097722353969739
20190708,2019,267270,HD건설기계,일반목적용기계제조업,38250,52.0,1989000.0,36993.0,30539.0,20190906,753555332250,0.5019332386188184,0.8950276243093923,37.0,-0.17446843794183264
20190708,2019,068240,다원시스,"전동기,발전기및전기변환ㆍ공급ㆍ제어장치제조업",13750,145.0,1993750.0,12473.0,13168.0,20190906,368499422500,0.5019332386188184,0.89171974522293,38.0,0.055740277452023035
20190708,2019,003090,대웅,기타금융업,16350,122.0,1994700.0,16108.0,14610.0,20191004,950621373000,0.5018076431915,0.8895027624309392,39.0,-0.09305150980085053
20190708,2019,051370,인터플렉스,전자부품제조업,10750,186.0,1999500.0,10434.0,10685.0,20190911,250770324000,0.5018076431915,0.8853503184713376,40.0,0.02404883195348706
20190708,2019,002020,코오롱,기타금융업,18150,110.0,1996500.0,17266.0,17866.0,20191016,229169631900,0.5018076431915,0.8839779005524862,41.0,0.03474736083044627
20190708,2019,238090,앤디포스,플라스틱제품제조업,5200,384.0,1996800.0,13802.0,15220.0,20190909,218176504000,0.5018076431915,0.8789808917197452,42.0,0.10273625244591922
20190708,2019,034220,LG디스플레이,전자부품제조업,16550,120.0,1986000.0,15240.0,13257.0,20190906,5921849835000,0.5018076431915,0.8784530386740331,43.0,-0.13011385851454815
20190708,2019,035150,백산,플라스틱제품제조업,8420,237.0,1995540.0,8492.0,9770.0,20210504,203764000000,0.5018076431915,0.8729281767955801,44.0,0.15045672214689687
20190708,2019,115960,연우,플라스틱제품제조업,23600,84.0,1982400.0,23738.0,22588.0,20190906,292592800000,0.5018076431915,0.8726114649681529,45.0,-0.04848073753117632
20190708,2019,012330,현대모비스,자동차신품부품제조업,231500,8.0,1852000.0,230349.0,248285.0,20190906,22063499661000,0.5018197937534492,0.8674033149171271,46.0,0.07786749040089136
20190708,2019,215600,신라젠,자연과학및공학연구개발업,47300,42.0,1986600.0,26940.0,7567.0,20190906,3336027612500,0.5020315313561963,0.8662420382165605,47.0,-0.7191082967194936
20190708,2019,073070,에이팸,자동차신품부품제조업,5410,369.0,1996290.0,26799.0,28603.0,20190906,474277220290,0.5018076431915,0.8535031847133758,51.0,0.0673176316008004
20190708,2019,084110,휴온스글로벌,의약품제조업,37200,53.0,1971600.0,30490.0,25195.0,20190924,406274666400,0.5019332386188184,0.8471337579617835,53.0,-0.17366428234310538
20190708,2019,200230,텔콘RF제약,통신및방송장비제조업,5980,334.0,1997320.0,16085.0,14929.0,20190906,494762810880,0.5018076431915,0.802547770700637,68.0,-0.07191719614143532
20190905,2019,004990,롯데지주,기타금융업,33950,58.0,1969100.0,33914.0,36773.0,20191111,3561668596150,0.5021346272402332,1.0,1.0,0.08430296483253952
20190905,2019,100120,뷰웍스,의료용기기제조업,25600,78.0,1996800.0,25388.0,24484.0,20191111,256047744000,0.5021346272402332,1.0,2.0,-0.03561345308439845
20190905,2019,042700,한미반도체,특수목적용기계제조업,6530,306.0,1998180.0,3259.0,3129.0,20191129,373672001700,0.5021346272402332,0.9948453608247423,3.0,-0.03989945799803085
20190905,2019,140410,메지온,자연과학및공학연구개발업,103000,19.0,1957000.0,35853.0,83135.0,20191111,895013556000,0.5019332386188184,0.9940476190476191,4.0,1.3187896494803937
20190905,2019,161000,애경케미칼,기초화학물질제조업,7380,271.0,1999980.0,7319.0,7910.0,20191128,236455200000,0.5021346272402332,0.9896907216494846,5.0,0.08080985933294604
20190905,2019,046890,서울반도체,반도체제조업,15150,132.0,1999800.0,14949.0,13947.0,20191111,883326810000,0.5021346272402332,0.9880952380952381,6.0,-0.06702491169136993
20190905,2019,010060,OCI홀딩스,기초화학물질제조업,67900,29.0,1969100.0,52440.0,51405.0,20191111,1619372290900,0.5021346272402332,0.9845360824742269,7.0,-0.01973940499965443
20190905,2019,272290,이녹스첨단소재,전자부품제조업,52400,38.0,1991200.0,24633.0,25492.0,20191111,483778808000,0.5019332386188184,0.9821428571428571,8.0,0.03489914383044446
20190905,2019,267260,HD현대일렉트릭,"전동기,발전기및전기변환ㆍ공급ㆍ제어장치제조업",14050,142.0,1995100.0,11550.0,10039.0,20191223,286017746750,0.5021346272402332,0.979381443298969,9.0,-0.13080384641289056
20190905,2019,200230,텔콘RF제약,통신및방송장비제조업,5330,375.0,1998750.0,14929.0,23438.0,20191111,442316744480,0.5019332386188184,0.9761904761904762,10.0,0.5700246585209685
20190905,2019,009150,삼성전기,전자부품제조업,98200,20.0,1964000.0,97182.0,109475.0,20191111,7334920947200,0.5019332386188184,0.9742268041237113,11.0,0.12649077857205104
20190905,2019,049070,인탑스,통신및방송장비제조업,13700,145.0,1986500.0,13487.0,14142.0,20191111,235640000000,0.5019332386188184,0.9702380952380952,12.0,0.0485031589645184
20190905,2019,272450,진에어,항공여객운송업,14250,140.0,1995000.0,12155.0,13588.0,20191111,427500000000,0.5018076431915,0.9690721649484536,13.0,0.11790483311363698
20190905,2019,078160,메디포스트,기초의약물질제조업,29750,67.0,1993250.0,26407.0,28646.0,20191111,464630799500,0.5019332386188184,0.9642857142857143,14.0,0.08477512296529
20190905,2019,018260,삼성에스디에스,"컴퓨터프로그래밍,시스템통합및관리업",196000,10.0,1960000.0,195653.0,197698.0,20191111,15166048800000,0.5019332386188184,0.9639175257731959,15.0,0.010453095476140595
20190905,2019,006490,인스코비,전기통신업,2920,684.0,1997280.0,2977.0,4090.0,20191111,273723486400,0.5016484936814491,0.9587628865979382,16.0,0.3740134390842831
20190905,2019,214180,헥토이노베이션,기타정보서비스업,17150,116.0,1989400.0,16859.0,17112.0,20191111,217504463400,0.5019332386188184,0.9583333333333334,17.0,0.0149746940564357
20190905,2019,008490,서흥,기타화학제품제조업,31500,63.0,1984500.0,31492.0,34038.0,20200316,364427059500,0.5019332386188184,0.9536082474226805,18.0,0.0808550015386651
20190905,2019,230360,에코마케팅,광고업,29000,68.0,1972000.0,14523.0,16892.0,20191111,469769173000,0.5017045473074633,0.9523809523809523,19.0,0.16312965090759324
20190905,2019,004430,송원산업,기타화학제품제조업,18950,105.0,1989750.0,18771.0,15872.0,20191111,454800000000,0.5019332386188184,0.9484536082474226,20.0,-0.15444318069488605
20190905,2019,215600,신라젠,자연과학및공학연구개발업,12250,163.0,1996750.0,7567.0,11512.0,20191111,870388531250,0.5018076431915,0.9464285714285714,21.0,0.5212347811631259
20190905,2019,002380,KCC,기타화학제품제조업,224500,8.0,1796000.0,195134.0,202118.0,20191111,2369937168500,0.5019332386188184,0.9432989690721649,22.0,0.03579255889548483
20190905,2019,138690,엘아이에스,특수목적용기계제조업,13850,144.0,1994400.0,38647.0,,,221973548350,0.5019332386188184,0.9404761904761905,23.0,-0.09379883025646385
20190905,2019,003550,LG,기타금융업,71100,28.0,1990800.0,68036.0,67924.0,20191111,12268812014100,0.5019332386188184,0.9381443298969072,24.0,-0.0016378148220640432
20190905,2019,950180,SNK,소프트웨어개발및공급업,17700,112.0,1982400.0,17743.0,18691.0,20191111,372793860000,0.5019332386188184,0.9345238095238095,25.0,0.05338912491102166
20190905,2019,249420,일동제약,의약품제조업,16300,122.0,1988600.0,15507.0,15839.0,20191212,369528367600,0.5019332386188184,0.9329896907216495,26.0,0.0214292422784077
20190905,2019,263750,펄어비스,소프트웨어개발및공급업,200000,10.0,2000000.0,39764.0,40764.0,20191111,2604600000000,0.5019332386188184,0.9285714285714286,27.0,0.025159551148970172
20190905,2019,234080,JW생명과학,의약품제조업,22400,89.0,1993600.0,22441.0,20894.0,20191111,354694009600,0.5019332386188184,0.9278350515463918,28.0,-0.06892855557897959
20190905,2019,185750,종근당,의약품제조업,83700,23.0,1925100.0,62746.0,70981.0,20191111,867993273000,0.5019332386188184,0.9226804123711341,29.0,0.13123751842488862
20190905,2019,078340,컴투스,소프트웨어개발및공급업,94000,21.0,1974000.0,93217.0,98031.0,20191111,1209443480000,0.5019332386188184,0.9226190476190477,30.0,0.05164327976002969
20190905,2019,009420,한올바이오파마,의약품제조업,27500,72.0,1980000.0,27515.0,32617.0,20191111,1436617545000,0.5019332386188184,0.9175257731958762,31.0,0.18541006077452282
20190905,2019,052400,코나아이,소프트웨어개발및공급업,16700,119.0,1987300.0,32400.0,30600.0,20191111,259837270600,0.5019332386188184,0.9166666666666666,32.0,-0.05557676560901981
20190905,2019,003850,보령,의약품제조업,12250,163.0,1996750.0,9253.0,11321.0,20191111,541450000000,0.5019332386188184,0.9123711340206185,33.0,0.22359189550922842
20190905,2019,030520,한글과컴퓨터,소프트웨어개발및공급업,10350,193.0,1997550.0,10433.0,10031.0,20191213,238900883850,0.5019332386188184,0.9107142857142857,34.0,-0.038573400274006464
20190905,2019,271560,오리온,도시락및식사용조리식품제조업,94700,21.0,1988700.0,94902.0,108128.0,20191111,3744071700400,0.5019332386188184,0.9072164948453608,35.0,0.13935872814629824
20190905,2019,082920,비츠로셀,일차전지및이차전지제조업,10250,195.0,1998750.0,5123.0,6335.0,20191204,220776308000,0.5019332386188184,0.9047619047619048,36.0,0.23672243597375542
20190905,2019,049770,동원F&B,도시락및식사용조리식품제조업,214000,9.0,1926000.0,42629.0,43027.0,20191111,825852536000,0.5019332386188184,0.9020618556701031,37.0,0.0093395960939755
20190905,2019,115960,연우,플라스틱제품제조업,23000,86.0,1978000.0,22588.0,23340.0,20191111,285154000000,0.5019332386188184,0.8988095238095238,38.0,0.033335896845498425
20190905,2019,005490,POSCO홀딩스,1차철강제조업,214000,9.0,1926000.0,215137.0,223699.0,20191111,18657982690000,0.5019332386188184,0.8969072164948454,39.0,0.039798892005191044
20190905,2019,122870,와이지엔터테인먼트,오디오물출판및원판녹음업,22300,89.0,1984700.0,21877.0,26086.0,20191111,405806680700,0.5018076431915,0.8928571428571429,40.0,0.1923912957275884
20190905,2019,079160,CJ CGV,"영화,비디오물,방송프로그램제작및배급업",34000,58.0,1972000.0,21317.0,22048.0,20191111,719484642000,0.5018301427347815,0.8917525773195877,41.0,0.034297141668510056
20190905,2019,215360,우리산업,자동차신품부품제조업,22900,87.0,1992300.0,22954.0,22053.0,20200228,209126532700,0.5018076431915,0.8869047619047619,42.0,-0.03925458923385372
20190905,2019,093050,LF,봉제의복제조업,20000,100.0,2000000.0,19776.0,20127.0,20191111,584800000000,0.5019332386188184,0.8865979381443299,43.0,0.01779196546012396
20190905,2019,139480,이마트,종합소매업,112500,17.0,1912500.0,112198.0,127229.0,20191111,3136029637500,0.5018076431915,0.8608247422680413,52.0,0.13397551263989782
20190905,2019,103140,풍산,1차비철금속제조업,22400,89.0,1993600.0,22315.0,22362.0,20191111,627743827200,0.5021346272402332,0.845360824742268,57.0,0.002093716781526922
20190905,2019,012330,현대모비스,자동차신품부품제조업,246500,8.0,1972000.0,248285.0,240825.0,20191111,23493100071000,0.5018197937534492,0.8298969072164949,63.0,-0.03004911340569205
20190905,2019,067630,HLB생명과학,"건축기술,엔지니어링및관련기술서비스업",7100,281.0,1995100.0,3240.0,14711.0,20191112,332580209300,0.5018076431915,0.8273809523809523,64.0,3.541031715469095
20190905,2019,267270,HD건설기계,일반목적용기계제조업,30300,66.0,1999800.0,30539.0,30895.0,20191111,596934027900,0.5018076431915,0.8247422680412371,65.0,0.011667738352261647
20190905,2019,298020,효성티앤씨,화학섬유제조업,152000,13.0,1976000.0,150503.0,164533.0,20191111,657807664000,0.5019332386188184,0.8195876288659794,67.0,0.09322157722188784
20190905,2019,012630,HDC,기타금융업,12600,158.0,1990800.0,12454.0,11555.0,20191111,752745684600,0.5018076431915,0.7680412371134021,85.0,-0.07218170045054495
20191108,2019,003000,부광약품,의약품제조업,15500,129.0,1999500.0,12167.0,11887.0,20200113,984736188500,0.5021346272402332,1.0,1.0,-0.023009247912804898
20191108,2019,243070,휴온스,의약품제조업,46650,42.0,1959300.0,35052.0,44507.0,20200113,419092264050,0.5021346272402332,1.0,2.0,0.269737278462844
20191108,2019,042700,한미반도체,특수목적용기계제조업,6440,310.0,1996400.0,3179.0,4768.0,20200122,368521851600,0.5023279312805368,0.9947643979057592,3.0,0.4998723240709222
20191108,2019,091700,파트론,전자부품제조업,11550,173.0,1998150.0,11371.0,12822.0,20200113,625506535500,0.5019332386188184,0.9941860465116279,4.0,0.12754768835542274
20191108,2019,093370,후성,기초화학물질제조업,7880,253.0,1993640.0,7484.0,8418.0,20200113,729741733720,0.5021346272402332,0.9895287958115183,5.0,0.1247657319532216
20191108,2019,025320,시노펙스,전자부품제조업,2830,706.0,1997980.0,2364.0,2473.0,20200602,205347992240,0.5019332386188184,0.9883720930232558,6.0,0.04638215886218977
20191108,2019,010060,OCI홀딩스,기초화학물질제조업,65100,30.0,1953000.0,51405.0,49990.0,20200113,1552594052100,0.5021346272402332,0.9842931937172775,7.0,-0.0275322232953622
20191108,2019,078150,HB테크놀러지,특수목적용기계제조업,2810,711.0,1997910.0,2769.0,2978.0,20200114,221963097060,0.5023279312805368,0.9825581395348837,8.0,0.07543213065232401
20191108,2019,018250,애경산업,기타화학제품제조업,29450,67.0,1973150.0,29196.0,32648.0,20200113,777772585750,0.5021346272402332,0.9790575916230366,9.0,0.11822426075211223
20191108,2019,046890,서울반도체,반도체제조업,14000,142.0,1988000.0,13947.0,16196.0,20200113,816275600000,0.5021346272402332,0.9767441860465116,10.0,0.16124624267763243
20191108,2019,006120,SK디스커버리,기타금융업,23550,84.0,1978200.0,23527.0,27072.0,20200113,448341485250,0.5019332386188184,0.9738219895287958,11.0,0.15070824344223954
20191108,2019,950180,SNK,소프트웨어개발및공급업,18900,105.0,1984500.0,18691.0,16488.0,20200207,398068020000,0.5019332386188184,0.9709302325581395,12.0,-0.11785829044024987
20191108,2019,003550,LG,기타금융업,72400,27.0,1954800.0,67924.0,67922.0,20200113,12493136284400,0.5019332386188184,0.9685863874345549,13.0,-3.15115579664349e-05
20191108,2019,196170,알테오젠,자연과학및공학연구개발업,49850,40.0,1994000.0,13882.0,18878.0,20200113,689815227300,0.502126542659122,0.9651162790697675,14.0,0.35989984848157297
20191108,2019,003090,대웅,기타금융업,13800,144.0,1987200.0,13810.0,11811.0,20200130,802359324000,0.5019332386188184,0.9633507853403142,15.0,-0.1447310075425563
20191108,2019,140410,메지온,자연과학및공학연구개발업,231500,8.0,1852000.0,83135.0,62158.0,20200113,2015427888000,0.502126542659122,0.9593023255813954,16.0,-0.25232981057815496
20191108,2019,049770,동원F&B,도시락및식사용조리식품제조업,218000,9.0,1962000.0,43027.0,45240.0,20200206,841289032000,0.5018076431915,0.9581151832460733,17.0,0.05142961127427337
20191108,2019,100120,뷰웍스,의료용기기제조업,24400,81.0,1976400.0,24484.0,38028.0,20200113,244045506000,0.5021346272402332,0.9534883720930233,18.0,0.5531870023584875
20191108,2019,009150,삼성전기,전자부품제조업,116000,17.0,1972000.0,109475.0,134461.0,20200113,8664468736000,0.5018926579099896,0.9528795811518325,19.0,0.22823465506504736
20191108,2019,036800,나이스정보통신,전기통신업,30250,66.0,1996500.0,29645.0,24996.0,20200408,302500000000,0.5016941983261308,0.9476744186046512,20.0,-0.1568310119194355
20191108,2019,007070,GS리테일,종합소매업,39650,50.0,1982500.0,34812.0,33832.0,20200113,3053050000000,0.5019332386188184,0.9476439790575916,21.0,-0.02814383441626045
20191108,2019,004020,현대제철,1차철강제조업,32950,60.0,1977000.0,32552.0,29411.0,20200113,4397038615750,0.5021346272402332,0.9424083769633508,22.0,-0.09649738164906851
20191108,2019,138080,오이솔루션,통신및방송장비제조업,48050,41.0,1970050.0,38637.0,49220.0,20200113,371884512600,0.5019332386188184,0.9418604651162791,23.0,0.2739190475717699
20191108,2019,272450,진에어,항공여객운송업,15800,126.0,1990800.0,13588.0,13848.0,20200113,474000000000,0.5021346272402332,0.93717277486911,24.0,0.019124951301352056
20191108,2019,088800,에이스테크,통신및방송장비제조업,7100,281.0,1995100.0,18825.0,23201.0,20200529,275891956200,0.5019332386188184,0.936046511627907,25.0,0.2324874059154174
20191108,2019,241560,두산밥캣,일반목적용기계제조업,32850,60.0,1971000.0,32566.0,33111.0,20200113,3293185103100,0.5019332386188184,0.9319371727748691,26.0,0.016747316768116915
20191108,2019,206560,덱스터,"영화,비디오물,방송프로그램제작및배급업",8750,228.0,1995000.0,8927.0,8072.0,20210414,215753378750,0.5018076431915,0.9302325581395349,27.0,-0.0957216360969596
20191108,2019,234080,JW생명과학,의약품제조업,21150,94.0,1988100.0,20894.0,18946.0,20200210,334900817100,0.5019332386188184,0.9267015706806283,28.0,-0.09324248380034017
20191108,2019,068760,셀트리온제약,의약품제조업,38600,51.0,1968600.0,29731.0,31490.0,20200113,1315839453000,0.5019332386188184,0.9244186046511628,29.0,0.059178262553205574
20191108,2019,069620,대웅제약,의약품제조업,142000,14.0,1988000.0,141143.0,141633.0,20200113,1645293650000,0.5019332386188184,0.9214659685863874,30.0,0.003471372979361842
20191108,2019,263750,펄어비스,소프트웨어개발및공급업,199900,10.0,1999000.0,40764.0,39668.0,20200113,2603297700000,0.5018926579099896,0.9186046511627907,31.0,-0.02689030046749441
20191108,2019,001740,SK네트웍스,기타전문도매업,5970,335.0,1999950.0,5922.0,5434.0,20200113,1481680252590,0.5018197937534492,0.9162303664921466,32.0,-0.08238171446249598
20191108,2019,067160,SOOP,소프트웨어개발및공급업,80000,25.0,2000000.0,78601.0,58774.0,20200113,919581360000,0.5018926579099896,0.9127906976744186,33.0,-0.2522431012614539
20191108,2019,192400,쿠쿠홀딩스,기타금융업,103500,19.0,1966500.0,20114.0,23323.0,20200117,736137229500,0.5018076431915,0.9109947643979057,34.0,0.15954681742855636
20191108,2019,035600,KG이니시스,소프트웨어개발및공급업,16450,121.0,1990450.0,16602.0,16804.0,20200113,459027939300,0.5018926579099896,0.9069767441860465,35.0,0.012187913607514922
20191108,2019,012630,HDC,기타금융업,11850,168.0,1990800.0,11555.0,10305.0,20200113,707939393850,0.5018076431915,0.9057591623036649,36.0,-0.10814538577433186
20191108,2019,218410,RFHIC,통신및방송장비제조업,35800,55.0,1969000.0,34468.0,33084.0,20200113,849974411600,0.5018926579099896,0.9011627906976745,37.0,-0.040168088275469804
20191108,2019,073240,금호타이어,고무제품제조업,4190,477.0,1998630.0,4180.0,4041.0,20200113,1203620602530,0.5019332386188184,0.900523560209424,38.0,-0.03335837990614854
20191108,2019,230360,에코마케팅,광고업,35500,56.0,1988000.0,16892.0,17315.0,20200113,575062263500,0.5016079129726204,0.8953488372093024,39.0,0.0250413341234641
20191108,2019,010140,삼성중공업,선박및보트건조업,7270,275.0,1999250.0,6689.0,7058.0,20200113,4580100000000,0.5023279312805368,0.8952879581151832,40.0,0.055050657657020885
20191108,2019,286940,롯데이노베이트,"컴퓨터프로그래밍,시스템통합및관리업",44500,44.0,1958000.0,43772.0,40224.0,20200113,685136729500,0.5018926579099896,0.8900523560209425,41.0,-0.08105993622282548
20191108,2019,122870,와이지엔터테인먼트,오디오물출판및원판녹음업,25400,78.0,1981200.0,26086.0,34740.0,20200113,462219268600,0.5016484936814491,0.8895348837209303,42.0,0.33172911104631053
20191108,2019,012330,현대모비스,자동차신품부품제조업,242000,8.0,1936000.0,240825.0,241338.0,20200113,23064219948000,0.5019332386188184,0.8848167539267016,43.0,0.0021328929381092543
20191108,2019,085660,차바이오텍,기초의약물질제조업,15700,127.0,1993900.0,14260.0,13471.0,20200113,823944854800,0.5019332386188184,0.8837209302325582,44.0,-0.05528753107501139
20191108,2019,011200,HMM,해상운송업,3415,585.0,1997775.0,3418.0,3783.0,20200113,1081025745925,0.5019332386188184,0.8795811518324608,45.0,0.10693759236914802
20191108,2019,179900,유티아이,전자부품제조업,17850,112.0,1999200.0,17666.0,19459.0,20200113,283188375750,0.5018076431915,0.877906976744186,46.0,0.10149216321382104
20191108,2019,185750,종근당,의약품제조업,95500,20.0,1910000.0,70981.0,73460.0,20200113,990362695000,0.5018197937534492,0.8324607329842932,62.0,0.034935943188241
20191108,2019,093050,LF,봉제의복제조업,20200,99.0,1999800.0,20127.0,14237.0,20201016,590648000000,0.5019332386188184,0.806282722513089,72.0,-0.29264828657409003
20191108,2019,115960,연우,플라스틱제품제조업,24000,83.0,1992000.0,23340.0,25286.0,20200113,297552000000,0.5019332386188184,0.7674418604651163,86.0,0.08335690933117457
20191108,2019,267270,HD건설기계,일반목적용기계제조업,30550,65.0,1985750.0,30895.0,28951.0,20200113,601859226150,0.5018076431915,0.7643979057591623,87.0,-0.06290875728960521
20200102,2020,008930,한미사이언스,기타금융업,38150,52.0,1983800.0,35941.0,31786.0,20200305,2469940109000,0.5466460111496114,1.0,1.0,-0.11559212802767072
20200102,2020,208340,파멥신,의약품제조업,38900,51.0,1983900.0,14146.0,10959.0,20200310,268830470100,0.5370709242438434,1.0,2.0,-0.22533526487459243
20200102,2020,003000,부광약품,의약품제조업,14050,142.0,1995100.0,11512.0,11927.0,20200305,892615706350,0.5250546043472666,0.9949748743718593,3.0,0.03607325991747157
20200102,2020,121800,비덴트,통신및방송장비제조업,8150,245.0,1996750.0,8055.0,6704.0,20200306,277030912450,0.5158666736414451,0.994413407821229,4.0,-0.1676563329096471
20200102,2020,307950,현대오토에버,소프트웨어개발및공급업,49400,40.0,1976000.0,48492.0,39338.0,20200305,1037400000000,0.5354849683099342,0.9899497487437185,5.0,-0.1887831116365285
20200102,2020,085660,차바이오텍,기초의약물질제조업,14650,136.0,1992400.0,13426.0,12920.0,20200305,768840262600,0.5195849335636393,0.9888268156424581,6.0,-0.03768312199916968
20200102,2020,012630,HDC,기타금융업,10900,183.0,1994700.0,10805.0,9856.0,20200305,651184758900,0.5329539838456161,0.9849246231155779,7.0,-0.08786968045781107
20200102,2020,038540,상상인,"컴퓨터프로그래밍,시스템통합및관리업",8500,235.0,1997500.0,8554.0,7904.0,20200305,470290660500,0.5381972822197993,0.9832402234636871,8.0,-0.07603277962743349
20200102,2020,042670,HD현대인프라코어,특수목적용기계제조업,5500,363.0,1996500.0,4643.0,3683.0,20200305,1144887034500,0.5123060013142189,0.9798994974874372,9.0,-0.20681552817082516
20200102,2020,067080,대화제약,의약품제조업,12800,156.0,1996800.0,12428.0,11422.0,20200602,233279667200,0.5140460028252731,0.9776536312849162,10.0,-0.08093904021282428
20200102,2020,192650,드림텍,전자부품제조업,6970,286.0,1993420.0,6656.0,6094.0,20200305,425623865490,0.5146292689369072,0.9748743718592965,11.0,-0.08444890111518744
20200102,2020,086900,메디톡스,기초의약물질제조업,300600,6.0,1803600.0,260410.0,217513.0,20200305,1748016054000,0.5158033371814805,0.9720670391061452,12.0,-0.16472718926780372
20200102,2020,298040,효성중공업,"전동기,발전기및전기변환ㆍ공급ㆍ제어장치제조업",26900,74.0,1990600.0,27222.0,27467.0,20200623,250830341200,0.5300900499497612,0.9698492462311558,13.0,0.009005352087396945
20200102,2020,226950,올릭스,자연과학및공학연구개발업,43050,46.0,1980300.0,20807.0,16354.0,20200309,281121709050,0.5410241846785488,0.9664804469273743,14.0,-0.21397512808728314
20200102,2020,272450,진에어,항공여객운송업,15300,130.0,1989000.0,13240.0,11721.0,20200305,459000000000,0.514759455338665,0.964824120603015,15.0,-0.11469395776225788
20200102,2020,215600,신라젠,자연과학및공학연구개발업,14400,138.0,1987200.0,8913.0,7726.0,20200305,1023150600000,0.5406824515838439,0.9608938547486033,16.0,-0.1331697991392331
20200102,2020,017800,현대엘리베이터,일반목적용기계제조업,67600,29.0,1960400.0,45096.0,37692.0,20200305,1838674978400,0.5318441283805007,0.9597989949748744,17.0,-0.1641854671196915
20200102,2020,088290,이원컴포텍,자동차신품부품제조업,18150,110.0,1996500.0,16752.0,8842.0,20210622,258598767900,0.5057827279508473,0.9553072625698324,18.0,-0.47218128678112037
20200102,2020,004020,현대제철,1차철강제조업,31200,64.0,1996800.0,30863.0,25397.0,20200305,4163508492000,0.5311474919468555,0.9547738693467337,19.0,-0.1771062252636496
20200102,2020,192820,코스맥스,기타화학제품제조업,83800,23.0,1927400.0,79842.0,82492.0,20200305,842148854200,0.5182996067414174,0.949748743718593,20.0,0.0331956512126339
20200102,2020,048260,오스템임플란트,의료용기기제조업,42000,47.0,1974000.0,345911.0,305566.0,20200305,600000114000,0.5131290221650373,0.9497206703910615,21.0,-0.11663427887646027
20200102,2020,018250,애경산업,기타화학제품제조업,29350,68.0,1995800.0,29449.0,27903.0,20200305,775131592250,0.5182210287619001,0.9447236180904522,22.0,-0.05250204119253665
20200102,2020,053580,웹케시,소프트웨어개발및공급업,43400,46.0,1996400.0,22062.0,21587.0,20200305,293542627000,0.5223837993308063,0.9441340782122905,23.0,-0.02154056845730079
20200102,2020,002150,도화엔지니어링,"건축기술,엔지니어링및관련기술서비스업",8920,224.0,1998080.0,8546.0,9457.0,20210428,300782400000,0.5449603669781338,0.9396984924623115,24.0,0.10651885041572862
20200102,2020,035900,JYP Ent.,오디오물출판및원판녹음업,24100,82.0,1976200.0,24185.0,23031.0,20200305,855429307200,0.5097317509311037,0.9385474860335196,25.0,-0.0477213009537405
20200102,2020,011690,와이투솔루션,반도체제조업,4960,403.0,1998880.0,24297.0,8750.0,20260225,288643236960,0.5150602893635031,0.9346733668341709,26.0,-0.6398850996512588
20200102,2020,054780,키이스트,"영화,비디오물,방송프로그램제작및배급업",2500,800.0,2000000.0,12308.0,14261.0,20200305,213392077500,0.5278525832894179,0.9329608938547486,27.0,0.15869662603259327
20200102,2020,145720,덴티움,의료용기기제조업,53800,37.0,1990600.0,53439.0,44456.0,20200305,595503054000,0.5149061586609036,0.9296482412060302,28.0,-0.16809472833875871
20200102,2020,282880,코윈테크,특수목적용기계제조업,25000,80.0,2000000.0,21316.0,25595.0,20200305,227941175000,0.5051519657095935,0.9273743016759777,29.0,0.20070878408644943
20200102,2020,008060,대덕,전자부품제조업,10300,194.0,1998200.0,10359.0,9495.0,20200305,803471811600,0.508546922626013,0.9246231155778895,30.0,-0.08346209727768994
20200102,2020,122990,와이솔,전자부품제조업,15050,132.0,1986600.0,14875.0,12879.0,20200305,423987712050,0.5057357745118565,0.9217877094972067,31.0,-0.13415947235189107
20200102,2020,007310,오뚜기,도시락및식사용조리식품제조업,549000,3.0,1647000.0,549254.0,524124.0,20200305,1979275113000,0.5185831622102708,0.9195979899497487,32.0,-0.045754122662665875
20200102,2020,272290,이녹스첨단소재,전자부품제조업,52400,38.0,1991200.0,25301.0,21623.0,20200305,483778808000,0.5055362234423453,0.9162011173184358,33.0,-0.1453768330502876
20200102,2020,001820,삼화콘덴서,전자부품제조업,52600,38.0,1998800.0,53539.0,62327.0,20200305,546777000000,0.5082803849521111,0.914572864321608,34.0,0.16413985543773157
20200102,2020,091700,파트론,전자부품제조업,13400,149.0,1996600.0,13171.0,9781.0,20200305,725695894000,0.505402556906957,0.9106145251396648,35.0,-0.2574010241432707
20200102,2020,051900,LG생활건강,기타화학제품제조업,1266000,1.0,1266000.0,1263779.0,1298900.0,20200305,19772637402000,0.5157558477614201,0.9095477386934674,36.0,0.027790297175005252
20200102,2020,028150,GS홈쇼핑,텔레비전방송업,146500,13.0,1904500.0,145863.0,125852.0,20200305,961406250000,0.5152087301955195,0.9050279329608939,37.0,-0.13718776940864286
20200102,2020,027410,BGF,기타금융업,5500,363.0,1996500.0,5559.0,4899.0,20210114,526442350500,0.520529301232488,0.9045226130653267,38.0,-0.11876030326716824
20200102,2020,294870,IPARK현대산업개발,건물건설업,25400,78.0,1981200.0,23390.0,17134.0,20200305,1116030788000,0.5422633587748815,0.8994974874371859,39.0,-0.2674713316070756
20200102,2020,096530,씨젠,의료용품및기타의약관련제품제조업,30950,64.0,1980800.0,15817.0,18674.0,20200305,811942919000,0.5006342771194854,0.8994413407821229,40.0,0.18064779493350347
20200102,2020,282330,BGF리테일,종합소매업,168500,11.0,1853500.0,168576.0,162620.0,20200305,2912338161000,0.5088851807453059,0.8944723618090452,41.0,-0.035326271274323195
20200102,2020,050890,쏠리드,통신및방송장비제조업,5650,353.0,1994450.0,5406.0,5746.0,20200305,294846238750,0.5079378368931786,0.8938547486033519,42.0,0.06298947603799832
20200102,2020,047810,한국항공우주,"항공기,우주선및부품제조업",33800,59.0,1994200.0,33953.0,26651.0,20200305,3294658616600,0.5112839334866682,0.8894472361809045,43.0,-0.21507808321811017
20200102,2020,255440,야스,특수목적용기계제조업,20100,99.0,1989900.0,19955.0,15656.0,20200305,262465800000,0.5044909867370809,0.888268156424581,44.0,-0.21546630680906054
20200102,2020,243070,휴온스,의약품제조업,53800,37.0,1990600.0,45909.0,39162.0,20200305,483326126600,0.5099622576597569,0.88268156424581,46.0,-0.1469711707305329
20200102,2020,263750,펄어비스,소프트웨어개발및공급업,182400,10.0,1824000.0,37109.0,36016.0,20200305,2375395200000,0.5206855433359865,0.8715083798882681,50.0,-0.029447201670373957
20200102,2020,025320,시노펙스,전자부품제조업,2775,720.0,1998000.0,2364.0,2596.0,20200610,201357130200,0.5011394763538203,0.8379888268156425,63.0,0.09808998419096837
20200102,2020,049770,동원F&B,도시락및식사용조리식품제조업,223500,8.0,1788000.0,44532.0,32822.0,20200330,862514214000,0.5137938559436467,0.8341708542713567,64.0,-0.26295127383236416
20200102,2020,010060,OCI홀딩스,기초화학물질제조업,62800,31.0,1946800.0,49982.0,40755.0,20200305,1497740498800,0.5115198878202531,0.8241206030150754,68.0,-0.18461038689617582
20200102,2020,192400,쿠쿠홀딩스,기타금융업,103500,19.0,1966500.0,20918.0,24210.0,20210715,736137229500,0.5150480821666782,0.8090452261306532,74.0,0.15738696031013255
20200304,2020,042670,HD현대인프라코어,특수목적용기계제조업,4260,469.0,1997940.0,3683.0,3792.0,20200508,886767048540,0.5500822714465876,1.0,1.0,0.029631259444675706
20200304,2020,208340,파멥신,의약품제조업,31800,62.0,1971600.0,11783.0,13075.0,20200604,219763726200,0.5397216052042526,1.0,2.0,0.10962904700099263
20200304,2020,192650,드림텍,전자부품제조업,5940,336.0,1995840.0,6094.0,6458.0,20200511,372573639900,0.5330766285148352,0.9947089947089947,3.0,0.059773756333263206
20200304,2020,255440,야스,특수목적용기계제조업,15600,128.0,1996800.0,15656.0,18901.0,20210702,203704800000,0.5358859152174147,0.994413407821229,4.0,0.20730680645148603
20200304,2020,307950,현대오토에버,소프트웨어개발및공급업,38650,51.0,1971150.0,39338.0,42733.0,20200508,811650000000,0.5311715415865454,0.9894179894179894,5.0,0.08631426153893274
20200304,2020,143160,아이디스,통신및방송장비제조업,21450,93.0,1994850.0,21745.0,34165.0,20200914,229866565500,0.5442116618264867,0.9888268156424581,6.0,0.5711554425414089
20200304,2020,004430,송원산업,기타화학제품제조업,11750,170.0,1997500.0,11882.0,13831.0,20200514,282000000000,0.5498113986086837,0.9841269841269841,7.0,0.16400768621668327
20200304,2020,091700,파트론,전자부품제조업,9760,204.0,1991040.0,9781.0,8094.0,20200508,528566561600,0.5211902816638145,0.9832402234636871,8.0,-0.17245411117414178
20200304,2020,005420,코스모화학,기타화학제품제조업,8650,231.0,1998150.0,7402.0,7462.0,20200612,225858636250,0.5459866278777851,0.9788359788359788,9.0,0.008157246642231053
20200304,2020,085660,차바이오텍,기초의약물질제조업,13350,149.0,1989150.0,12920.0,17717.0,20200508,700615529400,0.531457323573287,0.9776536312849162,10.0,0.37127149424080463
20200304,2020,003000,부광약품,의약품제조업,13250,150.0,1987500.0,11927.0,20394.0,20200508,818723197500,0.5256120448156085,0.9735449735449735,11.0,0.7098900332336775
20200304,2020,179900,유티아이,전자부품제조업,15750,126.0,1984500.0,15817.0,17864.0,20200601,249872096250,0.5209821339723439,0.9720670391061452,12.0,0.12944099772832685
20200304,2020,006650,대한유화,기초화학물질제조업,91100,21.0,1913100.0,91061.0,128593.0,20200508,592150000000,0.5399804179227067,0.9682539682539683,13.0,0.4121623627027806
20200304,2020,048260,오스템임플란트,의료용기기제조업,35600,56.0,1993600.0,305566.0,292815.0,20200508,508571525200,0.5264394182808239,0.9664804469273743,14.0,-0.04172818059615657
20200304,2020,023530,롯데쇼핑,종합소매업,97600,20.0,1952000.0,98773.0,93474.0,20200508,2760982488000,0.5540794215484259,0.9629629629629629,15.0,-0.053648717071908436
20200304,2020,049070,인탑스,통신및방송장비제조업,12300,162.0,1992600.0,12742.0,17980.0,20200904,211560000000,0.5290779114840511,0.9608938547486033,16.0,0.4110907786581963
20200304,2020,008930,한미사이언스,기타금융업,31150,64.0,1993600.0,31786.0,28195.0,20200508,2056247291350,0.5503364598478067,0.9576719576719577,17.0,-0.1129980246102581
20200304,2020,061970,LB세미콘,반도체제조업,7770,257.0,1996890.0,8092.0,7225.0,20200512,340206279840,0.49723139199535454,0.9553072625698324,18.0,-0.10710302582487197
20200304,2020,298000,효성화학,기초화학물질제조업,108000,18.0,1944000.0,109895.0,98475.0,20200821,344533608000,0.534924654682926,0.9523809523809523,19.0,-0.10391561052398723
20200304,2020,096530,씨젠,의료용품및기타의약관련제품제조업,37450,53.0,1984850.0,18674.0,46025.0,20200508,982464049000,0.5171346539615664,0.9497206703910615,20.0,1.4646217991866024
20200304,2020,003090,대웅,기타금융업,10650,187.0,1991550.0,10561.0,16969.0,20200508,619212087000,0.5479343257815025,0.9470899470899471,21.0,0.6066789232807168
20200304,2020,038540,상상인,"컴퓨터프로그래밍,시스템통합및관리업",7870,254.0,1998980.0,7904.0,8074.0,20200508,435433823310,0.5300545076099827,0.9441340782122905,22.0,0.02158418825212216
20200304,2020,007310,오뚜기,도시락및식사용조리식품제조업,516000,3.0,1548000.0,524124.0,538053.0,20200508,1860302292000,0.5119878789093908,0.9417989417989417,23.0,0.026575892796322886
20200304,2020,215360,우리산업,자동차신품부품제조업,23700,84.0,1990800.0,23705.0,25607.0,20210225,216432263100,0.5210067264359955,0.9385474860335196,24.0,0.0802378275137019
20200304,2020,012330,현대모비스,자동차신품부품제조업,209000,9.0,1881000.0,210014.0,175656.0,20200508,19866431046000,0.5227485560784624,0.9365079365079365,25.0,-0.16360136529311187
20200304,2020,042000,카페24,"자료처리,호스팅,포털및기타인터넷정보매개서비스업",35100,56.0,1965600.0,17780.0,22179.0,20200511,331013954700,0.5595434766559756,0.9329608938547486,26.0,0.2474119937024597
20200304,2020,025540,한국단자,"전동기,발전기및전기변환ㆍ공급ㆍ제어장치제조업",32550,61.0,1985550.0,32713.0,36172.0,20200714,339008250000,0.5464545419865058,0.9312169312169312,27.0,0.10574114851888772
20200304,2020,035760,CJ ENM,텔레비전방송업,129900,15.0,1948500.0,129489.0,120406.0,20200508,2848597104600,0.5555220364923261,0.9273743016759777,28.0,-0.07014823401340298
20200304,2020,011170,롯데케미칼,기초화학물질제조업,183500,10.0,1835000.0,174975.0,186344.0,20200508,6289539386500,0.5332292225948643,0.9259259259259259,29.0,0.0649807195507357
20200304,2020,048410,현대바이오,기타화학제품제조업,12000,166.0,1992000.0,5679.0,5326.0,20200508,430990524000,0.5321308781862808,0.9217877094972067,30.0,-0.06218235829121954
20200304,2020,069620,대웅제약,의약품제조업,100000,20.0,2000000.0,101077.0,105038.0,20200508,1158657500000,0.5194306042956933,0.9206349206349206,31.0,0.039185097576191374
20200304,2020,215600,신라젠,자연과학및공학연구개발업,11700,170.0,1989000.0,7726.0,10042.0,20221028,837159862500,0.553150323746236,0.9162011173184358,32.0,0.299713543481692
20200304,2020,005440,현대지에프홀딩스,종합소매업,8650,231.0,1998150.0,5797.0,5369.0,20200508,845143769300,0.5473090299661447,0.9153439153439153,33.0,-0.07380796900850084
20200304,2020,112040,위메이드,소프트웨어개발및공급업,32200,62.0,1996400.0,15962.0,12578.0,20200508,540960000000,0.5181214255550424,0.9106145251396648,34.0,-0.21199373798243837
20200304,2020,161890,한국콜마,기타화학제품제조업,42500,47.0,1997500.0,42994.0,43885.0,20200508,972450150000,0.5357306375916939,0.91005291005291,35.0,0.020723187014953348
20200304,2020,041510,에스엠,오디오물출판및원판녹음업,29750,67.0,1993250.0,29681.0,28338.0,20200508,697551254750,0.5257100444334528,0.9050279329608939,36.0,-0.045255089484546374
20200304,2020,115390,락앤락,플라스틱제품제조업,12400,161.0,1996400.0,12648.0,11188.0,20200508,671913840000,0.5230438054860691,0.9047619047619048,37.0,-0.11547802206668334
20200304,2020,145720,덴티움,의료용기기제조업,44200,45.0,1989000.0,44456.0,35649.0,20201015,489242286000,0.5243640320795101,0.8994708994708994,38.0,-0.19810521724235797
20200304,2020,263750,펄어비스,소프트웨어개발및공급업,178900,11.0,1967900.0,36016.0,41964.0,20200508,2329814700000,0.5171645483086356,0.8994413407821229,39.0,0.16513251683412822
20200304,2020,272290,이녹스첨단소재,전자부품제조업,44000,45.0,1980000.0,21623.0,18802.0,20200508,406226480000,0.5112929016455727,0.8770949720670391,47.0,-0.1304793091704367
20200304,2020,086900,메디톡스,기초의약물질제조업,279300,7.0,1955100.0,217513.0,128022.0,20200508,1624154637000,0.520743354086196,0.8715083798882681,49.0,-0.41142693567716315
20200304,2020,121800,비덴트,통신및방송장비제조업,6740,296.0,1995040.0,6945.0,9992.0,20210915,229102865020,0.5214675397109361,0.8659217877094972,51.0,0.43886188302643303
20200304,2020,049770,동원F&B,도시락및식사용조리식품제조업,207000,9.0,1863000.0,41933.0,41016.0,20200511,798838668000,0.5088440006561039,0.8571428571428571,54.0,-0.02186429315640126
20200304,2020,017800,현대엘리베이터,일반목적용기계제조업,55400,36.0,1994400.0,37692.0,43749.0,20200508,1506843103600,0.5417494780780917,0.8042328042328042,74.0,0.16071755866543214
20200304,2020,010060,OCI홀딩스,기초화학물질제조업,50100,39.0,1953900.0,40755.0,32630.0,20200508,1194853487100,0.5251885271957514,0.798941798941799,75.0,-0.199349131887132
20200304,2020,122990,와이솔,전자부품제조업,12950,154.0,1994300.0,12879.0,11126.0,20200508,364826635950,0.5092368612168807,0.7988826815642458,76.0,-0.136122224573341
20200304,2020,012630,HDC,기타금융업,9400,212.0,1992800.0,9856.0,9307.0,20200508,561572177400,0.5357396005812778,0.7777777777777778,83.0,-0.05569757713573109
20200304,2020,243070,휴온스,의약품제조업,46950,42.0,1971900.0,39162.0,41184.0,20200508,421787391150,0.5088182032989369,0.776536312849162,84.0,0.051627749268908785
20200304,2020,226950,올릭스,자연과학및공학연구개발업,34350,58.0,1992300.0,17755.0,20089.0,20200526,224309656350,0.5413877537689551,0.770949720670391,86.0,0.1314088743563393
20200304,2020,192820,코스맥스,기타화학제품제조업,84000,23.0,1932000.0,82492.0,85825.0,20200508,844158756000,0.5253721531854613,0.7671957671957672,87.0,0.040402150791198466
20200507,2020,008930,한미사이언스,기타금융업,28900,69.0,1994100.0,28195.0,54979.0,20201013,1907722206100,0.5371438603462901,1.0,1.0,0.9499928881851645
20200507,2020,049950,미래컴퍼니,특수목적용기계제조업,30400,65.0,1976000.0,28558.0,26815.0,20200811,254214102400,0.529943801062772,1.0,2.0,-0.06104768856592002
20200507,2020,234080,JW생명과학,의약품제조업,15950,125.0,1993750.0,16949.0,19496.0,20200707,252561136300,0.535668197856133,0.9949494949494949,3.0,0.15030292986432525
20200507,2020,208340,파멥신,의약품제조업,33150,60.0,1989000.0,12195.0,15225.0,20200727,229093318350,0.542158371241585,0.9947916666666666,4.0,0.24841016016942286
20200507,2020,005420,코스모화학,기타화학제품제조업,7770,257.0,1996890.0,6825.0,7005.0,20200708,202881110250,0.5263740717977521,0.98989898989899,5.0,0.026410032767114844
20200507,2020,112040,위메이드,소프트웨어개발및공급업,24400,81.0,1976400.0,12578.0,19212.0,20201013,409920000000,0.5367858477648645,0.9895833333333334,6.0,0.5274316794888512
20200507,2020,034220,LG디스플레이,전자부품제조업,10800,185.0,1998000.0,10071.0,11269.0,20200707,3864409560000,0.5290003211064372,0.9848484848484849,7.0,0.11892888242390542
20200507,2020,086900,메디톡스,기초의약물질제조업,125500,15.0,1882500.0,128022.0,180459.0,20200707,750169849500,0.5295167325504919,0.984375,8.0,0.40958771026582697
20200507,2020,010060,OCI홀딩스,기초화학물질제조업,38800,51.0,1978800.0,32630.0,33070.0,20200707,925355594800,0.5178605608827279,0.9797979797979798,9.0,0.013466543390141528
20200507,2020,143160,아이디스,통신및방송장비제조업,23600,84.0,1982400.0,23803.0,25112.0,20201022,252906804000,0.5379313370884494,0.9791666666666666,10.0,0.055007699426372625
20200507,2020,093370,후성,기초화학물질제조업,6890,290.0,1998100.0,6744.0,7856.0,20200707,638060982910,0.5176265771635715,0.9747474747474747,11.0,0.16495662047167237
20200507,2020,226950,올릭스,자연과학및공학연구개발업,38250,52.0,1989000.0,19362.0,23641.0,20200707,251031728250,0.5362034991900242,0.9739583333333334,12.0,0.2210065253472806
20200507,2020,204320,HL만도,자동차신품부품제조업,22950,87.0,1996650.0,24735.0,23237.0,20200707,1077665904000,0.5329906163741769,0.9696969696969697,13.0,-0.06055528592646564
20200507,2020,270870,뉴트리,도시락및식사용조리식품제조업,24650,81.0,1996650.0,24869.0,27869.0,20200707,223642646600,0.5077854324244933,0.96875,14.0,0.12061987009546615
20200507,2020,002380,KCC,기타화학제품제조업,157500,12.0,1890000.0,157325.0,135408.0,20200707,1399619182500,0.5178965674172575,0.9646464646464646,15.0,-0.1393096169590139
20200507,2020,048260,오스템임플란트,의료용기기제조업,34500,57.0,1966500.0,292815.0,254680.0,20200707,492857236500,0.5088366874812057,0.9635416666666666,16.0,-0.13023661169281597
20200507,2020,003070,코오롱글로벌,토목건설업,8130,246.0,1999980.0,8085.0,17270.0,20200827,204960860940,0.5128896805484068,0.9595959595959596,17.0,1.1358824875037388
20200507,2020,122990,와이솔,전자부품제조업,10900,183.0,1994700.0,11126.0,13022.0,20200707,307074156900,0.5248646047332791,0.9583333333333334,18.0,0.17040000350175188
20200507,2020,023530,롯데쇼핑,종합소매업,94900,21.0,1992900.0,93474.0,80712.0,20200707,2684602849500,0.5138905811251178,0.9545454545454546,19.0,-0.13653568972818697
20200507,2020,051370,인터플렉스,전자부품제조업,10650,187.0,1991550.0,10739.0,12837.0,20200707,248437576800,0.5243197555769232,0.953125,20.0,0.19536889698036553
20200507,2020,000660,SK하이닉스,반도체제조업,82400,24.0,1977600.0,85110.0,84871.0,20200707,59987394876000,0.5136696080796299,0.9494949494949495,21.0,-0.0028105013981158944
20200507,2020,042520,한스바이오메드,의료용품및기타의약관련제품제조업,20450,97.0,1983650.0,21798.0,21197.0,20200717,202505184300,0.525481312969196,0.9479166666666666,22.0,-0.027562227191154642
20200507,2020,028050,삼성E&A,"건축기술,엔지니어링및관련기술서비스업",11600,172.0,1995200.0,11662.0,12254.0,20200707,2273600000000,0.5353300654410947,0.9444444444444444,23.0,0.05075535514125096
20200507,2020,238090,앤디포스,플라스틱제품제조업,4110,486.0,1997460.0,11172.0,16890.0,20200907,209195991480,0.5261126802850205,0.9427083333333334,24.0,0.5118460975535111
20200507,2020,105630,한세실업,봉제의복제조업,11700,170.0,1989000.0,11843.0,11095.0,20200707,468000000000,0.5184984114688485,0.9393939393939394,25.0,-0.06313775597982496
20200507,2020,243840,신흥에스이씨,일차전지및이차전지제조업,30550,65.0,1985750.0,6512.0,8722.0,20200707,205363973750,0.5134620121450346,0.9375,26.0,0.3393782591886283
20200507,2020,081660,미스토홀딩스,생활용품도매업,33750,59.0,1991250.0,33717.0,40967.0,20201013,2050387492500,0.5077811931736195,0.9343434343434344,27.0,0.2150292547131738
20200507,2020,067290,JW신약,의약품제조업,4860,411.0,1997460.0,3614.0,3678.0,20200721,202502426760,0.5198129448220684,0.9322916666666666,28.0,0.017774651638468697
20200507,2020,096770,SK이노베이션,석유정제품제조업,98700,20.0,1974000.0,96923.0,131199.0,20200707,9126351166800,0.5250739932378347,0.9292929292929293,29.0,0.35364304746773967
20200507,2020,207760,미스터블루,기타정보서비스업,8380,238.0,1994440.0,2754.0,4540.0,20200717,205435733520,0.5151936309160966,0.9270833333333334,30.0,0.6486430047620977
20200507,2020,128940,한미약품,의약품제조업,259000,7.0,1813000.0,256316.0,227116.0,20200707,3067344511000,0.5184125607011951,0.9242424242424242,31.0,-0.11392034693328823
20200507,2020,060570,드림어스컴퍼니,기타전문도매업,5200,384.0,1996800.0,5289.0,5761.0,20210427,295671204400,0.5154672105960686,0.921875,32.0,0.0892396691602435
20200507,2020,010130,고려아연,1차비철금속제조업,373500,5.0,1867500.0,374287.0,366278.0,20200707,7047945000000,0.5119438498854454,0.9191919191919192,33.0,-0.021398470425155747
20200507,2020,046890,서울반도체,반도체제조업,13200,151.0,1993200.0,13344.0,13940.0,20200707,769631280000,0.5131964737761157,0.9166666666666666,34.0,0.044678231811252855
20200507,2020,012630,HDC,기타금융업,9240,216.0,1995840.0,9307.0,8595.0,20200707,552013502040,0.5140829943962926,0.9141414141414141,35.0,-0.07646030974678275
20200507,2020,200670,휴메딕스,의약품제조업,20250,98.0,1984500.0,21240.0,26587.0,20200708,201916678500,0.5184813526580282,0.9114583333333334,36.0,0.25174516842114025
20200507,2020,005440,현대지에프홀딩스,종합소매업,8170,244.0,1993480.0,5369.0,5256.0,20200707,798245617940,0.5098352480673425,0.9090909090909091,37.0,-0.021033383759068935
20200507,2020,048410,현대바이오,기타화학제품제조업,11250,177.0,1991250.0,5326.0,6196.0,20200707,404053616250,0.5117656267588278,0.90625,38.0,0.163445386497856
20200507,2020,267260,HD현대일렉트릭,"전동기,발전기및전기변환ㆍ공급ㆍ제어장치제조업",8050,248.0,1996400.0,8073.0,8095.0,20200707,290179436750,0.524823565962215,0.9040404040404041,39.0,0.002715071126420776
20200507,2020,045970,코아시아,"그외기타전문,과학및기술서비스업",8400,238.0,1999200.0,8800.0,9208.0,20200707,219532656000,0.5024135265684806,0.9010416666666666,40.0,0.04630801827410114
20200507,2020,267270,HD건설기계,일반목적용기계제조업,17950,111.0,1992450.0,18054.0,21154.0,20200707,353629234350,0.5333055542113587,0.898989898989899,41.0,0.1717116609538647
20200507,2020,121800,비덴트,통신및방송장비제조업,7120,280.0,1993600.0,7467.0,9430.0,20211013,242019643760,0.519128258013138,0.8958333333333334,42.0,0.2629801058448591
20200507,2020,042000,카페24,"자료처리,호스팅,포털및기타인터넷정보매개서비스업",48300,41.0,1980300.0,22757.0,28085.0,20200707,455497835100,0.5326354197507177,0.890625,44.0,0.23413598841126282
20200507,2020,038540,상상인,"컴퓨터프로그래밍,시스템통합및관리업",8120,246.0,1997520.0,8074.0,6042.0,20200707,449265901560,0.5073018718991622,0.8854166666666666,46.0,-0.25176641261494903
20200507,2020,263750,펄어비스,소프트웨어개발및공급업,199300,10.0,1993000.0,41964.0,43716.0,20200707,2606814105000,0.5065662527360439,0.8697916666666666,52.0,0.04175897071267798
20200507,2020,061970,LB세미콘,반도체제조업,7350,272.0,1999200.0,7236.0,8654.0,20200707,321816751200,0.5098341660455119,0.8645833333333334,54.0,0.19599433855474158
20200507,2020,035760,CJ ENM,텔레비전방송업,122000,16.0,1952000.0,120406.0,114912.0,20200707,2675356788000,0.5062717139641415,0.8489583333333334,60.0,-0.04562717047471243
20200507,2020,161890,한국콜마,기타화학제품제조업,43950,45.0,1977750.0,43885.0,42780.0,20200707,1005627861000,0.5090333263192395,0.8282828282828283,68.0,-0.025196417850002706
20200507,2020,007310,오뚜기,도시락및식사용조리식품제조업,534000,3.0,1602000.0,538053.0,566277.0,20200707,1925196558000,0.49538502354536795,0.8131313131313131,74.0,0.05245642444582144
20200507,2020,091700,파트론,전자부품제조업,8120,246.0,1997520.0,8094.0,9031.0,20200707,439750049200,0.5094274651492219,0.7760416666666666,89.0,0.1158408909203481
20200706,2020,006840,AK홀딩스,기타금융업,19200,104.0,1996800.0,19200.0,26296.0,20210115,254353171200,0.5375907216059705,1.0,1.0,0.3696075597746553
20200706,2020,179900,유티아이,전자부품제조업,16000,125.0,2000000.0,15617.0,13422.0,20200921,257870320000,0.5301230795709989,1.0,2.0,-0.14054740680938593
20200706,2020,091700,파트론,전자부품제조업,9130,219.0,1999470.0,9031.0,10132.0,20200904,494448023300,0.5298576826474449,0.9948979591836735,3.0,0.1218941376590017
20200706,2020,170900,동아에스티,의약품제조업,91200,21.0,1915200.0,80514.0,86293.0,20200904,770080761600,0.5285528193341626,0.9942196531791907,4.0,0.07177915601543194
20200706,2020,082270,젬백스,특수목적용기계제조업,23000,86.0,1978000.0,22998.0,,,903012269000,0.5307656694322225,0.9897959183673469,5.0,-0.026245555574349266
20200706,2020,204320,HL만도,자동차신품부품제조업,23450,85.0,1993250.0,23237.0,30757.0,20200904,1101144464000,0.533906633043866,0.9884393063583815,6.0,0.32362998135470256
20200706,2020,243070,휴온스,의약품제조업,62000,32.0,1984000.0,51284.0,59307.0,20200904,612606128000,0.5302005536348209,0.9846938775510204,7.0,0.1564580597097629
20200706,2020,002380,KCC,기타화학제품제조업,136000,14.0,1904000.0,135408.0,141884.0,20200904,1208560056000,0.5307974853328199,0.9826589595375722,8.0,0.04782261297045576
20200706,2020,086450,동국제약,의약품제조업,137000,14.0,1918000.0,26308.0,26206.0,20200923,1218204000000,0.5278812807570898,0.9795918367346939,9.0,-0.003907774201076797
20200706,2020,000100,유한양행,의약품제조업,52300,38.0,1987400.0,43618.0,54585.0,20200904,3496611163000,0.5262745070656654,0.976878612716763,10.0,0.2514337113379892
20200706,2020,036490,SK머티리얼즈,기초화학물질제조업,201900,9.0,1817100.0,197690.0,248653.0,20200904,2129575178700,0.5229162577105144,0.9744897959183674,11.0,0.2577933374627377
20200706,2020,006060,화승인더,플라스틱제품제조업,7050,283.0,1995150.0,7457.0,7119.0,20200904,390006000000,0.5419289865522696,0.9710982658959537,12.0,-0.045334686546313674
20200706,2020,319660,피에스케이,특수목적용기계제조업,28200,70.0,1974000.0,13638.0,13614.0,20200904,416373564000,0.5244164935112678,0.9693877551020408,13.0,-0.001779861133260785
20200706,2020,005420,코스모화학,기타화학제품제조업,8140,245.0,1994300.0,6936.0,9467.0,20200904,212542115500,0.5299137379806963,0.9653179190751445,14.0,0.36482228983620524
20200706,2020,084110,휴온스글로벌,의약품제조업,34000,58.0,1972000.0,30234.0,49487.0,20210416,389780318000,0.5253887439186935,0.9642857142857143,15.0,0.6368359944926951
20200706,2020,001820,삼화콘덴서,전자부품제조업,53500,37.0,1979500.0,55132.0,55541.0,20200904,556132500000,0.5223269478252464,0.9595375722543352,16.0,0.007403649535982604
20200706,2020,204270,제이앤티씨,전자부품제조업,14050,142.0,1995100.0,14095.0,11698.0,20200904,812770947300,0.5222537261718878,0.9591836734693877,17.0,-0.17007864596158262
20200706,2020,265520,AP시스템,특수목적용기계제조업,24950,80.0,1996000.0,24601.0,23140.0,20200904,361281663650,0.5233290244639266,0.9540816326530612,18.0,-0.05939612112593429
20200706,2020,267260,HD현대일렉트릭,"전동기,발전기및전기변환ㆍ공급ㆍ제어장치제조업",8060,248.0,1998880.0,8095.0,17388.0,20200909,290539908100,0.52835512702948,0.953757225433526,19.0,1.147926388888271
20200706,2020,089970,브이엠,특수목적용기계제조업,15300,130.0,1989000.0,14997.0,13549.0,20201109,355489303500,0.5233194629258313,0.9489795918367347,20.0,-0.09656051246932684
20200706,2020,000640,동아쏘시오홀딩스,기타금융업,99300,20.0,1986000.0,93164.0,101932.0,20200907,609532892100,0.5286828839536132,0.9479768786127167,21.0,0.09411817799127364
20200706,2020,079940,가비아,소프트웨어개발및공급업,14950,133.0,1988350.0,15303.0,16402.0,20200904,202358475800,0.5286748124731139,0.9438775510204082,22.0,0.07180317898467181
20200706,2020,001740,SK네트웍스,기타전문도매업,5000,400.0,2000000.0,4948.0,4884.0,20201203,1240938235000,0.5180019103967166,0.9421965317919075,23.0,-0.012847634574029598
20200706,2020,243840,신흥에스이씨,일차전지및축전지제조업,39950,50.0,1997500.0,8722.0,8562.0,20200904,269416088400,0.49460067074931957,0.9387755102040817,24.0,-0.018308926743311416
20200706,2020,023530,롯데쇼핑,종합소매업,81700,24.0,1960800.0,80712.0,78618.0,20200904,2311191283500,0.5374753589862673,0.9364161849710982,25.0,-0.025945132683413696
20200706,2020,048260,오스템임플란트,의료용기기제조업,30300,66.0,1999800.0,254680.0,344953.0,20200904,432857225100,0.5283424739822264,0.9336734693877551,26.0,0.35445657765606087
20200706,2020,000660,SK하이닉스,반도체제조업,86000,23.0,1978000.0,84871.0,78761.0,20200904,62608203390000,0.5124859355440607,0.930635838150289,27.0,-0.07199160286984552
20200706,2020,096530,씨젠,의료용품및기타의약관련제품제조업,130000,15.0,1950000.0,66390.0,117262.0,20200904,3410422600000,0.5297738254221335,0.9285714285714286,28.0,0.7662641094638194
20200706,2020,004430,송원산업,기타화학제품제조업,12900,155.0,1999500.0,13382.0,12637.0,20200925,309600000000,0.5226422023444484,0.9248554913294798,29.0,-0.05567817196464908
20200706,2020,093320,케이아이엔엑스,"자료처리,호스팅,포털및기타인터넷정보매개서비스업",61400,32.0,1964800.0,60678.0,88473.0,20200904,299632000000,0.5086487486191824,0.923469387755102,30.0,0.4580752004124007
20200706,2020,089590,제주항공,항공여객운송업,16400,121.0,1984400.0,13785.0,15504.0,20201203,432250831200,0.5164497011769259,0.9190751445086706,31.0,0.12472245245041602
20200706,2020,226950,올릭스,자연과학및공학연구개발업,46650,42.0,1959300.0,23641.0,27064.0,20200904,306160264650,0.5285476747060102,0.9183673469387755,32.0,0.14478591675968722
20200706,2020,001630,종근당홀딩스,의약품제조업,119000,16.0,1904000.0,121926.0,119943.0,20200904,596173459000,0.5228352274441902,0.9132947976878613,33.0,-0.016259666651592508
20200706,2020,067160,SOOP,소프트웨어개발및공급업,67400,29.0,1954600.0,67539.0,59920.0,20200904,774747295800,0.5271641288204167,0.9132653061224489,34.0,-0.11280233496388536
20200706,2020,038540,상상인,"컴퓨터프로그래밍,시스템통합및관리업",6060,330.0,1999800.0,6042.0,8582.0,20210608,335289576780,0.5188017700421268,0.9081632653061225,35.0,0.42054320583541305
20200706,2020,267270,HD건설기계,일반목적용기계제조업,21250,94.0,1997500.0,21154.0,22807.0,20200904,418641851250,0.5195130680230049,0.9075144508670521,36.0,0.07815261919228611
20200706,2020,141080,리가켐바이오,자연과학및공학연구개발업,52800,37.0,1953600.0,48211.0,54696.0,20200904,625252478400,0.5283738491274179,0.9030612244897959,37.0,0.1345089307805598
20200706,2020,005880,대한해운,해상운송업,17250,115.0,1983750.0,1592.0,2747.0,20201224,421367630250,0.5196718512536291,0.9017341040462428,38.0,0.7255706052318562
20200706,2020,033500,동성화인텍,기초화학물질제조업,9010,221.0,1991210.0,8930.0,10137.0,20200904,243122317090,0.5191621547437015,0.8979591836734694,39.0,0.13513127255491453
20200706,2020,010060,OCI홀딩스,기초화학물질제조업,42100,47.0,1978700.0,33070.0,53888.0,20200904,1004058519100,0.5184961362006608,0.8959537572254336,40.0,0.6295252361926655
20200706,2020,218410,RFHIC,통신및방송장비제조업,37100,53.0,1966300.0,37515.0,36529.0,20201203,884746702000,0.5100190426950142,0.8928571428571429,41.0,-0.026292697684871746
20200706,2020,000720,현대건설,토목건설업,34600,57.0,1972200.0,32977.0,31129.0,20200904,3852909469000,0.503499743963257,0.8901734104046243,42.0,-0.05603859676129619
20200706,2020,098460,고영,특수목적용기계제조업,98700,20.0,1974000.0,20438.0,17265.0,20200904,1355244863700,0.5200708525804651,0.8877551020408163,43.0,-0.15526671412852588
20200706,2020,248170,샘표식품,기타식품제조업,44250,45.0,1991250.0,45028.0,46589.0,20200904,202146655500,0.504441396234,0.884393063583815,44.0,0.03466041474693782
20200706,2020,086900,메디톡스,기초의약물질및생물학적제제제조업,166000,12.0,1992000.0,180459.0,215445.0,20200904,992256534000,0.5120402522544424,0.8775510204081632,47.0,0.19387185926181938
20200706,2020,270870,뉴트리,기타식품제조업,27150,73.0,1981950.0,27869.0,22662.0,20200918,246324456600,0.5035845179120987,0.8622448979591837,52.0,-0.1868233639949598
20200706,2020,263750,펄어비스,소프트웨어개발및공급업,215500,9.0,1939500.0,43716.0,40835.0,20200904,2818707675000,0.5243488280362381,0.8214285714285714,67.0,-0.06590208258919039
20200706,2020,128940,한미약품,의약품제조업,245500,8.0,1964000.0,227116.0,278670.0,20200904,2907463619500,0.5199378354998572,0.815028901734104,70.0,0.22699044639310872
20200706,2020,234080,JW생명과학,의약품제조업,19500,102.0,1989000.0,19496.0,20339.0,20200904,308773803000,0.5195958118191862,0.7976878612716763,76.0,0.043233483403603
20200706,2020,105630,한세실업,봉제의복제조업,11250,177.0,1991250.0,11095.0,18695.0,20201008,450000000000,0.526678061431482,0.7861271676300579,80.0,0.6849492374401571
20200903,2020,108230,톱텍,특수목적용기계제조업,15850,126.0,1997100.0,15461.0,15460.0,20201109,602668433250,0.5274189557549103,1.0,1.0,-6.879030851913992e-05
20200903,2020,308170,씨티알모빌리티,자동차신품부품제조업,25150,79.0,1986850.0,24520.0,27559.0,20210129,216541500000,0.5290969497344548,1.0,2.0,0.12396010855371298
20200903,2020,243070,휴온스,의약품제조업,72600,27.0,1960200.0,59307.0,49954.0,20201109,717342014400,0.5373164540808715,0.9956521739130435,3.0,-0.15770536560464454
20200903,2020,078930,GS,기타금융업,33500,59.0,1976500.0,33421.0,34474.0,20201109,3112665163000,0.5172979319751092,0.9950248756218906,4.0,0.03151289035237759
20200903,2020,084990,헬릭스미스,자연과학및공학연구개발업,48050,41.0,1970050.0,39210.0,17319.0,20201109,1286092557700,0.5406624022506795,0.991304347826087,5.0,-0.5583055219998023
20200903,2020,185750,종근당,의약품제조업,180500,11.0,1985500.0,137999.0,129686.0,20201109,1964866142500,0.5350146708800292,0.9900497512437811,6.0,-0.060235018884479574
20200903,2020,033160,엠케이전자,전자부품제조업,10350,193.0,1997550.0,10082.0,9490.0,20201118,225709581150,0.5180094773445856,0.9869565217391304,7.0,-0.05876787665761829
20200903,2020,008060,대덕,전자부품제조업,6260,319.0,1996940.0,6155.0,7586.0,20210420,212152339000,0.5168218971683107,0.9850746268656716,8.0,0.2324938466753721
20200903,2020,288330,파라택시스코리아,기초의약물질및생물학적제제제조업,34250,58.0,1986500.0,8097.0,9410.0,20201126,218756736500,0.5184236281164575,0.9826086956521739,9.0,0.1621584961474083
20200903,2020,006060,화승인더,플라스틱제품제조업,7280,274.0,1994720.0,7119.0,7239.0,20201109,402729600000,0.5296587891471677,0.9800995024875622,10.0,0.01682542076264104
20200903,2020,131390,원익피앤이,"전동기,발전기및전기변환ㆍ공급ㆍ제어장치제조업",21500,93.0,1999500.0,21064.0,20011.0,20201109,318606565000,0.5213180153470425,0.9782608695652174,11.0,-0.049996930318301325
20200903,2020,000660,SK하이닉스,반도체제조업,78700,25.0,1967500.0,78761.0,86071.0,20201109,57293786125500,0.5129224629695242,0.9751243781094527,12.0,0.09281329685687645
20200903,2020,222040,코스맥스엔비티,기타식품제조업,10950,182.0,1992900.0,10850.0,10506.0,20210601,225876600000,0.5217804656225995,0.9739130434782609,13.0,-0.03174345798855238
20200903,2020,004990,롯데지주,기타금융업,30400,65.0,1976000.0,30024.0,30273.0,20201109,3189240804800,0.5119886848588233,0.9701492537313433,14.0,0.008293682085895204
20200903,2020,236200,슈프리마,통신및방송장비제조업,31600,63.0,1990800.0,31375.0,29685.0,20201229,227307426800,0.5140257792308958,0.9695652173913043,15.0,-0.05384691462252278
20200903,2020,092730,네오팜,기타화학제품제조업,28650,69.0,1976850.0,14513.0,14666.0,20201203,235140892650,0.5157356506608863,0.9652173913043478,16.0,0.010553395404939492
20200903,2020,014680,한솔케미칼,기초화학물질제조업,158000,12.0,1896000.0,156101.0,153583.0,20201109,1784640810000,0.5231648004730451,0.9651741293532339,17.0,-0.016130405060591713
20200903,2020,078070,유비쿼스홀딩스,통신및방송장비제조업,28300,70.0,1981000.0,32293.0,28400.0,20201130,529114572400,0.5130371320203007,0.9608695652173913,18.0,-0.1205490561710355
20200903,2020,001630,종근당홀딩스,의약품제조업,121000,16.0,1936000.0,119943.0,102449.0,20201109,606193181000,0.5303286296232621,0.9601990049751243,19.0,-0.14585656828186777
20200903,2020,270870,뉴트리,기타식품제조업,23500,85.0,1997500.0,23363.0,27204.0,20210208,213209014000,0.5192112007179692,0.9565217391304348,20.0,0.16440205204639557
20200903,2020,033240,자화전자,전자부품제조업,13100,152.0,1991200.0,12980.0,15027.0,20201109,234490000000,0.5104486113968356,0.9552238805970149,21.0,0.157681930099983
20200903,2020,123420,위메이드플레이,소프트웨어개발및공급업,25650,77.0,1975050.0,24876.0,23219.0,20210310,245466447300,0.5296136412965566,0.9521739130434783,22.0,-0.06661701468213499
20200903,2020,018260,삼성에스디에스,"컴퓨터프로그래밍,시스템통합및관리업",159500,12.0,1914000.0,157090.0,175169.0,20201109,12341759100000,0.5110480119614851,0.9502487562189055,23.0,0.11508907566543192
20200903,2020,067160,SOOP,소프트웨어개발및공급업,57500,34.0,1955000.0,59920.0,61929.0,20201109,660949102500,0.5294576377520612,0.9478260869565217,24.0,0.03352093579624493
20200903,2020,000100,유한양행,의약품제조업,66900,29.0,1940100.0,54585.0,54432.0,20201109,4472720589000,0.5284332513493744,0.945273631840796,25.0,-0.0028063245772863565
20200903,2020,036490,SK머티리얼즈,기초화학물질제조업,251500,7.0,1760500.0,248653.0,238147.0,20201109,2652739759500,0.5220060559814386,0.9434782608695652,26.0,-0.042250012220264144
20200903,2020,003230,삼양식품,기타식품제조업,111000,18.0,1998000.0,108055.0,102537.0,20201109,836164665000,0.5163978577219279,0.9402985074626866,27.0,-0.051059618153249775
20200903,2020,265520,AP시스템,특수목적용기계제조업,23400,85.0,1989000.0,23140.0,21689.0,20201109,338837311800,0.5152348549803931,0.9391304347826087,28.0,-0.06272450360305382
20200903,2020,000990,DB하이텍,반도체제조업,35850,55.0,1971750.0,34733.0,35043.0,20201109,1591689379800,0.5078782707992304,0.9353233830845771,29.0,0.00893589777426973
20200903,2020,033500,동성화인텍,기초화학물질제조업,9680,206.0,1994080.0,10137.0,10887.0,20201109,261201335120,0.5216203304497754,0.9347826086956522,30.0,0.07400908778155779
20200903,2020,036810,에프에스티,전자부품제조업,24350,82.0,1996700.0,22806.0,21334.0,20201109,492693370900,0.5086683177892639,0.9304347826086956,31.0,-0.06454125593370819
20200903,2020,298020,효성티앤씨,화학섬유제조업,99500,20.0,1990000.0,98243.0,176066.0,20201109,430604359000,0.5279524556842775,0.9303482587064676,32.0,0.7921388455898084
20200903,2020,237880,클리오,기타화학제품제조업,17150,116.0,1989400.0,17028.0,21978.0,20210421,294124009200,0.5127099045556163,0.9260869565217391,33.0,0.2906701471786872
20200903,2020,001800,오리온홀딩스,기타금융업,12900,155.0,1999500.0,12743.0,13296.0,20201119,808125943800,0.5081734936852411,0.9253731343283582,34.0,0.04333701916145394
20200903,2020,263750,펄어비스,소프트웨어개발및공급업,184700,10.0,1847000.0,40835.0,40557.0,20201109,2415848295000,0.5283985135064614,0.9217391304347826,35.0,-0.00680788137636823
20200903,2020,249420,일동제약,의약품제조업,19150,104.0,1991600.0,18356.0,18558.0,20201109,455832907750,0.5270935327149315,0.9203980099502488,36.0,0.011024107242227243
20200903,2020,050110,캠시스,전자부품제조업,3000,666.0,1998000.0,14323.0,,,205583856000,0.5078477311878548,0.9173913043478261,37.0,0.043466839964662496
20200903,2020,013580,계룡건설,토목건설업,24500,81.0,1984500.0,23945.0,26646.0,20201223,218807221500,0.4952077847449461,0.9154228855721394,38.0,0.11278442751534934
20200903,2020,054950,제이브이엠,일반목적용기계제조업,32600,61.0,1988600.0,17339.0,19042.0,20210315,206387600800,0.5280797045441417,0.9130434782608695,39.0,0.0982090158862452
20200903,2020,234080,JW생명과학,의약품제조업,20200,99.0,1999800.0,20339.0,19593.0,20201112,319857990800,0.5268037459599784,0.9104477611940298,40.0,-0.036696604886494955
20200903,2020,036890,진성티이씨,특수목적용기계제조업,8980,222.0,1993560.0,10249.0,11046.0,20201109,201890766640,0.5128364852830765,0.908695652173913,41.0,0.07776957656061723
20200903,2020,047040,대우건설,건물건설업,3005,665.0,1998325.0,2983.0,3294.0,20201109,1248946027190,0.5180319964220469,0.9054726368159204,42.0,0.10406182440394196
20200903,2020,096530,씨젠,의료용품및기타의약관련제품제조업,241300,8.0,1930400.0,117262.0,138083.0,20201109,6330269026000,0.537364989624155,0.9043478260869565,43.0,0.177565648317366
20200903,2020,081660,미스토홀딩스,생활용품도매업,39500,50.0,1975000.0,38822.0,43062.0,20201109,2399712769000,0.5002515880534839,0.900497512437811,44.0,0.10920823393199552
20200903,2020,073490,LIG아큐버,통신및방송장비제조업,63400,31.0,1965400.0,63438.0,57933.0,20201109,427160289600,0.5087982126043911,0.9,45.0,-0.08677501155040268
20200903,2020,098460,고영,특수목적용기계제조업,88500,22.0,1947000.0,17265.0,18182.0,20201109,1215189163500,0.512222952139501,0.8956521739130435,46.0,0.05314343456550108
20200903,2020,023530,롯데쇼핑,종합소매업,79300,25.0,1982500.0,78618.0,89897.0,20201109,2243298271500,0.5277340556894791,0.8557213930348259,64.0,0.14347342795480533
20200903,2020,000640,동아쏘시오홀딩스,기타금융업,112500,17.0,1912500.0,104289.0,110453.0,20201109,690558412500,0.5044681076336412,0.835820895522388,72.0,0.05911007838716964
20200903,2020,204270,제이앤티씨,전자부품제조업,11950,167.0,1995650.0,11698.0,11499.0,20201109,691289168700,0.501971793386259,0.8260869565217391,76.0,-0.01700847982540976
20200903,2020,002380,KCC,기타화학제품제조업,146500,13.0,1904500.0,141884.0,162859.0,20201109,1301868001500,0.5027509709634048,0.8208955223880597,79.0,0.1478383302496309
20201106,2020,063160,종근당바이오,의약품제조업,40200,49.0,1969800.0,41640.0,76070.0,20210111,220535672400,0.540368146844447,1.0,1.0,0.8268778668200385
20201106,2020,084990,헬릭스미스,자연과학및공학연구개발업,19800,101.0,1999800.0,17319.0,27504.0,20210111,529961137200,0.5434679766660278,1.0,2.0,0.5880841952864608
20201106,2020,108230,톱텍,특수목적용기계제조업,15250,131.0,1997750.0,15460.0,8981.0,20211018,579854486250,0.5359676189684239,0.9955947136563876,3.0,-0.4191133218291587
20201106,2020,005420,코스모화학,기타화학제품제조업,8560,233.0,1994480.0,7501.0,11102.0,20210112,223508662000,0.5465373225023481,0.9949494949494949,4.0,0.47999133386655046
20201106,2020,236200,슈프리마,통신및방송장비제조업,28600,69.0,1973400.0,28882.0,27988.0,20250228,205727607800,0.5369286896266787,0.9911894273127754,5.0,-0.03094457897568681
20201106,2020,026890,스틱인베스트먼트,"전동기,발전기및전기변환ㆍ공급ㆍ제어장치제조업",9820,203.0,1993460.0,10000.0,8290.0,20210111,409279678500,0.5428706144076181,0.98989898989899,6.0,-0.17098485138779684
20201106,2020,041140,넥슨지티,소프트웨어개발및공급업,13050,153.0,1996650.0,13403.0,14504.0,20210111,461621852100,0.5327702400306369,0.986784140969163,7.0,0.08219063312080555
20201106,2020,012610,경인양행,기초화학물질제조업,6860,291.0,1996260.0,6879.0,7171.0,20210111,282950063900,0.5094188869284046,0.9848484848484849,8.0,0.04247748363085191
20201106,2020,041960,코미팜,의약품제조업,13000,153.0,1989000.0,11860.0,11312.0,20210111,834416388000,0.5344879561710658,0.9823788546255506,9.0,-0.04620958631168404
20201106,2020,006060,화승인더,플라스틱제품제조업,7150,279.0,1994850.0,7239.0,6860.0,20210112,395538000000,0.525825043026507,0.9797979797979798,10.0,-0.052377721173317515
20201106,2020,052260,현대바이오랜드,기타화학제품제조업,24400,81.0,1976400.0,12566.0,11618.0,20210111,366000000000,0.5369887067328927,0.9779735682819384,11.0,-0.0754433789559319
20201106,2020,003090,대웅,기타금융업,24300,82.0,1992600.0,24519.0,62930.0,20210112,1412850114000,0.5263767576055791,0.9747474747474747,12.0,1.5666289545769474
20201106,2020,205470,휴마시스,의료용품및기타의약관련제품제조업,10600,188.0,1992800.0,2806.0,2156.0,20210111,362772439000,0.5212836680370254,0.973568281938326,13.0,-0.23177273804805598
20201106,2020,016380,KG스틸,1차철강제조업,8370,238.0,1992060.0,8462.0,11966.0,20210121,837074467890,0.5300600205794971,0.9696969696969697,14.0,0.41404674015576504
20201106,2020,033160,엠케이전자,전자부품제조업,9360,213.0,1993680.0,9591.0,11179.0,20210114,204119969040,0.5209257772033882,0.9691629955947136,15.0,0.16553740124531569
20201106,2020,251370,와이엠티,기초화학물질제조업,17600,113.0,1988800.0,17756.0,19152.0,20210111,263207612800,0.5030335221253904,0.9647577092511013,16.0,0.07858683149187962
20201106,2020,030000,제일기획,광고업,21200,94.0,1992800.0,21191.0,20447.0,20210111,2438873970000,0.495675515358571,0.9646464646464646,17.0,-0.035116352379334415
20201106,2020,263050,유틸렉스,기초의약물질및생물학적제제제조업,32200,62.0,1996400.0,19899.0,33985.0,20210111,482287639400,0.5192440531742484,0.960352422907489,18.0,0.7079161960018259
20201106,2020,028050,삼성E&A,"건축기술,엔지니어링및관련기술서비스업",11250,177.0,1991250.0,11452.0,18698.0,20210526,2205000000000,0.528149468375299,0.9595959595959596,19.0,0.6327154316452441
20201106,2020,118990,모트렉스,자동차신품부품제조업,6520,306.0,1995120.0,11437.0,13118.0,20210111,254286774280,0.5110636452287227,0.9559471365638766,20.0,0.1469924281864734
20201106,2020,010950,S-Oil,석유정제품제조업,57100,35.0,1998500.0,57885.0,72966.0,20210111,6428477423200,0.5317838862996312,0.9545454545454546,21.0,0.2605257191850818
20201106,2020,066590,스모트로닉,자동차신품부품제조업,9150,218.0,1994700.0,9796.0,9167.0,20210111,262982931600,0.5103307654584691,0.9515418502202643,22.0,-0.06416137268253141
20201106,2020,007700,F&F홀딩스,봉제의복제조업,90300,22.0,1986600.0,46232.0,42077.0,20210111,1390620000000,0.508647420561798,0.9494949494949495,23.0,-0.0898717928959587
20201106,2020,036540,SFA반도체,반도체제조업,5060,395.0,1998700.0,5125.0,5685.0,20210111,832169133180,0.5086878465796402,0.947136563876652,24.0,0.10939651232161873
20201106,2020,009240,한샘,생활용품도매업,98800,20.0,1976000.0,98622.0,102409.0,20210111,2325152086400,0.49493013993444984,0.9444444444444444,25.0,0.03839912212356689
20201106,2020,091990,셀트리온헬스케어,기타전문도매업,91500,21.0,1921500.0,85400.0,68733.0,20220708,13886005413000,0.5062265085893995,0.9427312775330396,26.0,-0.19515663635336633
20201106,2020,181710,NHN,소프트웨어개발및공급업,71600,27.0,1933200.0,37457.0,39547.0,20210111,1400855790000,0.5215767691567506,0.9393939393939394,27.0,0.055813968687296045
20201106,2020,265520,AP시스템,특수목적용기계제조업,21250,94.0,1997500.0,21689.0,25043.0,20210111,307704823750,0.5175919821065718,0.9383259911894273,28.0,0.15466166781975654
20201106,2020,030200,KT,전기통신업,22900,87.0,1992300.0,23076.0,23788.0,20210111,5979460403200,0.5155795826420293,0.9343434343434344,29.0,0.03082896545642333
20201106,2020,067310,하나마이크론,반도체제조업,8040,248.0,1993920.0,5555.0,7943.0,20210111,246182010120,0.5076718426637266,0.933920704845815,30.0,0.4299626753058381
20201106,2020,284620,카이노스메드,자연과학및공학연구개발업,4080,490.0,1999200.0,19295.0,20591.0,20210111,428165926320,0.5222314095573249,0.9295154185022027,31.0,0.06720056458491563
20201106,2020,079160,CJ CGV,"영화,비디오물,방송프로그램제작및배급업",20650,96.0,1982400.0,14471.0,18241.0,20210111,724815000000,0.5359895744640214,0.9292929292929293,32.0,0.2604871332465224
20201106,2020,068790,DMS,특수목적용기계제조업,9090,220.0,1999800.0,14327.0,12691.0,20210112,209638006830,0.5164132796102379,0.9251101321585903,33.0,-0.11421105099781437
20201106,2020,251270,넷마블,소프트웨어개발및공급업,126500,15.0,1897500.0,129045.0,127067.0,20210111,10859119007000,0.5213320666597792,0.9242424242424242,34.0,-0.015326475327437139
20201106,2020,011040,경동제약,의약품제조업,9870,202.0,1993740.0,10245.0,10247.0,20210111,298557175980,0.5231350715796741,0.920704845814978,35.0,0.000241560247860928
20201106,2020,192650,드림텍,전자부품제조업,12100,165.0,1996500.0,12332.0,11734.0,20210111,751598203400,0.5137267382164777,0.9191919191919192,36.0,-0.04850017434090759
20201106,2020,036810,에프에스티,전자부품제조업,21650,92.0,1991800.0,21334.0,31057.0,20210111,438062073100,0.5149380192424491,0.9162995594713657,37.0,0.4557759651578279
20201106,2020,004370,농심,기타식품제조업,300500,6.0,1803000.0,302505.0,297930.0,20210111,1827833921000,0.5153647454208428,0.9141414141414141,38.0,-0.015120843837863496
20201106,2020,048870,시너지이노베이션,의료용기기제조업,3090,647.0,1999230.0,3264.0,3139.0,20210111,222570648240,0.5170352393440187,0.9118942731277533,39.0,-0.03822358001696802
20201106,2020,000210,DL,토목건설업,78900,25.0,1972500.0,73637.0,78299.0,20210203,2745720000000,0.5108879659561254,0.9090909090909091,40.0,0.06330084167475158
20201106,2020,043150,바텍,의료용기기제조업,21600,92.0,1987200.0,21758.0,24607.0,20210111,320851929600,0.5165679070662028,0.9074889867841409,41.0,0.13091391156296184
20201106,2020,214330,금호에이치티,자동차신품부품제조업,2585,773.0,1998205.0,2617.0,2433.0,20210111,288656219665,0.5049983601977093,0.9040404040404041,42.0,-0.07038270667204982
20201106,2020,204270,제이앤티씨,전자부품제조업,11500,173.0,1989500.0,11499.0,11449.0,20210111,665257359000,0.513801452995688,0.8986784140969163,45.0,-0.004351413052837261
20201106,2020,033500,동성화인텍,기초화학물질제조업,9840,203.0,1997520.0,10887.0,11936.0,20210111,267684221040,0.498215190998178,0.8898678414096917,48.0,0.09629975891953446
20201106,2020,288330,파라택시스코리아,기초의약물질및생물학적제제제조업,12000,166.0,1992000.0,8866.0,9626.0,20210118,229934088000,0.5128856821304325,0.8502202643171806,65.0,0.08577163574465474
20201106,2020,001630,종근당홀딩스,의약품제조업,102500,19.0,1947500.0,102449.0,117928.0,20210111,513510752500,0.5159504770455628,0.8383838383838383,70.0,0.15108864776833242
20201106,2020,001800,오리온홀딩스,기타금융업,12850,155.0,1991750.0,12896.0,13248.0,20210111,804993672700,0.512773192209959,0.8282828282828283,74.0,0.027297113971035625
20201106,2020,098460,고영,특수목적용기계제조업,88000,22.0,1936000.0,18182.0,24011.0,20210111,1208323688000,0.5122673419314993,0.8281938325991189,75.0,0.32059497898545275
20201106,2020,078930,GS,기타금융업,34000,58.0,1972000.0,34474.0,39863.0,20210111,3159122852000,0.5121689997297736,0.8131313131313131,81.0,0.1563336050350046
20201106,2020,047040,대우건설,건물건설업,3130,638.0,1996940.0,3294.0,5868.0,20210111,1300898856940,0.5031581769264294,0.803030303030303,85.0,0.7813400046722849
20210104,2021,017960,한국카본,"구조용금속제품,탱크및증기발생기제조업",14250,140.0,1995000.0,14356.0,11305.0,20210309,626440787250,0.5018102128222256,1.0,1.0,-0.21255907003065966
20210104,2021,042370,비츠로테크,기타금융업,9530,209.0,1991770.0,9352.0,9720.0,20210309,213032409690,0.5024547188980787,1.0,2.0,0.0392619554011
20210104,2021,160980,싸이맥스,특수목적용기계제조업,20850,95.0,1980750.0,20419.0,18614.0,20210309,227770466550,0.5025290216129289,0.9961240310077519,3.0,-0.08836402336566695
20210104,2021,006120,SK디스커버리,기타금융업,66100,30.0,1983000.0,65825.0,57529.0,20210309,1258402215500,0.5019343078552718,0.9956331877729258,4.0,-0.12602156215287041
20210104,2021,245620,EDGC,자연과학및공학연구개발업,9490,210.0,1992900.0,4638.0,4532.0,20210330,407258832760,0.5024696337442245,0.9922480620155039,5.0,-0.022683164653258592
20210104,2021,007570,일양약품,의약품제조업,63400,31.0,1965400.0,70566.0,36352.0,20210309,1210031097600,0.502132368625295,0.9912663755458515,6.0,-0.4848428643285152
20210104,2021,086040,바이오톡스텍,자연과학및공학연구개발업,14450,138.0,1994100.0,15054.0,,,211333027350,0.502336089004209,0.9883720930232558,7.0,-0.006967387431527805
20210104,2021,170900,동아에스티,의약품제조업,92900,21.0,1950900.0,81401.0,73627.0,20210309,784435337200,0.5020779467986612,0.9868995633187773,8.0,-0.09550099377354004
20210104,2021,238090,앤디포스,플라스틱제품제조업,5610,356.0,1997160.0,15172.0,11195.0,20210309,309457282860,0.5024810118553232,0.9844961240310077,9.0,-0.2621239533713089
20210104,2021,000020,동화약품,의약품제조업,19100,104.0,1986400.0,19403.0,14753.0,20210309,533491077000,0.5020722057869031,0.982532751091703,10.0,-0.23968186719547924
20210104,2021,037460,삼지전자,통신및방송장비제조업,12400,161.0,1996400.0,12535.0,12634.0,20210309,202349672800,0.5024547188980787,0.9806201550387597,11.0,0.00788263808563383
20210104,2021,026890,스틱인베스트먼트,"전동기,발전기및전기변환ㆍ공급ㆍ제어장치제조업",8680,230.0,1996400.0,8640.0,11052.0,20210309,361766559000,0.5023945560596869,0.9781659388646288,12.0,0.2792023828757708
20210104,2021,106240,파인테크닉스,통신및방송장비제조업,4745,421.0,1997645.0,2013.0,2359.0,20210324,205966860320,0.5023945560596869,0.9767441860465116,13.0,0.17157458679755933
20210104,2021,001740,SK네트웍스,기타전문도매업,5040,396.0,1995840.0,5234.0,5184.0,20210309,1250865740880,0.5015442815306026,0.9737991266375546,14.0,-0.009546488487355953
20210104,2021,104460,디와이피엔에프,일반목적용기계제조업,19800,101.0,1999800.0,20012.0,26416.0,20210318,212129775000,0.5024547188980787,0.9728682170542635,15.0,0.3200228295312484
20210104,2021,003230,삼양식품,기타식품제조업,100000,20.0,2000000.0,101541.0,87047.0,20210309,753301500000,0.5020542934153477,0.9694323144104804,16.0,-0.14273642111521267
20210104,2021,053080,케이엔솔,일반목적용기계제조업,47850,41.0,1961850.0,16223.0,16200.0,20210421,205474742550,0.5024547188980787,0.9689922480620154,17.0,-0.0014009087852216995
20210104,2021,290650,엘앤씨바이오,의약품제조업,33500,59.0,1976500.0,31911.0,29967.0,20210309,732879768000,0.502132368625295,0.9651162790697675,18.0,-0.060918319477998306
20210104,2021,192650,드림텍,전자부품제조업,11800,169.0,1994200.0,11585.0,8659.0,20210309,777183223000,0.5022030682555689,0.9650655021834061,19.0,-0.25256700920732955
20210104,2021,033540,파라텍,특수목적용기계제조업,14000,142.0,1988000.0,13752.0,,,237771660000,0.5022313396628293,0.9612403100775194,20.0,-0.08229869407982993
20210104,2021,017800,현대엘리베이터,일반목적용기계제조업,40900,48.0,1963200.0,41801.0,43291.0,20210309,1669341311900,0.5022044705833226,0.9606986899563319,21.0,0.03565559441881061
20210104,2021,215360,우리산업,자동차신품부품제조업,24800,80.0,1984000.0,26707.0,25204.0,20210309,226477642400,0.5025018269881236,0.9573643410852714,22.0,-0.05627512014198888
20210104,2021,028670,팬오션,해상운송업,5370,372.0,1997640.0,5425.0,5804.0,20210309,2870638279440,0.5015191176630012,0.9563318777292577,23.0,0.06988612855751031
20210104,2021,023160,태광,1차철강제조업,7930,252.0,1998360.0,7767.0,10634.0,20210428,210145000000,0.501911512341241,0.9534883720930233,24.0,0.3690881416698597
20210104,2021,267250,HD현대,석유정제품제조업,276500,7.0,1935500.0,56471.0,55884.0,20210309,4368317600500,0.4998055178186793,0.9519650655021834,25.0,-0.01038175191181201
20210104,2021,060150,인선이엔티,폐기물처리업,11450,174.0,1992300.0,11600.0,11902.0,20210309,531950821150,0.5015293782705144,0.9496124031007752,26.0,0.02604274049668165
20210104,2021,180640,한진칼,항공여객운송업,62300,32.0,1993600.0,64381.0,58378.0,20210309,4128154373000,0.5020399001321754,0.9475982532751092,27.0,-0.09323624064764435
20210104,2021,099320,쎄트렉아이,"항공기,우주선및부품제조업",31950,62.0,1980900.0,32933.0,60981.0,20210309,232228159650,0.501499438258358,0.9457364341085271,28.0,0.8516829684696998
20210104,2021,000120,CJ대한통운,도로화물운송업,168500,11.0,1853500.0,177228.0,165241.0,20210309,3843879964000,0.5017287856072243,0.9432314410480349,29.0,-0.06763364580207443
20210104,2021,214370,케어젠,기초의약물질및생물학적제제제조업,73100,27.0,1973700.0,15280.0,14520.0,20210901,785313300000,0.5020205528285924,0.9418604651162791,30.0,-0.049731850904331854
20210104,2021,200880,서연이화,자동차신품부품제조업,7460,268.0,1999280.0,7547.0,8875.0,20210323,201632140020,0.502336089004209,0.9388646288209607,31.0,0.17602479080528588
20210104,2021,030530,원익홀딩스,기타금융업,6270,318.0,1993860.0,6182.0,6011.0,20210309,484282140870,0.501638758748792,0.937984496124031,32.0,-0.02762799430398455
20210104,2021,009290,광동제약,의약품제조업,10150,197.0,1999550.0,10094.0,8004.0,20210930,532071637650,0.501895593558485,0.9344978165938864,33.0,-0.20709540425052253
20210104,2021,243070,휴온스,의약품제조업,59800,33.0,1973400.0,54531.0,50536.0,20210309,590868491200,0.501894029043931,0.9341085271317829,34.0,-0.0732733632795386
20210104,2021,200130,콜마비앤에이치,기초의약물질및생물학적제제제조업,51200,39.0,1996800.0,50579.0,49584.0,20210309,1512630169600,0.5019941305769559,0.9302325581395349,35.0,-0.019666109743788684
20210104,2021,234080,JW생명과학,의약품제조업,20400,98.0,1999200.0,20747.0,20046.0,20210309,323024901600,0.501894029043931,0.9301310043668122,36.0,-0.03379414289502014
20210104,2021,194700,노바렉스,기타식품제조업,38800,51.0,1978800.0,19798.0,21123.0,20210412,349345112000,0.5019941305769559,0.9263565891472868,37.0,0.06692127142632054
20210104,2021,006060,화승인더,플라스틱제품제조업,7050,283.0,1995150.0,6960.0,7998.0,20210316,390006000000,0.5021689058325295,0.925764192139738,38.0,0.14924076910445772
20210104,2021,293490,카카오게임즈,소프트웨어개발및공급업,46000,43.0,1978000.0,46623.0,49420.0,20210309,3406375164000,0.5023447304467505,0.9224806201550387,39.0,0.05999796729175766
20210104,2021,007860,서연,기타금융업,9990,200.0,1998000.0,9827.0,21188.0,20210407,234563641560,0.5015957648585841,0.9213973799126638,40.0,1.156185719262694
20210104,2021,051160,지어소프트,소프트웨어개발및공급업,14150,141.0,1995150.0,14609.0,22560.0,20210318,206229953250,0.5023447304467505,0.9186046511627907,41.0,0.5442781544448692
20210104,2021,081660,미스토홀딩스,생활용품도매업,42850,46.0,1971100.0,44667.0,41969.0,20210309,2603232712700,0.5018090736635581,0.9170305676855895,42.0,-0.06040655467747735
20210104,2021,068790,DMS,특수목적용기계제조업,9100,219.0,1992900.0,12879.0,12007.0,20210312,223614855100,0.5020542934153477,0.9147286821705426,43.0,-0.06776561758002397
20210104,2021,006360,GS건설,건물건설업,38050,52.0,1978600.0,40001.0,38002.0,20210309,3058090409650,0.5017520621960017,0.9126637554585153,44.0,-0.04996386123483154
20210104,2021,204270,제이앤티씨,전자부품제조업,11450,174.0,1992300.0,11249.0,10148.0,20210507,662364935700,0.5020542934153477,0.9108527131782945,45.0,-0.09788726566053751
20210104,2021,041960,코미팜,의약품제조업,13150,152.0,1998800.0,11948.0,9359.0,20210309,844044269400,0.5017912262889257,0.8914728682170543,54.0,-0.2167098765687836
20210104,2021,016380,KG스틸,1차철강제조업,12150,164.0,1992600.0,12965.0,12869.0,20210316,1215108098550,0.5016366491989512,0.8908296943231441,55.0,-0.007442816298251165
20210104,2021,052260,현대바이오랜드,기타화학제품제조업,24300,82.0,1992600.0,12418.0,11467.0,20210310,364500000000,0.502088440516079,0.8837209302325582,58.0,-0.07662007156278705
20210104,2021,012610,경인양행,기초화학물질제조업,7210,277.0,1997170.0,7151.0,7042.0,20210531,297602591650,0.5017684803497985,0.8558951965065502,72.0,-0.015332035527068966
20210104,2021,033500,동성화인텍,기초화학물질제조업,12150,164.0,1992600.0,12386.0,12184.0,20210325,334046425950,0.5018102128222256,0.8449612403100775,77.0,-0.016300459088082864
20210308,2021,192650,드림텍,전자부품제조업,8870,225.0,1995750.0,8659.0,9985.0,20210507,584660532860,0.5025529396922469,1.0,1.0,0.15313142298209703
20210308,2021,238090,앤디포스,플라스틱제품제조업,4220,473.0,1996060.0,11195.0,14635.0,20210507,232782483720,0.5028899842438412,1.0,2.0,0.30732327869431186
20210308,2021,092040,아미코젠,기타식품제조업,28400,70.0,1988000.0,13261.0,15904.0,20210507,545692084000,0.5024547188980787,0.9960159362549801,3.0,0.1993146238159864
20210308,2021,009070,KCTC,도로화물운송업,10500,190.0,1995000.0,8851.0,7253.0,20210610,315000000000,0.502336089004209,0.99581589958159,4.0,-0.1805129884077099
20210308,2021,065680,우주일렉트로,전자부품제조업,24800,80.0,1984000.0,23980.0,29223.0,20210507,246368656000,0.5026353717281391,0.9920318725099602,5.0,0.2186131141935388
20210308,2021,006120,SK디스커버리,기타금융업,58800,34.0,1999200.0,57529.0,55830.0,20210507,1119425874000,0.5020072044709687,0.9916317991631799,6.0,-0.029544127647393115
20210308,2021,131370,알서포트,소프트웨어개발및공급업,8280,241.0,1995480.0,8057.0,8587.0,20210507,441051447240,0.5027717206279321,0.9880478087649402,7.0,0.06577552053855995
20210308,2021,023800,인지컨트롤스,자동차신품부품제조업,16400,121.0,1984400.0,15936.0,19936.0,20210507,248626099200,0.5021292110899553,0.9874476987447699,8.0,0.2509993146102918
20210308,2021,054780,키이스트,"영화,비디오물,방송프로그램제작및배급업",15200,131.0,1991200.0,15692.0,14596.0,20210507,268017070400,0.5015347801302636,0.9840637450199203,9.0,-0.06986687673932357
20210308,2021,000640,동아쏘시오홀딩스,기타금융업,102500,19.0,1947500.0,94889.0,123236.0,20210510,630922965000,0.501935663521478,0.9832635983263598,10.0,0.2987347296262679
20210308,2021,121600,나노신소재,기타화학제품제조업,25450,78.0,1985100.0,24725.0,30576.0,20210507,276090074850,0.5026353717281391,0.9800796812749004,11.0,0.2366566836323447
20210308,2021,002020,코오롱,기타금융업,21800,91.0,1983800.0,21407.0,29550.0,20210823,275256086800,0.5019056487348208,0.9790794979079498,12.0,0.38036004689598135
20210308,2021,066590,스모트로닉,자동차신품부품제조업,6360,314.0,1997040.0,6187.0,5957.0,20210507,226531116000,0.5021449578303346,0.9760956175298805,13.0,-0.03723316922326725
20210308,2021,180640,한진칼,항공여객운송업,58600,34.0,1992400.0,58378.0,51282.0,20210507,3882991524400,0.5021237163538808,0.9748953974895398,14.0,-0.12155717124001408
20210308,2021,092190,서울바이오시스,반도체제조업,14850,134.0,1989900.0,14420.0,17652.0,20210507,567621247050,0.5024547188980787,0.9721115537848606,15.0,0.224204412884073
20210308,2021,028670,팬오션,해상운송업,6480,308.0,1995840.0,5804.0,7430.0,20210507,3464010437760,0.5016029338847066,0.9707112970711297,16.0,0.2801493493405325
20210308,2021,042370,비츠로테크,기타금융업,9990,200.0,1998000.0,9720.0,10739.0,20210507,242526720510,0.5019944706936637,0.9681274900398407,17.0,0.10491579602100631
20210308,2021,010130,고려아연,1차비철금속제조업,403500,4.0,1614000.0,397269.0,455181.0,20210507,7614045000000,0.5019343078552718,0.9665271966527197,18.0,0.14577678332517108
20210308,2021,196170,알테오젠,자연과학및공학연구개발업,121600,16.0,1945600.0,65088.0,64266.0,20210507,3414880640000,0.5024866888980066,0.9641434262948207,19.0,-0.012637436957264936
20210308,2021,030000,제일기획,광고업,20250,98.0,1984500.0,20445.0,23244.0,20210507,2329584806250,0.5020779467986612,0.9623430962343096,20.0,0.13688219918564437
20210308,2021,013030,하이록코리아,1차철강제조업,14800,135.0,1998000.0,15039.0,20986.0,20210511,201475833600,0.5021014015053926,0.9601593625498008,21.0,0.39542455958609724
20210308,2021,267250,HD현대,석유정제품제조업,274000,7.0,1918000.0,55884.0,75976.0,20210512,4328821058000,0.5002278127306785,0.9581589958158996,22.0,0.3595163092925202
20210308,2021,030530,원익홀딩스,기타금융업,6150,325.0,1998750.0,6011.0,6812.0,20210507,475013583150,0.5019343078552718,0.9561752988047809,23.0,0.13317154150121358
20210308,2021,019170,신풍제약,의약품제조업,95000,21.0,1995000.0,97979.0,64282.0,20210507,5033574050000,0.5025252679424497,0.9539748953974896,24.0,-0.34391815990331476
20210308,2021,035900,JYP Ent.,오디오물출판및원판녹음업,35700,56.0,1999200.0,34156.0,33013.0,20210507,1267260464400,0.501929694436112,0.952191235059761,25.0,-0.033463461041890574
20210308,2021,007700,F&F홀딩스,봉제의복제조업,135000,14.0,1890000.0,67524.0,43414.0,20211122,2079000000000,0.5013850821854582,0.9497907949790795,26.0,-0.3570606684279928
20210308,2021,042420,네오위즈홀딩스,소프트웨어개발및공급업,32400,61.0,1976400.0,30756.0,35299.0,20210507,286962458400,0.5024190331616007,0.9482071713147411,27.0,0.14768448437880854
20210308,2021,003230,삼양식품,기타식품제조업,88000,22.0,1936000.0,87047.0,84950.0,20210521,662905320000,0.502132368625295,0.9456066945606695,28.0,-0.02408943173471978
20210308,2021,101490,에스앤에스텍,전자부품제조업,32000,62.0,1984000.0,31353.0,30752.0,20210507,686446304000,0.502229789296327,0.9442231075697212,29.0,-0.01918264641913059
20210308,2021,006360,GS건설,건물건설업,36350,55.0,1999250.0,38002.0,45666.0,20210507,3100222253250,0.5019343078552718,0.9414225941422594,30.0,0.20167442435802863
20210308,2021,053080,케이엔솔,일반목적용기계제조업,47600,42.0,1999200.0,15866.0,,,204401206800,0.5023071782034461,0.9402390438247012,31.0,0.19146956513312374
20210308,2021,007570,일양약품,의약품제조업,33750,59.0,1991250.0,36352.0,41105.0,20210507,644141160000,0.502478275186766,0.9372384937238494,32.0,0.1307325006739799
20210308,2021,118990,모트렉스,자동차신품부품제조업,5700,350.0,1995000.0,9179.0,9181.0,20210517,222305922300,0.501935663521478,0.9362549800796812,33.0,0.0002477514980028239
20210308,2021,026890,스틱인베스트먼트,"전동기,발전기및전기변환ㆍ공급ㆍ제어장치제조업",11250,177.0,1991250.0,11052.0,14602.0,20210507,468879468750,0.5021081657199997,0.9330543933054394,34.0,0.32121357295152597
20210308,2021,099320,쎄트렉아이,"항공기,우주선및부품제조업",60000,33.0,1980000.0,60981.0,53201.0,20210507,436109220000,0.501480939168223,0.9322709163346613,35.0,-0.1275847517889097
20210308,2021,016380,KG스틸,1차철강제조업,12600,158.0,1990800.0,12868.0,20372.0,20210507,1260112102200,0.5017961712599001,0.9288702928870293,36.0,0.5832124675442396
20210308,2021,092070,디엔에프,기타화학제품제조업,19600,102.0,1999200.0,19909.0,26666.0,20210507,210931828800,0.5023474671153079,0.9282868525896414,37.0,0.33939413233115845
20210308,2021,000020,동화약품,의약품제조업,14400,138.0,1987200.0,14753.0,14853.0,20210507,402213168000,0.5024190331616007,0.9246861924686193,38.0,0.00679229268464554
20210308,2021,050890,쏠리드,통신및방송장비제조업,8190,244.0,1998360.0,7751.0,7187.0,20210507,427396583250,0.5022219852560944,0.9243027888446215,39.0,-0.07283369194107026
20210308,2021,282330,BGF리테일,종합소매업,167000,11.0,1837000.0,173243.0,165776.0,20210507,2886412302000,0.5018090736635581,0.9205020920502092,40.0,-0.04310406742267525
20210308,2021,045100,한양이엔지,"건축기술,엔지니어링및관련기술서비스업",15750,126.0,1984500.0,16250.0,18302.0,20210507,283500000000,0.5019331686966044,0.9203187250996016,41.0,0.12625114694591666
20210308,2021,100130,동국S&C,"구조용금속제품,탱크및증기발생기제조업",5730,349.0,1999770.0,5603.0,6285.0,20210507,327429390000,0.502419251861387,0.9163346613545816,42.0,0.12178481701241894
20210308,2021,000390,삼화페인트,기타화학제품제조업,10750,186.0,1999500.0,10528.0,13228.0,20210507,290724644750,0.5021886493659877,0.9163179916317992,43.0,0.2564783549556975
20210308,2021,290650,엘앤씨바이오,의약품제조업,30050,66.0,1983300.0,29967.0,30409.0,20210507,657404090400,0.5024547188980787,0.9123505976095617,44.0,0.014760106375230952
20210308,2021,251270,넷마블,소프트웨어개발및공급업,121000,16.0,1936000.0,119080.0,130608.0,20210507,10392266379000,0.502226100552881,0.9121338912133892,45.0,0.09680505589435717
20210308,2021,086820,바이오솔루션,기초의약물질및생물학적제제제조업,26950,74.0,1994300.0,9137.0,9070.0,20210513,218063930700,0.5021328842020041,0.9083665338645418,46.0,-0.007351143312540387
20210308,2021,084010,대한제강,1차철강제조업,13600,147.0,1999200.0,9155.0,14583.0,20210507,335195582400,0.5017130614636423,0.9079497907949791,47.0,0.5928945961589478
20210308,2021,160980,싸이맥스,특수목적용기계제조업,19100,104.0,1986400.0,18614.0,24560.0,20210507,208653041300,0.5020809015575181,0.900398406374502,50.0,0.3194229255945551
20210308,2021,068790,DMS,특수목적용기계제조업,8220,243.0,1997460.0,12007.0,,,201990561420,0.5020542934153477,0.8645418326693227,68.0,0.02185177501181146
20210308,2021,200130,콜마비앤에이치,기초의약물질및생물학적제제제조업,49150,40.0,1966000.0,49584.0,49830.0,20210507,1452065875700,0.5020542934153477,0.8565737051792829,72.0,0.0049709694216848455
20210506,2021,035890,서희건설,건물건설업,2035,982.0,1998370.0,2139.0,2239.0,20210713,467660209995,0.5018090736635581,1.0,1.0,0.04675916906574473
20210506,2021,058430,포스코스틸리온,1차철강제조업,60500,33.0,1996500.0,60854.0,77125.0,20210707,363000000000,0.5025018269881236,1.0,2.0,0.26737192354124506
20210506,2021,289220,자이언트스텝,"영화,비디오물,방송프로그램제작및배급업",39200,51.0,1999200.0,19521.0,31506.0,20210707,369576228000,0.502226100552881,0.9968051118210862,3.0,0.6139901087199846
20210506,2021,055490,테이팩스,플라스틱제품제조업,58000,34.0,1972000.0,59690.0,89895.0,20211124,273623700000,0.5019497374075383,0.9962546816479401,4.0,0.5060297355246042
20210506,2021,138080,오이솔루션,통신및방송장비제조업,41600,48.0,1996800.0,41660.0,32874.0,20211013,441962352000,0.5024547188980787,0.9936102236421726,5.0,-0.2108977487053112
20210506,2021,015890,태경산업,기초화학물질제조업,6970,286.0,1993420.0,7129.0,6861.0,20220303,203724387500,0.5025113404949788,0.9925093632958801,6.0,-0.0376703359296765
20210506,2021,214150,클래시스,의료용기기제조업,14200,140.0,1988000.0,14248.0,19293.0,20210707,918979468800,0.5019941305769559,0.9904153354632588,7.0,0.35412644045721575
20210506,2021,271560,오리온,도시락및식사용조리식품제조업,119000,16.0,1904000.0,120490.0,120012.0,20210707,4704799708000,0.5020542934153477,0.9887640449438202,8.0,-0.003965310102281738
20210506,2021,064550,바이오니아,의료용품및기타의약관련제품제조업,18200,109.0,1983800.0,18151.0,30108.0,20210707,457403091600,0.502126522633884,0.987220447284345,9.0,0.6587548179334859
20210506,2021,003090,대웅,기타금융업,32950,60.0,1977000.0,34219.0,40068.0,20210707,1915778241000,0.5022845676083587,0.9850187265917603,10.0,0.1709365221691641
20210506,2021,028300,HLB,선박및보트건조업,32700,61.0,1994700.0,29752.0,31006.0,20210707,3468543609000,0.5017074223329403,0.9840255591054313,11.0,0.042164036676371586
20210506,2021,111770,영원무역,상품종합도매업,41850,47.0,1966950.0,42575.0,46031.0,20220105,1854434935800,0.5014820783268905,0.9812734082397003,12.0,0.08116203087581764
20210506,2021,950190,고스트스튜디오,소프트웨어개발및공급업,21600,92.0,1987200.0,21718.0,21719.0,20210812,290572380000,0.5024285466684559,0.9808306709265175,13.0,4.2489194953532206e-05
20210506,2021,032500,케이엠더블유,통신및방송장비제조업,51200,39.0,1996800.0,51581.0,52681.0,20210707,2038829209600,0.5023945560596869,0.9776357827476039,14.0,0.021334598974852792
20210506,2021,009470,삼화전기,전자부품제조업,34450,58.0,1998100.0,36412.0,36959.0,20210707,227846099000,0.5024547188980787,0.9775280898876404,15.0,0.015025876147149786
20210506,2021,115450,HLB테라퓨틱스,기타전문도매업,12950,154.0,1994300.0,5627.0,5179.0,20210707,350789846050,0.5019192291436267,0.9744408945686901,16.0,-0.07975756953256208
20210506,2021,009900,명신산업,자동차신품부품제조업,27550,72.0,1983600.0,27888.0,30684.0,20210707,1123464756000,0.502345026706825,0.9737827715355806,17.0,0.10026708994251221
20210506,2021,084850,아이티엠반도체,전자부품제조업,43250,46.0,1989500.0,44055.0,48657.0,20210707,999936280500,0.5024199052259144,0.9712460063897763,18.0,0.10445160785196284
20210506,2021,003410,쌍용양회,"시멘트,석회,플라스터및그제품제조업",7550,264.0,1993200.0,7732.0,8211.0,20210707,3804139942250,0.5019424681462223,0.9700374531835206,19.0,0.06194333957904008
20210506,2021,131370,알서포트,소프트웨어개발및공급업,8540,234.0,1998360.0,8587.0,11147.0,20210707,454900888820,0.5022772132570041,0.9680511182108626,20.0,0.29807435568853213
20210506,2021,006120,SK디스커버리,기타금융업,55100,36.0,1983600.0,55830.0,48275.0,20211013,1048985810500,0.5020077009020117,0.9662921348314607,21.0,-0.13531253821449452
20210506,2021,023600,삼보판지,"펄프,종이및판지제조업",16500,121.0,1996500.0,17456.0,15800.0,20211203,266805000000,0.5017694466472318,0.9648562300319489,22.0,-0.0948271431136295
20210506,2021,007310,오뚜기,도시락및식사용조리식품제조업,533000,3.0,1599000.0,540797.0,539896.0,20210707,1957165873000,0.5019723907988044,0.9625468164794008,23.0,-0.0016669910231980056
20210506,2021,014470,부방,기타금융업,3480,574.0,1997520.0,3516.0,3371.0,20210729,208981864800,0.5020930798042409,0.9616613418530351,24.0,-0.04120810019774934
20210506,2021,004370,농심,도시락및식사용조리식품제조업,280000,7.0,1960000.0,290902.0,313977.0,20210707,1703139760000,0.5019723907988044,0.9588014981273408,25.0,0.07932242274215606
20210506,2021,068330,일신바이오,일반목적용기계제조업,5460,366.0,1998360.0,4576.0,5800.0,20210707,241420124400,0.5024547188980787,0.9584664536741214,26.0,0.2675951880971008
20210506,2021,140860,파크시스템스,"측정,시험,항해,제어및기타정밀기기제조업;광학기기제외",144900,13.0,1883700.0,144021.0,131069.0,20210707,967244449500,0.5016794038201728,0.9552715654952076,27.0,-0.0899361107232538
20210506,2021,051900,LG생활건강,기타화학제품제조업,1581000,1.0,1581000.0,1573094.0,1744842.0,20210707,24692369457000,0.5020308578542823,0.9550561797752809,28.0,0.10917833808819366
20210506,2021,121600,나노신소재,기타화학제품제조업,29750,67.0,1993250.0,30576.0,47220.0,20211013,322737906750,0.5021127097689597,0.952076677316294,29.0,0.5443268497296292
20210506,2021,081000,일진다이아,기타화학제품제조업,41500,48.0,1992000.0,42526.0,17512.0,20230327,589423462500,0.5019821408081968,0.951310861423221,30.0,-0.5881952467233098
20210506,2021,101490,에스앤에스텍,전자부품제조업,30700,65.0,1995500.0,30752.0,32705.0,20210707,658559422900,0.502336089004209,0.9488817891373802,31.0,0.06352046255613963
20210506,2021,000120,CJ대한통운,도로화물운송업,170000,11.0,1870000.0,168757.0,180811.0,20210707,3878098480000,0.5014101741028685,0.947565543071161,32.0,0.07142659433043841
20210506,2021,090460,비에이치,전자부품제조업,16150,123.0,1986450.0,16611.0,20364.0,20210707,544136911200,0.5023250490546934,0.9456869009584664,33.0,0.22595130730584012
20210506,2021,069260,TKG휴켐스,기타화학제품제조업,21900,91.0,1992900.0,22040.0,23283.0,20210707,895241077200,0.501935663521478,0.9438202247191011,34.0,0.05640677121290549
20210506,2021,267980,매일유업,"곡물가공품,전분및전분제품제조업",76600,26.0,1991600.0,76369.0,76483.0,20210805,600822670800,0.5018102128222256,0.9424920127795527,35.0,0.0014956722048096172
20210506,2021,136490,선진,기타식품제조업,19900,100.0,1990000.0,20289.0,16889.0,20210707,473214119600,0.5018102128222256,0.9400749063670412,36.0,-0.16756503865982775
20210506,2021,083790,CG인바이츠,자연과학및공학연구개발업,8310,240.0,1994400.0,8255.0,6515.0,20211013,575438298660,0.5024089714559524,0.939297124600639,37.0,-0.21081003305347856
20210506,2021,180640,한진칼,항공여객운송업,51200,39.0,1996800.0,51282.0,66270.0,20210707,3392647884800,0.5020399001321754,0.9288389513108615,43.0,0.29226045563470926
20210506,2021,192650,드림텍,전자부품제조업,10050,199.0,1999950.0,9985.0,12831.0,20210707,656112752550,0.5021127097689597,0.9250936329588015,45.0,0.28504930313886523
20210506,2021,118990,모트렉스,자동차신품부품제조업,5840,342.0,1997280.0,9836.0,10880.0,20210803,227766067760,0.5021614381944395,0.9201277955271565,48.0,0.10612405920713464
20210506,2021,016380,KG스틸,1차철강제조업,20200,99.0,1999800.0,20372.0,17217.0,20210707,2020179719400,0.5014535458877949,0.9176029962546817,49.0,-0.15489871320161797
20210506,2021,035900,JYP Ent.,오디오물출판및원판녹음업,30950,64.0,1980800.0,33013.0,39056.0,20210707,1098647377400,0.5019941305769559,0.9169329073482428,50.0,0.18306847805650217
20210506,2021,068790,DMS,특수목적용기계제조업,8560,233.0,1994480.0,12367.0,,,210345402160,0.5020910206926741,0.9137380191693291,52.0,-0.041717373117702405
20210506,2021,042370,비츠로테크,기타금융업,10650,187.0,1991550.0,10739.0,11689.0,20210707,258549506850,0.5019470416325769,0.9105431309904153,53.0,0.08845233567531019
20210506,2021,007570,일양약품,의약품제조업,37100,53.0,1966300.0,41105.0,42007.0,20210707,708078134400,0.5023447304467505,0.8913857677902621,64.0,0.02194313285686933
20210506,2021,290650,엘앤씨바이오,의약품제조업,30650,65.0,1992250.0,30409.0,35342.0,20210707,670530295200,0.5024547188980787,0.8913738019169329,65.0,0.1622193707437154
20210506,2021,000020,동화약품,의약품제조업,14600,136.0,1985600.0,14853.0,14854.0,20210713,407799462000,0.5023447304467505,0.8876404494382022,67.0,9.240668079901759e-05
20210506,2021,282330,BGF리테일,종합소매업,161000,12.0,1932000.0,165776.0,167762.0,20210707,2782708866000,0.5019343078552718,0.8689138576779026,78.0,0.011984400951075225
20210506,2021,200130,콜마비앤에이치,기초의약물질제조업,49800,40.0,1992000.0,49830.0,49381.0,20210707,1471269188400,0.5020060653123011,0.8626198083067093,81.0,-0.00901439440158347
20210506,2021,065680,우주일렉트로,전자부품제조업,28800,69.0,1987200.0,29223.0,25080.0,20211020,286105536000,0.5021014015053926,0.8562300319488818,85.0,-0.14175512943163704
20210706,2021,007310,오뚜기,도시락및식사용조리식품제조업,542000,3.0,1626000.0,539896.0,521691.0,20210906,1990213702000,0.5022646334217145,1.0,1.0,-0.03371993540660578
20210706,2021,039860,나노엔텍,의료용기기제조업,8480,235.0,1992800.0,9045.0,9267.0,20210906,227249812960,0.5023447304467505,1.0,2.0,0.024533492584657424
20210706,2021,054780,키이스트,"영화,비디오물,방송프로그램제작및배급업",15100,132.0,1993200.0,14998.0,13553.0,20210906,267844706000,0.501688015033348,0.9962546816479401,3.0,-0.09635658778325407
20210706,2021,130660,한전산업,"건축기술,엔지니어링및관련기술서비스업",17650,113.0,1994450.0,16814.0,15514.0,20210906,575390000000,0.5019464030684192,0.9958677685950413,4.0,-0.07732531202761528
20210706,2021,100090,SK오션플랜트,1차철강제조업,17750,112.0,1988000.0,17316.0,20318.0,20210906,630630271500,0.5020542934153477,0.9925093632958801,5.0,0.1733558808131752
20210706,2021,139480,이마트,종합소매업,159500,12.0,1914000.0,158379.0,176468.0,20210906,4446193130500,0.501935663521478,0.9917355371900827,6.0,0.11421298337307673
20210706,2021,230360,에코마케팅,광고업,26250,76.0,1995000.0,25893.0,22645.0,20210906,859242011250,0.5020155791185608,0.9887640449438202,7.0,-0.12541346836973633
20210706,2021,006650,대한유화,기초화학물질제조업,237000,8.0,1896000.0,231665.0,235137.0,20210906,1540500000000,0.5023945560596869,0.987603305785124,8.0,0.014986685868994654
20210706,2021,052260,현대바이오랜드,기타화학제품제조업,22800,87.0,1983600.0,11311.0,7880.0,20220826,342000000000,0.5020910206926741,0.9850187265917603,9.0,-0.3033194779541746
20210706,2021,271560,오리온,도시락및식사용조리식품제조업,122000,16.0,1952000.0,120012.0,125030.0,20210906,4823408104000,0.5020542934153477,0.9834710743801653,10.0,0.041805128322859764
20210706,2021,053030,바이넥스,의약품제조업,21850,91.0,1988350.0,21801.0,19345.0,20210906,693978898800,0.5023945560596869,0.9812734082397003,11.0,-0.11264446649748183
20210706,2021,006060,화승인더,플라스틱제품제조업,7850,254.0,1993900.0,7739.0,6529.0,20211105,434262000000,0.5017555538284588,0.9793388429752066,12.0,-0.15633165735188503
20210706,2021,036830,솔브레인홀딩스,회사본부및경영컨설팅서비스업,37950,52.0,1973400.0,37496.0,37695.0,20210923,795585925200,0.5022945035246333,0.9775280898876404,13.0,0.005289009554769963
20210706,2021,192400,쿠쿠홀딩스,기타금융업,124000,16.0,1984000.0,24210.0,15560.0,20220714,881942188000,0.5020815071858189,0.9752066115702479,14.0,-0.3573165633158961
20210706,2021,099750,이지케어텍,소프트웨어개발및공급업,32650,61.0,1991650.0,19471.0,20374.0,20220317,208502900000,0.5023688062394835,0.9737827715355806,15.0,0.04639863903402297
20210706,2021,009420,한올바이오파마,의약품제조업,22250,89.0,1980250.0,22097.0,25100.0,20210906,1162354195500,0.5022845676083587,0.9710743801652892,16.0,0.13590268920323711
20210706,2021,089010,켐트로닉스,기타화학제품제조업,24900,80.0,1992000.0,24440.0,26884.0,20210906,369968109300,0.5020542934153477,0.9700374531835206,17.0,0.10001868109535494
20210706,2021,210980,SK디앤디,부동산임대및공급업,36700,54.0,1981800.0,20613.0,12547.0,20230905,740979018800,0.5020155791185608,0.9669421487603306,18.0,-0.39132860065193376
20210706,2021,192250,케이사인,소프트웨어개발및공급업,3075,650.0,1998750.0,29883.0,,,217314115275,0.5023447304467505,0.9662921348314607,19.0,-0.06640624900854997
20210706,2021,001820,삼화콘덴서,전자부품제조업,61400,32.0,1964800.0,63426.0,64931.0,20210906,638253000000,0.5022044705833226,0.9628099173553719,20.0,0.023718792799307886
20210706,2021,095700,제넥신,자연과학및공학연구개발업,90400,22.0,1988800.0,68613.0,56031.0,20210906,2256926219200,0.5024547188980787,0.9625468164794008,21.0,-0.18337562579150612
20210706,2021,091580,상신이디피,일차전지및이차전지제조업,15950,125.0,1993750.0,16534.0,17233.0,20210906,212664954700,0.5024547188980787,0.9588014981273408,22.0,0.042274341142135796
20210706,2021,103590,일진전기,절연선및케이블제조업,5870,340.0,1995800.0,5388.0,53882.0,20251209,217661889300,0.5024547188980787,0.9586776859504132,23.0,9.000426911623837
20210706,2021,136510,스마트솔루션즈,특수목적용기계제조업,38700,51.0,1973700.0,9538.0,7648.0,20210930,261813781800,0.5022030682555689,0.9550561797752809,24.0,-0.19820585036541316
20210706,2021,011200,HMM,해상운송업,47150,42.0,1980300.0,47226.0,38679.0,20210906,16285255762050,0.501480939168223,0.9545454545454546,25.0,-0.1809916771963762
20210706,2021,091700,파트론,전자부품제조업,10450,191.0,1995950.0,10230.0,10131.0,20210906,565934484500,0.5022646334217145,0.951310861423221,26.0,-0.009650049880377876
20210706,2021,018260,삼성에스디에스,"컴퓨터프로그래밍,시스템통합및관리업",189000,10.0,1890000.0,187700.0,172632.0,20210906,14624404200000,0.5019579999440339,0.9504132231404959,27.0,-0.08028037749445538
20210706,2021,096530,씨젠,의료용품및기타의약관련제품제조업,78900,25.0,1972500.0,89654.0,65600.0,20210906,4120630926600,0.5020422706455462,0.947565543071161,28.0,-0.2682971792985377
20210706,2021,007570,일양약품,의약품제조업,38450,52.0,1999400.0,42007.0,39824.0,20210906,733843780800,0.5021093110461468,0.9462809917355371,29.0,-0.05196431658644651
20210706,2021,028300,HLB,선박및보트건조업,34350,58.0,1992300.0,31006.0,58525.0,20210906,3643765353900,0.5022502401385421,0.9438202247191011,30.0,0.8875120476684122
20210706,2021,003000,부광약품,의약품제조업,20600,97.0,1998200.0,18755.0,20542.0,20210906,1463898809400,0.502088440516079,0.9421487603305785,31.0,0.09527135503266315
20210706,2021,104540,코렌텍,의료용기기제조업,17600,113.0,1988800.0,17395.0,,,204983363200,0.5021285961301979,0.9400749063670412,32.0,-0.011399998149581592
20210706,2021,185750,종근당,의약품제조업,138000,14.0,1932000.0,113480.0,108934.0,20210906,1576801662000,0.5020422706455462,0.9380165289256198,33.0,-0.040064281458623174
20210706,2021,041460,한국전자인증,소프트웨어개발및공급업,9920,201.0,1993920.0,9857.0,11810.0,20210906,212875750080,0.502226100552881,0.9363295880149812,34.0,0.198070855129012
20210706,2021,009410,태영건설,토목건설업,13050,153.0,1996650.0,26138.0,20139.0,20220412,507633228900,0.5019011315285224,0.9338842975206612,35.0,-0.229484151189019
20210706,2021,040910,아이씨디,특수목적용기계제조업,15850,126.0,1997100.0,15759.0,11975.0,20211213,286336796050,0.5021419899187058,0.9325842696629213,36.0,-0.24014574557844293
20210706,2021,003410,쌍용양회,"시멘트,석회,플라스터및그제품제조업",8250,242.0,1996500.0,8211.0,8423.0,20210906,4156841658750,0.5012380924670711,0.9297520661157025,37.0,0.025831509581653922
20210706,2021,200130,콜마비앤에이치,기초의약물질제조업,49900,40.0,1996000.0,49381.0,39435.0,20210906,1474223544200,0.5021210789415333,0.9288389513108615,38.0,-0.20141829034170777
20210706,2021,271980,제일약품,의약품제조업,44400,45.0,1998000.0,44977.0,38664.0,20210917,652896316800,0.5020001681473559,0.9256198347107438,39.0,-0.14035946014824163
20210706,2021,027710,팜스토리,기타식품제조업,2215,902.0,1997930.0,2194.0,3999.0,20220607,246787769000,0.5019470416325769,0.9250936329588015,40.0,0.8227430679564243
20210706,2021,005930,삼성전자,통신및방송장비제조업,81200,24.0,1948800.0,80796.0,77307.0,20210906,484746343060000,0.5022044705833226,0.9214876033057852,41.0,-0.04317748459839721
20210706,2021,025980,아난티,일반및생활숙박시설운영업,9810,203.0,1991430.0,9962.0,11362.0,20210906,836114766030,0.5008035507516162,0.9213483146067416,42.0,0.1405419342404135
20210706,2021,014940,오리엔탈정공,일반목적용기계제조업,5270,379.0,1997330.0,5172.0,4811.0,20241204,240173193470,0.5024688587745371,0.9176029962546817,43.0,-0.06970824660094377
20210706,2021,032500,케이엠더블유,통신및방송장비제조업,53700,37.0,1986900.0,52681.0,44906.0,20210906,2138381417100,0.5023484191901966,0.9063670411985019,49.0,-0.14759414005462868
20210706,2021,035900,JYP Ent.,오디오물출판및원판녹음업,40100,49.0,1964900.0,39056.0,40658.0,20210906,1423449429200,0.5015658945485959,0.9026217228464419,51.0,0.04101623647027286
20210706,2021,009900,명신산업,자동차신품부품제조업,30000,66.0,1980000.0,30684.0,31235.0,20210906,1574103990000,0.5020563915197473,0.8925619834710744,56.0,0.01794066949130313
20210706,2021,180640,한진칼,항공여객운송업,68000,29.0,1972000.0,66270.0,65394.0,20210906,4529140680000,0.5000242718357368,0.8801652892561983,62.0,-0.013209400156000028
20210706,2021,069260,TKG휴켐스,기타화학제품제조업,23500,85.0,1997500.0,23283.0,28138.0,20210906,960646818000,0.5017206772238809,0.8760330578512396,65.0,0.2085075379024337
20210706,2021,115450,HLB테라퓨틱스,기타전문도매업,12100,165.0,1996500.0,5179.0,4540.0,20210906,327765029900,0.5020849671275414,0.8614232209737828,72.0,-0.12327364596937795
20210706,2021,016380,KG스틸,1차철강제조업,17350,115.0,1995250.0,17217.0,15067.0,20210906,1735154362950,0.5016061733599368,0.8429752066115702,81.0,-0.12487740008241022
20210903,2021,007860,서연,기타금융업,12050,165.0,1988250.0,12271.0,13672.0,20211110,282932120200,0.5025018269881236,1.0,1.0,0.11413371329498712
20210903,2021,053030,바이넥스,의약품제조업,19600,102.0,1999200.0,19345.0,14301.0,20211110,622516540800,0.5024547188980787,1.0,2.0,-0.2607752789978929
20210903,2021,357230,에이치피오,기타식품제조업,17200,116.0,1995200.0,8110.0,6728.0,20220412,342936352000,0.5021285961301979,0.9966887417218543,3.0,-0.1704414055722051
20210903,2021,137310,에스디바이오센서,의료용기기제조업,47150,42.0,1980300.0,45999.0,46101.0,20211110,4869244293950,0.5023447304467505,0.9958847736625515,4.0,0.0022090772565446226
20210903,2021,138080,오이솔루션,통신및방송장비제조업,39000,51.0,1989000.0,40735.0,32518.0,20211110,414339705000,0.5025290216129289,0.9933774834437086,5.0,-0.20170211078227185
20210903,2021,007070,GS리테일,종합소매업,34300,58.0,1989400.0,29412.0,27879.0,20211110,3591824724600,0.5021460035278449,0.9917695473251029,6.0,-0.052126947834503556
20210903,2021,018000,유니슨,일반목적용기계제조업,3590,557.0,1999630.0,3070.0,2703.0,20211110,437024166090,0.5025078553904918,0.9900662251655629,7.0,-0.11959486773229133
20210903,2021,006110,삼아알미늄,1차비철금속제조업,26150,76.0,1987400.0,30772.0,23381.0,20211110,287650000000,0.5023960008642887,0.9876543209876543,8.0,-0.24018532421147776
20210903,2021,054780,키이스트,"영화,비디오물,방송프로그램제작및배급업",13800,144.0,1987200.0,13553.0,13550.0,20211110,244785228000,0.5018890710081421,0.9867549668874173,9.0,-0.00017221076011553205
20210903,2021,079980,휴비스,화학섬유제조업,10400,192.0,1996800.0,10331.0,,,358800000000,0.5019212918123734,0.9835390946502057,10.0,-0.11270694970613893
20210903,2021,046890,서울반도체,반도체제조업,16500,121.0,1996500.0,16545.0,14246.0,20211110,962039100000,0.5022044705833226,0.9834437086092715,11.0,-0.1389547682970561
20210903,2021,048910,대원미디어,기타전문도매업,32550,61.0,1985550.0,33979.0,27685.0,20211110,409444692300,0.5021285961301979,0.9801324503311258,12.0,-0.1852424878572113
20210903,2021,271980,제일약품,의약품제조업,40200,49.0,1969800.0,40021.0,31358.0,20211213,591135854400,0.5023918385367956,0.9794238683127572,13.0,-0.21647020603253064
20210903,2021,245620,EDGC,자연과학및공학연구개발업,4140,483.0,1999620.0,3765.0,3494.0,20220407,346469570280,0.50220563811609,0.9768211920529801,14.0,-0.0718221148984366
20210903,2021,007210,벽산,기타비금속광물제품제조업,4015,498.0,1999470.0,4105.0,4310.0,20211110,275268400000,0.5021014015053926,0.9753086419753086,15.0,0.049813464620099834
20210903,2021,065680,우주일렉트로,전자부품제조업,25450,78.0,1985100.0,25079.0,25032.0,20211112,252825899000,0.502362559066655,0.9735099337748344,16.0,-0.001867838804202937
20210903,2021,003490,대한항공,항공여객운송업,31200,64.0,1996800.0,31250.0,30497.0,20211110,10852009740000,0.5017686997841929,0.9711934156378601,17.0,-0.024080887446468746
20210903,2021,263050,유틸렉스,기초의약물질및생물학적제제제조업,30100,66.0,1986600.0,18376.0,14797.0,20211110,464989435400,0.5024429512409188,0.9701986754966887,18.0,-0.19477319026581041
20210903,2021,185750,종근당,의약품제조업,132500,15.0,1987500.0,108934.0,94812.0,20211110,1513958117500,0.5023447304467505,0.9670781893004116,19.0,-0.12963239883355615
20210903,2021,122450,KX,텔레비전방송업,10200,196.0,1999200.0,10194.0,7925.0,20211210,462426832800,0.5025018269881236,0.9668874172185431,20.0,-0.22251785147842662
20210903,2021,033310,엠투엔,기타금속가공제품제조업,15300,130.0,1989000.0,13110.0,10826.0,20211111,389291379300,0.5020375233556248,0.9635761589403974,21.0,-0.1742361587937582
20210903,2021,006650,대한유화,기초화학물질제조업,232000,8.0,1856000.0,235137.0,177046.0,20211110,1508000000000,0.5024456687638101,0.9629629629629629,22.0,-0.24704865872343762
20210903,2021,066590,스모트로닉,자동차신품부품제조업,5980,334.0,1997320.0,5868.0,,,212996238000,0.5023783197463387,0.9602649006622517,23.0,-0.04847271567116507
20210903,2021,018260,삼성에스디에스,"컴퓨터프로그래밍,시스템통합및관리업",171500,11.0,1886500.0,172632.0,154058.0,20211110,13270292700000,0.5020050888884129,0.9588477366255144,24.0,-0.10759397516040503
20210903,2021,091700,파트론,전자부품제조업,10200,196.0,1999200.0,10131.0,10233.0,20211110,552395382000,0.5022646334217145,0.956953642384106,25.0,0.010065515378079759
20210903,2021,004250,NPC,플라스틱제품제조업,5840,342.0,1997280.0,5984.0,5534.0,20211110,214444800000,0.5024547188980787,0.9547325102880658,26.0,-0.0752004509723867
20210903,2021,206640,바디텍메드,의료용품및기타의약관련제품제조업,19200,104.0,1996800.0,18854.0,15405.0,20211110,450941952000,0.5023683838300641,0.9536423841059603,27.0,-0.18292326656157132
20210903,2021,004980,성신양회,"시멘트,석회,플라스터및그제품제조업",10750,186.0,1999500.0,11111.0,11661.0,20211110,263547784750,0.5019683807567525,0.9506172839506173,28.0,0.049569862094681616
20210903,2021,200130,콜마비앤에이치,기초의약물질및생물학적제제제조업,39650,50.0,1982500.0,39435.0,33694.0,20211110,1171402074700,0.5023447304467505,0.9503311258278145,29.0,-0.14558444366777967
20210903,2021,207760,미스터블루,기타정보서비스업,9150,218.0,1994700.0,3048.0,3285.0,20211210,226568960250,0.5021797088343212,0.9470198675496688,30.0,0.0777243897801736
20210903,2021,007570,일양약품,의약품제조업,36450,54.0,1968300.0,39824.0,32445.0,20211110,695672452800,0.502226100552881,0.9465020576131687,31.0,-0.18528579710460513
20210903,2021,122350,삼기,자동차신품부품제조업,6200,322.0,1996400.0,6084.0,,,237704453600,0.5023379293913446,0.9437086092715232,32.0,-0.1438621148295699
20210903,2021,003230,삼양식품,기타식품제조업,83700,23.0,1925100.0,83443.0,77433.0,20211111,630513355500,0.5020542934153477,0.9423868312757202,33.0,-0.07202062574638446
20210903,2021,096530,씨젠,의료용품및기타의약관련제품제조업,65000,30.0,1950000.0,65600.0,50022.0,20211110,3394689610000,0.5023447304467505,0.9403973509933775,34.0,-0.23746921208675176
20210903,2021,004830,덕성,플라스틱제품제조업,16100,124.0,1996400.0,16213.0,18063.0,20211110,252448000000,0.5023945560596869,0.9382716049382716,35.0,0.11410653847376029
20210903,2021,068330,일신바이오,일반목적용기계제조업,5820,343.0,1996260.0,4803.0,,,257337934800,0.5024064907950321,0.9370860927152318,36.0,-0.220071619772375
20210903,2021,013360,일성건설,토목건설업,3935,508.0,1998980.0,4091.0,5882.0,20211110,212587902800,0.5024547188980787,0.934156378600823,37.0,0.43756211039012927
20210903,2021,950190,고스트스튜디오,소프트웨어개발및공급업,21350,93.0,1985550.0,21572.0,23824.0,20211110,289930694200,0.5024285466684559,0.9337748344370861,38.0,0.10440203865899678
20210903,2021,333620,엔시스,기타전기장비제조업,19250,103.0,1982750.0,19687.0,21289.0,20211117,203209622000,0.5023688062394835,0.9304635761589404,39.0,0.08135576155235857
20210903,2021,000020,동화약품,의약품제조업,15100,132.0,1993200.0,15906.0,14303.0,20211110,421765197000,0.5021790116085019,0.9300411522633745,40.0,-0.1007373553386055
20210903,2021,041140,넥슨지티,소프트웨어개발및공급업,11650,171.0,1992150.0,11653.0,15203.0,20211124,412099201300,0.5024190331616007,0.9271523178807947,41.0,0.30461392544946975
20210903,2021,003090,대웅,기타금융업,36450,54.0,1968300.0,36467.0,30809.0,20211110,2119275171000,0.5020930798042409,0.9259259259259259,42.0,-0.1551386276260006
20210903,2021,025320,시노펙스,전자부품제조업,3450,579.0,1997550.0,2909.0,2572.0,20211111,252688205100,0.5022030682555689,0.9238410596026491,43.0,-0.11595382941873444
20210903,2021,009900,명신산업,자동차신품부품제조업,29950,66.0,1976700.0,31235.0,28088.0,20211110,1571480483350,0.5023335941793354,0.9218106995884774,44.0,-0.1007583563385337
20210903,2021,035900,JYP Ent.,오디오물출판및원판녹음업,40650,49.0,1991850.0,40658.0,52043.0,20211110,1442973049800,0.501895593558485,0.9205298013245033,45.0,0.2799981719872977
20210903,2021,339770,교촌에프앤비,음ㆍ식료품및담배도매업,20500,97.0,1988500.0,10244.0,8245.0,20211216,512142070000,0.5020779467986612,0.9176954732510288,46.0,-0.19507232064493052
20210903,2021,095700,제넥신,자연과학및공학연구개발업,76700,26.0,1994200.0,56031.0,43462.0,20211110,1918476544400,0.5019355482948609,0.9072847682119205,52.0,-0.22431056761378487
20210903,2021,005930,삼성전자,통신및방송장비제조업,76600,26.0,1991600.0,77307.0,70200.0,20211110,457285343330000,0.5022646334217145,0.8888888888888888,62.0,-0.09193075914110538
20210903,2021,039860,나노엔텍,의료용기기제조업,9220,216.0,1991520.0,9267.0,7496.0,20220324,247080574940,0.5017032931911198,0.847682119205298,85.0,-0.191074121760347
20210903,2021,130660,한전산업,"건축기술,엔지니어링및관련기술서비스업",13950,143.0,1994850.0,15514.0,15564.0,20211110,454770000000,0.5020144399598934,0.8395061728395061,89.0,0.0032060673791418637
20211109,2021,007070,GS리테일,종합소매업,33100,60.0,1986000.0,27879.0,25091.0,20220110,3466163218200,0.502035690299045,1.0,1.0,-0.10000623192623914
20211109,2021,122990,와이솔,전자부품제조업,10350,193.0,1997550.0,10083.0,10384.0,20220110,291734839350,0.5025018269881236,1.0,2.0,0.02977398191200753
20211109,2021,123040,엠에스오토텍,자동차신품부품제조업,5860,341.0,1998260.0,5755.0,4784.0,20220616,208932949820,0.5024688587745371,0.99644128113879,3.0,-0.16876185622543294
20211109,2021,145720,덴티움,의료용기기제조업,59000,33.0,1947000.0,58041.0,66628.0,20220110,653060970000,0.5020916648030216,0.9959514170040485,4.0,0.14793317460425537
20211109,2021,102710,이엔에프테크놀로지,기타화학제품제조업,28100,71.0,1995100.0,26764.0,32118.0,20220110,401488191600,0.5024574908140433,0.9928825622775801,5.0,0.20005193597706383
20211109,2021,008930,한미사이언스,기타금융업,57000,35.0,1995000.0,54524.0,49101.0,20220110,3836362827000,0.5021709135491221,0.9919028340080972,6.0,-0.09947019939502588
20211109,2021,092070,디엔에프,기타화학제품제조업,18550,107.0,1984850.0,17862.0,21070.0,20220110,214657965900,0.5024466399843648,0.9893238434163701,7.0,0.17957947961057252
20211109,2021,298020,효성티앤씨,화학섬유제조업,553000,3.0,1659000.0,542324.0,601217.0,20220110,2393208146000,0.5024285466684559,0.9878542510121457,8.0,0.10859313893029499
20211109,2021,139670,키네마스터,소프트웨어개발및공급업,15750,126.0,1984500.0,14914.0,18825.0,20220110,213354335250,0.5025764959809342,0.9857651245551602,9.0,0.26229054250418593
20211109,2021,079160,CJ CGV,"영화,비디오물,방송프로그램제작및배급업",30000,66.0,1980000.0,20301.0,16853.0,20220110,1130256630000,0.5003311186796298,0.9838056680161943,10.0,-0.16983753346047648
20211109,2021,241690,유니테크노,자동차신품부품제조업,9350,213.0,1991550.0,9127.0,9657.0,20220110,233858132750,0.502362559066655,0.9822064056939501,11.0,0.05814016987930981
20211109,2021,034310,NICE,회사본부및경영컨설팅서비스업,16750,119.0,1993250.0,16733.0,14833.0,20220707,634528525000,0.5020182829013979,0.979757085020243,12.0,-0.11357494297261905
20211109,2021,039840,디오,의료용기기제조업,37600,53.0,1992800.0,36439.0,36830.0,20220110,593114018400,0.5019581200630061,0.9786476868327402,13.0,0.010736262165555122
20211109,2021,003090,대웅,기타금융업,31650,63.0,1993950.0,30809.0,29653.0,20220110,1840193667000,0.5020930798042409,0.9757085020242915,14.0,-0.037524916501673666
20211109,2021,215200,메가스터디교육,일반교습학원,76100,26.0,1978600.0,74084.0,77604.0,20220110,902689068000,0.5007013561908624,0.9750889679715302,15.0,0.047513401754407436
20211109,2021,006650,대한유화,기초화학물질제조업,182500,10.0,1825000.0,177046.0,193551.0,20220110,1186250000000,0.502505831602202,0.97165991902834,16.0,0.09322278198910827
20211109,2021,131370,알서포트,소프트웨어개발및공급업,7370,271.0,1997270.0,7001.0,7550.0,20220110,392578401710,0.5024190331616007,0.9715302491103203,17.0,0.07835794034464705
20211109,2021,102120,어보브반도체,반도체제조업,13800,144.0,1987200.0,13333.0,13385.0,20220110,240943211400,0.5020182829013979,0.9679715302491103,18.0,0.0038968052638022055
20211109,2021,298000,효성화학,기초화학물질제조업,247500,8.0,1980000.0,239651.0,364459.0,20220110,789556185000,0.5024831623016437,0.9676113360323887,19.0,0.5207903481153351
20211109,2021,042370,비츠로테크,기타금융업,9340,214.0,1998760.0,9205.0,8485.0,20220124,244708233500,0.5020182829013979,0.9644128113879004,20.0,-0.0782158516831063
20211109,2021,011780,금호석유화학,기초화학물질제조업,169000,11.0,1859000.0,162110.0,175113.0,20220110,5149039779000,0.5024285466684559,0.9635627530364372,21.0,0.08021155524057777
20211109,2021,022100,포스코DX,"건축기술,엔지니어링및관련기술서비스업",6550,305.0,1997750.0,6554.0,6342.0,20220110,995827474950,0.5019941048194693,0.9608540925266904,22.0,-0.03227562006253404
20211109,2021,003410,쌍용양회,"시멘트,석회,플라스터및그제품제조업",8060,248.0,1998880.0,7982.0,8013.0,20220110,4061108335700,0.5019676335698613,0.9595141700404858,23.0,0.003915691399120513
20211109,2021,206640,바디텍메드,의료용품및기타의약관련제품제조업,15650,127.0,1987550.0,15405.0,16702.0,20220110,367564664000,0.5024190331616007,0.9572953736654805,24.0,0.08421303943715008
20211109,2021,192400,쿠쿠홀딩스,기타금융업,20150,99.0,1994850.0,19861.0,17161.0,20220802,716578027750,0.5020182829013979,0.9554655870445344,25.0,-0.13597104952665817
20211109,2021,058630,엠게임,소프트웨어개발및공급업,11200,178.0,1993600.0,11806.0,11655.0,20220110,218891422400,0.5023447304467505,0.9537366548042705,26.0,-0.01286653025334994
20211109,2021,000070,삼양홀딩스,기타금융업,102500,19.0,1947500.0,66165.0,63621.0,20220110,877837777500,0.5020182829013979,0.951417004048583,27.0,-0.0384506073636709
20211109,2021,006730,서부T&D,일반및생활숙박시설운영업,9160,218.0,1996880.0,7916.0,8335.0,20220110,542811807960,0.5008004597679343,0.9501779359430605,28.0,0.052867291733851074
20211109,2021,009900,명신산업,자동차신품부품제조업,29150,68.0,1982200.0,28088.0,27884.0,20220110,1529504376950,0.50217281025394,0.9473684210526315,29.0,-0.0072549184274054435
20211109,2021,131290,티에스이,"측정,시험,항해,제어및기타정밀기기제조업;광학기기제외",54300,36.0,1954800.0,54581.0,67754.0,20220110,600635594700,0.5019581200630061,0.9466192170818505,30.0,0.2413399813346615
20211109,2021,001430,세아베스틸지주,1차철강제조업,20350,98.0,1994300.0,19702.0,21850.0,20220110,729794121650,0.5028045248042003,0.9433198380566802,31.0,0.10899796445242416
20211109,2021,025320,시노펙스,전자부품제조업,3200,625.0,2000000.0,2691.0,2449.0,20220608,234377465600,0.5020248273124598,0.9430604982206405,32.0,-0.08967643640275558
20211109,2021,194700,노바렉스,기타식품제조업,36600,54.0,1976400.0,18465.0,19793.0,20220210,329536884000,0.5021086805319986,0.9395017793594306,33.0,0.07193075049223485
20211109,2021,011200,HMM,해상운송업,26700,74.0,1975800.0,26717.0,26222.0,20220110,10823979402900,0.5025600707996303,0.9392712550607287,34.0,-0.018550831516819466
20211109,2021,054780,키이스트,"영화,비디오물,방송프로그램제작및배급업",14150,141.0,1995150.0,13550.0,12649.0,20220110,256353880300,0.500074186159927,0.9359430604982206,35.0,-0.06648938574581542
20211109,2021,002350,넥센타이어,고무제품제조업,7580,263.0,1993540.0,6932.0,6482.0,20220223,740322507660,0.5020814859071934,0.9352226720647774,36.0,-0.06491968725255004
20211109,2021,290550,디케이티,전자부품제조업,12700,157.0,1993900.0,12642.0,15593.0,20220110,209075858200,0.5020182829013979,0.9323843416370107,37.0,0.23339315240340053
20211109,2021,025540,한국단자,"전동기,발전기및전기변환ㆍ공급ㆍ제어장치제조업",72900,27.0,1968300.0,71029.0,71139.0,20220110,759253500000,0.5020182829013979,0.9311740890688259,38.0,0.0015547909816837624
20211109,2021,051160,지어소프트,소프트웨어개발및공급업,17100,116.0,1983600.0,16556.0,17861.0,20220110,249224890500,0.5022538209306787,0.9288256227758007,39.0,0.07879075091377352
20211109,2021,004690,삼천리,연료용가스제조및배관공급업,92600,21.0,1944600.0,97818.0,108617.0,20220413,375495315000,0.5006462975404955,0.9271255060728745,40.0,0.11040090038081485
20211109,2021,046890,서울반도체,반도체제조업,14700,136.0,1999200.0,14246.0,15647.0,20220110,857089380000,0.5019439801865477,0.9181494661921709,45.0,0.09831369439586601
20211109,2021,096530,씨젠,의료용품및기타의약관련제품제조업,50400,39.0,1965600.0,50022.0,57918.0,20220110,2632190097600,0.5023447304467505,0.9145907473309609,47.0,0.15785196876561547
20211109,2021,048910,대원미디어,기타전문도매업,28100,71.0,1995100.0,27685.0,19690.0,20220110,353468382600,0.5024547188980787,0.9110320284697508,48.0,-0.28877428600366495
20211109,2021,018000,유니슨,일반목적용기계제조업,3325,601.0,1998325.0,2703.0,2327.0,20220110,404764722075,0.5025290216129289,0.900355871886121,54.0,-0.13905463171404553
20211109,2021,053030,바이넥스,의약품제조업,14700,136.0,1999200.0,14301.0,14252.0,20220110,466887405600,0.5024547188980787,0.8790035587188612,65.0,-0.003420703656421775
20211109,2021,006110,삼아알미늄,1차비철금속제조업,24500,81.0,1984500.0,23381.0,26578.0,20220110,269500000000,0.5022615353110467,0.8704453441295547,70.0,0.13675174052662187
20211109,2021,137310,에스디바이오센서,의료용기기제조업,47150,42.0,1980300.0,46101.0,55751.0,20220110,4869244293950,0.5016741787872994,0.8663967611336032,72.0,0.20932140089924678
20211109,2021,207760,미스터블루,기타정보서비스업,8900,224.0,1993600.0,2905.0,2985.0,20220112,220378551500,0.5020693956055212,0.8398576512455516,86.0,0.02766640378920826
20211109,2021,271980,제일약품,의약품제조업,34200,58.0,1983600.0,33257.0,33967.0,20220111,502906622400,0.5023918385367956,0.8380566801619433,87.0,0.021371502497555817
20211109,2021,007570,일양약품,의약품제조업,29450,67.0,1973150.0,32445.0,30256.0,20220110,562072804800,0.5023918385367956,0.8340080971659919,89.0,-0.0674700208727057
20220103,2022,005930,삼성전자,통신및방송장비제조업,78600,25.0,1965000.0,78705.0,71208.0,20220310,469224908430000,0.5391384824688847,1.0,1.0,-0.09525806432570894
20220103,2022,160980,싸이맥스,특수목적용기계제조업,20000,100.0,2000000.0,19866.0,20416.0,20240320,218484860000,0.5361350759106482,1.0,2.0,0.027695963981763994
20220103,2022,054780,키이스트,"영화,비디오물,방송프로그램제작및배급업",13150,152.0,1998800.0,13000.0,12802.0,20220316,238383173700,0.5122504173837668,0.9966101694915255,3.0,-0.01526204357181049
20220103,2022,009470,삼화전기,전자부품제조업,30600,65.0,1989000.0,30300.0,73594.0,20240603,202382892000,0.5489277686618756,0.9959514170040485,4.0,1.4288493493194614
20220103,2022,136540,윈스테크넷,"컴퓨터프로그래밍,시스템통합및관리업",16600,120.0,1992000.0,16608.0,,,202713605800,0.5229728350874648,0.9932203389830508,5.0,-0.030317123388185596
20220103,2022,000660,SK하이닉스,반도체제조업,128500,15.0,1927500.0,128555.0,120082.0,20220310,93548303902500,0.538174305355297,0.9919028340080972,6.0,-0.06591004373817888
20220103,2022,047560,이스트소프트,소프트웨어개발및공급업,18150,110.0,1996500.0,18336.0,28748.0,20240306,206458645800,0.5386915256213651,0.9898305084745763,7.0,0.5679001881683641
20220103,2022,051910,LG화학,기초화학물질제조업,618000,3.0,1854000.0,644119.0,496581.0,20220310,43626067974000,0.5348459690663321,0.9878542510121457,8.0,-0.2290540720767985
20220103,2022,950190,고스트스튜디오,소프트웨어개발및공급업,22800,87.0,1983600.0,22524.0,18961.0,20220310,309621537600,0.5381773701976389,0.9864406779661017,9.0,-0.15818992791539122
20220103,2022,006060,화승인더,플라스틱제품제조업,6080,328.0,1994240.0,6200.0,5471.0,20220330,336345600000,0.5276748153762544,0.9838056680161943,10.0,-0.11759395104499248
20220103,2022,078350,한양디지텍,반도체제조업,18150,110.0,1996500.0,17824.0,13931.0,20220310,276685533300,0.5308978086774545,0.9830508474576272,11.0,-0.21843784819856216
20220103,2022,009150,삼성전기,전자부품제조업,194500,10.0,1945000.0,192008.0,157003.0,20220310,14527923872000,0.5413658086091573,0.979757085020243,12.0,-0.18230689990693372
20220103,2022,338220,뷰노,"자료처리,호스팅,포털및기타인터넷정보매개서비스업",18950,105.0,1989750.0,19227.0,30026.0,20230612,212404031200,0.5198502119061186,0.9796610169491525,13.0,0.5616921604874956
20220103,2022,053300,한국정보인증,소프트웨어개발및공급업,6780,294.0,1993320.0,6733.0,6892.0,20220419,283243524180,0.5366568874845314,0.976271186440678,14.0,0.023690982973257002
20220103,2022,259960,크래프톤,소프트웨어개발및공급업,460000,4.0,1840000.0,443719.0,294779.0,20220310,22524840700000,0.5394798981220061,0.9757085020242915,15.0,-0.33566356761581007
20220103,2022,096530,씨젠,의료용품및기타의약관련제품제조업,61500,32.0,1968000.0,60912.0,55119.0,20220310,3211898631000,0.5212692576460694,0.9728813559322034,16.0,-0.09510744583342912
20220103,2022,012330,현대모비스,자동차신품부품제조업,256500,7.0,1795500.0,255189.0,219221.0,20220310,24257998611000,0.5253896254788322,0.97165991902834,17.0,-0.1409456121610312
20220103,2022,086450,동국제약,의약품제조업,21450,93.0,1994850.0,22005.0,21053.0,20220310,953667000000,0.538363376022359,0.9694915254237289,18.0,-0.043261952927612035
20220103,2022,034220,LG디스플레이,전자부품제조업,24700,80.0,1976000.0,23848.0,17381.0,20220310,8838047790000,0.5385406833568747,0.9676113360323887,19.0,-0.27115597350351117
20220103,2022,119860,커넥트웨이브,소프트웨어개발및공급업,26050,76.0,1979800.0,25819.0,23507.0,20220318,340599113100,0.5350117098574438,0.9661016949152542,20.0,-0.08952429302901732
20220103,2022,002020,코오롱,기타금융업,33050,60.0,1983000.0,32608.0,25804.0,20220512,417303379300,0.5263858440206586,0.9635627530364372,21.0,-0.20864188532346506
20220103,2022,049950,미래컴퍼니,특수목적용기계제조업,33100,60.0,1986000.0,33186.0,23718.0,20220311,276792328600,0.5260726960009126,0.9627118644067797,22.0,-0.2853078951127689
20220103,2022,003280,흥아해운,해상운송업,2725,733.0,1997425.0,2689.0,2744.0,20220329,655157849775,0.5134164728541505,0.9595141700404858,23.0,0.02026210797562178
20220103,2022,083310,엘오티베큠,특수목적용기계제조업,16900,118.0,1994200.0,16339.0,14446.0,20220426,300989557700,0.5255918209095707,0.9593220338983051,24.0,-0.11586372518655874
20220103,2022,030190,NICE평가정보,기타정보서비스업,17900,111.0,1986900.0,18116.0,18369.0,20220310,1086795278000,0.5305524433884934,0.9559322033898305,25.0,0.013967234320394484
20220103,2022,002990,금호건설,건물건설업,11600,172.0,1995200.0,11832.0,11736.0,20220321,424953518400,0.5115933064715992,0.9554655870445344,26.0,-0.008108030809294897
20220103,2022,290510,코리아센터,소프트웨어개발및공급업,6780,294.0,1993320.0,6839.0,6120.0,20220310,516640318860,0.5335065123678226,0.9525423728813559,27.0,-0.10508383859761639
20220103,2022,009290,광동제약,의약품제조업,7530,265.0,1995450.0,7526.0,6660.0,20220831,394729008030,0.5386222690639442,0.951417004048583,28.0,-0.1151671935170826
20220103,2022,090850,현대이지웰,소프트웨어개발및공급업,10550,189.0,1993950.0,10602.0,11001.0,20220420,250524108550,0.5332907444262418,0.9491525423728814,29.0,0.03760421118314605
20220103,2022,012610,경인양행,기초화학물질제조업,6790,294.0,1996260.0,6744.0,6762.0,20220526,282303518350,0.5285687304888529,0.9473684210526315,30.0,0.0027816107059159823
20220103,2022,122990,와이솔,전자부품제조업,10800,185.0,1998000.0,10933.0,10434.0,20220310,304418962800,0.5335633798348338,0.9457627118644067,31.0,-0.04562378157986702
20220103,2022,001680,대상,도시락및식사용조리식품제조업,23050,86.0,1982300.0,22797.0,21744.0,20220310,798636976250,0.5077466453297756,0.9433198380566802,32.0,-0.046190816622657116
20220103,2022,033500,동성화인텍,기초화학물질제조업,11500,173.0,1989500.0,11785.0,10938.0,20220310,333558236000,0.5262160465178695,0.9423728813559322,33.0,-0.07189444945195245
20220103,2022,026890,스틱인베스트먼트,"전동기,발전기및전기변환ㆍ공급ㆍ제어장치제조업",14650,136.0,1992400.0,14506.0,9976.0,20220310,610585263750,0.5054062136435244,0.9392712550607287,34.0,-0.31226927543097227
20220103,2022,321550,티움바이오,자연과학및공학연구개발업,19400,103.0,1998200.0,19510.0,15263.0,20220620,463994184400,0.5260073776084417,0.9389830508474576,35.0,-0.21772523501613794
20220103,2022,348030,모비릭스,소프트웨어개발및공급업,25000,80.0,2000000.0,26653.0,,,232600000000,0.5318801257709094,0.9355932203389831,36.0,-0.13609437443560657
20220103,2022,207940,삼성바이오로직스,기초의약물질제조업,911000,2.0,1822000.0,1290729.0,1166434.0,20220310,60276315000000,0.5353703592357946,0.9352226720647774,37.0,-0.09629770694553352
20220103,2022,143240,사람인,"자료처리,호스팅,포털및기타인터넷정보매개서비스업",43650,45.0,1964250.0,42800.0,42753.0,20220523,508926829950,0.517636589620138,0.9322033898305084,38.0,-0.001090887721419409
20220103,2022,192650,드림텍,전자부품제조업,12400,161.0,1996400.0,12180.0,10488.0,20220310,810256560400,0.5330247273098894,0.9311740890688259,39.0,-0.13891734979407
20220103,2022,028300,HLB,선박및보트건조업,36300,55.0,1996500.0,32167.0,27414.0,20220310,3869945323200,0.4863678618749753,0.9288135593220339,40.0,-0.1477710527316649
20220103,2022,060980,HL홀딩스,기타금융업,46050,43.0,1980150.0,46040.0,40485.0,20220310,482238823500,0.5223502706283742,0.9271255060728745,41.0,-0.12064329668940654
20220103,2022,045390,대아티아이,기타전기장비제조업,5600,357.0,1999200.0,5620.0,4051.0,20220310,398448523200,0.512669970784283,0.9254237288135593,42.0,-0.27928019683119865
20220103,2022,051900,LG생활건강,기타화학제품제조업,1104000,1.0,1104000.0,1103303.0,937261.0,20220310,17242489488000,0.5272943809748525,0.9230769230769231,43.0,-0.15049509692350227
20220103,2022,121440,골프존홀딩스,상품중개업,8940,223.0,1993620.0,9080.0,5021.0,20230125,382961152920,0.5211975237547097,0.9220338983050848,44.0,-0.4470457775692993
20220103,2022,066570,LG전자,통신및방송장비제조업,139500,14.0,1953000.0,141908.0,120392.0,20220310,22828870053000,0.5220642818211224,0.9190283400809717,45.0,-0.15162104559464507
20220103,2022,003410,쌍용양회,"시멘트,석회,플라스터및그제품제조업",7690,260.0,1999400.0,7903.0,8119.0,20220310,3874680285550,0.512441013497377,0.8825910931174089,65.0,0.027358088768303368
20220103,2022,009900,명신산업,자동차신품부품제조업,29800,67.0,1996600.0,29831.0,23540.0,20220310,1563609963400,0.518469823979349,0.8785425101214575,67.0,-0.21086092528481581
20220103,2022,034310,NICE,회사본부및경영컨설팅서비스업,16150,123.0,1986450.0,16132.0,13487.0,20220906,611799145000,0.5183438503714399,0.8704453441295547,72.0,-0.16391791671409173
20220103,2022,018000,유니슨,일반목적용기계제조업,2905,688.0,1998640.0,2471.0,2315.0,20220310,353740281300,0.5190000552451053,0.8610169491525423,77.0,-0.0632176816099761
20220103,2022,039840,디오,의료용기기제조업,37800,52.0,1965600.0,39285.0,36130.0,20220310,596268880200,0.5240431756392777,0.8576271186440678,79.0,-0.08029931240745636
20220308,2022,002020,코오롱,기타금융업,28350,70.0,1984500.0,25804.0,25945.0,20221025,357959177100,0.5355328887638534,1.0,1.0,0.005436737670003744
20220308,2022,179290,엠아이텍,의료용기기제조업,6400,312.0,1996800.0,6796.0,9743.0,20220511,200268787200,0.5576801703569803,1.0,2.0,0.4335856626334531
20220308,2022,950190,고스트스튜디오,소프트웨어개발및공급업,18400,108.0,1987200.0,18961.0,16406.0,20220715,249870012800,0.5327305770059647,0.9962264150943396,3.0,-0.13471225487130878
20220308,2022,005930,삼성전자,통신및방송장비제조업,69500,28.0,1946000.0,71208.0,65721.0,20220510,414899887225000,0.543678885987953,0.9960629921259843,4.0,-0.07705170614468293
20220308,2022,290510,코리아센터,소프트웨어개발및공급업,5910,338.0,1997580.0,6120.0,6500.0,20220510,450345764670,0.5303508171194008,0.9924528301886792,5.0,0.06207487158549707
20220308,2022,009150,삼성전기,전자부품제조업,156500,12.0,1878000.0,157003.0,160510.0,20220510,11689563424000,0.5342847516472947,0.9921259842519685,6.0,0.02233712805492294
20220308,2022,131370,알서포트,소프트웨어개발및공급업,5900,338.0,1994200.0,6040.0,5131.0,20220513,314275789700,0.5302800872477189,0.9886792452830189,7.0,-0.1505832145563657
20220308,2022,000660,SK하이닉스,반도체제조업,118000,16.0,1888000.0,120082.0,110096.0,20220510,85904279070000,0.5213978279728075,0.9881889763779528,8.0,-0.08315828565161942
20220308,2022,036710,심텍홀딩스,통신및방송장비제조업,5050,396.0,1999800.0,5107.0,5247.0,20220510,205351073950,0.5381878549108496,0.9849056603773585,9.0,0.027433094738596564
20220308,2022,161000,애경케미칼,기초화학물질제조업,10050,199.0,1999950.0,10051.0,9461.0,20221221,488919525450,0.5384263640396647,0.984251968503937,10.0,-0.058682459371074414
20220308,2022,036200,유니셈,특수목적용기계제조업,11200,178.0,1993600.0,11300.0,10204.0,20220510,343439297600,0.5242037910041697,0.9811320754716981,11.0,-0.09694341879711799
20220308,2022,049770,동원F&B,도시락및식사용조리식품제조업,167500,11.0,1842500.0,34302.0,39503.0,20240517,646403270000,0.5264341260458643,0.9803149606299213,12.0,0.15161516337802894
20220308,2022,340570,티앤엘,의료용품및기타의약관련제품제조업,38700,51.0,1973700.0,39455.0,37712.0,20220510,314553600000,0.5246585568048184,0.9773584905660377,13.0,-0.04418401786780879
20220308,2022,259960,크래프톤,소프트웨어개발및공급업,273500,7.0,1914500.0,294779.0,244833.0,20220510,13421204307500,0.527811421081039,0.9763779527559056,14.0,-0.1694342494787593
20220308,2022,083450,GST,특수목적용기계제조업,31250,64.0,2000000.0,15794.0,14614.0,20220510,291179531250,0.5234778550317006,0.9735849056603774,15.0,-0.07466485797836608
20220308,2022,139990,아주스틸,1차철강제조업,15500,129.0,1999500.0,15549.0,,,410008929500,0.5341732820397123,0.9724409448818898,16.0,-0.006340521609687788
20220308,2022,015750,성우하이텍,자동차신품부품제조업,4485,445.0,1995825.0,4575.0,4521.0,20220510,358800000000,0.5075159096175998,0.969811320754717,17.0,-0.011982736246942238
20220308,2022,000070,삼양홀딩스,기타금융업,80000,25.0,2000000.0,54882.0,44929.0,20220921,685141680000,0.5284297951202008,0.968503937007874,18.0,-0.1813464893049156
20220308,2022,337930,젝시믹스,기타정보서비스업,8000,250.0,2000000.0,7989.0,8198.0,20220524,236579328000,0.5218070028677222,0.9660377358490566,19.0,0.026134501307443436
20220308,2022,120110,코오롱인더,화학섬유제조업,56400,35.0,1974000.0,57255.0,65343.0,20220510,1552076732400,0.5141858476826171,0.9645669291338582,20.0,0.14126843727159688
20220308,2022,101160,월덱스,전자부품제조업,22900,87.0,1992300.0,23040.0,26189.0,20220510,378101739700,0.5278767604195633,0.9622641509433962,21.0,0.1366781363074867
20220308,2022,075580,세진중공업,선박및보트건조업,6750,296.0,1998000.0,6804.0,5941.0,20220623,383733828000,0.5267000118138895,0.9606299212598425,22.0,-0.12672267793955128
20220308,2022,048910,대원미디어,기타전문도매업,16550,120.0,1986000.0,17288.0,16186.0,20220531,208181556300,0.537534644825485,0.9584905660377359,23.0,-0.06373351627281887
20220308,2022,016580,환인제약,의약품제조업,17450,114.0,1989300.0,17444.0,14811.0,20230829,324571221500,0.5438611081445063,0.9566929133858267,24.0,-0.15094798195952708
20220308,2022,036810,에프에스티,전자부품제조업,19900,100.0,1990000.0,20731.0,19649.0,20220510,432960101100,0.5270860453154422,0.9547169811320755,25.0,-0.05219474127367629
20220308,2022,950210,프레스티지바이오파마,자연과학및공학연구개발업,13500,148.0,1998000.0,13518.0,15867.0,20220510,811298092500,0.5335391153085941,0.952755905511811,26.0,0.1737519631432647
20220308,2022,215000,골프존,소프트웨어개발및공급업,147000,13.0,1911000.0,146977.0,180999.0,20220510,922486005000,0.5257465279758671,0.9509433962264151,27.0,0.2314778406940321
20220308,2022,002990,금호건설,건물건설업,10650,187.0,1991550.0,10938.0,9038.0,20220527,390151290600,0.5184729682373115,0.9488188976377953,28.0,-0.173644085404968
20220308,2022,090850,현대이지웰,소프트웨어개발및공급업,9990,200.0,1998000.0,10001.0,8852.0,20220530,237226146390,0.5256369041526814,0.9471698113207547,29.0,-0.11481909246029831
20220308,2022,084690,대상홀딩스,기타금융업,8890,224.0,1991360.0,9070.0,8267.0,20230627,321929462820,0.5260336347727388,0.9448818897637795,30.0,-0.08852393614998078
20220308,2022,086900,메디톡스,기초의약물질제조업,122100,16.0,1953600.0,120200.0,116442.0,20220510,764462971800,0.5246525703446834,0.9433962264150944,31.0,-0.03126494043240513
20220308,2022,003410,쌍용양회,"시멘트,석회,플라스터및그제품제조업",7860,254.0,1996440.0,8119.0,7948.0,20220510,3960336416700,0.5213622438957568,0.9409448818897638,32.0,-0.02100632516057266
20220308,2022,251970,펌텍코리아,플라스틱제품제조업,17000,117.0,1989000.0,17186.0,17624.0,20221208,210800000000,0.5243659212387664,0.939622641509434,33.0,0.0254977573500883
20220308,2022,005490,POSCO홀딩스,1차철강제조업,276500,7.0,1935500.0,283736.0,276209.0,20220510,24107159877500,0.5297554884356119,0.937007874015748,34.0,-0.02652945931719941
20220308,2022,030530,원익홀딩스,특수목적용기계제조업,4430,451.0,1997930.0,4572.0,3678.0,20230622,342164255830,0.5191435964905345,0.9358490566037736,35.0,-0.19557825729314937
20220308,2022,034020,두산에너빌리티,일반목적용기계제조업,20800,96.0,1996800.0,21125.0,20474.0,20220510,12586669784000,0.524112462966901,0.9330708661417323,36.0,-0.030792069021476687
20220308,2022,043610,KT지니뮤직,"자료처리,호스팅,포털및기타인터넷정보매개서비스업",4610,433.0,1996130.0,4684.0,5030.0,20220607,267912169180,0.515195435578295,0.9320754716981132,37.0,0.07379022833450288
20220308,2022,010690,화신,자동차신품부품제조업,6340,315.0,1997100.0,6390.0,8582.0,20220510,221395399400,0.5046456101317509,0.9291338582677166,38.0,0.34306551625445825
20220308,2022,049950,미래컴퍼니,특수목적용기계제조업,24150,82.0,1980300.0,23914.0,40014.0,20230411,201949689900,0.5183830450940483,0.9283018867924528,39.0,0.6732685428527272
20220308,2022,001790,대한제당,"떡,빵및과자류제조업",2730,732.0,1998360.0,2729.0,3214.0,20220623,244871663400,0.5297393136726498,0.9251968503937008,40.0,0.17772374637428245
20220308,2022,078160,메디포스트,기초의약물질제조업,19500,102.0,1989000.0,16994.0,18976.0,20220510,317151783000,0.5230237528022891,0.9245283018867925,41.0,0.11662925225775167
20220308,2022,007310,오뚜기,도시락및식사용조리식품제조업,424500,4.0,1698000.0,433598.0,450086.0,20220510,1558755934500,0.5208602357903674,0.9212598425196851,42.0,0.03802528153514273
20220308,2022,009290,광동제약,의약품제조업,7260,275.0,1996500.0,7326.0,6061.0,20221104,380575378260,0.5368049636024412,0.905511811023622,51.0,-0.1727232133442882
20220308,2022,001680,대상,도시락및식사용조리식품제조업,21550,92.0,1982600.0,21744.0,24048.0,20220510,746664938750,0.5200728363391147,0.9015748031496063,53.0,0.10594920160530119
20220308,2022,026890,스틱인베스트먼트,"전동기,발전기및전기변환ㆍ공급ㆍ제어장치제조업",9900,202.0,1999800.0,9976.0,9456.0,20220510,412613932500,0.5239917118571817,0.8937007874015748,57.0,-0.052187371551168704
20220308,2022,033500,동성화인텍,기초화학물질제조업,10900,183.0,1994700.0,10938.0,11711.0,20230511,318066447200,0.5271136958701879,0.8905660377358491,58.0,0.07071725474680957
20220308,2022,060980,HL홀딩스,기타금융업,40250,49.0,1972250.0,40485.0,33216.0,20221206,421500817500,0.5222709755702969,0.8661417322834646,71.0,-0.17955898029875705
20220308,2022,086450,동국제약,의약품제조업,20300,98.0,1989400.0,21053.0,20859.0,20220510,902538000000,0.5347857771272442,0.8603773584905661,74.0,-0.009229806355548709
20220308,2022,066570,LG전자,통신및방송장비제조업,118000,16.0,1888000.0,120392.0,111399.0,20220510,19310442052000,0.5257669120187987,0.8582677165354331,75.0,-0.07469452413323674
20220308,2022,078350,한양디지텍,반도체제조업,13650,146.0,1992900.0,13931.0,16879.0,20220510,208085814300,0.5090255782647002,0.8452830188679246,82.0,0.2116020561342178
20220509,2022,005930,삼성전자,통신및방송장비제조업,66100,30.0,1983000.0,65721.0,58813.0,20220711,394602626555000,0.5515495885508708,1.0,1.0,-0.10511294363252732
20220509,2022,042420,네오위즈홀딩스,소프트웨어개발및공급업,35450,56.0,1985200.0,34789.0,29090.0,20220711,313975899700,0.5415951520761006,1.0,2.0,-0.16380627234210265
20220509,2022,146320,비씨엔씨,반도체제조업,21300,93.0,1980900.0,21442.0,17449.0,20220726,263436759900,0.5514463697853046,0.9964664310954063,3.0,-0.18621994233261752
20220509,2022,015890,태경산업,기초화학물질제조업,7180,278.0,1996040.0,7001.0,6912.0,20230307,209862425000,0.530401756740726,0.9962406015037594,4.0,-0.012778856617522427
20220509,2022,226950,올릭스,자연과학및공학연구개발업,20350,98.0,1994300.0,20247.0,17040.0,20221013,278859306000,0.5283740205024559,0.9929328621908127,5.0,-0.15838509025333947
20220509,2022,051910,LG화학,기초화학물질제조업,504000,3.0,1512000.0,501029.0,522186.0,20220711,35578540872000,0.527251142990694,0.9924812030075187,6.0,0.04222715803966848
20220509,2022,357230,에이치피오,도시락및식사용조리식품제조업,12450,160.0,1992000.0,5654.0,4939.0,20220826,248230092000,0.5260189683845529,0.9893992932862191,7.0,-0.1264907898808938
20220509,2022,005390,신성통상,기타전문도매업,3440,581.0,1998640.0,3408.0,2842.0,20220711,494356861600,0.5250024553629877,0.9887218045112782,8.0,-0.16586034203666622
20220509,2022,182360,큐브엔터,오디오물출판및원판녹음업,15500,129.0,1999500.0,15184.0,16285.0,20221005,213972648500,0.5097468230343156,0.9858657243816255,9.0,0.0725332844135973
20220509,2022,282330,BGF리테일,종합소매업,187000,10.0,1870000.0,187376.0,185868.0,20220711,3232090422000,0.5181447116976237,0.9849624060150376,10.0,-0.0080482006011382
20220509,2022,121440,골프존홀딩스,상품중개업,8940,223.0,1993620.0,8900.0,6361.0,20250709,382961152920,0.5308189268466519,0.9823321554770318,11.0,-0.285320876167966
20220509,2022,000970,한국주철관,1차철강제조업,9760,204.0,1991040.0,9933.0,,,222532880000,0.5425323967442424,0.981203007518797,12.0,-0.09231702853039747
20220509,2022,033170,시그네틱스,반도체제조업,2405,831.0,1998555.0,2394.0,,,206176607195,0.5378216370699833,0.9787985865724381,13.0,-0.010402354311384698
20220509,2022,011070,LG이노텍,전자부품제조업,332000,6.0,1992000.0,338771.0,338769.0,20220711,7857479524000,0.5278969648177376,0.9774436090225563,14.0,-5.749015222766829e-06
20220509,2022,101730,위메이드맥스,소프트웨어개발및공급업,13700,145.0,1986500.0,13789.0,11989.0,20221013,456145500400,0.5291340201454939,0.9752650176678446,15.0,-0.13058088627581665
20220509,2022,012330,현대모비스,자동차신품부품제조업,201000,9.0,1809000.0,198730.0,200759.0,20220711,19009191894000,0.5212998146802503,0.9736842105263158,16.0,0.010208727510624849
20220509,2022,289220,자이언트스텝,"영화,비디오물,방송프로그램제작및배급업",26750,74.0,1979500.0,26140.0,23745.0,20220711,584060944500,0.5214358587424662,0.9717314487632509,17.0,-0.09162325628229928
20220509,2022,009150,삼성전기,전자부품제조업,160500,12.0,1926000.0,160510.0,134006.0,20220711,11988338208000,0.5278070214729688,0.9699248120300752,18.0,-0.16512502924786976
20220509,2022,047310,파워로직스,"전동기,발전기및전기변환ㆍ공급ㆍ제어장치제조업",7030,284.0,1996520.0,7003.0,6725.0,20220727,241979503460,0.5297755791675296,0.9681978798586572,19.0,-0.03972915660203635
20220509,2022,005490,POSCO홀딩스,1차철강제조업,281000,7.0,1967000.0,276209.0,230149.0,20220711,24499500635000,0.5390736047815476,0.9661654135338346,20.0,-0.16675797710035223
20220509,2022,053300,한국정보인증,소프트웨어개발및공급업,6260,319.0,1996940.0,6102.0,5073.0,20230118,261519832060,0.528370368519238,0.9646643109540636,21.0,-0.16865523752810752
20220509,2022,006060,화승인더,플라스틱제품제조업,5500,363.0,1996500.0,5542.0,3950.0,20230508,304260000000,0.5297047693037455,0.9624060150375939,22.0,-0.28737615513913584
20220509,2022,017890,한국알콜,기타화학제품제조업,11400,175.0,1995000.0,11796.0,10144.0,20221014,246305664000,0.5323599983502003,0.9611307420494699,23.0,-0.1400053297212719
20220509,2022,003850,보령,의약품제조업,12150,164.0,1992600.0,12012.0,10757.0,20220711,834583500000,0.5381848451319362,0.9586466165413534,24.0,-0.1044366621134728
20220509,2022,025320,시노펙스,전자부품제조업,2765,723.0,1999095.0,2348.0,2936.0,20220713,202516778870,0.5297591607005704,0.9575971731448764,25.0,0.25045637031636714
20220509,2022,066570,LG전자,통신및방송장비제조업,113000,17.0,1921000.0,111399.0,78051.0,20221013,18492202982000,0.5341705363618939,0.9548872180451128,26.0,-0.2993541239992381
20220509,2022,036200,유니셈,특수목적용기계제조업,10200,196.0,1999200.0,10204.0,7291.0,20220711,312775074600,0.5320949940344049,0.9540636042402827,27.0,-0.2854374975683772
20220509,2022,003410,쌍용양회,"시멘트,석회,플라스터및그제품제조업",8010,249.0,1994490.0,7948.0,6469.0,20220711,4035915355950,0.5006668312005114,0.9511278195488722,28.0,-0.18616595963894178
20220509,2022,100120,뷰웍스,의료용기기제조업,38800,51.0,1978800.0,38691.0,33602.0,20230523,388072362000,0.5244140244832469,0.950530035335689,29.0,-0.1315256140614085
20220509,2022,088260,이리츠코크렙,부동산임대및공급업,6630,301.0,1995630.0,6559.0,,,419954741700,0.4983334445692025,0.9473684210526315,30.0,-0.1281136642173316
20220509,2022,143240,사람인,"자료처리,호스팅,포털및기타인터넷정보매개서비스업",45550,43.0,1958650.0,45912.0,32484.0,20220727,531079429650,0.5324218869485338,0.9469964664310954,31.0,-0.29246840310289535
20220509,2022,102460,이연제약,의약품제조업,25900,77.0,1994300.0,25107.0,25508.0,20220711,466163144300,0.5363483661469037,0.943609022556391,32.0,0.01596045648407496
20220509,2022,251970,펌텍코리아,플라스틱제품제조업,18700,106.0,1982200.0,18737.0,21027.0,20230516,231880000000,0.5273415654364175,0.9434628975265018,33.0,0.12223214098961122
20220509,2022,281740,레이크머티리얼즈,기타화학제품제조업,4390,455.0,1997450.0,4634.0,4579.0,20220711,288557105720,0.5243905304746914,0.9399293286219081,34.0,-0.011937511873234885
20220509,2022,012510,더존비즈온,"컴퓨터프로그래밍,시스템통합및관리업",39550,50.0,1977500.0,39623.0,35663.0,20220711,1201639107200,0.5145289027854025,0.9398496240601504,35.0,-0.09994327468953523
20220509,2022,030530,원익홀딩스,특수목적용기계제조업,4700,425.0,1997500.0,4622.0,3324.0,20231109,363018510700,0.5263196391217109,0.9363957597173145,36.0,-0.280885402316118
20220509,2022,007570,일양약품,의약품제조업,23600,84.0,1982400.0,25741.0,26861.0,20220715,450421670400,0.5346935278403401,0.9360902255639098,37.0,0.04347970314752314
20220509,2022,095610,테스,특수목적용기계제조업,26300,76.0,1998800.0,26741.0,14839.0,20221013,519904343800,0.5262598470773518,0.9328621908127208,38.0,-0.4450827854326521
20220509,2022,000070,삼양홀딩스,기타금융업,83100,24.0,1994400.0,54214.0,41932.0,20221019,711690920100,0.5169049416410435,0.9323308270676691,39.0,-0.22655183857729178
20220509,2022,063080,컴투스홀딩스,소프트웨어개발및공급업,77400,25.0,1935000.0,76012.0,53428.0,20220711,510467860800,0.523562485911297,0.9293286219081273,40.0,-0.29710297837914357
20220509,2022,001800,오리온홀딩스,기타금융업,14050,142.0,1995100.0,13994.0,14798.0,20220711,880168179100,0.516431904186965,0.9285714285714286,41.0,0.05748981186708124
20220509,2022,232140,와이씨,특수목적용기계제조업,5030,397.0,1996910.0,5079.0,4046.0,20230227,412688110500,0.5260423939581917,0.9257950530035336,42.0,-0.20345403853212862
20220509,2022,185750,종근당,의약품제조업,94300,21.0,1980300.0,80687.0,77800.0,20220711,1130471983400,0.5337345635513355,0.924812030075188,43.0,-0.035770125826821375
20220509,2022,031330,에스에이엠티,기계장비및관련물품도매업,4285,466.0,1996810.0,4334.0,2706.0,20230109,428478862095,0.5128688722493928,0.9222614840989399,44.0,-0.37565409181601717
20220509,2022,011200,HMM,해상운송업,29400,68.0,1999200.0,28669.0,24325.0,20220711,14377761182400,0.5150962041999039,0.9210526315789473,45.0,-0.15152745335291173
20220509,2022,206640,바디텍메드,의료용품및기타의약관련제품제조업,14350,139.0,1994650.0,14054.0,13400.0,20220711,337032136000,0.5178703127814746,0.9187279151943463,46.0,-0.046512538838664574
20220509,2022,000660,SK하이닉스,반도체제조업,107500,18.0,1935000.0,110096.0,93761.0,20220711,78260254237500,0.5247949646556946,0.9172932330827067,47.0,-0.1483745749214611
20220509,2022,015750,성우하이텍,자동차신품부품제조업,4555,439.0,1999645.0,4521.0,4321.0,20220711,364400000000,0.5164848050621474,0.9151943462897526,48.0,-0.04418164382658041
20220509,2022,086450,동국제약,의약품제조업,20600,97.0,1998200.0,20859.0,19661.0,20220711,915876000000,0.532727900543791,0.8798586572438163,67.0,-0.057438100273132786
20220509,2022,084690,대상홀딩스,기타금융업,9940,201.0,1997940.0,10052.0,6797.0,20230731,359952627720,0.5127698254094483,0.849624060150376,84.0,-0.3238368873215538
20220708,2022,005930,삼성전자,통신및방송장비제조업,58700,34.0,1995800.0,58813.0,55599.0,20220908,350426235685000,0.5475969566429504,1.0,1.0,-0.054647853427202686
20220708,2022,083450,GST,특수목적용기계제조업,21750,91.0,1979250.0,10828.0,11301.0,20221121,202660953750,0.5311558114183563,1.0,2.0,0.043684415694173584
20220708,2022,042000,카페24,"자료처리,호스팅,포털및기타인터넷정보매개서비스업",12500,160.0,2000000.0,12517.0,12818.0,20220908,281214975000,0.5406682280535217,0.9950738916256158,3.0,0.024049618309236687
20220708,2022,007700,F&F홀딩스,기타금융업,18800,106.0,1992800.0,19105.0,25397.0,20221209,735350099600,0.5340437191495819,0.9945945945945946,4.0,0.329355645393808
20220708,2022,036200,유니셈,특수목적용기계제조업,7360,271.0,1994560.0,7291.0,7120.0,20220908,225688681280,0.5267871522487528,0.9901477832512315,5.0,-0.023493138713712836
20220708,2022,000660,SK하이닉스,반도체제조업,94800,21.0,1990800.0,93761.0,90457.0,20220908,69014624202000,0.5306900613503178,0.9891891891891892,6.0,-0.03523026187547884
20220708,2022,094480,갤럭시아머니트리,소프트웨어개발및공급업,6080,328.0,1994240.0,6354.0,6166.0,20220908,238517415040,0.5321600076891521,0.9852216748768473,7.0,-0.02964837262205333
20220708,2022,009900,명신산업,자동차신품부품제조업,16650,120.0,1998000.0,17749.0,23549.0,20220908,873627714450,0.5266618425532449,0.9837837837837838,8.0,0.3267815015120701
20220708,2022,950220,네오이뮨텍,자연과학및공학연구개발업,4520,442.0,1997840.0,3780.0,3729.0,20220908,446311625200,0.5385503671295121,0.9802955665024631,9.0,-0.013413129767760879
20220708,2022,009150,삼성전기,전자부품제조업,134500,14.0,1883000.0,134006.0,137504.0,20220908,10046302112000,0.5275892782800011,0.9783783783783784,10.0,0.026101496396116808
20220708,2022,035600,KG이니시스,소프트웨어개발및공급업,13700,145.0,1986500.0,13655.0,13953.0,20220908,382290745800,0.5310173219531753,0.9753694581280788,11.0,0.021820558143243574
20220708,2022,002020,코오롱,기타금융업,22850,87.0,1987950.0,23301.0,23446.0,20221108,288513834100,0.5254633452052881,0.972972972972973,12.0,0.006224940902253451
20220708,2022,047820,초록뱀미디어,"영화,비디오물,방송프로그램제작및배급업",15500,129.0,1999500.0,23540.0,22042.0,20220908,336391881000,0.5288877172285753,0.9704433497536946,13.0,-0.06361459433981842
20220708,2022,005440,현대지에프홀딩스,종합소매업,7720,259.0,1999480.0,4966.0,4841.0,20220908,754278601040,0.5071991039821657,0.9675675675675676,14.0,-0.025158331173952275
20220708,2022,035900,JYP Ent.,오디오물출판및원판녹음업,53400,37.0,1975800.0,53470.0,62953.0,20220908,1895566072800,0.5132007479382799,0.9655172413793104,15.0,0.17736149260304823
20220708,2022,950210,프레스티지바이오파마,자연과학및공학연구개발업,11750,170.0,1997500.0,11823.0,10976.0,20220908,706129821250,0.535745120343033,0.9621621621621622,16.0,-0.07169460084819645
20220708,2022,065680,우주일렉트로,전자부품제조업,21400,93.0,1990200.0,21193.0,22494.0,20220914,212592308000,0.5205294448509403,0.9605911330049262,17.0,0.061407459756958716
20220708,2022,075580,세진중공업,선박및보트건조업,5810,344.0,1998640.0,5721.0,6622.0,20230426,330295339360,0.505338096906761,0.9567567567567568,18.0,0.15737984502058655
20220708,2022,064290,인텍플러스,특수목적용기계제조업,19200,104.0,1996800.0,19089.0,17088.0,20220908,243954470400,0.5217230236636357,0.9556650246305419,19.0,-0.10482295126371599
20220708,2022,001390,KG케미칼,기초화학물질제조업,26100,76.0,1983600.0,5124.0,5023.0,20220908,361905105600,0.520980841961449,0.9513513513513514,20.0,-0.019639906426044296
20220708,2022,214450,파마리서치,의료용품및기타의약관련제품제조업,65600,30.0,1968000.0,65485.0,64094.0,20220908,663342608000,0.5226006774508036,0.9507389162561576,21.0,-0.021245599373393098
20220708,2022,192650,드림텍,전자부품제조업,9570,208.0,1990560.0,9520.0,10039.0,20220908,644519240310,0.5209232781823276,0.9459459459459459,22.0,0.054514810325894114
20220708,2022,376980,원티드랩,소프트웨어개발및공급업,21900,91.0,1992900.0,21571.0,,,205994378400,0.5269086216078507,0.9458128078817734,23.0,-0.022652018472462565
20220708,2022,124560,태웅로직스,기타운송관련서비스업,5460,366.0,1998360.0,5408.0,5647.0,20221111,209754548640,0.5273040885033,0.9408866995073891,24.0,0.04415193319099742
20220708,2022,009410,태영건설,토목건설업,6760,295.0,1994200.0,13630.0,2539.0,20250516,262957902480,0.5172999768050537,0.9405405405405406,25.0,-0.8137402866539561
20220708,2022,194700,노바렉스,기타식품제조업,29100,68.0,1978800.0,15712.0,11738.0,20221011,262008834000,0.5207815328717667,0.9359605911330049,26.0,-0.25290896508035166
20220708,2022,009160,SIMPAC,1차철강제조업,6250,320.0,2000000.0,6256.0,6198.0,20220908,408934475000,0.5176993457168262,0.9351351351351351,27.0,-0.009170505267521722
20220708,2022,022100,포스코DX,"건축기술,엔지니어링및관련기술서비스업",5260,380.0,1998800.0,5160.0,6429.0,20220908,799702674540,0.5300973571441958,0.9310344827586207,28.0,0.24591017047860553
20220708,2022,003000,부광약품,의약품제조업,8670,230.0,1994100.0,8110.0,7672.0,20220908,616116634830,0.5336754274947707,0.9297297297297298,29.0,-0.054018753097329175
20220708,2022,041830,인바디,의료용기기제조업,23100,86.0,1986600.0,22739.0,20992.0,20220916,316095364200,0.5231439050058707,0.9261083743842364,30.0,-0.07683971536805434
20220708,2022,000020,동화약품,의약품제조업,10500,190.0,1995000.0,10904.0,9295.0,20220908,293280435000,0.5332286475636985,0.9243243243243243,31.0,-0.14754986138558657
20220708,2022,340570,티앤엘,의료용품및기타의약관련제품제조업,33700,59.0,1988300.0,32960.0,34150.0,20220908,273913600000,0.5214718831090751,0.9211822660098522,32.0,0.03609550767057379
20220708,2022,002990,금호건설,건물건설업,8010,249.0,1994490.0,7901.0,7763.0,20221212,295998295950,0.5193776257709306,0.918918918918919,33.0,-0.017468528863371358
20220708,2022,265520,AP시스템,특수목적용기계제조업,16900,118.0,1994200.0,16863.0,18866.0,20220908,258256014900,0.5200112014824039,0.916256157635468,34.0,0.11882614750959375
20220708,2022,026890,스틱인베스트먼트,"전동기,발전기및전기변환ㆍ공급ㆍ제어장치제조업",7310,273.0,1995630.0,7396.0,7387.0,20220908,304667459250,0.515158259420983,0.9135135135135135,35.0,-0.001289458938178445
20220708,2022,089030,테크윙,특수목적용기계제조업,14900,134.0,1996600.0,7974.0,5751.0,20221004,288886683200,0.5194535295240493,0.9113300492610837,36.0,-0.2787910229682662
20220708,2022,073240,금호타이어,고무제품제조업,3475,575.0,1998125.0,3442.0,4152.0,20220908,998229497325,0.5218779679840123,0.9081081081081082,37.0,0.2062505515013897
20220708,2022,287410,제이시스메디칼,의료용기기제조업,7340,272.0,1996480.0,7213.0,6985.0,20220908,523338124480,0.5213106540130371,0.9064039408866995,38.0,-0.031616737038474674
20220708,2022,007570,일양약품,의약품제조업,23250,86.0,1999500.0,26411.0,23613.0,20220908,443741688000,0.532045391419572,0.9027027027027027,39.0,-0.10592794369275704
20220708,2022,084110,휴온스글로벌,의약품제조업,21800,91.0,1983800.0,21773.0,25812.0,20230816,275148525600,0.5294414108621486,0.9014778325123153,40.0,0.1855334830668085
20220708,2022,010140,삼성중공업,선박및보트건조업,5500,363.0,1996500.0,5422.0,5661.0,20220908,4840000000000,0.5015159131065545,0.8972972972972973,41.0,0.044033732374554324
20220708,2022,042420,네오위즈홀딩스,소프트웨어개발및공급업,29450,67.0,1973150.0,29090.0,31932.0,20220908,260834703700,0.523481673545863,0.896551724137931,42.0,0.09769395096963418
20220708,2022,005880,대한해운,해상운송업,2440,819.0,1998360.0,2412.0,2078.0,20220908,778793002400,0.49771067264949,0.8918918918918919,43.0,-0.13860980121772926
20220708,2022,101160,월덱스,전자부품제조업,18550,107.0,1984850.0,18546.0,18694.0,20220908,306278920150,0.5160396812383138,0.8916256157635468,44.0,0.008004509544566218
20220708,2022,950190,고스트스튜디오,소프트웨어개발및공급업,16300,122.0,1988600.0,16305.0,17004.0,20220916,221352239600,0.5231191211543119,0.8866995073891626,45.0,0.042827434840627676
20220708,2022,207940,삼성바이오로직스,기초의약물질및생물학적제제제조업,819000,2.0,1638000.0,1219606.0,1191451.0,20220908,58291506000000,0.53029449749214,0.8864864864864865,46.0,-0.02308468138994202
20220708,2022,185750,종근당,의약품제조업,88800,22.0,1953600.0,77800.0,72310.0,20220908,1064537774400,0.529199397579154,0.8648648648648649,54.0,-0.07057422314578465
20220708,2022,005490,POSCO홀딩스,1차철강제조업,231000,8.0,1848000.0,230149.0,241655.0,20220908,20140158885000,0.5128641083697099,0.8108108108108109,75.0,0.04999612163993605
20220708,2022,051910,LG화학,기초화학물질제조업,540000,3.0,1620000.0,522186.0,726923.0,20230426,38119865220000,0.5156948159858912,0.8054054054054054,77.0,0.3920781010337815
20220708,2022,102460,이연제약,의약품제조업,23250,86.0,1999500.0,25508.0,21560.0,20220908,418466915250,0.524988119289173,0.7945945945945946,81.0,-0.15475310934272246
20220907,2022,015890,태경산업,기초화학물질제조업,7120,280.0,1993600.0,7319.0,7293.0,20230330,208108700000,0.5378292627053258,1.0,1.0,-0.0036392167287018218
20220907,2022,119860,커넥트웨이브,소프트웨어개발및공급업,17600,113.0,1988800.0,17547.0,15596.0,20230131,230116867200,0.5359145820720757,1.0,2.0,-0.11117453052195381
20220907,2022,336570,원텍,의료용기기제조업,2830,706.0,1997980.0,2843.0,3829.0,20221125,246314571330,0.5300198049537671,0.9957446808510638,3.0,0.346842043600442
20220907,2022,192650,드림텍,전자부품제조업,9510,210.0,1997100.0,10039.0,9589.0,20221111,640788526470,0.5362241894857559,0.9953917050691244,4.0,-0.04484946738258
20220907,2022,041830,인바디,의료용기기제조업,21650,92.0,1991800.0,21090.0,19541.0,20221111,296253880300,0.5289991477396829,0.9914893617021276,5.0,-0.07344822772278103
20220907,2022,000070,삼양홀딩스,기타금융업,65600,30.0,1968000.0,45000.0,43601.0,20221122,561816177600,0.5130062409591493,0.9907834101382489,6.0,-0.031100133445714384
20220907,2022,091120,이엠텍,전자부품제조업,28250,70.0,1977500.0,28214.0,29412.0,20221111,484005442000,0.530536848165519,0.9872340425531915,7.0,0.042496324871189595
20220907,2022,005930,삼성전자,통신및방송장비제조업,56000,35.0,1960000.0,55599.0,62888.0,20221111,334307822800000,0.5512257415793149,0.9861751152073732,8.0,0.13108895516918206
20220907,2022,091700,파트론,전자부품제조업,8190,244.0,1998360.0,8194.0,8922.0,20221111,482540172660,0.5299899893269575,0.9829787234042553,9.0,0.0888865699956698
20220907,2022,000660,SK하이닉스,반도체제조업,90400,22.0,1988800.0,90457.0,93569.0,20221111,65811413796000,0.5336389638251401,0.9815668202764977,10.0,0.03439523159705837
20220907,2022,143240,사람인,"자료처리,호스팅,포털및기타인터넷정보매개서비스업",34800,57.0,1983600.0,26525.0,18046.0,20240119,406264352400,0.5331996781621473,0.9787234042553191,11.0,-0.31965034030370265
20220907,2022,005440,현대지에프홀딩스,종합소매업,7320,273.0,1998360.0,4841.0,4533.0,20221111,715196808240,0.5152271479455459,0.9769585253456221,12.0,-0.06370117191393043
20220907,2022,140410,메지온,자연과학및공학연구개발업,16350,122.0,1994700.0,17096.0,13494.0,20221111,437231994300,0.5229798709574098,0.9744680851063829,13.0,-0.2107041940331792
20220907,2022,007810,코리아써키트,전자부품제조업,17350,115.0,1995250.0,18001.0,15653.0,20221111,409820029850,0.5276052790531661,0.9723502304147466,14.0,-0.13046438014487105
20220907,2022,046440,KG파이낸셜,소프트웨어개발및공급업,6610,302.0,1996220.0,6616.0,6077.0,20221114,256637004480,0.52806615544544,0.9702127659574468,15.0,-0.0814631487424814
20220907,2022,026890,스틱인베스트먼트,"전동기,발전기및전기변환ㆍ공급ㆍ제어장치제조업",7380,271.0,1999980.0,7387.0,6216.0,20221202,307584931500,0.5262145856119609,0.967741935483871,16.0,-0.15848478178468728
20220907,2022,069080,웹젠,소프트웨어개발및공급업,17100,116.0,1983600.0,17243.0,15841.0,20221111,603816116400,0.5270115720776998,0.9659574468085106,17.0,-0.08131741347417976
20220907,2022,006400,삼성SDI,일차전지및축전지제조업,554000,3.0,1662000.0,559253.0,731598.0,20221111,38095549620000,0.5367010696649901,0.9631336405529954,18.0,0.30817014080287874
20220907,2022,102120,어보브반도체,반도체제조업,12250,163.0,1996750.0,12139.0,21822.0,20240129,213880749250,0.5250776014798555,0.9617021276595744,19.0,0.7977494017345186
20220907,2022,005010,휴스틸,1차철강제조업,8070,247.0,1993290.0,7787.0,5805.0,20221117,316247765250,0.5375402636564421,0.9585253456221198,20.0,-0.25448257872528335
20220907,2022,232140,와이씨,특수목적용기계제조업,3825,522.0,1996650.0,3656.0,3931.0,20230316,313823463750,0.5267451505745397,0.9574468085106383,21.0,0.07503992503747714
20220907,2022,010140,삼성중공업,선박및보트건조업,5690,351.0,1997190.0,5661.0,5520.0,20221111,5007200000000,0.5037050694373637,0.9539170506912442,22.0,-0.024878370090759327
20220907,2022,950220,네오이뮨텍,자연과학및공학연구개발업,4305,464.0,1997520.0,3729.0,3791.0,20221111,425082200550,0.5177826003431504,0.9531914893617022,23.0,0.01653885936441135
20220907,2022,005390,신성통상,기타전문도매업,2725,733.0,1997425.0,2752.0,2091.0,20231102,391605362750,0.5312444104624097,0.9493087557603687,24.0,-0.24033255153516064
20220907,2022,124560,태웅로직스,기타운송관련서비스업,5680,352.0,1999360.0,5647.0,,,218206197120,0.5030566200136264,0.948936170212766,25.0,-0.08290666017732773
20220907,2022,012330,현대모비스,자동차신품부품제조업,217000,9.0,1953000.0,219164.0,219173.0,20221111,20522361398000,0.5152791835720844,0.9447004608294931,26.0,4.121244192556439e-05
20220907,2022,356860,티엘비,전자부품제조업,41000,48.0,1968000.0,20688.0,24694.0,20230613,201568915000,0.5227845487202287,0.9446808510638298,27.0,0.19364397802805056
20220907,2022,119610,인터로조,의료용기기제조업,26900,74.0,1990600.0,20068.0,19306.0,20221201,355523258200,0.5230413791280115,0.9404255319148936,28.0,-0.037957907626880005
20220907,2022,018260,삼성에스디에스,"컴퓨터프로그래밍,시스템통합및관리업",122500,16.0,1960000.0,122538.0,128548.0,20221111,9478780500000,0.5026970486966897,0.9400921658986175,29.0,0.04904077269201412
20220907,2022,035900,JYP Ent.,오디오물출판및원판녹음업,61600,32.0,1971200.0,62953.0,56764.0,20221111,2186645507200,0.49816315846136816,0.9361702127659575,30.0,-0.09831323673302161
20220907,2022,009160,SIMPAC,1차철강제조업,6390,312.0,1993680.0,6198.0,5779.0,20221129,418094607240,0.5333216143091648,0.9354838709677419,31.0,-0.06769401313170709
20220907,2022,064290,인텍플러스,특수목적용기계제조업,16950,117.0,1983150.0,17088.0,16181.0,20230309,215577930900,0.5247686161526217,0.9319148936170213,32.0,-0.05310901121583289
20220907,2022,010690,화신,자동차신품부품제조업,11750,170.0,1997500.0,11866.0,9359.0,20221111,410314817500,0.5141738117792697,0.9308755760368663,33.0,-0.2112604465582535
20220907,2022,035600,KG이니시스,소프트웨어개발및공급업,13650,146.0,1992900.0,13953.0,13653.0,20221111,380895524100,0.5244208232346204,0.9276595744680851,34.0,-0.021517235542952817
20220907,2022,102460,이연제약,의약품제조업,21500,93.0,1999500.0,21560.0,20205.0,20221111,386969405500,0.52856201068803,0.9262672811059908,35.0,-0.06287840968552172
20220907,2022,094480,갤럭시아머니트리,소프트웨어개발및공급업,6110,327.0,1997970.0,6166.0,7176.0,20230127,239694310180,0.5243162791238425,0.9234042553191489,36.0,0.1638443678281125
20220907,2022,001800,오리온홀딩스,기타금융업,13900,143.0,1987700.0,14200.0,14602.0,20221111,870771365800,0.5051705286178862,0.9216589861751152,37.0,0.028284084193254344
20220907,2022,013120,동원개발,건물건설업,3680,543.0,1998240.0,3774.0,,,334173808000,0.5144985030525306,0.9191489361702128,38.0,-0.001203785947113456
20220907,2022,017800,현대엘리베이터,일반목적용기계제조업,27250,73.0,1989250.0,27445.0,27987.0,20221111,1112213954750,0.5213218206549353,0.9170506912442397,39.0,0.019757621908011558
20220907,2022,047820,초록뱀미디어,"영화,비디오물,방송프로그램제작및배급업",14250,140.0,1995000.0,22042.0,15744.0,20221121,309406003500,0.5339212458341699,0.9148936170212766,40.0,-0.2857551562446311
20220907,2022,009150,삼성전기,전자부품제조업,136500,14.0,1911000.0,137504.0,141520.0,20221111,10195689504000,0.5217827182963608,0.9124423963133641,41.0,0.029205383473613677
20220907,2022,206650,유바이오로직스,의약품제조업,14300,139.0,1987700.0,14649.0,11301.0,20221111,521160740100,0.5279681560570539,0.9106382978723404,42.0,-0.22855284141266952
20220907,2022,064960,SNT모티브,자동차신품부품제조업,47900,41.0,1963900.0,27306.0,24305.0,20221111,700448214400,0.5135408517947804,0.9078341013824884,43.0,-0.10990650899694954
20220907,2022,131370,알서포트,소프트웨어개발및공급업,4350,459.0,1996650.0,4455.0,4820.0,20230201,231711811050,0.5238939035795406,0.9063829787234042,44.0,0.08183990716908984
20220907,2022,001820,삼화콘덴서,전자부품제조업,38900,51.0,1983900.0,39066.0,34572.0,20221111,404365500000,0.5210754563337094,0.9032258064516129,45.0,-0.1150347209671303
20220907,2022,005490,POSCO홀딩스,1차철강제조업,246000,8.0,1968000.0,241655.0,285686.0,20221111,20804522580000,0.5308585369786131,0.8940092165898618,49.0,0.18220459743517292
20220907,2022,036200,유니셈,특수목적용기계제조업,7150,279.0,1994850.0,7120.0,6761.0,20230202,219249194450,0.5219672474434376,0.8851063829787233,53.0,-0.050421623161216234
20220907,2022,214450,파마리서치,의료용품및기타의약관련제품제조업,63000,31.0,1953000.0,64094.0,64594.0,20221111,637051590000,0.5106786452804772,0.8638297872340426,63.0,0.00780359811607001
20220907,2022,207940,삼성바이오로직스,기초의약물질및생물학적제제제조업,811000,2.0,1622000.0,1191451.0,1323735.0,20221111,57722114000000,0.5252651993795261,0.8571428571428571,66.0,0.11102697718316534
20220907,2022,101160,월덱스,전자부품제조업,18650,107.0,1995550.0,18694.0,20548.0,20221111,307930019450,0.5172800236040933,0.851063829787234,69.0,0.09917846234601102
20221110,2022,005010,휴스틸,1차철강제조업,5670,352.0,1995840.0,6114.0,5476.0,20230127,222196385250,0.556074164355937,1.0,1.0,-0.10449535161460999
20221110,2022,011040,경동제약,의약품제조업,7550,264.0,1993200.0,7653.0,7782.0,20230120,232304183300,0.5456617597890874,1.0,2.0,0.01686999049077742
20221110,2022,054210,이랜텍,전자부품제조업,12000,166.0,1992000.0,12441.0,12082.0,20230601,303494520000,0.5340795081875593,0.9954337899543378,3.0,-0.028859193327749333
20221110,2022,005930,삼성전자,통신및방송장비제조업,60400,33.0,1993200.0,62888.0,60507.0,20230111,360574866020000,0.5483984851463188,0.995260663507109,4.0,-0.037859964744348384
20221110,2022,094480,갤럭시아머니트리,소프트웨어개발및공급업,5150,388.0,1998200.0,5425.0,7817.0,20230303,202033665700,0.5417794343886976,0.9908675799086758,5.0,0.4409172525431162
20221110,2022,000660,SK하이닉스,반도체제조업,89100,22.0,1960200.0,93569.0,87355.0,20230111,64865010721500,0.5385263824640005,0.990521327014218,6.0,-0.06641330309607951
20221110,2022,123040,엠에스오토텍,자동차신품부품제조업,4655,429.0,1996995.0,4796.0,5149.0,20230322,203180723130,0.5371355840141698,0.9863013698630136,7.0,0.07360879187983671
20221110,2022,001340,PKC,기초화학물질제조업,4525,441.0,1995525.0,5360.0,6367.0,20230308,203255791675,0.5356421995574346,0.985781990521327,8.0,0.18772894575826582
20221110,2022,051370,인터플렉스,전자부품제조업,10500,190.0,1995000.0,10853.0,10703.0,20230307,244938456000,0.5264828639397285,0.9817351598173516,9.0,-0.01377635879188932
20221110,2022,005610,SPC삼립,기타식품제조업,69800,28.0,1954400.0,70627.0,70840.0,20230111,602304828200,0.5278299616534533,0.981042654028436,10.0,0.003026471766944816
20221110,2022,041830,인바디,의료용기기제조업,20650,96.0,1982400.0,19541.0,20241.0,20230111,282570098300,0.5271289539839339,0.9771689497716894,11.0,0.03584637472675567
20221110,2022,018880,한온시스템,일반목적용기계제조업,7930,252.0,1998360.0,7712.0,8140.0,20230111,4233034000000,0.5258502570745138,0.976303317535545,12.0,0.05547381941026952
20221110,2022,206650,유바이오로직스,의약품제조업,10550,189.0,1993950.0,11301.0,9159.0,20230111,384492713850,0.53091030586648,0.9726027397260274,13.0,-0.18954494245617481
20221110,2022,004430,송원산업,기타화학제품제조업,18200,109.0,1983800.0,18494.0,19241.0,20230111,436800000000,0.5317980817815371,0.9715639810426541,14.0,0.0404205177067003
20221110,2022,053300,한국정보인증,소프트웨어개발및공급업,4790,417.0,1997430.0,4871.0,5853.0,20230307,200108625490,0.5344475043568448,0.9680365296803652,15.0,0.20140282340333737
20221110,2022,282330,BGF리테일,종합소매업,178000,11.0,1958000.0,177372.0,189376.0,20230111,3076535268000,0.5103844975422529,0.966824644549763,16.0,0.06767160102454861
20221110,2022,140410,메지온,자연과학및공학연구개발업,12500,160.0,2000000.0,13494.0,13000.0,20230111,334275225000,0.5160435473178402,0.9634703196347032,17.0,-0.036631123478083394
20221110,2022,009290,광동제약,의약품제조업,6110,327.0,1997970.0,6131.0,7734.0,20231025,320291399610,0.5311810752707951,0.9620853080568721,18.0,0.26151107883210756
20221110,2022,022100,포스코DX,"건축기술,엔지니어링및관련기술서비스업",6250,320.0,2000000.0,6389.0,6439.0,20230111,950217056250,0.5320903201097209,0.958904109589041,19.0,0.007693999665010054
20221110,2022,002990,금호건설,건물건설업,6490,308.0,1998920.0,6624.0,8083.0,20230111,239828831550,0.5202639164732887,0.957345971563981,20.0,0.2201315047111263
20221110,2022,048530,인트론바이오,기초의약물질및생물학적제제제조업,9180,217.0,1992060.0,9691.0,8062.0,20230111,313503995160,0.5407408010739913,0.954337899543379,21.0,-0.16809010470568886
20221110,2022,185750,종근당,의약품제조업,84400,23.0,1941200.0,74315.0,76283.0,20230111,1011790407200,0.529441605363912,0.95260663507109,22.0,0.026483392836177844
20221110,2022,141080,리가켐바이오,자연과학및공학연구개발업,34100,58.0,1977800.0,36088.0,38395.0,20230111,831121959800,0.5148759739544571,0.9497716894977168,23.0,0.06392575609840567
20221110,2022,001390,KG케미칼,기초화학물질제조업,25550,78.0,1992900.0,5114.0,4464.0,20230111,354278752800,0.5262678346649249,0.9478672985781991,24.0,-0.12701358203600788
20221110,2022,093320,케이아이엔엑스,"자료처리,호스팅,포털및기타인터넷정보매개서비스업",52500,38.0,1995000.0,52443.0,59939.0,20230120,256200000000,0.5321638870953671,0.9452054794520548,25.0,0.1429427958856775
20221110,2022,011070,LG이노텍,전자부품제조업,287500,6.0,1725000.0,319597.0,278105.0,20230111,6804293262500,0.5239486969582445,0.943127962085308,26.0,-0.12982346043420567
20221110,2022,080580,오킨스전자,전자부품제조업,17050,117.0,1994850.0,16716.0,22572.0,20230302,301432030900,0.5228343736972074,0.9406392694063926,27.0,0.35034689269120034
20221110,2022,207940,삼성바이오로직스,기초의약물질및생물학적제제제조업,907000,2.0,1814000.0,1323735.0,1181216.0,20230111,64554818000000,0.5390899929621291,0.9383886255924171,28.0,-0.10766445096203514
20221110,2022,083790,CG인바이츠,자연과학및공학연구개발업,3565,561.0,1999965.0,3627.0,3418.0,20230130,246863722590,0.5142218487287433,0.9360730593607306,29.0,-0.057739184000145216
20221110,2022,017800,현대엘리베이터,일반목적용기계제조업,27100,73.0,1978300.0,27987.0,29234.0,20230111,1106091676100,0.5181134270811569,0.933649289099526,30.0,0.04455108753015247
20221110,2022,119610,인터로조,의료용기기제조업,25450,78.0,1985100.0,18732.0,20936.0,20230112,336359365100,0.5238337008030043,0.9315068493150684,31.0,0.11768537469807128
20221110,2022,010120,LS ELECTRIC,"전동기,발전기및전기변환ㆍ공급ㆍ제어장치제조업",53600,37.0,1983200.0,10809.0,18357.0,20230713,1608000000000,0.5147701186816744,0.9289099526066351,32.0,0.6983298608156285
20221110,2022,356860,티엘비,전자부품제조업,42650,46.0,1961900.0,21483.0,30294.0,20230704,209680834750,0.5218233117282649,0.9269406392694064,33.0,0.4101308613997281
20221110,2022,365550,ESR켄달스퀘어리츠,부동산임대및공급업,3675,544.0,1999200.0,3830.0,4008.0,20230111,783102075000,0.5303080252107271,0.9241706161137441,34.0,0.04653610223293492
20221110,2022,230360,에코마케팅,광고업,13750,145.0,1993750.0,14451.0,12797.0,20230111,445060398750,0.5139495050032632,0.9223744292237442,35.0,-0.11440031766580483
20221110,2022,018260,삼성에스디에스,"컴퓨터프로그래밍,시스템통합및관리업",127000,15.0,1905000.0,128548.0,124065.0,20230111,9826980600000,0.5218551911513954,0.919431279620853,36.0,-0.03487186271202525
20221110,2022,098460,고영,특수목적용기계제조업,12950,154.0,1994300.0,13877.0,13874.0,20230111,889079077250,0.5221847381852092,0.9178082191780822,37.0,-0.00019814698091502603
20221110,2022,139480,이마트,종합소매업,89300,22.0,1964600.0,92676.0,99873.0,20230111,2489310636700,0.5067296804478709,0.9146919431279621,38.0,0.07766513278297493
20221110,2022,182360,큐브엔터,오디오물출판및원판녹음업,18500,108.0,1998000.0,18582.0,18482.0,20230111,255386709500,0.5170914429487226,0.91324200913242,39.0,-0.005385143535606929
20221110,2022,010140,삼성중공업,선박및보트건조업,5320,375.0,1995000.0,5520.0,5120.0,20230111,4681600000000,0.4885275498248738,0.909952606635071,40.0,-0.07233426198499082
20221110,2022,206640,바디텍메드,의료용품및기타의약관련제품제조업,10550,189.0,1993950.0,10600.0,11259.0,20230215,247783208000,0.5136151192995271,0.908675799086758,41.0,0.06215650476139101
20221110,2022,001820,삼화콘덴서,전자부품제조업,34050,58.0,1974900.0,34572.0,37729.0,20230111,353949750000,0.5191268376018852,0.9052132701421801,42.0,0.09132968250266571
20221110,2022,003100,선광,기타운송관련서비스업,114000,17.0,1938000.0,114881.0,141757.0,20230111,752400000000,0.5072712160654073,0.9041095890410958,43.0,0.23395112672611185
20221110,2022,006400,삼성SDI,일차전지및축전지제조업,725000,2.0,1450000.0,731598.0,610974.0,20230111,49854284250000,0.5410468326276296,0.9004739336492891,44.0,-0.16487702007069582
20221110,2022,032190,다우데이타,기계장비및관련물품도매업,17450,114.0,1989300.0,18674.0,13366.0,20231018,668335000000,0.5040010065712599,0.8995433789954338,45.0,-0.2842565627877398
20221110,2022,036460,한국가스공사,연료용가스제조및배관공급업,36450,54.0,1968300.0,35551.0,25557.0,20230713,3364808850000,0.5000354545190995,0.8957345971563981,46.0,-0.28112311526075684
20221110,2022,035900,JYP Ent.,오디오물출판및원판녹음업,56000,35.0,1960000.0,56764.0,65372.0,20230111,1987859552000,0.5163127405988661,0.8904109589041096,49.0,0.15164586657732593
20221110,2022,091120,이엠텍,전자부품제조업,29150,68.0,1982200.0,29412.0,23013.0,20230111,499425084400,0.5185826466120329,0.863013698630137,60.0,-0.21756389662058662
20221110,2022,950220,네오이뮨텍,자연과학및공학연구개발업,4355,459.0,1998945.0,3791.0,3439.0,20230111,430393610075,0.5088842851668484,0.8356164383561644,72.0,-0.09268327956382338
20221110,2022,001800,오리온홀딩스,기타금융업,14450,138.0,1994100.0,14602.0,15301.0,20230111,905226347900,0.5235293761783337,0.8246445497630331,77.0,0.0478413385928822
20230102,2023,010690,화신,자동차신품부품제조업,7600,263.0,1998800.0,7434.0,9774.0,20230307,265395116000,0.5504630047502184,1.0,1.0,0.31475238903696945
20230102,2023,095700,제넥신,자연과학및공학연구개발업,18550,107.0,1984850.0,14344.0,14163.0,20230307,466439416100,0.5686270057668621,1.0,2.0,-0.01258168033493734
20230102,2023,043150,바텍,의료용기기제조업,32000,62.0,1984000.0,31923.0,33069.0,20230307,475336192000,0.5473024911773127,0.9951923076923077,3.0,0.035888477402453045
20230102,2023,016380,KG스틸,1차철강제조업,7150,279.0,1994850.0,7266.0,9338.0,20230307,715063613550,0.550567025054107,0.9951690821256038,4.0,0.2851498910558501
20230102,2023,032500,케이엠더블유,통신및방송장비제조업,25950,77.0,1998150.0,26468.0,24325.0,20230307,1033351913850,0.5589336137605014,0.9903846153846154,5.0,-0.08093643556933516
20230102,2023,007810,코리아써키트,전자부품제조업,11750,170.0,1997500.0,12500.0,15508.0,20230307,277543824250,0.5676817739947074,0.9903381642512077,6.0,0.24065446835676085
20230102,2023,063080,컴투스홀딩스,소프트웨어개발및공급업,37700,53.0,1998100.0,37758.0,49552.0,20230307,248638738400,0.586589087312849,0.9855769230769231,7.0,0.3123611032492639
20230102,2023,005440,현대지에프홀딩스,종합소매업,6540,305.0,1994700.0,4350.0,4043.0,20230417,638987312280,0.5364967537930585,0.9855072463768116,8.0,-0.0707658279979313
20230102,2023,047820,초록뱀미디어,"영화,비디오물,방송프로그램제작및배급업",10150,197.0,1999550.0,15668.0,16131.0,20230307,220383925300,0.5582087612283517,0.9807692307692307,9.0,0.02956549460919078
20230102,2023,009900,명신산업,자동차신품부품제조업,14450,138.0,1994100.0,14802.0,20506.0,20230307,758193421850,0.5429860069521616,0.9806763285024155,10.0,0.38530903921994786
20230102,2023,319660,피에스케이,특수목적용기계제조업,15050,132.0,1986600.0,15453.0,17653.0,20230307,435949045700,0.5664188978242684,0.9759615384615384,11.0,0.14234015633386177
20230102,2023,001390,KG케미칼,기초화학물질제조업,19950,100.0,1995000.0,4033.0,6664.0,20230307,276628615200,0.5683411877598883,0.9758454106280193,12.0,0.6522002701343645
20230102,2023,243840,신흥에스이씨,일차전지및축전지제조업,39950,50.0,1997500.0,8041.0,10983.0,20230307,310140998550,0.55197034674744,0.9711538461538461,13.0,0.3659392710940852
20230102,2023,060980,HL홀딩스,기타금융업,29600,67.0,1983200.0,29814.0,35405.0,20240207,309973272000,0.5498418740447861,0.9710144927536232,14.0,0.18752273998264468
20230102,2023,030520,한글과컴퓨터,소프트웨어개발및공급업,12000,166.0,1992000.0,12238.0,14626.0,20230307,302445960000,0.5810664251256741,0.9663461538461539,15.0,0.19519419805664295
20230102,2023,006120,SK디스커버리,기타금융업,29400,68.0,1999200.0,28915.0,32814.0,20230308,559712937000,0.5482944201830133,0.966183574879227,16.0,0.13485506862519792
20230102,2023,217820,원익피앤이,특수목적용기계제조업,7470,267.0,1994490.0,7201.0,8287.0,20230307,324605555730,0.5649066892675898,0.9615384615384616,17.0,0.1507638849457711
20230102,2023,001060,JW중외제약,의약품제조업,18400,108.0,1987200.0,17431.0,20526.0,20230307,408076690400,0.5466284270098177,0.961352657004831,18.0,0.17758503080946575
20230102,2023,102710,이엔에프테크놀로지,기타화학제품제조업,19550,102.0,1994100.0,19952.0,21250.0,20230307,279327193800,0.5683305789675777,0.9567307692307693,19.0,0.06506177957585813
20230102,2023,003850,보령,의약품제조업,8960,223.0,1998080.0,8997.0,9088.0,20230307,615462400000,0.5441181580388148,0.9565217391304348,20.0,0.010127348120176682
20230102,2023,048530,인트론바이오,기초의약물질및생물학적제제제조업,8200,243.0,1992600.0,7972.0,8961.0,20230307,280036248400,0.5601212913889355,0.9519230769230769,21.0,0.12410281211445873
20230102,2023,047050,포스코인터내셔널,상품중개업,21600,92.0,1987200.0,21254.0,22502.0,20230307,2664903218400,0.5122056579763279,0.9516908212560387,22.0,0.058673785636446096
20230102,2023,064550,바이오니아,의료용품및기타의약관련제품제조업,28450,70.0,1991500.0,28487.0,50279.0,20230307,734302778950,0.5095955782730728,0.9471153846153846,23.0,0.7649649825208615
20230102,2023,026890,스틱인베스트먼트,"전동기,발전기및전기변환ㆍ공급ㆍ제어장치제조업",5150,388.0,1998200.0,5205.0,8692.0,20240430,214642601250,0.5660124305371788,0.9468599033816425,24.0,0.6699599837309091
20230102,2023,033640,네패스,반도체제조업,15150,132.0,1999800.0,15313.0,17155.0,20230307,349346910300,0.5673065139098357,0.9423076923076923,25.0,0.12031072622989147
20230102,2023,010140,삼성중공업,선박및보트건조업,5080,393.0,1996440.0,4965.0,5291.0,20230307,4470400000000,0.5077666547001058,0.9420289855072463,26.0,0.06550758728817696
20230102,2023,243070,휴온스,의약품제조업,28150,71.0,1998650.0,29061.0,32425.0,20230410,335985704350,0.5523099180015988,0.9375,27.0,0.11574759641531096
20230102,2023,105630,한세실업,봉제의복제조업,14750,135.0,1991250.0,14458.0,17787.0,20230307,590000000000,0.5313750140418259,0.9371980676328503,28.0,0.23027720984945543
20230102,2023,053030,바이넥스,의약품제조업,11300,176.0,1988800.0,11099.0,10669.0,20230307,358899842400,0.5511996449904744,0.9326923076923077,29.0,-0.03873998737668305
20230102,2023,003090,대웅,의약품제조업,19700,101.0,1989700.0,18850.0,17190.0,20230307,1145397006000,0.5422030077843929,0.9323671497584541,30.0,-0.08804364769607032
20230102,2023,206650,유바이오로직스,의약품제조업,8650,231.0,1998150.0,8769.0,8120.0,20230307,315247580550,0.54898379946855,0.9278846153846154,31.0,-0.07403763732790059
20230102,2023,073240,금호타이어,고무제품제조업,2775,720.0,1998000.0,2710.0,3215.0,20230307,797147296425,0.5406426501178225,0.927536231884058,32.0,0.18627472106188914
20230102,2023,086390,유니테스트,특수목적용기계제조업,10100,198.0,1999800.0,10291.0,11848.0,20230307,213454672600,0.5560589867625452,0.9230769230769231,33.0,0.15127506295437487
20230102,2023,130660,한전산업,"건축기술,엔지니어링및관련기술서비스업",8010,249.0,1994490.0,8012.0,7712.0,20230328,261126000000,0.5572887181638959,0.9227053140096618,34.0,-0.037417342359826744
20230102,2023,235980,메드팩토,자연과학및공학연구개발업,21750,91.0,1979250.0,19356.0,17167.0,20230307,458505116250,0.5411162301697183,0.9182692307692307,35.0,-0.1130791153416868
20230102,2023,117580,대성에너지,연료용가스제조및배관공급업,8710,229.0,1994590.0,8754.0,9404.0,20230307,239525000000,0.5245394181744254,0.9178743961352657,36.0,0.0742420292742969
20230102,2023,084370,유진테크,특수목적용기계제조업,22200,90.0,1998000.0,22539.0,26494.0,20230307,508736132400,0.5543345823587629,0.9134615384615384,37.0,0.17548724070900446
20230102,2023,259960,크래프톤,소프트웨어개발및공급업,164000,12.0,1968000.0,166398.0,169116.0,20230307,8049373380000,0.5603892465308746,0.9130434782608695,38.0,0.016332333790412656
20230102,2023,042000,카페24,"자료처리,호스팅,포털및기타인터넷정보매개서비스업",9750,205.0,1998750.0,9822.0,12208.0,20230725,219347680500,0.5637006866542851,0.9086538461538461,39.0,0.24290594961146272
20230102,2023,195870,해성디에스,전자부품제조업,34300,58.0,1989400.0,36468.0,47287.0,20230307,583100000000,0.5464607445923921,0.9082125603864735,40.0,0.2966602807953991
20230102,2023,281740,레이크머티리얼즈,기타화학제품제조업,4310,464.0,1999840.0,4394.0,6358.0,20230307,283298661880,0.5555246922497636,0.9038461538461539,41.0,0.4471314072863919
20230102,2023,091120,이엠텍,전자부품제조업,20500,97.0,1988500.0,20712.0,23161.0,20230307,351225188000,0.5514047370171442,0.8990384615384616,43.0,0.11824967167095934
20230102,2023,001820,삼화콘덴서,전자부품제조업,29500,67.0,1976500.0,31534.0,47772.0,20230307,306652500000,0.546182997768983,0.8985507246376812,44.0,0.5149271637360013
20230102,2023,004430,송원산업,기타화학제품제조업,17200,116.0,1995200.0,16941.0,20236.0,20230307,412800000000,0.5471387703097292,0.8888888888888888,48.0,0.19451185955456807
20230102,2023,035900,JYP Ent.,오디오물출판및원판녹음업,67200,29.0,1948800.0,67965.0,77877.0,20230307,2385431462400,0.5132182225060484,0.8653846153846154,57.0,0.14584456232232101
20230102,2023,011040,경동제약,의약품제조업,7700,259.0,1994300.0,7572.0,6943.0,20231205,236919498200,0.5407244912382312,0.8509615384615384,63.0,-0.08307660781143278
20230102,2023,011070,LG이노텍,전자부품제조업,253000,7.0,1771000.0,265573.0,279093.0,20230307,5987778071000,0.5401789406904619,0.8502415458937198,64.0,0.050908930316335255
20230102,2023,005610,SPC삼립,기타식품제조업,70700,28.0,1979600.0,68937.0,73851.0,20230426,610070936300,0.5178879054303209,0.8405797101449275,68.0,0.07128950741633666
20230102,2023,018260,삼성에스디에스,"컴퓨터프로그래밍,시스템통합및관리업",120500,16.0,1928000.0,120057.0,123462.0,20230307,9324024900000,0.5211398424798811,0.8164251207729468,78.0,0.028364819713890155
20230102,2023,002990,금호건설,건물건설업,6730,297.0,1998810.0,6493.0,,,248697694350,0.5340375597741578,0.7922705314009661,88.0,-0.007164474631619067
20230306,2023,017810,풀무원,기타식품제조업,10730,186.0,1995780.0,10701.0,10824.0,20230627,409033415660,0.5428262018578401,1.0,1.0,0.011491898981219606
20230306,2023,091120,이엠텍,전자부품제조업,22850,87.0,1987950.0,23161.0,26664.0,20230508,391487587600,0.5541407171124366,1.0,2.0,0.15125857706432289
20230306,2023,060720,KH바텍,전자부품제조업,14960,133.0,1989680.0,15945.0,19234.0,20230508,354214532320,0.5520796621628005,0.996,3.0,0.20624479878298252
20230306,2023,017800,현대엘리베이터,일반목적용기계제조업,27900,71.0,1980900.0,27687.0,35043.0,20230508,1138743828900,0.536768210214742,0.9951690821256038,4.0,0.26568142737863765
20230306,2023,256840,한국비엔씨,기초의약물질및생물학적제제제조업,4280,467.0,1998760.0,4306.0,3946.0,20230508,289253048640,0.5643198872326212,0.992,5.0,-0.08356363896789443
20230306,2023,002240,고려제강,1차철강제조업,21700,92.0,1996400.0,20396.0,19277.0,20230922,542500000000,0.5234584381823202,0.9903381642512077,6.0,-0.054887300959851615
20230306,2023,047820,초록뱀미디어,"영화,비디오물,방송프로그램제작및배급업",10940,182.0,1991080.0,16131.0,,,237536959880,0.5420205250107435,0.988,7.0,-0.15186893125882572
20230306,2023,006120,SK디스커버리,기타금융업,32250,62.0,1999500.0,33016.0,34022.0,20230508,613970823750,0.5363050065900921,0.9855072463768116,8.0,0.0304635966628215
20230306,2023,073490,LIG아큐버,통신및방송장비제조업,30750,65.0,1998750.0,30544.0,27035.0,20230510,233818264500,0.5424137575582622,0.984,9.0,-0.1148758432744339
20230306,2023,028260,삼성물산,기타전문도매업,112000,17.0,1904000.0,110654.0,110736.0,20230508,20931353072000,0.523288517107978,0.9806763285024155,10.0,0.000736803116251572
20230306,2023,206650,유바이오로직스,의약품제조업,7900,253.0,1998700.0,8120.0,7619.0,20230508,287913975300,0.5434799258135987,0.98,11.0,-0.06165701965693915
20230306,2023,043150,바텍,의료용기기제조업,33250,60.0,1995000.0,33069.0,42576.0,20230508,493904012000,0.5331508719311295,0.976,12.0,0.287484027849652
20230306,2023,011700,한신기계,일반목적용기계제조업,6430,311.0,1999730.0,6373.0,,,208628750930,0.5291356826515359,0.9758454106280193,13.0,-0.00795571797350536
20230306,2023,060570,드림어스컴퍼니,"자료처리,호스팅,포털및기타인터넷정보매개서비스업",3715,538.0,1998670.0,3627.0,,,211234331605,0.5529764154592521,0.972,14.0,-0.0966865520045106
20230306,2023,183190,아세아시멘트,"시멘트,석회,플라스터및그제품제조업",9200,217.0,1996400.0,9200.0,10949.0,20230525,358414428000,0.5196797706841485,0.9710144927536232,15.0,0.19018434316443766
20230306,2023,119860,커넥트웨이브,소프트웨어개발및공급업,14010,142.0,1989420.0,13850.0,14399.0,20230508,675183537720,0.5613589440139639,0.968,16.0,0.039702448144320446
20230306,2023,001120,LX인터내셔널,상품중개업,32150,62.0,1993300.0,31978.0,30976.0,20230508,1246134000000,0.5291153202520529,0.966183574879227,17.0,-0.031314833863509195
20230306,2023,243840,신흥에스이씨,일차전지및축전지제조업,53600,37.0,1983200.0,10983.0,9201.0,20230508,416109074400,0.5428344094485779,0.964,18.0,-0.1622361770810895
20230306,2023,093050,LF,봉제의복제조업,17480,114.0,1992720.0,18247.0,17711.0,20250627,511115200000,0.5173545913642525,0.961352657004831,19.0,-0.029384140250530044
20230306,2023,034810,해성산업,기타금융업,10460,191.0,1997860.0,10392.0,8060.0,20260113,340544724220,0.5380922307564349,0.96,20.0,-0.22441289380130502
20230306,2023,001390,KG케미칼,기초화학물질제조업,25650,77.0,1975050.0,6664.0,7275.0,20230508,355665362400,0.5469953754333127,0.9565217391304348,21.0,0.09169576599730878
20230306,2023,053030,바이넥스,의약품제조업,10550,189.0,1993950.0,10669.0,10768.0,20230508,335079056400,0.5407100468950254,0.956,22.0,0.009285807269327151
20230306,2023,100090,SK오션플랜트,1차철강제조업,20100,99.0,1989900.0,22208.0,,,1070023741200,0.5211797171490709,0.952,23.0,0.08448533622394505
20230306,2023,112610,씨에스윈드,"구조용금속제품,탱크및증기발생기제조업",71500,27.0,1930500.0,76379.0,72986.0,20230508,3015255314500,0.5133858482929345,0.9516908212560387,24.0,-0.04442997996568365
20230306,2023,042420,네오위즈홀딩스,소프트웨어개발및공급업,30350,65.0,1972750.0,30217.0,24473.0,20231127,268805883100,0.5558557695986102,0.948,25.0,-0.19011108871154758
20230306,2023,329180,HD현대중공업,선박및보트건조업,102100,19.0,1939900.0,100202.0,108955.0,20230508,9063735143600,0.5144152892110047,0.9468599033816425,26.0,0.08734956918636194
20230306,2023,030520,한글과컴퓨터,소프트웨어개발및공급업,15000,133.0,1995000.0,14626.0,14276.0,20230508,378057450000,0.5550129790646915,0.944,27.0,-0.023972593818939902
20230306,2023,117580,대성에너지,연료용가스제조및배관공급업,9420,212.0,1997040.0,9404.0,8562.0,20230508,259050000000,0.4969616598952312,0.9420289855072463,28.0,-0.08954484307555532
20230306,2023,064290,인텍플러스,특수목적용기계제조업,16800,119.0,1999200.0,16440.0,18480.0,20230511,214333761600,0.562151093091829,0.94,29.0,0.12408745298134338
20230306,2023,137310,에스디바이오센서,의료용기기제조업,22400,89.0,1993600.0,22872.0,21471.0,20230508,2339732707200,0.5216978567934091,0.9371980676328503,30.0,-0.061250522122352935
20230306,2023,095610,테스,특수목적용기계제조업,18260,109.0,1990340.0,18074.0,21683.0,20230508,360967806760,0.5612077181343376,0.936,31.0,0.1996792917677621
20230306,2023,352820,하이브,오디오물출판및원판녹음업,191800,10.0,1918000.0,188543.0,278967.0,20230508,7931579626600,0.5100719084966482,0.9323671497584541,32.0,0.4795936836075061
20230306,2023,950130,엑세스바이오,의료용품및기타의약관련제품제조업,9910,201.0,1991910.0,8618.0,8086.0,20230508,359886872570,0.5385268331437953,0.932,33.0,-0.0617216713279547
20230306,2023,102710,이엔에프테크놀로지,기타화학제품제조업,21550,92.0,1982600.0,21250.0,21155.0,20230508,307902865800,0.5492561863687728,0.928,34.0,-0.004508381994624111
20230306,2023,023530,롯데쇼핑,종합소매업,87200,22.0,1918400.0,86748.0,81254.0,20230508,2466779436000,0.5005115255117603,0.927536231884058,35.0,-0.06333199672049672
20230306,2023,299900,위지윅스튜디오,"영화,비디오물,방송프로그램제작및배급업",17050,117.0,1994850.0,4187.0,3031.0,20231115,729095868050,0.535615992221729,0.924,36.0,-0.27598636693671663
20230306,2023,161000,애경케미칼,기초화학물질제조업,8660,230.0,1991800.0,8723.0,17188.0,20230508,421297819940,0.5440583555748932,0.9227053140096618,37.0,0.9704040567746033
20230306,2023,183300,코미코,특수목적용기계제조업,45400,44.0,1997600.0,46230.0,44576.0,20230508,454928293800,0.5593745106872354,0.92,38.0,-0.03577334173543756
20230306,2023,003850,보령,의약품제조업,9050,220.0,1991000.0,9088.0,8796.0,20230508,621644500000,0.5329547824230445,0.9178743961352657,39.0,-0.032137693214721375
20230306,2023,357780,솔브레인,기타화학제품제조업,234500,8.0,1876000.0,231392.0,224899.0,20230508,1824073727000,0.5469115499975328,0.916,40.0,-0.028058483453065386
20230306,2023,108670,LX하우시스,플라스틱제품제조업,35900,55.0,1974500.0,35702.0,43958.0,20230623,321939353000,0.5421292094899872,0.9130434782608695,41.0,0.2312731563251953
20230306,2023,045100,한양이엔지,"건축기술,엔지니어링및관련기술서비스업",15060,132.0,1987920.0,15428.0,14927.0,20230508,271080000000,0.5242334753940363,0.912,42.0,-0.03247171389656556
20230306,2023,005930,삼성전자,통신및방송장비제조업,61500,32.0,1968000.0,60714.0,65922.0,20230508,367141626825000,0.5322025667867065,0.9082125603864735,43.0,0.08577551892891377
20230306,2023,033640,네패스,반도체제조업,17640,113.0,1993320.0,17155.0,20418.0,20230508,406764323280,0.555543929477109,0.888,53.0,0.19022754758447635
20230306,2023,004430,송원산업,기타화학제품제조업,20000,100.0,2000000.0,20236.0,16957.0,20230508,480000000000,0.536408788999594,0.8792270531400966,57.0,-0.16203387171029793
20230306,2023,259960,크래프톤,소프트웨어개발및공급업,173500,11.0,1908500.0,169116.0,202878.0,20230508,8542669815000,0.5316437392603168,0.8502415458937198,70.0,0.1996376488633511
20230306,2023,086390,유니테스트,특수목적용기계제조업,11960,167.0,1997320.0,11848.0,13288.0,20230508,252764146960,0.5491801157509291,0.848,71.0,0.12155366319411876
20230306,2023,010690,화신,자동차신품부품제조업,9900,202.0,1999800.0,9774.0,14157.0,20230508,345712059000,0.5176640650989429,0.8405797101449275,74.0,0.44837371328330833
20230306,2023,235980,메드팩토,자연과학및공학연구개발업,19540,102.0,1993080.0,17167.0,19828.0,20230508,411916780300,0.5245126924581434,0.824,82.0,0.15497208324522882
20230306,2023,032500,케이엠더블유,통신및방송장비제조업,24050,83.0,1996150.0,24325.0,18928.0,20230508,957692236150,0.5301589989011097,0.808,89.0,-0.2218726695595602
20230504,2023,041830,인바디,의료용기기제조업,29100,68.0,1978800.0,28693.0,27646.0,20230710,398198056200,0.5347992449091667,1.0,1.0,-0.036479668018006284
20230504,2023,102460,이연제약,의약품제조업,18820,106.0,1994920.0,18715.0,16293.0,20241031,338733219140,0.546585367534851,1.0,2.0,-0.12940636877091283
20230504,2023,425040,티이엠씨,기초화학물질제조업,37800,52.0,1965600.0,19720.0,24547.0,20230707,401553709200,0.5539943531755799,0.9962121212121212,3.0,0.24478596625528892
20230504,2023,023530,롯데쇼핑,종합소매업,79600,25.0,1990000.0,81254.0,65776.0,20230707,2251784898000,0.5083431694367269,0.9957081545064378,4.0,-0.19049128533025217
20230504,2023,297890,HB솔루션,특수목적용기계제조업,14160,141.0,1996560.0,3589.0,5631.0,20240115,236756516880,0.5650952437381476,0.9924242424242424,5.0,0.569229733463807
20230504,2023,004250,NPC,플라스틱제품제조업,6460,309.0,1996140.0,6495.0,6605.0,20230712,237211200000,0.558706909783167,0.9914163090128756,6.0,0.01700606362475665
20230504,2023,064260,다날,소프트웨어개발및공급업,4115,486.0,1999890.0,4223.0,3754.0,20230707,283725299600,0.5727881702607573,0.9886363636363636,7.0,-0.11100150993868718
20230504,2023,006120,SK디스커버리,기타금융업,33100,60.0,1986000.0,34022.0,34422.0,20230707,630153000500,0.5279514005843142,0.9871244635193133,8.0,0.011773184840444761
20230504,2023,084990,헬릭스미스,자연과학및공학연구개발업,8800,227.0,1997600.0,8852.0,5959.0,20230707,366049455200,0.5441886587636814,0.9848484848484849,9.0,-0.32681003123784425
20230504,2023,003000,부광약품,의약품제조업,8010,249.0,1994490.0,7335.0,7127.0,20240116,569215022490,0.5428880969734184,0.9828326180257511,10.0,-0.028348928791198658
20230504,2023,102710,이엔에프테크놀로지,기타화학제품제조업,20750,96.0,1992000.0,21155.0,24859.0,20230707,296472597000,0.5607448301387037,0.9810606060606061,11.0,0.1751056868720764
20230504,2023,002150,도화엔지니어링,"건축기술,엔지니어링및관련기술서비스업",8400,238.0,1999200.0,8580.0,7997.0,20231107,283248000000,0.5565224272883618,0.9785407725321889,12.0,-0.06792927472494925
20230504,2023,256840,한국비엔씨,기초의약물질제조업,3940,507.0,1997580.0,3946.0,3333.0,20230707,266275002720,0.5644218044386335,0.9772727272727273,13.0,-0.15548817075739307
20230504,2023,009900,명신산업,자동차신품부품제조업,17850,112.0,1999200.0,18421.0,22948.0,20230707,936591874050,0.5388372169107312,0.9742489270386266,14.0,0.24576941677152675
20230504,2023,083450,GST,특수목적용기계제조업,23650,84.0,1986600.0,11979.0,14133.0,20230707,220364669250,0.5608449627924921,0.9734848484848485,15.0,0.17982868356918646
20230504,2023,006400,삼성SDI,일차전지및이차전지제조업,684000,2.0,1368000.0,669738.0,682276.0,20230707,47034938520000,0.5304913669428266,0.9699570815450643,16.0,0.01872072560037541
20230504,2023,061970,LB세미콘,반도체제조업,7600,263.0,1998800.0,7835.0,7877.0,20230707,332762899200,0.5548655697026452,0.9696969696969697,17.0,0.0053181476498276314
20230504,2023,095700,제넥신,자연과학및공학연구개발업,12560,159.0,1997040.0,12715.0,9362.0,20230707,506378367440,0.5386478449956773,0.9659090909090909,18.0,-0.26373383028495734
20230504,2023,280360,롯데웰푸드,도시락및식사용조리식품제조업,105500,18.0,1899000.0,107106.0,98163.0,20230707,995347557000,0.5174418959110211,0.9656652360515021,19.0,-0.0835002028617764
20230504,2023,089030,테크윙,특수목적용기계제조업,6880,290.0,1995200.0,7077.0,8134.0,20230707,256993077600,0.5574975620767544,0.9621212121212122,20.0,0.14935319833727312
20230504,2023,001120,LX인터내셔널,상품중개업,30900,64.0,1977600.0,30976.0,34730.0,20230707,1197684000000,0.5251156008230307,0.9613733905579399,21.0,0.12118464910158822
20230504,2023,371950,풍원정밀,전자부품제조업,11050,180.0,1989000.0,11220.0,10068.0,20240510,232497392400,0.5480654650766332,0.9583333333333334,22.0,-0.10272164800564787
20230504,2023,003570,SNT다이내믹스,자동차신품부품제조업,9350,213.0,1991550.0,9452.0,13118.0,20231031,310912716950,0.5355359321740021,0.9570815450643777,23.0,0.3879567007921425
20230504,2023,183300,코미코,특수목적용기계제조업,43350,46.0,1994100.0,44576.0,56833.0,20230707,434386377450,0.5571965245783893,0.9545454545454546,24.0,0.27497721131796027
20230504,2023,377740,바이오노트,의료용품및기타의약관련제품제조업,6250,320.0,2000000.0,6002.0,4941.0,20230707,637350300000,0.5436820002518228,0.9527896995708155,25.0,-0.17676248889558843
20230504,2023,086450,동국제약,의약품제조업,15340,130.0,1994200.0,15478.0,13244.0,20230707,682016400000,0.5450369863994302,0.9507575757575758,26.0,-0.14434661554069084
20230504,2023,047810,한국항공우주,"항공기,우주선및부품제조업",53100,37.0,1964700.0,54500.0,86867.0,20250709,5175928181700,0.49805557870629213,0.9484978540772532,27.0,0.5938689969766473
20230504,2023,032500,케이엠더블유,통신및방송장비제조업,18850,106.0,1998100.0,18928.0,13484.0,20230707,750623644550,0.5404373638952011,0.946969696969697,28.0,-0.287652246389697
20230504,2023,003090,대웅,의약품제조업,15110,132.0,1994520.0,15205.0,12752.0,20230714,878525317800,0.5376361484588548,0.944206008583691,29.0,-0.1612792535988956
20230504,2023,241840,에이스토리,"영화,비디오물,방송프로그램제작및배급업",21050,95.0,1999750.0,,,,200816873700,0.5305806469793573,0.9431818181818182,30.0,0.0
20230504,2023,353200,대덕전자,전자부품제조업,20900,95.0,1985500.0,20864.0,30771.0,20230707,1032813732500,0.5388754931549451,0.9399141630901288,31.0,0.47485716888416674
20230504,2023,077360,덕산하이메탈,반도체제조업,5650,353.0,1994450.0,5769.0,4716.0,20250808,256719061300,0.5460291342324979,0.9393939393939394,32.0,-0.18253619350818096
20230504,2023,007810,코리아써키트,전자부품제조업,13900,143.0,1987700.0,14265.0,16405.0,20230707,328328438900,0.538671857539684,0.9356223175965666,33.0,0.15001649663234717
20230504,2023,101160,월덱스,전자부품제조업,21450,93.0,1994850.0,21659.0,25461.0,20230707,354160799850,0.5413252232145507,0.9356060606060606,34.0,0.1755084991386655
20230504,2023,035600,KG이니시스,소프트웨어개발및공급업,11820,169.0,1997580.0,11994.0,11502.0,20230707,329830409880,0.5547517519327501,0.9318181818181818,35.0,-0.04102622555633306
20230504,2023,081000,일진다이아,기타화학제품제조업,19800,101.0,1999800.0,20651.0,,,281218905000,0.5417720538879233,0.9313304721030042,36.0,-0.023852177516625828
20230504,2023,054210,이랜텍,전자부품제조업,12470,160.0,1995200.0,12429.0,11702.0,20230707,315381388700,0.5407405375143831,0.928030303030303,37.0,-0.05853635471164942
20230504,2023,030200,KT,전기통신업,30450,65.0,1979250.0,30721.0,29266.0,20230707,7950854553600,0.5005813552947811,0.927038626609442,38.0,-0.04735859931702335
20230504,2023,950130,엑세스바이오,의료용품및기타의약관련제품제조업,9470,211.0,1998170.0,8086.0,6492.0,20230707,343908040690,0.543397825531418,0.9242424242424242,39.0,-0.19714725201289307
20230504,2023,017390,서울가스,연료용가스제조및배관공급업,104300,19.0,1981700.0,101876.0,66644.0,20230707,521500000000,0.5168317685167869,0.9227467811158798,40.0,-0.3458258082568795
20230504,2023,052710,아모텍,전자부품제조업,16600,120.0,1992000.0,16952.0,,,242610809400,0.5392502656628726,0.9204545454545454,41.0,-0.09758373005312726
20230504,2023,055490,테이팩스,플라스틱제품제조업,54800,36.0,1972800.0,54068.0,,,258801220000,0.5435044302002863,0.9184549356223176,42.0,-0.06740686724554223
20230504,2023,033640,네패스,반도체제조업,19570,102.0,1996140.0,20418.0,19422.0,20230707,451268583140,0.5418352333089913,0.9166666666666666,43.0,-0.048800409977626025
20230504,2023,119860,커넥트웨이브,소프트웨어개발및공급업,14170,141.0,1997970.0,14399.0,12156.0,20230721,682894413240,0.5498833471980443,0.9053030303030303,49.0,-0.15577089169586544
20230504,2023,357780,솔브레인,기타화학제품제조업,219500,9.0,1975500.0,224899.0,239875.0,20230707,1707395237000,0.539656840351679,0.9015151515151515,50.0,0.06658981382718565
20230504,2023,086390,유니테스트,특수목적용기계제조업,13040,153.0,1995120.0,13288.0,14159.0,20230707,275589003040,0.5431974349964126,0.8977272727272727,52.0,0.0656099504355756
20230504,2023,003850,보령,의약품제조업,8780,227.0,1993060.0,8796.0,10878.0,20231012,603098200000,0.53424459036072,0.8927038626609443,55.0,0.23671014090454245
20230504,2023,073490,LIG아큐버,통신및방송장비제조업,27350,73.0,1996550.0,27286.0,29175.0,20240219,207965188100,0.5332990040866415,0.875,64.0,0.069216204211062
20230504,2023,030520,한글과컴퓨터,소프트웨어개발및공급업,13890,143.0,1986270.0,14276.0,11978.0,20230707,355712260260,0.544586817528244,0.8674242424242424,67.0,-0.16097601914700754
20230504,2023,064290,인텍플러스,특수목적용기계제조업,19010,105.0,1996050.0,19059.0,32182.0,20230707,242528857620,0.5397864275794165,0.8636363636363636,69.0,0.6885818773410897
20230706,2023,006040,동원산업,기타금융업,36500,54.0,1971000.0,32762.0,30995.0,20230906,1824367272500,0.5363877667406864,1.0,1.0,-0.05394379929745696
20230706,2023,084990,헬릭스미스,자연과학및공학연구개발업,6080,328.0,1994240.0,5959.0,4958.0,20230906,252906896320,0.5684386072976788,1.0,2.0,-0.1680272208157284
20230706,2023,036200,유니셈,특수목적용기계제조업,8320,240.0,1996800.0,8210.0,10302.0,20240607,255126335360,0.5746820898633074,0.996078431372549,3.0,0.25475016854373944
20230706,2023,016710,대성홀딩스,회사본부및경영컨설팅서비스업,14320,139.0,1990480.0,14163.0,,,230401052880,0.5634675196463115,0.9952830188679245,4.0,-0.10707815377580876
20230706,2023,100120,뷰웍스,의료용기기제조업,34750,57.0,1980750.0,34053.0,20798.0,20241211,347564808750,0.5345136344367325,0.9921568627450981,5.0,-0.3892470575353538
20230706,2023,003090,대웅,의약품제조업,12160,164.0,1994240.0,12062.0,14604.0,20230912,707006476800,0.5429944432588254,0.9905660377358491,6.0,0.21071006066285602
20230706,2023,032500,케이엠더블유,통신및방송장비제조업,13680,146.0,1997280.0,13484.0,10868.0,20230906,544749679440,0.5359063693318828,0.9882352941176471,7.0,-0.1939839309731528
20230706,2023,004250,NPC,플라스틱제품제조업,6570,304.0,1997280.0,6555.0,5682.0,20231222,241250400000,0.5657903607542651,0.9858490566037735,8.0,-0.13323810845156536
20230706,2023,190510,나무가,전자부품제조업,14830,134.0,1987220.0,14410.0,13692.0,20230906,241022854720,0.5461639060671142,0.984313725490196,9.0,-0.04979851185016648
20230706,2023,249420,일동제약,의약품제조업,14870,134.0,1992580.0,14572.0,20620.0,20230906,398564847950,0.5407147531638942,0.9811320754716981,10.0,0.4150626408013196
20230706,2023,950130,엑세스바이오,의료용품및기타의약관련제품제조업,7710,259.0,1996890.0,6492.0,7187.0,20230906,279992713170,0.556106699349588,0.9803921568627451,11.0,0.10706271057152228
20230706,2023,041830,인바디,의료용기기제조업,29200,68.0,1985600.0,28245.0,25151.0,20230911,399566434400,0.5251554442761674,0.9764705882352941,12.0,-0.10954906675902887
20230706,2023,071970,HD현대마린엔진,일반목적용기계제조업,7890,253.0,1996170.0,7913.0,11363.0,20231206,225280558410,0.5269326100927323,0.9764150943396226,13.0,0.4359836100296337
20230706,2023,061970,LB세미콘,반도체제조업,8150,245.0,1996750.0,7877.0,6949.0,20230906,356844424800,0.5266440028407835,0.9725490196078431,14.0,-0.11782211119296182
20230706,2023,139990,아주스틸,1차철강제조업,9390,212.0,1990680.0,9351.0,,,248386054710,0.5376244147682774,0.9716981132075472,15.0,-0.1171970522246395
20230706,2023,054210,이랜텍,전자부품제조업,11990,166.0,1990340.0,11702.0,11463.0,20230906,303241607900,0.5413751279516881,0.9686274509803922,16.0,-0.02038510809313354
20230706,2023,002790,아모레퍼시픽홀딩스,기타화학제품제조업,25500,78.0,1989000.0,25139.0,33195.0,20230906,2102683590000,0.5383700753680905,0.9669811320754716,17.0,0.3204702968780715
20230706,2023,056080,유진로봇,특수목적용기계제조업,5520,362.0,1998240.0,5505.0,13488.0,20230913,207067079040,0.5560951566235426,0.9647058823529412,18.0,1.4503290803261777
20230706,2023,004560,현대비앤지스틸,1차철강제조업,15310,130.0,1990300.0,14942.0,15361.0,20231115,230856596410,0.5345653857808976,0.9622641509433962,19.0,0.028047693925000505
20230706,2023,254490,미래반도체,기타전문도매업,24650,81.0,1996650.0,24420.0,23768.0,20230906,355896700000,0.5305519005204002,0.9607843137254902,20.0,-0.02671206586652719
20230706,2023,001820,삼화콘덴서,전자부품제조업,42750,46.0,1966500.0,41876.0,39719.0,20230906,444386250000,0.5319241853369348,0.9575471698113207,21.0,-0.05151359165135072
20230706,2023,036810,에프에스티,전자부품제조업,18770,106.0,1989620.0,18381.0,21036.0,20230906,408374929530,0.5393481946089601,0.9568627450980393,22.0,0.1444215933215367
20230706,2023,086390,유니테스트,특수목적용기계제조업,14270,140.0,1997800.0,14159.0,11601.0,20231206,301583978020,0.5539333067398047,0.9529411764705882,23.0,-0.1806772818960698
20230706,2023,097950,CJ제일제당,도시락및식사용조리식품제조업,267500,7.0,1872500.0,263972.0,297461.0,20230906,4026994755000,0.5300738207838986,0.9528301886792453,24.0,0.12686602114197254
20230706,2023,048530,인트론바이오,기초의약물질제조업,6080,328.0,1994240.0,5989.0,7102.0,20231013,207636632960,0.5455844116035965,0.9490196078431372,25.0,0.185728592660249
20230706,2023,090430,아모레퍼시픽,기타화학제품제조업,95000,21.0,1995000.0,94769.0,131587.0,20230906,5556812105000,0.5365392837753094,0.9481132075471698,26.0,0.3885021955820056
20230706,2023,256840,한국비엔씨,기초의약물질제조업,3405,587.0,1998735.0,3333.0,4582.0,20230907,231241868415,0.5447095859943898,0.9450980392156862,27.0,0.3748370838491326
20230706,2023,280360,롯데웰푸드,도시락및식사용조리식품제조업,99500,20.0,1990000.0,98163.0,111152.0,20230906,938740113000,0.5291094180026299,0.9433962264150944,28.0,0.13232347879542905
20230706,2023,289220,자이언트스텝,"영화,비디오물,방송프로그램제작및배급업",14140,141.0,1993740.0,13883.0,12454.0,20230906,312801474300,0.5588764680654669,0.9411764705882353,29.0,-0.10290681310083338
20230706,2023,005010,휴스틸,1차철강제조업,6160,324.0,1995840.0,6015.0,4890.0,20230906,346118542000,0.5318614912339459,0.9386792452830188,30.0,-0.18702599756501614
20230706,2023,243840,신흥에스이씨,일차전지및이차전지제조업,47100,42.0,1978200.0,9398.0,9719.0,20230906,365648085900,0.5440185004213647,0.9372549019607843,31.0,0.03420130332178051
20230706,2023,006400,삼성SDI,일차전지및이차전지제조업,703000,2.0,1406000.0,682276.0,590400.0,20230906,48341464590000,0.5323412792428881,0.9339622641509434,32.0,-0.13466005292835936
20230706,2023,100130,동국S&C,"구조용금속제품,탱크및증기발생기제조업",4045,494.0,1998230.0,3976.0,,,231143435000,0.5322605939681604,0.9333333333333333,33.0,-0.13106150465324184
20230706,2023,043370,피에이치에이,자동차신품부품제조업,11350,176.0,1997600.0,10792.0,11596.0,20240305,238350000000,0.5508479099479349,0.9294117647058824,34.0,0.0745277389856358
20230706,2023,012510,더존비즈온,"컴퓨터프로그래밍,시스템통합및관리업",29100,68.0,1978800.0,28600.0,32255.0,20230906,884139014400,0.5241783661308139,0.9292452830188679,35.0,0.1277873240323899
20230706,2023,083650,비에이치아이,일반목적용기계제조업,8000,250.0,2000000.0,8080.0,7770.0,20230920,208000000000,0.5263429022173041,0.9254901960784314,36.0,-0.03830732419116678
20230706,2023,018880,한온시스템,일반목적용기계제조업,9240,216.0,1995840.0,8382.0,8449.0,20230906,4932312000000,0.5204788949445531,0.9245283018867925,37.0,0.007906319424733965
20230706,2023,086450,동국제약,의약품제조업,13280,150.0,1992000.0,13244.0,13711.0,20230906,590428800000,0.5387496822837401,0.9215686274509803,38.0,0.03526588002197162
20230706,2023,091810,트리니티항공,항공여객운송업,3170,630.0,1997100.0,2948.0,2581.0,20230906,636445816670,0.49471513629065117,0.9198113207547169,39.0,-0.12439055859500892
20230706,2023,064260,다날,소프트웨어개발및공급업,3900,512.0,1996800.0,3754.0,3785.0,20230906,268901256000,0.5610745142895919,0.9176470588235294,40.0,0.008155290110525737
20230706,2023,009900,명신산업,자동차신품부품제조업,24950,80.0,1996000.0,22948.0,20248.0,20230906,1309129818350,0.536966529228255,0.9150943396226415,41.0,-0.11768687081325546
20230706,2023,357780,솔브레인,기타화학제품제조업,245500,8.0,1964000.0,239875.0,231865.0,20230906,1909637953000,0.5410856100520198,0.9137254901960784,42.0,-0.03339335175037783
20230706,2023,075580,세진중공업,선박및보트건조업,6270,318.0,1993860.0,6471.0,5971.0,20230906,356446089120,0.5314260282602621,0.910377358490566,43.0,-0.07722568805706109
20230706,2023,304100,솔트룩스,소프트웨어개발및공급업,21150,94.0,1988100.0,20955.0,44305.0,20230906,237104591850,0.5577388081211673,0.9098039215686274,44.0,1.114238992778251
20230706,2023,030530,원익홀딩스,특수목적용기계제조업,3740,534.0,1997160.0,3523.0,4148.0,20240222,288870048940,0.5447832257075296,0.9058823529411765,45.0,0.1774430253213508
20230706,2023,051910,LG화학,기초화학물질제조업,664000,3.0,1992000.0,656067.0,585073.0,20230906,46873315752000,0.543501155542047,0.9056603773584906,46.0,-0.10821109799396811
20230706,2023,068240,다원시스,"전동기,발전기및전기변환ㆍ공급ㆍ제어장치제조업",13040,153.0,1995120.0,12692.0,14428.0,20230906,446795218480,0.5496908719404874,0.9019607843137255,47.0,0.1367955464652577
20230706,2023,078930,GS,기타금융업,35000,57.0,1995000.0,35073.0,39374.0,20230906,3252038230000,0.5245904287563554,0.9009433962264151,48.0,0.12263613456381539
20230706,2023,006120,SK디스커버리,기타금융업,34400,58.0,1995200.0,34422.0,39970.0,20230912,654902212000,0.5207644064531801,0.8254716981132075,83.0,0.1611772476858253
20230706,2023,030520,한글과컴퓨터,소프트웨어개발및공급업,12150,164.0,1992600.0,11978.0,14372.0,20230906,311152193100,0.5431702270779534,0.8117647058823529,89.0,0.19988219995069367
20230905,2023,145720,덴티움,의료용기기제조업,123800,16.0,1980800.0,123020.0,122015.0,20231110,1370321154000,0.5645610789214609,1.0,1.0,-0.008170156724516042
20230905,2023,950130,엑세스바이오,의료용품및기타의약관련제품제조업,8210,243.0,1995030.0,7187.0,8222.0,20231110,298150476670,0.5564179109005047,1.0,2.0,0.14407292376480352
20230905,2023,091580,상신이디피,일차전지및이차전지제조업,17270,115.0,1986050.0,16952.0,16901.0,20231116,235359342130,0.5639618774384184,0.9961240310077519,3.0,-0.0029918690408333726
20230905,2023,007810,코리아써키트,전자부품제조업,16900,118.0,1994200.0,16501.0,14522.0,20231110,399190691900,0.5614016370067205,0.9956709956709957,4.0,-0.11994043605103655
20230905,2023,259630,엠플러스,특수목적용기계제조업,16840,118.0,1987120.0,19308.0,,,206835649680,0.5538016799044877,0.9922480620155039,5.0,-0.02664035253114272
20230905,2023,007700,F&F홀딩스,기타금융업,16770,119.0,1995630.0,16898.0,14617.0,20240724,655947934590,0.5461116549368707,0.9913419913419913,6.0,-0.1350002441724626
20230905,2023,033640,네패스,반도체제조업,19000,105.0,1995000.0,18835.0,17775.0,20231110,438124838000,0.5590319120208851,0.9883720930232558,7.0,-0.056280513501832496
20230905,2023,251270,넷마블,소프트웨어개발및공급업,43300,46.0,1991800.0,43030.0,47021.0,20231110,3721786636600,0.5647355461622905,0.987012987012987,8.0,0.09273531035703253
20230905,2023,089010,켐트로닉스,기타화학제품제조업,22400,89.0,1993600.0,21900.0,23196.0,20231110,339756032000,0.5428215333056676,0.9844961240310077,9.0,0.05917658844630447
20230905,2023,000240,한국앤컴퍼니,기타금융업,10880,183.0,1991040.0,10818.0,13974.0,20231110,1032895411200,0.5428334279080165,0.9826839826839827,10.0,0.2916746103764598
20230905,2023,041830,인바디,의료용기기제조업,25900,77.0,1994300.0,25751.0,26102.0,20240126,354409953800,0.5427179533121864,0.9806201550387597,11.0,0.013643466761198209
20230905,2023,000670,영풍,1차비철금속제조업,555000,3.0,1665000.0,51533.0,47946.0,20240215,1022332200000,0.5361949993591049,0.9783549783549783,12.0,-0.06961226402082277
20230905,2023,218410,RFHIC,통신및방송장비제조업,17310,115.0,1990650.0,17030.0,14789.0,20231110,463673172540,0.544273431659047,0.9767441860465116,13.0,-0.13160532160356087
20230905,2023,033240,자화전자,전자부품제조업,27750,72.0,1998000.0,27223.0,24276.0,20231110,611783881500,0.550569047544595,0.974025974025974,14.0,-0.10827194062531798
20230905,2023,278650,HLB바이오스텝,자연과학및공학연구개발업,2985,670.0,1999950.0,3087.0,2671.0,20231121,234622014900,0.5623347805407013,0.9728682170542635,15.0,-0.13478858628153312
20230905,2023,005010,휴스틸,1차철강제조업,4940,404.0,1995760.0,4890.0,4555.0,20231110,277569090500,0.5456313071858343,0.9696969696969697,16.0,-0.0684950288801508
20230905,2023,053030,바이넥스,의약품제조업,8920,224.0,1998080.0,8851.0,7900.0,20231110,283308548160,0.5464864496997124,0.9689922480620154,17.0,-0.10738477191370921
20230905,2023,016580,환인제약,의약품제조업,13880,144.0,1998720.0,14081.0,11994.0,20250731,258168971600,0.5427828706200108,0.9653679653679653,18.0,-0.14824748361840023
20230905,2023,441270,파인엠텍,전자부품제조업,8210,243.0,1995030.0,8269.0,7958.0,20231110,299015646470,0.5533402010661452,0.9651162790697675,19.0,-0.03759445541044837
20230905,2023,031330,에스에이엠티,기계장비및관련물품도매업,2795,715.0,1998425.0,2740.0,,,279486212265,0.5288996056487109,0.9612403100775194,20.0,-0.04142087389423266
20230905,2023,017670,SK텔레콤,전기통신업,48000,41.0,1968000.0,47670.0,49863.0,20231110,10503990912000,0.4973925755573101,0.961038961038961,21.0,0.046016328687737085
20230905,2023,061970,LB세미콘,반도체제조업,7140,280.0,1999200.0,6949.0,6529.0,20231110,312621986880,0.5535469507030142,0.9573643410852714,22.0,-0.060429450457284206
20230905,2023,006040,동원산업,기타금융업,34350,58.0,1992300.0,30995.0,27994.0,20231117,1596679542750,0.5396513367195152,0.9567099567099567,23.0,-0.09681923166459327
20230905,2023,102710,이엔에프테크놀로지,기타화학제품제조업,22050,90.0,1984500.0,21304.0,27162.0,20240109,315046783800,0.5379963184601688,0.9534883720930233,24.0,0.27495585511275
20230905,2023,010780,아이에스동서,"시멘트,석회,플라스터및그제품제조업",31700,63.0,1997100.0,31359.0,27914.0,20231110,979295610200,0.514403385939304,0.9523809523809523,25.0,-0.10985782700910085
20230905,2023,322310,오로스테크놀로지,특수목적용기계제조업,23800,84.0,1999200.0,23318.0,27718.0,20240115,222923699600,0.5446321527476606,0.9496124031007752,26.0,0.18871579178571207
20230905,2023,000880,한화,기타화학제품제조업,25300,79.0,1998700.0,25062.0,24205.0,20231110,1896455995500,0.5335615422463796,0.948051948051948,27.0,-0.034195615746068886
20230905,2023,064260,다날,소프트웨어개발및공급업,3770,530.0,1998100.0,3785.0,3995.0,20231110,259937880800,0.5623750074073328,0.9457364341085271,28.0,0.05552188833309213
20230905,2023,018260,삼성에스디에스,"컴퓨터프로그래밍,시스템통합및관리업",144100,13.0,1873300.0,150478.0,144161.0,20231110,11150140980000,0.5196912096805126,0.9437229437229437,29.0,-0.04197867210723727
20230905,2023,319400,현대무벡스,일반목적용기계제조업,3740,534.0,1997160.0,3785.0,3175.0,20231110,439214649280,0.5343686227182667,0.9418604651162791,30.0,-0.16111287611755176
20230905,2023,002900,TYM,특수목적용기계제조업,6160,324.0,1995840.0,6161.0,5139.0,20231110,277513888960,0.5396159215015781,0.9393939393939394,31.0,-0.16576684186581936
20230905,2023,950140,잉글우드랩,기타화학제품제조업,11880,168.0,1995840.0,12371.0,14303.0,20231110,236030248080,0.5365519274518192,0.937984496124031,32.0,0.1561516137549983
20230905,2023,052690,한전기술,"건축기술,엔지니어링및관련기술서비스업",64000,31.0,1984000.0,63194.0,53987.0,20231110,2446080000000,0.5191338987323799,0.935064935064935,33.0,-0.14568860204924827
20230905,2023,182360,큐브엔터,오디오물출판및원판녹음업,18930,105.0,1987650.0,18777.0,15414.0,20231115,261322724910,0.5225121010893156,0.9341085271317829,34.0,-0.17911751129876863
20230905,2023,000020,동화약품,의약품제조업,9990,200.0,1998000.0,9934.0,8296.0,20240614,279035385300,0.536737515011308,0.9307359307359307,35.0,-0.16490525842457293
20230905,2023,101490,에스앤에스텍,전자부품제조업,48950,40.0,1958000.0,48815.0,45865.0,20231110,1050048330650,0.5498955596151918,0.9302325581395349,36.0,-0.060430602991614624
20230905,2023,004430,송원산업,기타화학제품제조업,18230,109.0,1987070.0,18435.0,17629.0,20231110,437520000000,0.5292576922124839,0.9264069264069265,37.0,-0.04368300133700587
20230905,2023,101670,하이드로리튬,"구조용금속제품,탱크및증기발생기제조업",19500,102.0,1989000.0,18644.0,11322.0,20231110,435500344500,0.5474824509292525,0.9263565891472868,38.0,-0.39268511647543225
20230905,2023,043150,바텍,의료용기기제조업,36000,55.0,1980000.0,34977.0,30475.0,20231110,534753216000,0.535353640789908,0.9224806201550387,39.0,-0.128707783757805
20230905,2023,004990,롯데지주,기타금융업,24950,80.0,1996000.0,24693.0,29137.0,20231110,2617485463150,0.5333321482408167,0.922077922077922,40.0,0.17995096683023615
20230905,2023,089980,상아프론테크,플라스틱제품제조업,23900,83.0,1983700.0,23252.0,18383.0,20231110,382137984300,0.5415147583831854,0.9186046511627907,41.0,-0.20942491638977867
20230905,2023,000210,DL,기초화학물질제조업,38600,51.0,1968600.0,38399.0,47366.0,20231110,808897122400,0.5415191120632229,0.9177489177489178,42.0,0.23353425373144265
20230905,2023,294570,쿠콘,소프트웨어개발및공급업,22100,90.0,1989000.0,21107.0,19707.0,20240214,226628538500,0.5583134053655734,0.9147286821705426,43.0,-0.06632353689599135
20230905,2023,075580,세진중공업,선박및보트건조업,6000,333.0,1998000.0,5971.0,4710.0,20231201,341096736000,0.5161615165707494,0.9134199134199135,44.0,-0.21122005219132123
20230905,2023,003090,대웅,의약품제조업,13610,146.0,1987060.0,13175.0,15745.0,20231110,791312347800,0.5347543431255983,0.8917748917748918,54.0,0.1950997602767075
20230905,2023,289220,자이언트스텝,"영화,비디오물,방송프로그램제작및배급업",12680,157.0,1990760.0,12454.0,11527.0,20231205,280503726600,0.5472051852675541,0.8914728682170543,55.0,-0.07445546379146883
20230905,2023,249420,일동제약,의약품제조업,15880,125.0,1985000.0,20620.0,16131.0,20231110,429603672640,0.5326419268676,0.8787878787878788,61.0,-0.21769065580900981
20230905,2023,190510,나무가,전자부품제조업,14010,142.0,1989420.0,13692.0,13603.0,20231218,227695899840,0.5440823831390231,0.872093023255814,64.0,-0.006475095871068315
20230905,2023,084990,헬릭스미스,자연과학및공학연구개발업,4985,401.0,1998985.0,4958.0,4627.0,20240216,207358697065,0.545116208166751,0.8449612403100775,77.0,-0.06677390062002697
20230905,2023,006400,삼성SDI,일차전지및이차전지제조업,616000,3.0,1848000.0,590400.0,411254.0,20231110,42358950480000,0.5258871360683441,0.8441558441558441,78.0,-0.30343121255862415
20231109,2023,002900,TYM,특수목적용기계제조업,5170,386.0,1995620.0,5139.0,6009.0,20240119,232913442520,0.5760246104724627,1.0,1.0,0.1692889120306591
20231109,2023,281740,레이크머티리얼즈,기타화학제품제조업,11560,173.0,1999880.0,11408.0,19034.0,20240112,759845134880,0.5595656906026705,1.0,2.0,0.668471437563996
20231109,2023,064550,바이오니아,의료용품및기타의약관련제품제조업,31750,62.0,1968500.0,30737.0,33290.0,20240112,819476739250,0.5296658450950055,0.9955156950672646,3.0,0.08304692439341133
20231109,2023,282330,BGF리테일,종합소매업,147000,13.0,1911000.0,145141.0,140725.0,20240112,2540734182000,0.4928980125416489,0.9954545454545455,4.0,-0.030431937486153915
20231109,2023,091580,상신이디피,일차전지및이차전지제조업,15490,129.0,1998210.0,15013.0,15077.0,20240112,211101112310,0.5498644467746545,0.9910313901345291,5.0,0.004273814802495224
20231109,2023,001820,삼화콘덴서,전자부품제조업,35250,56.0,1974000.0,34873.0,37325.0,20240112,366423750000,0.5590526941458289,0.990909090909091,6.0,0.07030071212121025
20231109,2023,104460,디와이피엔에프,일반목적용기계제조업,19100,104.0,1986400.0,18862.0,23060.0,20240112,204630237500,0.5304440371315564,0.9865470852017937,7.0,0.2225812374192535
20231109,2023,336370,솔루스첨단소재,전자부품제조업,23050,86.0,1982300.0,11260.0,17622.0,20240530,809313044750,0.5565127836152841,0.9863636363636363,8.0,0.5649181621046853
20231109,2023,059090,미코,반도체제조업,8560,233.0,1994480.0,8703.0,8704.0,20240112,286047619680,0.5654752484909995,0.9820627802690582,9.0,0.00011852748420970727
20231109,2023,004980,성신양회,"시멘트,석회,플라스터및그제품제조업",8530,234.0,1996020.0,8432.0,8587.0,20240311,209122102690,0.5258821128110085,0.9818181818181818,10.0,0.01846226612071722
20231109,2023,218410,RFHIC,통신및방송장비제조업,15150,132.0,1999800.0,14789.0,18028.0,20240112,405814475100,0.5472662294893413,0.9775784753363229,11.0,0.21904066978665693
20231109,2023,006280,녹십자,의약품제조업,102600,19.0,1949400.0,102823.0,114391.0,20240112,1199038798800,0.5316383608995736,0.9772727272727273,12.0,0.1125014301338283
20231109,2023,079940,가비아,소프트웨어개발및공급업,15200,131.0,1991200.0,14795.0,17248.0,20240201,205742396800,0.5602465535886352,0.9730941704035875,13.0,0.1658089636826643
20231109,2023,069620,대웅제약,의약품제조업,109200,18.0,1965600.0,107054.0,112560.0,20240112,1265253990000,0.5302764172425802,0.9727272727272728,14.0,0.05143792846528661
20231109,2023,039840,디오,의료용기기제조업,24700,80.0,1976000.0,24418.0,22365.0,20240112,392279348500,0.5462194586735476,0.968609865470852,15.0,-0.08407431056020986
20231109,2023,005010,휴스틸,1차철강제조업,4620,432.0,1995840.0,4555.0,4890.0,20240112,259588906500,0.5422481387328242,0.9681818181818181,16.0,0.07340704104011642
20231109,2023,033160,엠케이전자,전자부품제조업,11720,170.0,1992400.0,11717.0,12059.0,20240112,258617399320,0.5573719451623202,0.9641255605381166,17.0,0.029213293311844968
20231109,2023,006040,동원산업,기타금융업,32550,61.0,1985550.0,28720.0,28678.0,20240112,1513010745750,0.5386681316042958,0.9636363636363636,18.0,-0.0014601876444604311
20231109,2023,254490,미래반도체,기타전문도매업,19990,100.0,1999000.0,20514.0,21765.0,20240112,288615620000,0.5452156008253308,0.9596412556053812,19.0,0.06096522330506815
20231109,2023,010120,LS ELECTRIC,"전동기,발전기및전기변환ㆍ공급ㆍ제어장치제조업",66900,29.0,1940100.0,13136.0,13760.0,20240112,2007000000000,0.5253510012394846,0.9590909090909091,20.0,0.047485713400894136
20231109,2023,014620,성광벤드,1차철강제조업,12100,165.0,1996500.0,12111.0,11840.0,20240112,346060000000,0.5488860404250324,0.9551569506726457,21.0,-0.02237209954303465
20231109,2023,014680,한솔케미칼,기초화학물질제조업,167300,11.0,1840300.0,168874.0,212086.0,20240112,1896378123500,0.5426218746250787,0.9545454545454546,22.0,0.2558887325896193
20231109,2023,043150,바텍,의료용기기제조업,30850,64.0,1974400.0,30475.0,31071.0,20240112,458253797600,0.5445966986922242,0.9506726457399103,23.0,0.01955248518283237
20231109,2023,089590,제주항공,항공여객운송업,10740,186.0,1997640.0,10428.0,12946.0,20240112,826912456140,0.5507557555074598,0.95,24.0,0.24153508207895835
20231109,2023,053030,바이넥스,의약품제조업,7990,250.0,1997500.0,7900.0,10102.0,20240201,253770773520,0.5376434161272803,0.9461883408071748,25.0,0.278708440182581
20231109,2023,020150,롯데에너지머티리얼즈,전자부품제조업,41500,48.0,1992000.0,40221.0,37559.0,20240112,1913599652500,0.5445580217602731,0.9454545454545454,26.0,-0.06618326401764563
20231109,2023,033640,네패스,반도체제조업,17780,112.0,1991360.0,17775.0,20367.0,20240112,409992611560,0.5592748241455786,0.9417040358744395,27.0,0.14582987758328536
20231109,2023,010690,화신,자동차신품부품제조업,10610,188.0,1994680.0,10231.0,12191.0,20240112,370505550100,0.5589920546147488,0.9409090909090909,28.0,0.19156654722737243
20231109,2023,340570,티앤엘,의료용품및기타의약관련제품제조업,42650,46.0,1961900.0,43729.0,45589.0,20240112,346659200000,0.5216792167939215,0.9372197309417041,29.0,0.04254262366356154
20231109,2023,097950,CJ제일제당,도시락및식사용조리식품제조업,303500,6.0,1821000.0,304407.0,294878.0,20240112,4568945451000,0.5052111213814128,0.9363636363636364,30.0,-0.031305857526636394
20231109,2023,007390,네이처셀,기초의약물질제조업,7210,277.0,1997170.0,7168.0,7708.0,20240112,462573094760,0.5444408655823183,0.9327354260089686,31.0,0.07539347295502008
20231109,2023,130660,한전산업,"건축기술,엔지니어링및관련기술서비스업",7190,278.0,1998820.0,7050.0,7532.0,20240305,234394000000,0.5258879612778872,0.9318181818181818,32.0,0.06834891534874865
20231109,2023,278650,HLB바이오스텝,자연과학및공학연구개발업,2605,767.0,1998035.0,2546.0,3713.0,20240130,204753885700,0.5451436870563686,0.9282511210762332,33.0,0.45807336049952485
20231109,2023,004800,효성,기타금융업,62900,31.0,1949900.0,48369.0,47391.0,20240112,1325367472500,0.5348490593770608,0.9272727272727272,34.0,-0.02021664272412871
20231109,2023,118990,모트렉스,자동차신품부품제조업,15400,129.0,1986600.0,14998.0,16763.0,20240112,377230700000,0.5675592648332233,0.9237668161434978,35.0,0.1176693583446573
20231109,2023,037270,YG PLUS,"자료처리,호스팅,포털및기타인터넷정보매개서비스업",4660,429.0,1999140.0,4814.0,4264.0,20240112,295581050600,0.5471717239986698,0.9227272727272727,36.0,-0.11426965686943602
20231109,2023,243840,신흥에스이씨,일차전지및이차전지제조업,39600,50.0,1980000.0,7628.0,8688.0,20240124,308238757200,0.5392754714283885,0.9192825112107623,37.0,0.13883570497133957
20231109,2023,058430,포스코스틸리온,1차철강제조업,53500,37.0,1979500.0,51850.0,52253.0,20240112,321000000000,0.5391589946335897,0.9181818181818182,38.0,0.007777739065837563
20231109,2023,083930,아바코,특수목적용기계제조업,14820,134.0,1985880.0,14555.0,13894.0,20240112,228417666360,0.5579220745295472,0.9147982062780269,39.0,-0.04543252665525155
20231109,2023,192400,쿠쿠홀딩스,기타금융업,17270,115.0,1986050.0,17216.0,21372.0,20240521,614158934950,0.5338839377746697,0.9136363636363637,40.0,0.24140194659475323
20231109,2023,063080,컴투스홀딩스,소프트웨어개발및공급업,34100,58.0,1977800.0,37089.0,37888.0,20240112,224896047200,0.5479734083584302,0.9103139013452914,41.0,0.02152523070973511
20231109,2023,012510,더존비즈온,"컴퓨터프로그래밍,시스템통합및관리업",28550,70.0,1998500.0,28655.0,33270.0,20240112,867428483200,0.525009566488563,0.9090909090909091,42.0,0.16106340052591261
20231109,2023,064260,다날,소프트웨어개발및공급업,4145,482.0,1997890.0,3995.0,4574.0,20240112,285793770800,0.5474540109872661,0.905829596412556,43.0,0.14494341375067687
20231109,2023,003090,대웅,의약품제조업,15940,125.0,1992500.0,15745.0,19931.0,20240112,926783161200,0.5254101373405256,0.9045454545454545,44.0,0.2658137011372357
20231109,2023,090360,로보스타,특수목적용기계제조업,26400,75.0,1980000.0,25583.0,33756.0,20240112,257400000000,0.5566487823920783,0.9013452914798207,45.0,0.31946002712852506
20231109,2023,002150,도화엔지니어링,"건축기술,엔지니어링및관련기술서비스업",7920,252.0,1995840.0,7836.0,7943.0,20240726,267062400000,0.5248472796621619,0.9,46.0,0.013631956979867521
20231109,2023,278280,천보,기초화학물질제조업,103000,19.0,1957000.0,99882.0,99072.0,20240112,1030000000000,0.5456144128052708,0.8968609865470852,47.0,-0.008112366381878178
20231109,2023,089980,상아프론테크,플라스틱제품제조업,18860,106.0,1999160.0,18383.0,21453.0,20240112,301553237820,0.5470373936240582,0.8878923766816144,51.0,0.16705332730029987
20231109,2023,007810,코리아써키트,전자부품제조업,14540,137.0,1991980.0,14522.0,18734.0,20240112,343445719540,0.5390914668286864,0.8863636363636364,52.0,0.2900097441906533
20231109,2023,004430,송원산업,기타화학제품제조업,17960,111.0,1993560.0,17629.0,16189.0,20240112,431040000000,0.5290331403087294,0.8681818181818182,60.0,-0.08171080917257156
20240102,2024,000020,동화약품,의약품제조업,10490,190.0,1993100.0,10553.0,8127.0,20240802,293001120300,0.5221534613582051,1.0,1.0,-0.22991790669564338
20240102,2024,121600,나노신소재,기타화학제품제조업,118900,16.0,1902400.0,113172.0,125562.0,20240306,1445809494200,0.5266763568119976,1.0,2.0,0.10947949242216226
20240102,2024,348150,고바이오랩,자연과학및공학연구개발업,11060,180.0,1990800.0,12409.0,,,208726620480,0.5121407832443599,0.996268656716418,3.0,0.009913747229497227
20240102,2024,005500,삼진제약,의약품제조업,21650,92.0,1991800.0,21638.0,,,300935000000,0.5198698209852541,0.9957983193277311,4.0,-0.059912956377098814
20240102,2024,091580,상신이디피,일차전지및축전지제조업,15750,126.0,1984500.0,15426.0,17997.0,20240307,214644449250,0.5348835156861766,0.9925373134328358,5.0,0.1667211342004964
20240102,2024,030000,제일기획,광고업,19000,105.0,1995000.0,18995.0,18079.0,20240306,2185783275000,0.5181685286256992,0.9915966386554622,6.0,-0.04821218513247105
20240102,2024,011040,경동제약,의약품제조업,6670,299.0,1994330.0,6644.0,,,205227669220,0.5204957293265617,0.9888059701492538,7.0,0.03373933006247665
20240102,2024,010120,LS ELECTRIC,"전동기,발전기및전기변환ㆍ공급ㆍ제어장치제조업",73300,27.0,1979100.0,14700.0,15819.0,20240306,2199000000000,0.5352609046038563,0.9873949579831933,8.0,0.07612579095873384
20240102,2024,114190,강원에너지,"구조용금속제품,탱크및증기발생기제조업",17700,112.0,1982400.0,17063.0,20016.0,20240306,462377772600,0.5291969616780392,0.9850746268656716,9.0,0.17305458617079994
20240102,2024,267270,HD건설기계,일반목적용기계제조업,50500,39.0,1969500.0,48800.0,52794.0,20240306,994890046500,0.5236774195204656,0.9831932773109243,10.0,0.08184040834575779
20240102,2024,079940,가비아,소프트웨어개발및공급업,16900,118.0,1994200.0,16847.0,19435.0,20240315,228753059600,0.5302539882682797,0.9813432835820896,11.0,0.1536141038579213
20240102,2024,003490,대한항공,항공여객운송업,23900,83.0,1983700.0,23013.0,22258.0,20240306,8800473797900,0.5015497913822402,0.9789915966386554,12.0,-0.032816107875722755
20240102,2024,073490,LIG아큐버,통신및방송장비제조업,26850,74.0,1986900.0,26976.0,28973.0,20240321,204163265100,0.5293092407097555,0.9776119402985075,13.0,0.07402412329383834
20240102,2024,120110,코오롱인더,화학섬유제조업,44000,45.0,1980000.0,43507.0,36943.0,20240306,1210840004000,0.5219584067175633,0.9747899159663865,14.0,-0.150881762529956
20240102,2024,243070,휴온스,의약품제조업,38100,52.0,1981200.0,39366.0,35871.0,20240306,456425236500,0.5173504324850191,0.9738805970149254,15.0,-0.08878523703519758
20240102,2024,004360,세방,도로화물운송업,11980,166.0,1988680.0,11917.0,12617.0,20240306,231318106200,0.5124727605951597,0.9705882352941176,16.0,0.05873709131567195
20240102,2024,172670,에이엘티,반도체제조업,25050,79.0,1978950.0,24162.0,,,224454487950,0.5190409477933673,0.9701492537313433,17.0,-0.08997371741991134
20240102,2024,023160,태광,1차철강제조업,14700,136.0,1999200.0,14521.0,11966.0,20240306,389550000000,0.5255176465353186,0.9664179104477612,18.0,-0.17594840176250615
20240102,2024,004250,NPC,플라스틱제품제조업,5620,355.0,1995100.0,5662.0,,,206366400000,0.5245694512785983,0.9663865546218487,19.0,-0.02678934877584982
20240102,2024,151860,KG에코솔루션,기타화학제품제조업,11380,175.0,1991500.0,11137.0,10395.0,20240306,409680000000,0.5206549268376397,0.9626865671641791,20.0,-0.0666211794456234
20240102,2024,000660,SK하이닉스,반도체제조업,142400,14.0,1993600.0,136772.0,162871.0,20240306,103667536776000,0.5173285970587899,0.9621848739495799,21.0,0.19081789501066848
20240102,2024,357550,석경에이티,기초화학물질제조업,55800,35.0,1953000.0,55200.0,63481.0,20240328,304389000000,0.5180796839970767,0.9589552238805971,22.0,0.15002296143043092
20240102,2024,002380,KCC,기타화학제품제조업,228500,8.0,1828000.0,227850.0,286335.0,20240306,2030558623500,0.5191081827372199,0.957983193277311,23.0,0.25668163321811344
20240102,2024,014620,성광벤드,1차철강제조업,12320,162.0,1995840.0,12309.0,10719.0,20240306,352352000000,0.524202932078353,0.9552238805970149,24.0,-0.1291547084299567
20240102,2024,285130,SK케미칼,합성고무및플라스틱물질제조업,67200,29.0,1948800.0,71511.0,69406.0,20240306,1159454217600,0.5249829162779853,0.9537815126050421,25.0,-0.029444517471622134
20240102,2024,033500,동성화인텍,기초화학물질제조업,12090,165.0,1994850.0,11864.0,11593.0,20240306,362572982460,0.5178615407615933,0.9514925373134329,26.0,-0.022852879108697044
20240102,2024,020150,롯데에너지머티리얼즈,전자부품제조업,41500,48.0,1992000.0,40961.0,36067.0,20240306,1913599652500,0.5284479491404528,0.9495798319327731,27.0,-0.11948691753801255
20240102,2024,237690,에스티팜,의약품제조업,67900,29.0,1969100.0,69507.0,69003.0,20240306,1277115822500,0.5151906796582415,0.9477611940298507,28.0,-0.007239815365434499
20240102,2024,066570,LG전자,통신및방송장비제조업,101400,19.0,1926600.0,99495.0,94692.0,20240306,16593888339600,0.5246690821660446,0.9453781512605042,29.0,-0.04827618069858952
20240102,2024,041020,폴라리스오피스,소프트웨어개발및공급업,4430,451.0,1997930.0,4300.0,7971.0,20240306,220283956140,0.5242752971945588,0.9440298507462687,30.0,0.8538356268691032
20240102,2024,002790,아모레퍼시픽홀딩스,기타화학제품제조업,28750,69.0,1983750.0,27840.0,26296.0,20240306,2370672675000,0.5174496727108013,0.9411764705882353,31.0,-0.05544029646166493
20240102,2024,354320,알멕,1차비철금속제조업,46750,42.0,1963500.0,47425.0,42303.0,20240306,298797061750,0.5165302157135099,0.9402985074626866,32.0,-0.1080112796638768
20240102,2024,042670,HD현대인프라코어,특수목적용기계제조업,8040,248.0,1993920.0,7591.0,7970.0,20240306,1604811762120,0.5206920856171469,0.9369747899159664,33.0,0.05004023372779587
20240102,2024,053610,프로텍,특수목적용기계제조업,46000,43.0,1978000.0,44512.0,52623.0,20240306,506000000000,0.5216756426548992,0.9365671641791045,34.0,0.1822208395756233
20240102,2024,064550,바이오니아,의료용품및기타의약관련제품제조업,34050,58.0,1974900.0,35139.0,33488.0,20240306,878840408550,0.5114788502180155,0.9328358208955224,35.0,-0.046970462941105295
20240102,2024,453340,현대그린푸드,종합소매업,11360,176.0,1999360.0,11223.0,11715.0,20240306,384887183040,0.5267783392830596,0.9327731092436975,36.0,0.04387655540345636
20240102,2024,225570,넥슨게임즈,소프트웨어개발및공급업,14970,133.0,1991010.0,14725.0,13196.0,20240306,984947706900,0.5182947700427366,0.9291044776119403,37.0,-0.10384028093886
20240102,2024,064960,SNT모티브,자동차신품부품제조업,42600,46.0,1959600.0,23007.0,25710.0,20240306,622945593600,0.5261164612050171,0.9285714285714286,38.0,0.11748479806826162
20240102,2024,083930,아바코,특수목적용기계제조업,15310,130.0,1990300.0,14786.0,15549.0,20240417,235969937380,0.5197609226876223,0.9253731343283582,39.0,0.05156452541476142
20240102,2024,028670,팬오션,해상운송업,3735,535.0,1998225.0,3692.0,4660.0,20240306,1996617127320,0.5153415961279196,0.9243697478991597,40.0,0.26228062320650114
20240102,2024,253450,스튜디오드래곤,"영화,비디오물,방송프로그램제작및배급업",52300,38.0,1987400.0,52425.0,42921.0,20240306,1572059445400,0.5241040838112301,0.9216417910447762,41.0,-0.1812952361334098
20240102,2024,069260,TKG휴켐스,기타화학제품제조업,20950,95.0,1990250.0,20619.0,19800.0,20240306,856406418600,0.5160310742713964,0.9201680672268907,42.0,-0.039751749907990686
20240102,2024,293780,압타바이오,자연과학및공학연구개발업,9080,220.0,1997600.0,9169.0,9069.0,20240912,202473703280,0.4934173904277199,0.917910447761194,43.0,-0.010870492755767902
20240102,2024,003000,부광약품,의약품제조업,6320,316.0,1997120.0,5912.0,6141.0,20240306,449118469680,0.5104212924908184,0.9159663865546218,44.0,0.038587721873540426
20240102,2024,059090,미코,반도체제조업,9490,210.0,1992900.0,9305.0,11686.0,20240306,317125223220,0.5111036767429366,0.9029850746268657,51.0,0.2559289833827103
20240102,2024,278650,HLB바이오스텝,자연과학및공학연구개발업,3135,637.0,1996995.0,3177.0,3372.0,20240306,246412065900,0.49172592048320946,0.8955223880597015,54.0,0.06136983488379588
20240102,2024,039840,디오,의료용기기제조업,23800,84.0,1999200.0,23916.0,21512.0,20240306,377985769000,0.520352387678324,0.8880597014925373,58.0,-0.10049860785277565
20240102,2024,005010,휴스틸,1차철강제조업,4925,406.0,1999550.0,4830.0,5014.0,20240306,276726269375,0.5158621191111479,0.8781512605042017,63.0,0.03806256699860344
20240102,2024,340570,티앤엘,의료용품및기타의약관련제품제조업,38100,52.0,1981200.0,38436.0,47601.0,20240306,309676800000,0.5066965452580379,0.8544776119402985,75.0,0.23842741668295409
20240102,2024,002900,TYM,특수목적용기계제조업,5790,345.0,1997550.0,5848.0,5640.0,20240325,260845035240,0.5158390573060303,0.8529411764705882,76.0,-0.035628389862598864
20240305,2024,253450,스튜디오드래곤,"영화,비디오물,방송프로그램제작및배급업",44750,44.0,1969000.0,42921.0,43069.0,20240508,1345117785500,0.5220088212366158,1.0,1.0,0.0034556513011037016
20240305,2024,322000,HD현대에너지솔루션,반도체제조업,22800,87.0,1983600.0,22315.0,24418.0,20240521,255360000000,0.5164920145114276,1.0,2.0,0.09422103868129383
20240305,2024,035900,JYP Ent.,오디오물출판및원판녹음업,70800,28.0,1982400.0,69301.0,69589.0,20240508,2515700433600,0.526698050961584,0.9960474308300395,3.0,0.004159411513504185
20240305,2024,003490,대한항공,항공여객운송업,22450,89.0,1998050.0,22258.0,21811.0,20240508,8266553839450,0.5137132555649199,0.9959349593495935,4.0,-0.020054643603038214
20240305,2024,036890,진성티이씨,특수목적용기계제조업,9350,213.0,1991550.0,9368.0,9787.0,20240527,210209205800,0.5094496705570265,0.9920948616600791,5.0,0.04475019713707962
20240305,2024,112610,씨에스윈드,"구조용금속제품,탱크및증기발생기제조업",51000,39.0,1989000.0,51321.0,52532.0,20240508,2150741553000,0.5299501943987253,0.991869918699187,6.0,0.023579584521527863
20240305,2024,119610,인터로조,의료용기기제조업,28850,69.0,1990650.0,21709.0,16530.0,20250611,381295390300,0.5179425312831163,0.9881422924901185,7.0,-0.2385824292751889
20240305,2024,004980,성신양회,"시멘트,석회,플라스터및그제품제조업",8440,236.0,1991840.0,8507.0,8818.0,20240723,206915656120,0.5355860016193867,0.9878048780487805,8.0,0.03654089306737385
20240305,2024,023160,태광,1차철강제조업,12300,162.0,1992600.0,11966.0,13078.0,20240508,325950000000,0.5265895432529913,0.9841897233201581,9.0,0.09293403083135487
20240305,2024,006400,삼성SDI,일차전지및축전지제조업,366500,5.0,1832500.0,356840.0,427908.0,20240508,25202200245000,0.5304649251588404,0.983739837398374,10.0,0.19915857283856808
20240305,2024,007390,네이처셀,기초의약물질및생물학적제제제조업,6990,286.0,1999140.0,6967.0,9698.0,20240508,448458520440,0.5210491460187636,0.9802371541501976,11.0,0.3920005437991241
20240305,2024,007070,GS리테일,종합소매업,21850,91.0,1988350.0,18848.0,17489.0,20240508,2288086595700,0.535582676711322,0.9796747967479674,12.0,-0.07212978419702898
20240305,2024,095700,제넥신,자연과학및공학연구개발업,7900,253.0,1998700.0,7918.0,7436.0,20240508,327933692600,0.4911247479953735,0.9762845849802372,13.0,-0.060909604772134585
20240305,2024,348950,제이알글로벌리츠,부동산임대및공급업,4145,482.0,1997890.0,4181.0,4147.0,20240508,818123520000,0.524690415040115,0.975609756097561,14.0,-0.008343320093358031
20240305,2024,095660,네오위즈,소프트웨어개발및공급업,21650,92.0,1991800.0,21653.0,22153.0,20240508,477030016350,0.5201178702275993,0.9723320158102767,15.0,0.023089103189942284
20240305,2024,017670,SK텔레콤,전기통신업,52100,38.0,1979800.0,52170.0,51282.0,20240508,11190561761300,0.5404109130336749,0.9715447154471545,16.0,-0.017030059634794426
20240305,2024,319400,현대무벡스,일반목적용기계제조업,3160,632.0,1997120.0,3184.0,2930.0,20240729,371954319080,0.5175348938863191,0.9683794466403162,17.0,-0.079763749594292
20240305,2024,069620,대웅제약,의약품제조업,114900,17.0,1953300.0,114530.0,112686.0,20240508,1331297467500,0.5154399973476387,0.967479674796748,18.0,-0.016105162915667548
20240305,2024,215600,신라젠,자연과학및공학연구개발업,4605,434.0,1998570.0,4285.0,4358.0,20240508,473703110625,0.4906862457654026,0.9644268774703557,19.0,0.017018403852869568
20240305,2024,018880,한온시스템,일반목적용기계제조업,6080,328.0,1994240.0,5651.0,5261.0,20240508,3245504000000,0.5194763929089998,0.9634146341463414,20.0,-0.0689589510011337
20240305,2024,206640,바디텍메드,의료용품및기타의약관련제품제조업,15340,130.0,1994200.0,15449.0,15716.0,20240508,360283830400,0.5040487078314297,0.9604743083003953,21.0,0.01725002823158861
20240305,2024,030000,제일기획,광고업,18090,110.0,1989900.0,18079.0,19390.0,20240508,2081095760250,0.5273204080633855,0.959349593495935,22.0,0.07251975571074754
20240305,2024,319660,피에스케이,특수목적용기계제조업,26550,75.0,1991250.0,26243.0,29896.0,20240508,769066256700,0.5037512318933035,0.9565217391304348,23.0,0.1392096519877497
20240305,2024,130660,한전산업,"건축기술,엔지니어링및관련기술서비스업",7530,265.0,1995450.0,7602.0,11303.0,20240529,245478000000,0.5190394193891533,0.9552845528455285,24.0,0.48690381270781935
20240305,2024,293490,카카오게임즈,소프트웨어개발및공급업,23350,85.0,1984750.0,23148.0,22251.0,20240508,1927116269100,0.5192485321550638,0.9525691699604744,25.0,-0.038720955830271575
20240305,2024,011200,HMM,해상운송업,17680,113.0,1997840.0,17201.0,16265.0,20240508,12182218289280,0.5198146096519001,0.9512195121951219,26.0,-0.05443493012145961
20240305,2024,151860,KG에코솔루션,기타화학제품제조업,10450,191.0,1995950.0,10395.0,8992.0,20240508,376200000000,0.5221805211351711,0.9486166007905138,27.0,-0.13495740013730884
20240305,2024,000640,동아쏘시오홀딩스,기타금융업,111200,17.0,1890400.0,108901.0,113984.0,20240927,705999125600,0.5204701908360255,0.9471544715447154,28.0,0.046672426552810675
20240305,2024,214450,파마리서치,의료용품및기타의약관련제품제조업,91800,21.0,1927800.0,92374.0,135782.0,20240508,947414831400,0.5027557362469115,0.9446640316205533,29.0,0.46991774353247906
20240305,2024,006280,녹십자,의약품제조업,117100,17.0,1990700.0,121447.0,115825.0,20240508,1368493599800,0.5136090157051123,0.943089430894309,30.0,-0.04628968990189075
20240305,2024,039840,디오,의료용기기제조업,20400,98.0,1999200.0,21512.0,21216.0,20240508,323987802000,0.5133879643661694,0.9407114624505929,31.0,-0.013791034237271238
20240305,2024,018260,삼성에스디에스,"컴퓨터프로그래밍,시스템통합및관리업",158000,12.0,1896000.0,155816.0,159131.0,20240508,12225692400000,0.5125979388625018,0.9390243902439024,32.0,0.02127712753745037
20240305,2024,056080,유진로봇,특수목적용기계제조업,9560,209.0,1998040.0,9512.0,8554.0,20240508,358616173120,0.5028637024017177,0.9367588932806324,33.0,-0.10066575420490498
20240305,2024,204320,HL만도,자동차신품부품제조업,33200,60.0,1992000.0,33173.0,39830.0,20240508,1558976384000,0.5285400861401248,0.9349593495934959,34.0,0.20066887927259436
20240305,2024,264850,이랜시스,전자부품제조업,7150,279.0,1994850.0,7096.0,6826.0,20240527,213430445800,0.5214691754751752,0.932806324110672,35.0,-0.038092804493778054
20240305,2024,001800,오리온홀딩스,기타금융업,14770,135.0,1993950.0,14875.0,15357.0,20240712,925272882940,0.5190421274270101,0.9308943089430894,36.0,0.032384864512558176
20240305,2024,046890,서울반도체,반도체제조업,9920,201.0,1993920.0,9864.0,9864.0,20240508,578389568000,0.4995215230785788,0.9288537549407114,37.0,-2.1796757181835602e-05
20240305,2024,004800,효성,기타금융업,59400,33.0,1960200.0,45299.0,46223.0,20240508,1251618885000,0.5183891571073609,0.926829268292683,38.0,0.020392652341489903
20240305,2024,086390,유니테스트,특수목적용기계제조업,13900,143.0,1987700.0,14039.0,14321.0,20240508,293764351400,0.5016028252776821,0.924901185770751,39.0,0.020070903798268036
20240305,2024,001120,LX인터내셔널,상품중개업,26800,74.0,1983200.0,26692.0,29191.0,20240508,1038768000000,0.5277044469396763,0.9227642276422764,40.0,0.09362997346800883
20240305,2024,215000,골프존,소프트웨어개발및공급업,77700,25.0,1942500.0,80691.0,78390.0,20240508,487599745500,0.5162222583670733,0.9209486166007905,41.0,-0.028518598965261766
20240305,2024,011210,현대위아,자동차신품부품제조업,58100,34.0,1975400.0,57839.0,58037.0,20240508,1580034322300,0.5274720037490552,0.9186991869918699,42.0,0.003434389310122965
20240305,2024,299030,하나기술,특수목적용기계제조업,60200,33.0,1986600.0,61394.0,60190.0,20240508,491268541400,0.5010866181965692,0.9169960474308301,43.0,-0.01961162193020871
20240305,2024,225570,넥슨게임즈,소프트웨어개발및공급업,13500,148.0,1998000.0,13196.0,14073.0,20240508,888310395000,0.5158899399686356,0.9130434782608695,45.0,0.06644998458385509
20240305,2024,002790,아모레퍼시픽홀딩스,기타화학제품제조업,25900,77.0,1994300.0,26296.0,32341.0,20240508,2135666862000,0.5203752860774081,0.8780487804878049,62.0,0.22987118156131592
20240305,2024,014620,성광벤드,1차철강제조업,10950,182.0,1992900.0,10719.0,12260.0,20240508,313170000000,0.5203472078678545,0.857707509881423,73.0,0.14376901314045032
20240305,2024,004360,세방,도로화물운송업,12640,158.0,1997120.0,12617.0,14464.0,20250620,244061841600,0.514722817984449,0.8536585365853658,75.0,0.14632236581141878
20240305,2024,066570,LG전자,통신및방송장비제조업,93400,21.0,1961400.0,94692.0,93904.0,20240508,15284705827600,0.5221321341448868,0.8495934959349594,77.0,-0.008320175137268127
20240305,2024,042670,HD현대인프라코어,특수목적용기계제조업,7960,251.0,1997960.0,7970.0,8409.0,20240508,1588843485880,0.499823756505602,0.8414634146341463,81.0,0.055051359327395355
20240305,2024,069260,TKG휴켐스,기타화학제품제조업,19960,100.0,1996000.0,19800.0,19686.0,20240508,815936616480,0.5177510242068316,0.8292682926829268,87.0,-0.005725654557619642
20240507,2024,017860,DS단석,기타화학제품제조업,128100,15.0,1921500.0,40971.0,36916.0,20240709,750845852400,0.5228929221228553,1.0,1.0,-0.09896627777991485
20240507,2024,096530,씨젠,의료용품및기타의약관련제품제조업,22150,90.0,1993500.0,22329.0,20674.0,20240709,1156805767100,0.5057334437117755,1.0,2.0,-0.07414075185853697
20240507,2024,007070,GS리테일,종합소매업,20050,99.0,1984950.0,17489.0,17445.0,20240709,2099594336100,0.5335859853674187,0.9963503649635036,3.0,-0.002517248215811785
20240507,2024,253450,스튜디오드래곤,"영화,비디오물,방송프로그램제작및배급업",43050,46.0,1980300.0,43069.0,41411.0,20240709,1294018338900,0.5176758793042677,0.9962264150943396,4.0,-0.03849903777295738
20240507,2024,001680,대상,도시락및식사용조리식품제조업,21800,91.0,1983800.0,21976.0,26223.0,20240709,755326945000,0.5440927433387371,0.9927007299270073,5.0,0.19323376176119567
20240507,2024,146320,비씨엔씨,반도체제조업,19760,101.0,1995760.0,19979.0,18662.0,20240709,252788158480,0.511826353885353,0.9924528301886792,6.0,-0.06590456494822006
20240507,2024,011210,현대위아,자동차신품부품제조업,57900,34.0,1968600.0,58037.0,56349.0,20240709,1574595305700,0.5322997392293516,0.9890510948905109,7.0,-0.029096628872563368
20240507,2024,036540,SFA반도체,반도체제조업,5850,341.0,1994850.0,5857.0,5368.0,20240709,962092772550,0.5112617979998542,0.9886792452830189,8.0,-0.08351326120056102
20240507,2024,017960,한국카본,"구조용금속제품,탱크및증기발생기제조업",11340,176.0,1995840.0,11580.0,10699.0,20240709,588641845680,0.5091061610010978,0.9854014598540146,9.0,-0.07613612895410626
20240507,2024,054450,텔레칩스,반도체제조업,25950,77.0,1998150.0,25863.0,21458.0,20240709,392992846350,0.5106930935422385,0.9849056603773585,10.0,-0.1702959702734932
20240507,2024,326030,SK바이오팜,자연과학및공학연구개발업,88800,22.0,1953600.0,89472.0,80670.0,20240709,6954216600000,0.5059115774547349,0.9817518248175182,11.0,-0.09837902791142583
20240507,2024,417200,LS머트리얼즈,전자부품제조업,25950,77.0,1998150.0,25586.0,10772.0,20250710,1755586501050,0.5264360867700713,0.9811320754716981,12.0,-0.5789802687942905
20240507,2024,030000,제일기획,광고업,19260,103.0,1983780.0,19390.0,17874.0,20241016,2215693993500,0.5253837557953498,0.9781021897810219,13.0,-0.0781785423003244
20240507,2024,278650,HLB바이오스텝,자연과학및공학연구개발업,3550,563.0,1998650.0,3537.0,2821.0,20240712,306452734700,0.5056433317737821,0.9773584905660377,14.0,-0.20259109868912517
20240507,2024,034730,SK,기타금융업,164900,12.0,1978800.0,164789.0,157512.0,20240709,12070404452100,0.5274016559110042,0.9744525547445255,15.0,-0.044158717491433186
20240507,2024,092070,디엔에프,기타화학제품제조업,22450,89.0,1998050.0,22250.0,18251.0,20240709,259788212100,0.5117467185250835,0.9735849056603774,16.0,-0.17975172865832267
20240507,2024,010140,삼성중공업,선박및보트건조업,9600,208.0,1996800.0,9667.0,9695.0,20240709,8448000000000,0.5027565543370887,0.9708029197080292,17.0,0.002951412588536373
20240507,2024,108860,셀바스AI,소프트웨어개발및공급업,17180,116.0,1992880.0,17317.0,13808.0,20240709,462396092200,0.524704047061296,0.969811320754717,18.0,-0.20259943182244722
20240507,2024,120110,코오롱인더,화학섬유제조업,40500,49.0,1984500.0,40445.0,37242.0,20240709,1114523185500,0.5248189264966636,0.9671532846715328,19.0,-0.07919317308289031
20240507,2024,206640,바디텍메드,의료용품및기타의약관련제품제조업,15400,129.0,1986600.0,15716.0,18306.0,20240709,361693024000,0.4916452728992879,0.9660377358490566,20.0,0.16481849794378833
20240507,2024,003490,대한항공,항공여객운송업,21500,93.0,1999500.0,21811.0,22559.0,20240709,7916744211500,0.5277508783401157,0.9635036496350365,21.0,0.03429370268280807
20240507,2024,083310,엘오티베큠,특수목적용기계제조업,20550,97.0,1993350.0,20555.0,15129.0,20240709,365996178150,0.5150100226492564,0.9622641509433962,22.0,-0.26394968803626484
20240507,2024,302440,SK바이오사이언스,기초의약물질제조업,59600,33.0,1966800.0,59876.0,53989.0,20240709,4578933900000,0.5329254611199628,0.9598540145985401,23.0,-0.0983136585252522
20240507,2024,046890,서울반도체,반도체제조업,9880,202.0,1995760.0,9864.0,9271.0,20240709,576057352000,0.5075228917426091,0.9584905660377359,24.0,-0.060085763897083866
20240507,2024,348950,제이알글로벌리츠,부동산임대및공급업,4060,492.0,1997520.0,4147.0,3808.0,20240709,801346560000,0.5285147255225818,0.9562043795620438,25.0,-0.08176855849649267
20240507,2024,048870,시너지이노베이션,의료용기기제조업,2800,714.0,1999200.0,2817.0,3012.0,20240913,231583363200,0.5203456773115591,0.9547169811320755,26.0,0.06928933951589644
20240507,2024,009900,명신산업,자동차신품부품제조업,15010,133.0,1996330.0,15151.0,14565.0,20240709,787576696330,0.5295738863933169,0.9525547445255474,27.0,-0.038700787552288674
20240507,2024,282880,코윈테크,특수목적용기계제조업,23350,85.0,1984750.0,22299.0,,,260161193450,0.511705651360451,0.9509433962264151,28.0,-0.17592470341287447
20240507,2024,001450,현대해상,보험업,31100,64.0,1990400.0,31166.0,,,2780340000000,0.5286545310987953,0.948905109489051,29.0,0.08687808062852143
20240507,2024,039840,디오,의료용기기제조업,20750,96.0,1992000.0,21216.0,16017.0,20240822,329546416250,0.5190048900865256,0.9471698113207547,30.0,-0.24504737480969696
20240507,2024,001530,DI동일,상품중개업,25950,77.0,1998150.0,23710.0,35928.0,20241016,654346688400,0.5218986460944757,0.9452554744525548,31.0,0.5153012592419739
20240507,2024,099430,바이오플러스,기초의약물질제조업,6510,307.0,1998570.0,6446.0,6265.0,20240709,377129924640,0.5301354640337986,0.9433962264150944,32.0,-0.02808934957769571
20240507,2024,108670,LX하우시스,플라스틱제품제조업,42600,46.0,1959600.0,43063.0,47267.0,20240718,382022742000,0.5117151534270272,0.9416058394160584,33.0,0.09761991193949937
20240507,2024,082920,비츠로셀,일차전지및이차전지제조업,17920,111.0,1989120.0,9265.0,9992.0,20240709,405092352000,0.5236867728087975,0.939622641509434,34.0,0.07855996243746333
20240507,2024,207940,삼성바이오로직스,기초의약물질제조업,785000,2.0,1570000.0,1164542.0,1171753.0,20240709,55871590000000,0.5312894764502631,0.9379562043795621,35.0,0.006191915405511006
20240507,2024,190510,나무가,전자부품제조업,14750,135.0,1991250.0,14779.0,14100.0,20240715,239899664000,0.5202590864373964,0.9358490566037736,36.0,-0.0459870726112499
20240507,2024,003410,쌍용양회,"시멘트,석회,플라스터및그제품제조업",7000,285.0,1995000.0,7000.0,,,3490878776000,0.5271936536320914,0.9343065693430657,37.0,-1.3714097635175726e-05
20240507,2024,033160,엠케이전자,전자부품제조업,11860,168.0,1992480.0,11975.0,9266.0,20240730,261706685660,0.5201138593796009,0.9320754716981132,38.0,-0.2261894150139615
20240507,2024,000390,삼화페인트,기타화학제품제조업,7700,259.0,1994300.0,7554.0,10939.0,20260318,209466711300,0.5072621783653146,0.9306569343065694,39.0,0.44800771581272336
20240507,2024,036930,주성엔지니어링,특수목적용기계제조업,34950,57.0,1992150.0,34899.0,35859.0,20240709,1686309959400,0.5105752929580536,0.9283018867924528,40.0,0.027497563807525882
20240507,2024,293490,카카오게임즈,소프트웨어개발및공급업,22050,90.0,1984500.0,22251.0,19462.0,20240709,1821997166850,0.5205692812241385,0.9207547169811321,44.0,-0.12534224257027615
20240507,2024,095660,네오위즈,소프트웨어개발및공급업,22300,89.0,1984700.0,22153.0,20304.0,20240709,491351933700,0.5198648351299158,0.9132075471698113,48.0,-0.08346991693415517
20240507,2024,069260,TKG휴켐스,기타화학제품제조업,19550,102.0,1994100.0,19686.0,19272.0,20240715,799176395400,0.5048877556720225,0.9087591240875912,51.0,-0.021065355750281345
20240507,2024,151860,KG에코솔루션,기타화학제품제조업,9000,222.0,1998000.0,8992.0,7002.0,20240729,446427018000,0.5036338615866909,0.9056603773584906,52.0,-0.22130362567806316
20240507,2024,225570,넥슨게임즈,소프트웨어개발및공급업,13350,149.0,1989150.0,14073.0,20789.0,20240709,878480329500,0.5194326001850667,0.9018867924528302,54.0,0.4772221292001242
20240507,2024,035900,JYP Ent.,오디오물출판및원판녹음업,70000,28.0,1960000.0,69589.0,50681.0,20241016,2487274440000,0.527853646357969,0.8830188679245283,65.0,-0.27170845463973103
20240507,2024,018260,삼성에스디에스,"컴퓨터프로그래밍,시스템통합및관리업",160100,12.0,1921200.0,159131.0,157918.0,20240709,12388185780000,0.5148101512518068,0.8759124087591241,68.0,-0.007620431860270616
20240507,2024,056080,유진로봇,특수목적용기계제조업,8390,238.0,1996820.0,8554.0,,,314726955280,0.5049830279137238,0.8716981132075472,71.0,-0.12516098905309636
20240507,2024,036890,진성티이씨,특수목적용기계제조업,9880,202.0,1995760.0,9916.0,9785.0,20241127,222124807840,0.5034963565948677,0.8490566037735849,83.0,-0.013262708015310487
20240507,2024,001800,오리온홀딩스,기타금융업,14820,134.0,1985880.0,14709.0,15467.0,20240820,928405154040,0.5186740021980767,0.843065693430657,86.0,0.05153637431341096
20240708,2024,222080,씨아이에스,특수목적용기계제조업,10320,193.0,1991760.0,10233.0,7851.0,20241206,740246654640,0.5311249750354832,1.0,1.0,-0.23271349708535216
20240708,2024,326030,SK바이오팜,자연과학및공학연구개발업,79900,25.0,1997500.0,80670.0,104054.0,20240906,6257228675000,0.5070799357209597,1.0,2.0,0.2898671973684368
20240708,2024,023530,롯데쇼핑,종합소매업,62400,32.0,1996800.0,62607.0,62707.0,20240906,1765218312000,0.5326965602109399,0.9956896551724138,3.0,0.0015934607975467419
20240708,2024,092070,디엔에프,기타화학제품제조업,18170,110.0,1998700.0,18251.0,,,210260659860,0.5316463836998399,0.9955357142857143,4.0,-0.038097345047757525
20240708,2024,137310,에스디바이오센서,의료용기기제조업,9490,210.0,1992900.0,9355.0,9434.0,20240906,1181290079970,0.5230231200200768,0.9913793103448276,5.0,0.008395384996193522
20240708,2024,096530,씨젠,의료용품및기타의약관련제품제조업,21200,94.0,1992800.0,20674.0,24972.0,20240906,1107191072800,0.5126534104608833,0.9910714285714286,6.0,0.207902984257607
20240708,2024,005950,이수화학,기초화학물질제조업,10010,199.0,1991990.0,10025.0,9971.0,20251106,227454617390,0.5315143885903919,0.9870689655172413,7.0,-0.00538756511769245
20240708,2024,095700,제넥신,자연과학및공학연구개발업,6630,301.0,1995630.0,6815.0,6084.0,20240906,275215238220,0.5014979894451865,0.9866071428571429,8.0,-0.10721664037461998
20240708,2024,302440,SK바이오사이언스,기초의약물질제조업,53600,37.0,1983200.0,53989.0,51784.0,20240906,4117967400000,0.5213579341937724,0.9827586206896551,9.0,-0.040837772210543966
20240708,2024,354320,알멕,1차비철금속제조업,36150,55.0,1988250.0,35974.0,48288.0,20260309,231048423150,0.5193832603336854,0.9821428571428571,10.0,0.3423099971131107
20240708,2024,089590,제주항공,항공여객운송업,10000,200.0,2000000.0,10047.0,8955.0,20240906,806409850000,0.5150987510023447,0.978448275862069,11.0,-0.10868290190535346
20240708,2024,108860,셀바스AI,소프트웨어개발및공급업,14170,141.0,1997970.0,13808.0,13870.0,20250422,381382574300,0.5196998605332288,0.9776785714285714,12.0,0.004434520945270748
20240708,2024,348950,제이알글로벌리츠,부동산임대및공급업,3860,518.0,1999480.0,3808.0,3620.0,20240906,761871360000,0.5371261624447854,0.9741379310344828,13.0,-0.04934832687109969
20240708,2024,319400,현대무벡스,일반목적용기계제조업,3015,663.0,1998945.0,3015.0,2955.0,20240930,354886794945,0.5216404112897564,0.9732142857142857,14.0,-0.019775355936507144
20240708,2024,017960,한국카본,"구조용금속제품,탱크및증기발생기제조업",10660,187.0,1993420.0,10699.0,10720.0,20240906,553344098320,0.5193741444976714,0.9698275862068966,15.0,0.001984500302735892
20240708,2024,083310,엘오티베큠,특수목적용기계제조업,15110,132.0,1994520.0,15129.0,12401.0,20250909,269109598630,0.5236519427484339,0.96875,16.0,-0.18031651539987625
20240708,2024,005610,SPC삼립,도시락및식사용조리식품제조업,56200,35.0,1967000.0,56126.0,63556.0,20250415,484950305800,0.51957495732234,0.9655172413793104,17.0,0.13237116520278258
20240708,2024,053800,안랩,소프트웨어개발및공급업,57600,34.0,1958400.0,57616.0,52511.0,20240906,576798048000,0.5179693712657334,0.9642857142857143,18.0,-0.0886046146208136
20240708,2024,285130,SK케미칼,합성고무및플라스틱물질제조업,48250,41.0,1978250.0,48443.0,47240.0,20240906,832495029750,0.5340817720472055,0.9612068965517241,19.0,-0.024830269534569682
20240708,2024,036540,SFA반도체,반도체제조업,5340,374.0,1997160.0,5368.0,3444.0,20240906,878218018020,0.5137593926959223,0.9598214285714286,20.0,-0.3585111864425472
20240708,2024,006060,화승인더,플라스틱제품제조업,4020,497.0,1997940.0,4019.0,5023.0,20250226,222386400000,0.5216467623291525,0.9568965517241379,21.0,0.2496847299427627
20240708,2024,194700,노바렉스,도시락및식사용조리식품제조업,10830,184.0,1992720.0,10941.0,18587.0,20250616,203115003840,0.5173270698703867,0.9553571428571429,22.0,0.6988216910739675
20240708,2024,001390,KG케미칼,기초화학물질제조업,5020,398.0,1997960.0,4969.0,4561.0,20250609,343714580800,0.525476340854568,0.9525862068965517,23.0,-0.08208793170053419
20240708,2024,090360,로보스타,특수목적용기계제조업,28600,69.0,1973400.0,28688.0,22376.0,20241107,278850000000,0.5228799746145312,0.9508928571428571,24.0,-0.22002462236337905
20240708,2024,145720,덴티움,의료용기기제조업,110700,18.0,1992600.0,105621.0,74352.0,20250422,1225319481000,0.5143775953043599,0.9482758620689655,25.0,-0.29605560050780455
20240708,2024,253450,스튜디오드래곤,"영화,비디오물,방송프로그램제작및배급업",41000,48.0,1968000.0,41411.0,34918.0,20240906,1232398418000,0.5158423648092514,0.9464285714285714,26.0,-0.15680124417334973
20240708,2024,064960,SNT모티브,자동차신품부품제조업,46400,43.0,1995200.0,24938.0,24882.0,20240906,678513510400,0.5334780026680696,0.9439655172413793,27.0,-0.002251423167927258
20240708,2024,356860,티엘비,전자부품제조업,23350,85.0,1984750.0,23380.0,55800.0,20251216,229591910500,0.5243638112800666,0.9419642857142857,28.0,1.3867245129927541
20240708,2024,005420,코스모화학,기타화학제품제조업,28000,71.0,1988000.0,27563.0,18668.0,20240906,1075430384000,0.5210800849853499,0.9396551724137931,29.0,-0.322702770222396
20240708,2024,160980,싸이맥스,특수목적용기계제조업,18500,108.0,1998000.0,18887.0,24903.0,20260325,202098495500,0.5224476667611438,0.9375,30.0,0.3185613518479169
20240708,2024,011210,현대위아,자동차신품부품제조업,56600,35.0,1981000.0,56349.0,49256.0,20240906,1539241697800,0.5333963243438598,0.9353448275862069,31.0,-0.12586291735398314
20240708,2024,085660,차바이오텍,기초의약물질제조업,15900,125.0,1987500.0,14855.0,14879.0,20240906,895399643700,0.5136046636149889,0.9330357142857143,32.0,0.0016156661373469827
20240708,2024,007340,DN오토모티브,일차전지및이차전지제조업,79300,25.0,1982500.0,15931.0,18120.0,20240906,792524596500,0.5286583536347742,0.9310344827586207,33.0,0.1373724056817649
20240708,2024,006620,동구바이오제약,의약품제조업,7240,276.0,1998240.0,7203.0,,,206086542080,0.5257743615321598,0.9285714285714286,34.0,-0.01950850129388093
20240708,2024,001740,SK네트웍스,기타전문도매업,4640,431.0,1999840.0,4731.0,4922.0,20240906,1026729465280,0.5177556430789021,0.9267241379310345,35.0,0.04021624450836181
20240708,2024,098460,고영,특수목적용기계제조업,13050,153.0,1996650.0,13005.0,9753.0,20240906,895944552750,0.5218159765019177,0.9241071428571429,36.0,-0.2500425309000013
20240708,2024,004380,삼익THK,일반목적용기계제조업,12000,166.0,1992000.0,15907.0,17621.0,20250214,252000000000,0.5193470109449557,0.9224137931034483,37.0,0.1077515272892533
20240708,2024,015750,성우하이텍,자동차신품부품제조업,8410,237.0,1993170.0,8383.0,6306.0,20240906,672800000000,0.5333768692048657,0.9196428571428571,38.0,-0.24782080821211983
20240708,2024,361610,SK아이이테크놀로지,일차전지및이차전지제조업,44300,45.0,1993500.0,44171.0,31730.0,20240906,3158483325600,0.528389144204808,0.9181034482758621,39.0,-0.28166673663715625
20240708,2024,383310,에코프로에이치엔,기타화학제품제조업,62100,32.0,1987200.0,57004.0,36120.0,20240906,950436277200,0.5205868950695152,0.9151785714285714,40.0,-0.3663638209949609
20240708,2024,207940,삼성바이오로직스,기초의약물질제조업,792000,2.0,1584000.0,1171753.0,1420465.0,20240906,56369808000000,0.5109055682812278,0.9094827586206896,43.0,0.21225635091485584
20240708,2024,095660,네오위즈,소프트웨어개발및공급업,20250,98.0,1984500.0,20304.0,21313.0,20240906,446182809750,0.5151790922521338,0.8928571428571429,50.0,0.049691595930560606
20240708,2024,190510,나무가,전자부품제조업,13440,148.0,1989120.0,13448.0,13381.0,20240930,218593320960,0.5213610067811689,0.8883928571428571,52.0,-0.00497161598399376
20240708,2024,069260,TKG휴켐스,기타화학제품제조업,19280,103.0,1985840.0,19362.0,18632.0,20240923,788139176640,0.5180458524575304,0.8879310344827587,53.0,-0.03770629250172075
20240708,2024,293490,카카오게임즈,소프트웨어개발및공급업,19260,103.0,1983780.0,19462.0,16899.0,20240906,1591969813920,0.5132165130803521,0.8616071428571429,65.0,-0.13167757811920144
20240708,2024,146320,비씨엔씨,반도체제조업,18520,107.0,1981640.0,18662.0,,,236924933960,0.5074991069673839,0.8571428571428571,67.0,-0.14724819129605593
20240708,2024,108670,LX하우시스,플라스틱제품제조업,42250,47.0,1985750.0,42024.0,39319.0,20240906,378884057500,0.5146579761088101,0.853448275862069,68.0,-0.06435170696238168
20240708,2024,001800,오리온홀딩스,기타금융업,14780,135.0,1995300.0,14947.0,15928.0,20241010,925899337160,0.5178672084634022,0.8232758620689655,82.0,0.06563081369395074
20240708,2024,054450,텔레칩스,반도체제조업,21900,91.0,1992900.0,21458.0,14353.0,20240926,331658702700,0.5057100035129134,0.8169642857142857,85.0,-0.33111706380061456
20240708,2024,046890,서울반도체,반도체제조업,9250,216.0,1998000.0,9271.0,9180.0,20240906,539324950000,0.5056903062304388,0.8125,87.0,-0.00982567806741852
20240905,2024,001060,JW중외제약,의약품제조업,27800,71.0,1973800.0,26990.0,24481.0,20241113,647348854000,0.531620952116354,1.0,1.0,-0.09292762390967313
20240905,2024,102710,이엔에프테크놀로지,기타화학제품제조업,24000,83.0,1992000.0,23202.0,14732.0,20241113,342908064000,0.5388464910671411,1.0,2.0,-0.3650463316826894
20240905,2024,108670,LX하우시스,플라스틱제품제조업,39600,50.0,1980000.0,39319.0,31841.0,20250115,355119732000,0.5299302116679347,0.995475113122172,3.0,-0.19020356786271375
20240905,2024,089010,켐트로닉스,기타화학제품제조업,20850,95.0,1980750.0,20308.0,16359.0,20241113,319721114100,0.537684389559733,0.9948979591836735,4.0,-0.19447197717859044
20240905,2024,058430,포스코스틸리온,1차철강제조업,38400,52.0,1996800.0,37258.0,39067.0,20250328,230400000000,0.5400995379720968,0.9909502262443439,5.0,0.04853238546629757
20240905,2024,357780,솔브레인,기타화학제품제조업,216500,9.0,1948500.0,215451.0,187755.0,20241113,1684059539000,0.5374935178389249,0.9897959183673469,6.0,-0.12854891967499626
20240905,2024,005420,코스모화학,기타화학제품제조업,19800,101.0,1999800.0,18668.0,17366.0,20241113,760482914400,0.5353633998941358,0.9864253393665159,7.0,-0.06974483752287486
20240905,2024,460930,현대힘스,선박및보트건조업,11180,178.0,1990040.0,10795.0,14468.0,20241113,394361877780,0.5395144200587034,0.9846938775510204,8.0,0.34022660999542453
20240905,2024,280360,롯데웰푸드,동물용사료및조제식품제조업,133000,15.0,1995000.0,129668.0,108354.0,20241113,1254798342000,0.5199960052578418,0.9819004524886877,9.0,-0.1643754797812712
20240905,2024,036540,SFA반도체,반도체제조업,3560,561.0,1997160.0,3444.0,3155.0,20241113,585478678680,0.53656784415324,0.9795918367346939,10.0,-0.08384492236895336
20240905,2024,007810,코리아써키트,전자부품제조업,10480,190.0,1991200.0,11205.0,9435.0,20241218,247545470480,0.5417923418168473,0.9773755656108597,11.0,-0.15802476929620846
20240905,2024,058610,에스피지,"전동기,발전기및전기변환ㆍ공급ㆍ제어장치제조업",23900,83.0,1983700.0,23306.0,20607.0,20241113,530038904000,0.521633865994753,0.9744897959183674,12.0,-0.11580095684055247
20240905,2024,007310,오뚜기,동물용사료및조제식품제조업,402500,4.0,1610000.0,394581.0,384014.0,20241113,1613151575000,0.5199110617560916,0.9728506787330317,13.0,-0.026780867402024566
20240905,2024,030520,한글과컴퓨터,소프트웨어개발및공급업,18690,107.0,1999830.0,17337.0,19498.0,20241113,451919415360,0.530563801483716,0.9693877551020408,14.0,0.12465092869288075
20240905,2024,200880,서연이화,자동차신품부품제조업,13060,153.0,1998180.0,12842.0,11941.0,20241113,352991387220,0.5354370898903269,0.9683257918552036,15.0,-0.07014419168890906
20240905,2024,372170,윤성에프앤씨,특수목적용기계제조업,48650,41.0,1994650.0,45521.0,45527.0,20241113,388180685200,0.5422730893207834,0.9642857142857143,16.0,0.00013317573593130128
20240905,2024,000520,삼일제약,의약품제조업,10030,199.0,1995970.0,9816.0,13537.0,20241113,216619905970,0.5225995401922594,0.9638009049773756,17.0,0.3790792111203072
20240905,2024,336260,두산퓨얼셀,"전동기,발전기및전기변환ㆍ공급ㆍ제어장치제조업",17650,113.0,1994450.0,17122.0,14541.0,20241113,1155964263900,0.5207672912127594,0.9592760180995475,18.0,-0.15073712263838124
20240905,2024,099190,아이센스,의료용기기제조업,15530,128.0,1987840.0,15100.0,19117.0,20241113,429206849690,0.5195673732142672,0.9591836734693877,19.0,0.26602266783202944
20240905,2024,195870,해성디에스,전자부품제조업,26950,74.0,1994300.0,26358.0,22102.0,20241113,458150000000,0.5396245217715403,0.9547511312217195,20.0,-0.16146550967065154
20240905,2024,131970,두산테스나,"그외기타전문,과학및기술서비스업",29050,68.0,1975400.0,28465.0,25317.0,20241113,494040742300,0.532714418577039,0.9540816326530612,21.0,-0.11061783997043595
20240905,2024,009900,명신산업,자동차신품부품제조업,11070,180.0,1992600.0,11233.0,13063.0,20241113,580844372310,0.5344882291297259,0.9502262443438914,22.0,0.16291242410971907
20240905,2024,393890,더블유씨피,일차전지및축전지제조업,18990,105.0,1993950.0,17704.0,13686.0,20241113,639896876820,0.5159260641825398,0.9489795918367347,23.0,-0.22693660935615
20240905,2024,010690,화신,자동차신품부품제조업,8390,238.0,1996820.0,8190.0,7358.0,20241113,292982239900,0.5343276339966807,0.9457013574660633,24.0,-0.10151569284856243
20240905,2024,950130,엑세스바이오,의료용품및기타의약관련제품제조업,6510,307.0,1998570.0,5489.0,4768.0,20241114,245608186320,0.5069629632301833,0.9438775510204082,25.0,-0.1313616719955747
20240905,2024,010060,OCI홀딩스,기타금융업,67800,29.0,1966200.0,67612.0,56612.0,20241113,1326438047400,0.520019762237238,0.9411764705882353,26.0,-0.16269551134687776
20240905,2024,101490,에스앤에스텍,전자부품제조업,24550,81.0,1988550.0,23258.0,20357.0,20241113,526633023850,0.5380985485398598,0.9387755102040817,27.0,-0.12476907017531336
20240905,2024,084690,대상홀딩스,기타금융업,8410,237.0,1993170.0,8135.0,7895.0,20241113,304547444580,0.5186959986118322,0.9366515837104072,28.0,-0.029513302072596392
20240905,2024,050890,쏠리드,통신및방송장비제조업,4230,472.0,1996560.0,4154.0,4789.0,20241113,258967537200,0.5417402876108094,0.9336734693877551,29.0,0.15285144028679443
20240905,2024,002320,한진,도로화물운송업,19310,103.0,1988930.0,19203.0,21652.0,20260226,288638696680,0.5172679349187405,0.9321266968325792,30.0,0.12754544198301776
20240905,2024,005290,동진쎄미켐,기초화학물질제조업,28200,70.0,1974000.0,27546.0,23095.0,20241113,1449888730800,0.53814988802202,0.9285714285714286,31.0,-0.16157552313562773
20240905,2024,069960,현대백화점,종합소매업,48600,41.0,1992600.0,47849.0,41905.0,20241113,1137358632600,0.5016544432812748,0.9276018099547512,32.0,-0.12423334084460114
20240905,2024,036200,유니셈,특수목적용기계제조업,6630,301.0,1995630.0,6561.0,6653.0,20250212,203303798490,0.5388950556392842,0.923469387755102,33.0,0.01396930829081855
20240905,2024,307950,현대오토에버,소프트웨어개발및공급업,155200,12.0,1862400.0,152890.0,128909.0,20241113,4256202006400,0.523693986938475,0.9230769230769231,34.0,-0.15684776838673364
20240905,2024,001120,LX인터내셔널,상품중개업,29800,67.0,1996600.0,29906.0,27304.0,20241113,1155048000000,0.5084245784296345,0.918552036199095,35.0,-0.0870055825495959
20240905,2024,041020,폴라리스오피스,소프트웨어개발및공급업,5220,383.0,1999260.0,4839.0,4784.0,20241113,259567099560,0.5249229759362128,0.9183673469387755,36.0,-0.01130789092663087
20240905,2024,348950,제이알글로벌리츠,부동산임대및공급업,3590,557.0,1999630.0,3620.0,2930.0,20241113,708579840000,0.5160650646855547,0.9140271493212669,37.0,-0.19043906601172744
20240905,2024,054950,제이브이엠,일반목적용기계제조업,20250,98.0,1984500.0,19855.0,18376.0,20241113,244820313000,0.5222849969392114,0.9132653061224489,38.0,-0.07449912918451729
20240905,2024,353200,대덕전자,전자부품제조업,18030,110.0,1983300.0,17529.0,16008.0,20241113,890987157750,0.5357129243874863,0.9095022624434389,39.0,-0.08674574796981749
20240905,2024,051370,인터플렉스,전자부품제조업,11220,178.0,1997160.0,11046.0,8854.0,20241113,261734235840,0.5356646385823,0.9081632653061225,40.0,-0.19844774974681234
20240905,2024,028670,팬오션,해상운송업,3540,564.0,1996560.0,3376.0,3447.0,20241113,1892376072480,0.5227382577999602,0.9049773755656109,41.0,0.021002230829461954
20240905,2024,058820,CMG제약,의약품제조업,2120,943.0,1999160.0,2082.0,2006.0,20250327,294451557280,0.5170161086755232,0.9030612244897959,42.0,-0.03644454610184433
20240905,2024,003000,부광약품,의약품제조업,4800,416.0,1996800.0,4280.0,4295.0,20241212,328582420800,0.5164838673266813,0.9004524886877828,43.0,0.0035328104817122785
20240905,2024,265520,AP시스템,특수목적용기계제조업,17230,116.0,1998680.0,16464.0,16077.0,20241113,263298883830,0.5375208205403255,0.8979591836734694,44.0,-0.02353074858185178
20240905,2024,023530,롯데쇼핑,종합소매업,63600,31.0,1971600.0,62707.0,60283.0,20241113,1799164818000,0.5003338578819037,0.8778280542986425,52.0,-0.03866117183156015
20240905,2024,361610,SK아이이테크놀로지,일차전지및축전지제조업,34500,57.0,1966500.0,31730.0,27336.0,20241113,2459766924000,0.5124389569735148,0.8733031674208145,54.0,-0.13847524727642813
20240905,2024,253450,스튜디오드래곤,"영화,비디오물,방송프로그램제작및배급업",35350,56.0,1979600.0,34918.0,42472.0,20241113,1062567904300,0.501446329548584,0.8724489795918368,55.0,0.2163350799578705
20240905,2024,095700,제넥신,자연과학및공학연구개발업,6270,318.0,1993860.0,6084.0,5983.0,20241118,260271424380,0.508674583615377,0.8673469387755102,57.0,-0.01669562529861468
20240905,2024,015750,성우하이텍,자동차신품부품제조업,6460,309.0,1996140.0,6306.0,5487.0,20241113,516800000000,0.5296913670174834,0.8418367346938775,67.0,-0.12975516363697548
20240905,2024,017960,한국카본,"구조용금속제품,탱크및증기발생기제조업",10840,184.0,1994560.0,10720.0,10694.0,20241113,562687619680,0.5128002909866991,0.7918552036199095,88.0,-0.002463723049137556
20241112,2024,336260,두산퓨얼셀,"전동기,발전기및전기변환ㆍ공급ㆍ제어장치제조업",15420,129.0,1989180.0,14541.0,16743.0,20250115,1009913254920,0.5279930497446718,1.0,1.0,0.15144083561094046
20241112,2024,340570,티앤엘,의료용품및기타의약관련제품제조업,63600,31.0,1971600.0,66778.0,73398.0,20250115,516940800000,0.5113162318379677,1.0,2.0,0.0991411912058131
20241112,2024,456040,OCI,기초화학물질제조업,58600,34.0,1992400.0,56980.0,62872.0,20250115,524616207000,0.5288639668385788,0.9952153110047847,3.0,0.10339187113903803
20241112,2024,058610,에스피지,"전동기,발전기및전기변환ㆍ공급ㆍ제어장치제조업",21050,95.0,1999750.0,20607.0,28403.0,20250115,466833428000,0.5290404664119511,0.9947089947089947,4.0,0.3783287442956622
20241112,2024,004490,세방전지,일차전지및축전지제조업,70100,28.0,1962800.0,67402.0,82231.0,20250115,981400000000,0.5268365451575665,0.9904306220095693,5.0,0.22000638440737563
20241112,2024,102710,이엔에프테크놀로지,기타화학제품제조업,14470,138.0,1996860.0,14732.0,19701.0,20250115,206744986920,0.5380780064306714,0.9894179894179894,6.0,0.3372768827825685
20241112,2024,006110,삼아알미늄,1차비철금속제조업,42800,46.0,1968800.0,41095.0,36701.0,20250115,629670004800,0.5190028891905456,0.9856459330143541,7.0,-0.10692283267959468
20241112,2024,299030,하나기술,특수목적용기계제조업,26200,76.0,1991200.0,25997.0,29743.0,20251106,209466642000,0.5415452624559451,0.9841269841269841,8.0,0.14411936620379695
20241112,2024,052690,한전기술,"건축기술,엔지니어링및관련기술서비스업",68100,29.0,1974900.0,67067.0,61892.0,20250115,2602782000000,0.5085150651900103,0.9808612440191388,9.0,-0.07715573062658221
20241112,2024,104830,원익머트리얼즈,기초화학물질제조업,18430,108.0,1990440.0,17947.0,17847.0,20250203,232365440000,0.5279583732418771,0.9788359788359788,10.0,-0.005568028897844246
20241112,2024,001820,삼화콘덴서,전자부품제조업,29200,68.0,1985600.0,28190.0,28743.0,20250115,303534000000,0.5335354557298302,0.9760765550239234,11.0,0.019607108285729646
20241112,2024,064550,바이오니아,의료용품및기타의약관련제품제조업,20650,96.0,1982400.0,20047.0,19141.0,20250115,532982509150,0.5077902342446107,0.9735449735449735,12.0,-0.04523534827736275
20241112,2024,014680,한솔케미칼,기초화학물질제조업,111500,17.0,1895500.0,110427.0,99431.0,20250115,1263874242500,0.5248555127106354,0.9712918660287081,13.0,-0.09957657104586537
20241112,2024,000250,삼천당제약,의약품제조업,129600,15.0,1944000.0,116642.0,156841.0,20250115,3040088371200,0.5220535257264629,0.9682539682539683,14.0,0.34463664576294417
20241112,2024,007810,코리아써키트,전자부품제조업,8590,232.0,1992880.0,8674.0,13920.0,20250218,202902251090,0.532981288015052,0.9665071770334929,15.0,0.6047766691373102
20241112,2024,013030,하이록코리아,1차철강제조업,24300,82.0,1992600.0,24059.0,27264.0,20250115,312402015000,0.5248314738591655,0.9629629629629629,16.0,0.13321075784803305
20241112,2024,185750,종근당,의약품제조업,100400,19.0,1907600.0,93907.0,92112.0,20250115,1322711768000,0.5184051009754622,0.9617224880382775,17.0,-0.01911925069956011
20241112,2024,183300,코미코,특수목적용기계제조업,43800,45.0,1971000.0,43631.0,40789.0,20250115,458177959200,0.5373746276050724,0.9576719576719577,18.0,-0.06513364235386476
20241112,2024,023530,롯데쇼핑,종합소매업,60800,32.0,1945600.0,60283.0,53890.0,20250115,1719956304000,0.5090745021197681,0.9569377990430622,19.0,-0.10604952009267221
20241112,2024,054950,제이브이엠,일반목적용기계제조업,18270,109.0,1991430.0,18376.0,19735.0,20250115,220882326840,0.5198461593660265,0.9523809523809523,20.0,0.07393277594927539
20241112,2024,005930,삼성전자,통신및방송장비제조업,53000,37.0,1961000.0,50585.0,53681.0,20250115,316398475150000,0.5302980387632029,0.9521531100478469,21.0,0.06119331003076045
20241112,2024,200880,서연이화,자동차신품부품제조업,12500,160.0,2000000.0,11941.0,13388.0,20250115,337855462500,0.5304078164846561,0.9473684210526315,22.0,0.1211308088270231
20241112,2024,043150,바텍,의료용기기제조업,20200,99.0,1999800.0,20019.0,,,300055971200,0.5223215831869803,0.9470899470899471,23.0,-0.039921219047142076
20241112,2024,069960,현대백화점,종합소매업,42350,47.0,1990450.0,41905.0,47556.0,20250115,991093376350,0.5084028246876173,0.9425837320574163,24.0,0.13486320310996414
20241112,2024,041020,폴라리스오피스,소프트웨어개발및공급업,4790,417.0,1997430.0,4784.0,5789.0,20250115,238185135420,0.5246707933615711,0.9417989417989417,25.0,0.21005938569523508
20241112,2024,017810,풀무원,동물용사료및조제식품제조업,9830,203.0,1995490.0,11420.0,13146.0,20250205,374724927860,0.5286390122558842,0.937799043062201,26.0,0.15115246968548113
20241112,2024,049070,인탑스,통신및방송장비제조업,18350,108.0,1981800.0,17871.0,19001.0,20250115,315620000000,0.5313555090478286,0.9365079365079365,27.0,0.06321201800500109
20241112,2024,001060,JW중외제약,의약품제조업,24700,80.0,1976000.0,24481.0,23233.0,20250115,575162471000,0.5150666142999692,0.9330143540669856,28.0,-0.050985365860592546
20241112,2024,215600,신라젠,자연과학및공학연구개발업,2540,787.0,1998980.0,2473.0,2659.0,20250115,348912497500,0.4957872328903186,0.9312169312169312,29.0,0.07502475413267051
20241112,2024,075580,세진중공업,선박및보트건조업,7300,273.0,1992900.0,7160.0,9349.0,20250115,415001028800,0.5114318733277563,0.9282296650717703,30.0,0.305762038936233
20241112,2024,101490,에스앤에스텍,전자부품제조업,20250,98.0,1984500.0,20357.0,29202.0,20250115,434391801750,0.5322539673580555,0.9259259259259259,31.0,0.4345137899846667
20241112,2024,293940,신한알파리츠,부동산임대및공급업,5480,364.0,1994720.0,5507.0,5776.0,20250115,482788674040,0.5142880886572359,0.9234449760765551,32.0,0.04893236183647365
20241112,2024,051370,인터플렉스,전자부품제조업,9160,218.0,1996880.0,8854.0,9055.0,20250311,213679643520,0.5316519564836142,0.9206349206349206,33.0,0.022676131389037568
20241112,2024,084690,대상홀딩스,기타금융업,8230,243.0,1999890.0,7895.0,10065.0,20250115,298029187740,0.5209901627261562,0.9186602870813397,34.0,0.27494388087003463
20241112,2024,095610,테스,특수목적용기계제조업,14890,134.0,1995260.0,14873.0,17385.0,20250115,294348885140,0.5335293465177025,0.9153439153439153,35.0,0.16895053331438303
20241112,2024,019170,신풍제약,의약품제조업,10970,182.0,1996540.0,10596.0,10894.0,20250115,581245340300,0.513971888109142,0.9138755980861244,36.0,0.02805959330609631
20241112,2024,086900,메디톡스,기초의약물질및생물학적제제제조업,129000,15.0,1935000.0,127706.0,117617.0,20250115,941506113000,0.5288448506884127,0.91005291005291,37.0,-0.07900478186054938
20241112,2024,005490,POSCO홀딩스,1차철강제조업,305000,6.0,1830000.0,289081.0,256984.0,20250115,25200434985000,0.518923882865063,0.9090909090909091,38.0,-0.11103042844690958
20241112,2024,265520,AP시스템,특수목적용기계제조업,16520,121.0,1998920.0,16077.0,17840.0,20250910,252449074920,0.5331303776039604,0.9047619047619048,39.0,0.10971430989135089
20241112,2024,453340,현대그린푸드,종합소매업,12990,153.0,1987470.0,12848.0,14507.0,20250115,440113072860,0.5076749890836025,0.9043062200956937,40.0,0.12916485484596874
20241112,2024,001120,LX인터내셔널,상품중개업,28300,70.0,1981000.0,27304.0,25304.0,20250115,1096908000000,0.5122901066600652,0.8947368421052632,43.0,-0.07323024772796594
20241112,2024,005290,동진쎄미켐,기초화학물질제조업,23850,83.0,1979550.0,23095.0,22446.0,20250115,1226235681900,0.5215821238756203,0.8835978835978836,48.0,-0.028101865786041125
20241112,2024,307950,현대오토에버,소프트웨어개발및공급업,137800,14.0,1929200.0,128909.0,140215.0,20250115,3779024719600,0.5173594884658463,0.8708133971291866,53.0,0.08770134931178486
20241112,2024,089010,켐트로닉스,기타화학제품제조업,17040,117.0,1993680.0,16359.0,18063.0,20250115,261297255840,0.5239402704185174,0.8571428571428571,58.0,0.10420910657189131
20241112,2024,357780,솔브레인,기타화학제품제조업,188800,10.0,1888000.0,187755.0,174467.0,20250115,1468593260800,0.523619679784735,0.8465608465608465,63.0,-0.07077649421179055
20241112,2024,348950,제이알글로벌리츠,부동산임대및공급업,2825,707.0,1997275.0,2930.0,2580.0,20250414,557587200000,0.5120833881832432,0.8373205741626795,66.0,-0.11954162874673602
20241112,2024,131970,두산테스나,"그외기타전문,과학및기술서비스업",25800,77.0,1986600.0,25317.0,29166.0,20250115,438769402800,0.526952260029312,0.8359788359788359,67.0,0.15204620584313044
20241112,2024,010690,화신,자동차신품부품제조업,7720,259.0,1999480.0,7358.0,7260.0,20250123,269585565200,0.5210700755807769,0.8133971291866029,76.0,-0.013328245003489725
20241112,2024,015750,성우하이텍,자동차신품부품제조업,5720,349.0,1996280.0,5487.0,5218.0,20250115,457600000000,0.521600283277257,0.798941798941799,82.0,-0.049027948420327094
20241112,2024,028670,팬오션,해상운송업,3470,576.0,1998720.0,3447.0,3523.0,20250115,1854956206640,0.5219534125104883,0.784688995215311,87.0,0.021943780107485322
20250102,2025,007340,DN오토모티브,일차전지및축전지제조업,18340,109.0,1999060.0,18340.0,21257.0,20250311,1083267964100,0.5586829098456605,1.0,1.0,0.15905574896961916
20250102,2025,200130,콜마비앤에이치,기초의약물질및생물학적제제제조업,11610,172.0,1996920.0,11887.0,13137.0,20250320,341514628380,0.6106328099865626,1.0,2.0,0.105159982635602
20250102,2025,010620,현대미포조선,선박및보트건조업,134500,14.0,1883000.0,128022.0,101996.0,20250311,5372219040500,0.5690321693104802,0.9953703703703703,3.0,-0.20329289749916502
20250102,2025,297890,HB솔루션,특수목적용기계제조업,2745,728.0,1998360.0,2865.0,2834.0,20250317,200771808930,0.5799745080404047,0.9948186528497409,4.0,-0.010730247683389038
20250102,2025,084010,대한제강,1차철강제조업,16610,120.0,1993200.0,10696.0,10707.0,20260116,388913134170,0.5723732634681066,0.9907407407407407,5.0,0.0009919162815104077
20250102,2025,104830,원익머트리얼즈,기초화학물질제조업,17440,114.0,1988160.0,17728.0,21493.0,20250324,219883520000,0.582453097514654,0.9896373056994818,6.0,0.21239795286312635
20250102,2025,170900,동아에스티,의약품제조업,59100,33.0,1950300.0,55946.0,43409.0,20250311,542117799000,0.549331608475282,0.9861111111111112,7.0,-0.22408485103894782
20250102,2025,323990,박셀바이오,자연과학및공학연구개발업,10650,187.0,1991550.0,10794.0,8953.0,20250313,244877580000,0.511951546131345,0.9844559585492227,8.0,-0.17055486855309931
20250102,2025,006060,화승인더,플라스틱제품제조업,4450,449.0,1998050.0,4474.0,4800.0,20250401,246174000000,0.5758950008026655,0.9814814814814815,9.0,0.07268932316983423
20250102,2025,256840,한국비엔씨,기초의약물질및생물학적제제제조업,4150,481.0,1996150.0,4450.0,4014.0,20250311,281836638450,0.5921038740655465,0.9792746113989638,10.0,-0.09785673969719588
20250102,2025,018260,삼성에스디에스,"컴퓨터프로그래밍,시스템통합및관리업",124500,16.0,1992000.0,127983.0,118452.0,20250311,9633536100000,0.5519245518781908,0.9768518518518519,11.0,-0.07446463396430547
20250102,2025,079940,가비아,소프트웨어개발및공급업,17200,116.0,1995200.0,17254.0,19074.0,20250331,232813764800,0.5361831184534118,0.9740932642487047,12.0,0.10548502584102226
20250102,2025,066570,LG전자,통신및방송장비제조업,84000,23.0,1932000.0,85074.0,81766.0,20250311,13746416376000,0.551357794788717,0.9722222222222222,13.0,-0.03888676085689324
20250102,2025,319400,현대무벡스,일반목적용기계제조업,3480,574.0,1997520.0,3475.0,3550.0,20250311,409738881840,0.5761260312223143,0.9689119170984456,14.0,0.021501091846474862
20250102,2025,161000,애경케미칼,기초화학물질제조업,6580,303.0,1993740.0,7177.0,7276.0,20250311,320108505220,0.5673594994087943,0.9675925925925926,15.0,0.013717699119396798
20250102,2025,089010,켐트로닉스,기타화학제품제조업,16170,123.0,1988910.0,16461.0,27064.0,20250311,247956374820,0.5614518630313807,0.9637305699481865,16.0,0.6441907746969451
20250102,2025,019170,신풍제약,의약품제조업,10650,187.0,1991550.0,10525.0,8197.0,20250311,564290143500,0.5435920735063484,0.9629629629629629,17.0,-0.22111692463455757
20250102,2025,319660,피에스케이,특수목적용기계제조업,16360,122.0,1995920.0,17409.0,17473.0,20250311,473895441040,0.5533140160754833,0.9585492227979274,18.0,0.003681761056181454
20250102,2025,001800,오리온홀딩스,기타금융업,15090,132.0,1991880.0,15050.0,15167.0,20250311,945319417980,0.5544059347690535,0.9583333333333334,19.0,0.007809141629443683
20250102,2025,016380,KG스틸,1차철강제조업,5530,361.0,1996330.0,5702.0,6771.0,20250311,553049200410,0.5635816754210985,0.9537037037037037,20.0,0.1876057865734717
20250102,2025,140860,파크시스템스,"측정,시험,항해,제어및기타정밀기기제조업;광학기기제외",227500,8.0,1820000.0,226875.0,189023.0,20250311,1589673767500,0.5773788769380575,0.9533678756476683,21.0,-0.16683765445380827
20250102,2025,023530,롯데쇼핑,종합소매업,52300,38.0,1987400.0,53187.0,67503.0,20250311,1479501886500,0.5509992136864571,0.9490740740740741,22.0,0.2691824051653531
20250102,2025,166090,하나머티리얼즈,반도체제조업,22800,87.0,1983600.0,24200.0,29453.0,20250311,450930967200,0.5678819342587615,0.9481865284974094,23.0,0.21705993980806815
20250102,2025,025540,한국단자,"전동기,발전기및전기변환ㆍ공급ㆍ제어장치제조업",67000,29.0,1943000.0,66595.0,67091.0,20250311,697805000000,0.563922304713868,0.9444444444444444,24.0,0.007458508437572897
20250102,2025,272290,이녹스첨단소재,전자부품제조업,19590,102.0,1998180.0,20649.0,25549.0,20250311,396259820220,0.5617728465272874,0.9430051813471503,25.0,0.23727466139461284
20250102,2025,012630,HDC,기타금융업,12090,165.0,1994850.0,12265.0,14492.0,20250311,722277406890,0.5510570031732076,0.9398148148148148,26.0,0.18162702435176192
20250102,2025,183300,코미코,특수목적용기계제조업,36500,54.0,1971000.0,38284.0,41239.0,20250311,381814966000,0.5505910033394525,0.9378238341968912,27.0,0.07718509376062666
20250102,2025,307950,현대오토에버,소프트웨어개발및공급업,135000,14.0,1890000.0,132216.0,129546.0,20250311,3702237570000,0.5257306575912419,0.9351851851851852,28.0,-0.020196389219469757
20250102,2025,086450,동국제약,의약품제조업,16300,122.0,1988600.0,16306.0,15319.0,20250311,724698000000,0.5380636073816443,0.9326424870466321,29.0,-0.060491410630397424
20250102,2025,002790,아모레퍼시픽홀딩스,기타화학제품제조업,20750,96.0,1992000.0,21239.0,21489.0,20250311,1711007235000,0.5551809878808287,0.9305555555555556,30.0,0.011731156591018088
20250102,2025,372170,윤성에프앤씨,특수목적용기계제조업,35800,55.0,1969000.0,37520.0,37109.0,20250311,285649918400,0.5496123712040195,0.927461139896373,31.0,-0.010944112228718827
20250102,2025,001680,대상,동물용사료및조제식품제조업,18890,105.0,1983450.0,19196.0,24806.0,20250311,654501192250,0.5659625364987797,0.9259259259259259,32.0,0.2922707379420968
20250102,2025,069080,웹젠,소프트웨어개발및공급업,13400,149.0,1996600.0,13862.0,13500.0,20250321,468341845600,0.5225487140218241,0.9222797927461139,33.0,-0.02610914119257235
20250102,2025,001120,LX인터내셔널,상품중개업,26900,74.0,1990600.0,27803.0,25998.0,20250311,1042644000000,0.5627736339875149,0.9212962962962963,34.0,-0.06493713953977831
20250102,2025,101160,월덱스,전자부품제조업,16410,121.0,1985610.0,17078.0,16671.0,20250311,270945395130,0.5596005320849506,0.917098445595855,35.0,-0.023825012120925138
20250102,2025,352820,하이브,오디오물출판및원판녹음업,196300,10.0,1963000.0,201017.0,237000.0,20250311,8176306641100,0.5476160576389197,0.9166666666666666,36.0,0.1790050186212493
20250102,2025,003850,보령,의약품제조업,10270,194.0,1992380.0,10375.0,9683.0,20250311,891304615890,0.535546706101438,0.9120370370370371,37.0,-0.06671195404532992
20250102,2025,096530,씨젠,의료용품및기타의약관련제품제조업,24200,82.0,1984400.0,23974.0,24378.0,20250311,1263869054800,0.5322506927579652,0.9119170984455959,38.0,0.016819323187020396
20250102,2025,005930,삼성전자,통신및방송장비제조업,53400,37.0,1975800.0,54376.0,53592.0,20250311,318786388170000,0.5382793219819602,0.9074074074074074,39.0,-0.014408446505356665
20250102,2025,047310,파워로직스,"전동기,발전기및전기변환ㆍ공급ㆍ제어장치제조업",6000,333.0,1998000.0,5998.0,5610.0,20260303,219664530000,0.5573035077498709,0.9067357512953368,40.0,-0.06481508711050243
20250102,2025,249420,일동제약,의약품제조업,11510,173.0,1991230.0,11734.0,22800.0,20250903,322999386510,0.5341039352157781,0.9027777777777778,41.0,0.9431573916261478
20250102,2025,185750,종근당,의약품제조업,89100,22.0,1960200.0,89601.0,77808.0,20250311,1173840822000,0.5329667384530592,0.8935185185185185,45.0,-0.1316247099299802
20250102,2025,015750,성우하이텍,자동차신품부품제조업,5020,398.0,1997960.0,5098.0,5177.0,20250311,401600000000,0.5571456758668595,0.8704663212435233,54.0,0.015454494313304368
20250102,2025,340570,티앤엘,의료용품및기타의약관련제품제조업,67400,29.0,1954600.0,67491.0,77588.0,20250311,547827200000,0.5265486745633763,0.8652849740932642,57.0,0.1496107676200087
20250102,2025,357780,솔브레인,기타화학제품제조업,163000,12.0,1956000.0,170447.0,199341.0,20250311,1267906258000,0.5446956933589888,0.8549222797927462,61.0,0.16951434291482426
20250102,2025,456040,OCI,기초화학물질제조업,58200,34.0,1978800.0,61579.0,58360.0,20250311,521035209000,0.5496031140516852,0.8518518518518519,62.0,-0.052282607057610564
20250102,2025,041020,폴라리스오피스,소프트웨어개발및공급업,6150,325.0,1998750.0,6188.0,5850.0,20250311,305811812700,0.5052991739559005,0.8393782383419689,67.0,-0.054718570629278096
20250102,2025,014680,한솔케미칼,기초화학물질제조업,94000,21.0,1974000.0,102625.0,123324.0,20250311,1065508330000,0.547704854684377,0.8379629629629629,68.0,0.20169029052371723
20250102,2025,453340,현대그린푸드,종합소매업,14030,142.0,1992260.0,13897.0,18232.0,20250605,475349223420,0.533680393436525,0.7962962962962963,85.0,0.31191716779364764
20250102,2025,001820,삼화콘덴서,전자부품제조업,26850,74.0,1986900.0,27543.0,27446.0,20250311,279105750000,0.53897178395733,0.7870370370370371,89.0,-0.003504826939918382
20250310,2025,012630,HDC,기타금융업,14390,138.0,1985820.0,14492.0,19364.0,20250513,859683365190,0.6066294605230017,1.0,1.0,0.33616377410675424
20250310,2025,114810,한솔아이원스,특수목적용기계제조업,6980,286.0,1996280.0,7171.0,7700.0,20250516,203209954520,0.5803558593449845,1.0,2.0,0.07379203190900041
20250310,2025,000430,대원강업,자동차신품부품제조업,3770,530.0,1998100.0,3723.0,,,233740000000,0.5892973976013783,0.9955156950672646,3.0,0.022497039192838963
20250310,2025,079940,가비아,소프트웨어개발및공급업,14970,133.0,1991010.0,14974.0,21001.0,20250521,202629189480,0.5542853741261838,0.995260663507109,4.0,0.4025065161677579
20250310,2025,307950,현대오토에버,소프트웨어개발및공급업,130300,15.0,1954500.0,129546.0,133978.0,20250513,3573344854600,0.5476640874223295,0.9910313901345291,5.0,0.03421219045440771
20250310,2025,236200,슈프리마,통신및방송장비제조업,28700,69.0,1980300.0,28239.0,36641.0,20250602,206446935100,0.5807716997175665,0.990521327014218,6.0,0.2975600692371614
20250310,2025,007340,DN오토모티브,일차전지및축전지제조업,21850,91.0,1988350.0,21257.0,21156.0,20250513,1278462400250,0.5948829727110647,0.9865470852017937,7.0,-0.00477587965951598
20250310,2025,046890,서울반도체,반도체제조업,6690,298.0,1993620.0,6549.0,6849.0,20250514,390063126000,0.5521717379988,0.985781990521327,8.0,0.04578422959637618
20250310,2025,352820,하이브,오디오물출판및원판녹음업,239000,8.0,1912000.0,237000.0,266941.0,20250513,9954851183000,0.5459601332840774,0.9820627802690582,9.0,0.12633560745011163
20250310,2025,297890,HB솔루션,특수목적용기계제조업,2735,731.0,1999285.0,2784.0,,,200040399790,0.5588683421869144,0.981042654028436,10.0,0.0021185303292388102
20250310,2025,069260,TKG휴켐스,기타화학제품제조업,16210,123.0,1993830.0,14383.0,17271.0,20250801,662641911480,0.5661955974574455,0.9775784753363229,11.0,0.2007983125398336
20250310,2025,101160,월덱스,전자부품제조업,16870,118.0,1990660.0,16671.0,18775.0,20250513,278540451910,0.5720839184186182,0.976303317535545,12.0,0.1261838047382331
20250310,2025,003850,보령,의약품제조업,9830,203.0,1995490.0,9683.0,8530.0,20250513,853118244810,0.5677374195899505,0.9730941704035875,13.0,-0.11901990042378163
20250310,2025,061970,LB세미콘,반도체제조업,3685,542.0,1997270.0,3664.0,3970.0,20250901,214035877110,0.5478432830178981,0.9715639810426541,14.0,0.08344094688681936
20250310,2025,002790,아모레퍼시픽홀딩스,기타화학제품제조업,21900,91.0,1992900.0,21489.0,22936.0,20250513,1740134142000,0.563223720614772,0.968609865470852,15.0,0.06736856345415254
20250310,2025,206640,바디텍메드,의료용품및기타의약관련제품제조업,15060,132.0,1987920.0,14808.0,16006.0,20250513,353707593600,0.5670538073545719,0.966824644549763,16.0,0.08090733645475567
20250310,2025,271560,오리온,동물용사료및조제식품제조업,107600,18.0,1936800.0,109240.0,122555.0,20250513,4254087803200,0.5691938152455237,0.9641255605381166,17.0,0.12188338171762925
20250310,2025,064260,다날,소프트웨어개발및공급업,2920,684.0,1997280.0,2977.0,8513.0,20250715,201331196800,0.5309947920714619,0.9620853080568721,18.0,1.859932143495183
20250310,2025,185750,종근당,의약품제조업,79000,25.0,1975000.0,77808.0,80522.0,20250513,1090419620000,0.5650770533599362,0.9596412556053812,19.0,0.03488608901092838
20250310,2025,091700,파트론,전자부품제조업,6970,286.0,1993420.0,6929.0,6601.0,20250519,397290000000,0.5691506029546671,0.957345971563981,20.0,-0.04733283973282065
20250310,2025,001340,PKC,기초화학물질제조업,6850,291.0,1993350.0,6711.0,6111.0,20250513,307691087950,0.5476827109874048,0.9551569506726457,21.0,-0.08939455324864676
20250310,2025,060720,KH바텍,전자부품제조업,9280,215.0,1995200.0,9215.0,11587.0,20251211,219726661760,0.5685448338058389,0.95260663507109,22.0,0.25749125301566034
20250310,2025,170900,동아에스티,의약품제조업,47050,42.0,1976100.0,43409.0,43783.0,20250807,431588473750,0.5628532518824279,0.9506726457399103,23.0,0.008604973708824293
20250310,2025,086450,동국제약,의약품제조업,15580,128.0,1994240.0,15319.0,15690.0,20250513,692686800000,0.5629194512228248,0.9478672985781991,24.0,0.024187882978975228
20250310,2025,025540,한국단자,"전동기,발전기및전기변환ㆍ공급ㆍ제어장치제조업",68100,29.0,1974900.0,67091.0,65781.0,20250513,709261500000,0.5633295084928394,0.9461883408071748,25.0,-0.019524921151223174
20250310,2025,036890,진성티이씨,특수목적용기계제조업,10500,190.0,1995000.0,10347.0,11107.0,20250604,236063814000,0.5524174006502176,0.943127962085308,26.0,0.07351956854092934
20250310,2025,093370,후성,기초화학물질제조업,4560,438.0,1997280.0,4443.0,4334.0,20250513,489084304800,0.5439217260688125,0.9417040358744395,27.0,-0.024655636852307206
20250310,2025,048870,시너지이노베이션,의료용기기제조업,2785,718.0,1999630.0,4017.0,2866.0,20250731,230383964395,0.5667914505037503,0.9383886255924171,28.0,-0.28667752303775995
20250310,2025,005930,삼성전자,통신및방송장비제조업,53700,37.0,1986900.0,53592.0,56892.0,20250513,317884556411400,0.564632722860912,0.9372197309417041,29.0,0.061563881071255544
20250310,2025,319400,현대무벡스,일반목적용기계제조업,3540,564.0,1996560.0,3550.0,4344.0,20250513,417174489540,0.5689033506836186,0.933649289099526,30.0,0.22375754072851928
20250310,2025,051900,LG생활건강,기타화학제품제조업,319000,6.0,1914000.0,323277.0,325322.0,20250513,4982204843000,0.5567544272253188,0.9327354260089686,31.0,0.006326156978398112
20250310,2025,200130,콜마비앤에이치,기초의약물질및생물학적제제제조업,12460,160.0,1993600.0,12467.0,14037.0,20250515,366517852680,0.587259969889125,0.9289099526066351,32.0,0.1260113622159278
20250310,2025,282330,BGF리테일,종합소매업,103600,19.0,1968400.0,104624.0,101443.0,20250513,1790612661600,0.5538510804840893,0.9282511210762332,33.0,-0.030402586795673647
20250310,2025,054950,제이브이엠,일반목적용기계제조업,20800,96.0,1996800.0,21098.0,23699.0,20250513,251469753600,0.5649468223079406,0.9241706161137441,34.0,0.12326402772186529
20250310,2025,161890,한국콜마,기타화학제품제조업,61900,32.0,1980800.0,61461.0,83467.0,20250513,1461154266300,0.5543915852168636,0.9237668161434978,35.0,0.35804434721968215
20250310,2025,093320,케이아이엔엑스,"자료처리,호스팅,포털및기타인터넷정보매개서비스업",72700,27.0,1962900.0,72649.0,79153.0,20250513,354776000000,0.555804172854776,0.919431279620853,36.0,0.08953179567921055
20250310,2025,000070,삼양홀딩스,기타금융업,60100,33.0,1983300.0,40180.0,54119.0,20250820,514712687100,0.5570018612935355,0.9192825112107623,37.0,0.34692669340934645
20250310,2025,002350,넥센타이어,고무제품제조업,5360,373.0,1999280.0,5300.0,7280.0,20251125,523499820720,0.5612166646185144,0.9147982062780269,38.0,0.3736244667019526
20250310,2025,256840,한국비엔씨,기초의약물질및생물학적제제제조업,4000,500.0,2000000.0,4014.0,4385.0,20250521,273579544000,0.5779188496770946,0.9146919431279621,39.0,0.09229727097650708
20250310,2025,323990,박셀바이오,자연과학및공학연구개발업,8850,225.0,1991250.0,9093.0,10064.0,20250610,203489820000,0.5212408618586474,0.9052132701421801,43.0,0.1067796839989621
20250310,2025,041020,폴라리스오피스,소프트웨어개발및공급업,5970,335.0,1999950.0,5850.0,5781.0,20250513,296861223060,0.5152331990988184,0.8909952606635071,49.0,-0.011732824629884786
20250310,2025,104830,원익머트리얼즈,기초화학물질제조업,19380,103.0,1996140.0,19563.0,20339.0,20250513,244343040000,0.5284402993605757,0.8862559241706162,51.0,0.03968384911954903
20250310,2025,069080,웹젠,소프트웨어개발및공급업,12710,157.0,1995470.0,12650.0,14526.0,20250513,444225735640,0.5137129813802782,0.8815165876777251,53.0,0.1483472270960824
20250310,2025,140860,파크시스템스,"측정,시험,항해,제어및기타정밀기기제조업;광학기기제외",188900,10.0,1889000.0,189023.0,235511.0,20250513,1319953295300,0.5410671494006107,0.8767772511848341,55.0,0.24593832453994557
20250310,2025,006060,화승인더,플라스틱제품제조업,5210,383.0,1995430.0,5184.0,4714.0,20250617,288217200000,0.5778309967635956,0.8699551569506726,58.0,-0.09061254755048409
20250310,2025,066570,LG전자,통신및방송장비제조업,78500,25.0,1962500.0,81766.0,72972.0,20250513,12846353399000,0.5535401211237156,0.8654708520179372,60.0,-0.10754392499827947
20250310,2025,016380,KG스틸,1차철강제조업,6880,290.0,1995200.0,6771.0,5599.0,20251027,688061211360,0.5468955126176589,0.8609865470852018,62.0,-0.17312171426292067
20250310,2025,161000,애경케미칼,기초화학물질제조업,7500,266.0,1995000.0,7276.0,10251.0,20250513,364865317500,0.531513167070457,0.8565022421524664,64.0,0.40899842021960575
20250310,2025,001800,오리온홀딩스,기타금융업,15280,130.0,1986400.0,15167.0,19514.0,20250513,957222048160,0.5509855287954123,0.8475336322869955,68.0,0.2865749789493899
20250310,2025,456040,OCI,기초화학물질제조업,60100,33.0,1983300.0,58360.0,59160.0,20250513,538044949500,0.523262055225088,0.820627802690583,79.0,0.01371227930119967
20250512,2025,001800,오리온홀딩스,기타금융업,19680,101.0,1987680.0,19514.0,19208.0,20251017,1232861904960,0.6149364100581338,1.0,1.0,-0.015690229806855305
20250512,2025,046890,서울반도체,반도체제조업,6730,297.0,1998810.0,6779.0,7059.0,20250807,392395342000,0.5570672758774633,1.0,2.0,0.04123457325152646
20250512,2025,307950,현대오토에버,소프트웨어개발및공급업,132700,15.0,1990500.0,133978.0,166079.0,20250714,3639162411400,0.5571765378448913,0.9961240310077519,3.0,0.2395984166171392
20250512,2025,319400,현대무벡스,일반목적용기계제조업,4380,456.0,1997280.0,4344.0,4959.0,20250714,516165046380,0.6012511355985867,0.9958677685950413,4.0,0.1416282946772649
20250512,2025,002900,TYM,특수목적용기계제조업,4620,432.0,1995840.0,5022.0,5802.0,20250822,208135416720,0.5741773314133691,0.9922480620155039,5.0,0.1553102866115288
20250512,2025,236200,슈프리마,통신및방송장비제조업,33350,59.0,1967650.0,34841.0,33945.0,20250714,239895654550,0.5834877611018373,0.9917355371900827,6.0,-0.02571608083822996
20250512,2025,161890,한국콜마,기타화학제품제조업,82100,24.0,1970400.0,83467.0,107940.0,20250714,1937976821700,0.5867054975405886,0.9883720930232558,7.0,0.29321455333028723
20250512,2025,091700,파트론,전자부품제조업,6770,295.0,1997150.0,6601.0,6950.0,20251229,385890000000,0.5708438411219361,0.987603305785124,8.0,0.052963447550518516
20250512,2025,075580,세진중공업,선박및보트건조업,8850,225.0,1991250.0,9187.0,20091.0,20251017,503117685600,0.563464289750319,0.9844961240310077,9.0,1.1870606042483307
20250512,2025,950170,JTC,종합소매업,5910,338.0,1997580.0,5800.0,7000.0,20250714,305820916680,0.5833396594157927,0.9834710743801653,10.0,0.20683766805084436
20250512,2025,192400,쿠쿠홀딩스,기타금융업,26500,75.0,1987500.0,26862.0,30900.0,20251212,942397902500,0.5885542505047286,0.9806201550387597,11.0,0.1503311394294986
20250512,2025,095700,제넥신,자연과학및공학연구개발업,4455,448.0,1995840.0,4526.0,,,202882900770,0.5468691663028526,0.9793388429752066,12.0,0.14278092656862573
20250512,2025,003850,보령,의약품제조업,8480,235.0,1992800.0,8530.0,8490.0,20251010,727475515360,0.5695406551231956,0.9767441860465116,13.0,-0.004761154733677775
20250512,2025,086450,동국제약,의약품제조업,15640,127.0,1986280.0,15690.0,18165.0,20250714,701981615400,0.555965025487301,0.9752066115702479,14.0,0.15775308374646357
20250512,2025,084010,대한제강,1차철강제조업,16430,121.0,1988030.0,10836.0,,,384698542710,0.5681417963076985,0.9728682170542635,15.0,0.14088658176692603
20250512,2025,256840,한국비엔씨,기초의약물질및생물학적제제제조업,4270,468.0,1998360.0,4310.0,5082.0,20250714,292046163220,0.5748050192133067,0.9710743801652892,16.0,0.17905934958151715
20250512,2025,271560,오리온,동물용사료및조제식품제조업,123400,16.0,1974400.0,122555.0,121053.0,20250714,4878758688800,0.5826260856438303,0.9689922480620154,17.0,-0.01224974798850631
20250512,2025,036890,진성티이씨,특수목적용기계제조업,9430,212.0,1999160.0,9617.0,10698.0,20250714,212007787240,0.5525466627679368,0.9669421487603306,18.0,0.11236451804630643
20250512,2025,025540,한국단자,"전동기,발전기및전기변환ㆍ공급ㆍ제어장치제조업",64300,31.0,1993300.0,65781.0,66776.0,20250714,669684500000,0.5682284229686883,0.9651162790697675,19.0,0.015114401884665618
20250512,2025,092730,네오팜,기타화학제품제조업,14160,141.0,1996560.0,14021.0,18790.0,20250725,226956324240,0.5594765072929722,0.9628099173553719,20.0,0.3401964877687762
20250512,2025,185750,종근당,의약품제조업,79300,25.0,1982500.0,80522.0,,,1094560454000,0.5609831514119548,0.9612403100775194,21.0,0.06547557882111454
20250512,2025,099190,아이센스,의료용기기제조업,16930,118.0,1997740.0,16915.0,18132.0,20250731,469219571890,0.5365763100874166,0.9586776859504132,22.0,0.07190260670311965
20250512,2025,241560,두산밥캣,특수목적용기계제조업,48050,41.0,1970050.0,48402.0,57092.0,20250714,4605883923250,0.5549250738416249,0.9573643410852714,23.0,0.17952443499450643
20250512,2025,372320,큐로셀,자연과학및공학연구개발업,26000,76.0,1976000.0,26785.0,33133.0,20250716,372413106000,0.5373308987437119,0.9545454545454546,24.0,0.2369715867529667
20250512,2025,456040,OCI,기초화학물질제조업,58300,34.0,1982200.0,59160.0,57468.0,20250714,521930458500,0.5601784447888749,0.9534883720930233,25.0,-0.028604822226039883
20250512,2025,036540,SFA반도체,반도체제조업,3105,644.0,1999620.0,3110.0,3266.0,20250820,510649240815,0.5351275908854372,0.9504132231404959,26.0,0.050062558747286934
20250512,2025,016360,삼성증권,금융지원서비스업,54600,36.0,1965600.0,55499.0,,,4875780000000,0.5202756933196813,0.9496124031007752,27.0,0.41548332951664113
20250512,2025,101160,월덱스,전자부품제조업,18720,106.0,1984320.0,18775.0,25015.0,20250714,309085788960,0.5504973617732893,0.9462809917355371,28.0,0.3323626677378164
20250512,2025,352820,하이브,오디오물출판및원판녹음업,265500,7.0,1858500.0,266941.0,272460.0,20250714,11058631753500,0.5482968058256689,0.9457364341085271,29.0,0.020675094321098264
20250512,2025,079940,가비아,소프트웨어개발및공급업,19850,100.0,1985000.0,19894.0,30051.0,20250916,268683327400,0.5196655166508453,0.9421487603305785,30.0,0.5105357550712517
20250512,2025,280360,롯데웰푸드,동물용사료및조제식품제조업,116100,17.0,1973700.0,116062.0,107898.0,20260114,1095354041400,0.5731580594498086,0.9418604651162791,31.0,-0.07034329214692503
20250512,2025,102710,이엔에프테크놀로지,기타화학제품제조업,27100,73.0,1978300.0,27001.0,40355.0,20250714,387200355600,0.5534804787358427,0.9380165289256198,32.0,0.49456432664259053
20250512,2025,064960,SNT모티브,자동차신품부품제조업,28400,70.0,1988000.0,28553.0,33957.0,20250714,753743724800,0.568862821956388,0.937984496124031,33.0,0.1892396501233502
20250512,2025,001820,삼화콘덴서,전자부품제조업,25700,77.0,1978900.0,25900.0,33445.0,20250925,267151500000,0.5541260788163633,0.9341085271317829,34.0,0.291296558378777
20250512,2025,079370,제우스,특수목적용기계제조업,14160,141.0,1996560.0,14001.0,12599.0,20250714,439200578400,0.546525031331718,0.9338842975206612,35.0,-0.10008691171659945
20250512,2025,004000,롯데정밀화학,기초화학물질제조업,36450,54.0,1968300.0,36344.0,40786.0,20250714,940410000000,0.5512813514490811,0.9302325581395349,36.0,0.12223764503095147
20250512,2025,272290,이녹스첨단소재,전자부품제조업,24450,81.0,1980450.0,24099.0,23497.0,20250714,494566238100,0.5488099937980602,0.9297520661157025,37.0,-0.024979472634207522
20250512,2025,007310,오뚜기,동물용사료및조제식품제조업,397000,5.0,1985000.0,395982.0,410978.0,20250714,1591108510000,0.5680354092625721,0.9263565891472868,38.0,0.03786974455205838
20250512,2025,104830,원익머트리얼즈,기초화학물질제조업,20300,98.0,1989400.0,20339.0,22887.0,20250714,255942400000,0.5464604303830543,0.9256198347107438,39.0,0.12526853104507518
20250512,2025,001740,SK네트웍스,기타전문도매업,4185,477.0,1996245.0,4139.0,4808.0,20250714,926048019870,0.566554464425093,0.9224806201550387,40.0,0.1615029932151728
20250512,2025,200130,콜마비앤에이치,기초의약물질및생물학적제제제조업,14130,141.0,1992330.0,13967.0,15168.0,20250714,415641834540,0.5598601355833841,0.9214876033057852,41.0,0.08595939127282137
20250512,2025,052690,한전기술,"건축기술,엔지니어링및관련기술서비스업",61600,32.0,1971200.0,61297.0,88879.0,20250714,2354352000000,0.5454222969506757,0.9186046511627907,42.0,0.44996591935367825
20250512,2025,190510,나무가,전자부품제조업,13470,148.0,1993560.0,13643.0,17604.0,20250925,203158001790,0.5463435673728934,0.9173553719008265,43.0,0.2903371185959571
20250512,2025,004490,세방전지,일차전지및축전지제조업,69800,28.0,1954400.0,70055.0,72335.0,20250714,977200000000,0.562099300366816,0.9147286821705426,44.0,0.03254080655689773
20250512,2025,041830,인바디,의료용기기제조업,23600,84.0,1982400.0,23909.0,27705.0,20250912,318148815200,0.5290308295323956,0.9132231404958677,45.0,0.15877376286049616
20250512,2025,093320,케이아이엔엑스,"자료처리,호스팅,포털및기타인터넷정보매개서비스업",78400,25.0,1960000.0,79153.0,90543.0,20250714,382592000000,0.5572362648032261,0.9008264462809917,51.0,0.14390428685060952
20250512,2025,002790,아모레퍼시픽홀딩스,기타화학제품제조업,22900,87.0,1992300.0,22936.0,33876.0,20250714,1819592322000,0.5462347897965324,0.8875968992248062,58.0,0.4769847961907461
20250512,2025,054950,제이브이엠,일반목적용기계제조업,23400,85.0,1989000.0,23699.0,24801.0,20250714,282903472800,0.562043596927698,0.8801652892561983,61.0,0.04649374160384934
20250512,2025,170900,동아에스티,의약품제조업,46150,43.0,1984450.0,45504.0,52370.0,20251202,431624566750,0.5409434155504447,0.875968992248062,64.0,0.15090395145938929
20250512,2025,069080,웹젠,소프트웨어개발및공급업,14140,141.0,1993740.0,14526.0,14549.0,20260219,489256499760,0.5012266051263686,0.8636363636363636,70.0,0.0015401591470478593
20250711,2025,001390,KG케미칼,기초화학물질제조업,5130,389.0,1995570.0,5113.0,4777.0,20250911,351246175200,0.6074632482071509,1.0,1.0,-0.06577382255091879
20250711,2025,013030,하이록코리아,1차철강제조업,28900,69.0,1994100.0,29098.0,38492.0,20250911,355338273800,0.553350848811488,1.0,2.0,0.32283694084028336
20250711,2025,069960,현대백화점,종합소매업,78600,25.0,1965000.0,83290.0,79515.0,20250911,1778624701800,0.5874204411678926,0.9954128440366973,3.0,-0.04532488552531633
20250711,2025,046440,KG파이낸셜,소프트웨어개발및공급업,6010,332.0,1995320.0,5780.0,5470.0,20260416,228444920020,0.5663884235826653,0.995260663507109,4.0,-0.053599766510778135
20250711,2025,002790,아모레퍼시픽홀딩스,기타화학제품제조업,32900,60.0,1974000.0,33876.0,27245.0,20250911,2614174122000,0.6104792501781184,0.9908256880733946,5.0,-0.19576643718939868
20250711,2025,203650,드림시큐리티,소프트웨어개발및공급업,3975,503.0,1999425.0,,,,201157872150,0.5615487028138133,0.990521327014218,6.0,0.0
20250711,2025,000490,대동,특수목적용기계제조업,10460,191.0,1997860.0,10333.0,,,276067202680,0.5755828025360757,0.9862385321100917,7.0,-0.048337543222529145
20250711,2025,372320,큐로셀,자연과학및공학연구개발업,31200,64.0,1996800.0,30533.0,38879.0,20250911,446895727200,0.5346288565301888,0.985781990521327,8.0,0.273338710056064
20250711,2025,015860,일진홀딩스,기타금융업,6160,324.0,1995840.0,6275.0,7003.0,20251106,303980495280,0.600863998002175,0.981651376146789,9.0,0.1160323726998671
20250711,2025,054950,제이브이엠,일반목적용기계제조업,25000,80.0,2000000.0,24801.0,33304.0,20250911,302247300000,0.5715569021604305,0.981042654028436,10.0,0.3428443878633103
20250711,2025,000640,동아쏘시오홀딩스,기타금융업,121500,16.0,1944000.0,119462.0,105561.0,20250911,794176731000,0.6007790502860695,0.9770642201834863,11.0,-0.11636485773250382
20250711,2025,086450,동국제약,의약품제조업,18130,110.0,1994300.0,18165.0,19767.0,20250911,813742115550,0.5694174852920179,0.976303317535545,12.0,0.08820724785899481
20250711,2025,009900,명신산업,자동차신품부품제조업,8320,240.0,1996800.0,8443.0,9254.0,20250918,436551506560,0.5580896288988348,0.9724770642201835,13.0,0.0960912875403932
20250711,2025,206640,바디텍메드,의료용품및기타의약관련제품제조업,14130,141.0,1992330.0,13976.0,,,331865092800,0.55766454074222,0.9715639810426541,14.0,0.029250628614198027
20250711,2025,004710,한솔테크닉스,전자부품제조업,6300,317.0,1997100.0,6556.0,,,202292231400,0.5703892293837804,0.9678899082568807,15.0,-0.035863248084164856
20250711,2025,079940,가비아,소프트웨어개발및공급업,26300,76.0,1998800.0,26499.0,26102.0,20251028,355988489200,0.5457131459681663,0.966824644549763,16.0,-0.014958170578113661
20250711,2025,078930,GS,기타금융업,52100,38.0,1979800.0,53593.0,46539.0,20250911,4840891193800,0.5963595231402141,0.963302752293578,17.0,-0.13161571527904226
20250711,2025,253590,네오셈,특수목적용기계제조업,8890,224.0,1991360.0,8706.0,9235.0,20250911,389996867960,0.5685547280754406,0.9620853080568721,18.0,0.06080031689185739
20250711,2025,007310,오뚜기,동물용사료및조제식품제조업,409500,4.0,1638000.0,410978.0,408881.0,20250911,1641206385000,0.5623876648659252,0.9587155963302753,19.0,-0.005101636171461754
20250711,2025,083450,GST,특수목적용기계제조업,19870,100.0,1987000.0,19690.0,21451.0,20250911,366204100000,0.5665497530785082,0.957345971563981,20.0,0.08946359946601845
20250711,2025,001120,LX인터내셔널,상품중개업,31900,62.0,1977800.0,32586.0,30838.0,20250911,1236444000000,0.5870178502898287,0.9541284403669725,21.0,-0.053669776952198656
20250711,2025,099430,바이오플러스,기초의약물질및생물학적제제제조업,7090,282.0,1999380.0,7089.0,6189.0,20250911,428942582310,0.5691793854116027,0.95260663507109,22.0,-0.12684050311544226
20250711,2025,000990,DB하이텍,반도체제조업,46050,43.0,1980150.0,46804.0,51300.0,20250911,2044554977400,0.5412803807273758,0.9495412844036697,23.0,0.09605090353563828
20250711,2025,079370,제우스,특수목적용기계제조업,12910,154.0,1988140.0,12599.0,13188.0,20250911,400429340900,0.558819880751596,0.9478672985781991,24.0,0.04673069984940059
20250711,2025,352820,하이브,오디오물출판및원판녹음업,271000,7.0,1897000.0,272460.0,285434.0,20250911,11287718287000,0.5440246334850491,0.944954128440367,25.0,0.047616651342230254
20250711,2025,272290,이녹스첨단소재,전자부품제조업,23600,84.0,1982400.0,23497.0,24189.0,20250911,477372728800,0.557570763413515,0.943127962085308,26.0,0.029439098667661145
20250711,2025,066570,LG전자,통신및방송장비제조업,75300,26.0,1957800.0,77194.0,75895.0,20250911,12322680394200,0.5543566877685971,0.9403669724770642,27.0,-0.016830324594118706
20250711,2025,101160,월덱스,전자부품제조업,25000,80.0,2000000.0,25015.0,22560.0,20250911,412774825000,0.5565693165197834,0.9383886255924171,28.0,-0.09813839715441819
20250711,2025,004490,세방전지,일차전지및축전지제조업,72100,27.0,1946700.0,72335.0,63222.0,20250911,1009400000000,0.5611050058446364,0.9357798165137615,29.0,-0.12598630411309508
20250711,2025,310200,애니플러스,"영화,비디오물,방송프로그램제작및배급업",5850,341.0,1994850.0,5899.0,4099.0,20250911,286566456150,0.5300190472625728,0.933649289099526,30.0,-0.30506400267465217
20250711,2025,018260,삼성에스디에스,"컴퓨터프로그래밍,시스템통합및관리업",184000,10.0,1840000.0,183647.0,163455.0,20250911,14237515200000,0.5733754528501985,0.9311926605504587,31.0,-0.10994831899317559
20250711,2025,056190,에스에프에이,특수목적용기계제조업,23850,83.0,1979550.0,24990.0,23346.0,20250911,856423926000,0.5563348872908469,0.9289099526066351,32.0,-0.06579359176290511
20250711,2025,017390,서울가스,연료용가스제조및배관공급업,70900,28.0,1985200.0,71380.0,68099.0,20260317,354500000000,0.5856495748830535,0.926605504587156,33.0,-0.04596073437523174
20250711,2025,472850,폰드그룹,"섬유,의복,신발및가죽제품소매업",11980,166.0,1988680.0,7116.0,6051.0,20250911,387480317340,0.559501150163391,0.9241706161137441,34.0,-0.1496295214980986
20250711,2025,028050,삼성E&A,"건축기술,엔지니어링및관련기술서비스업",24800,80.0,1984000.0,25354.0,28911.0,20250911,4860800000000,0.5682504315243946,0.9220183486238532,35.0,0.140286266149227
20250711,2025,199820,제일일렉트릭,"전동기,발전기및전기변환ㆍ공급ㆍ제어장치제조업",10850,184.0,1996400.0,10606.0,10597.0,20250911,241087000000,0.5855318758998038,0.919431279620853,36.0,-0.0009102530299772704
20250711,2025,001230,동국홀딩스,기타금융업,9050,220.0,1991000.0,9269.0,9931.0,20260326,287794371150,0.5807126879554013,0.9174311926605505,37.0,0.0713943153288168
20250711,2025,340570,티앤엘,의료용품및기타의약관련제품제조업,61900,32.0,1980800.0,61084.0,53197.0,20250911,503123200000,0.5363879830423695,0.9146919431279621,38.0,-0.12911610080065872
20250711,2025,092730,네오팜,기타화학제품제조업,15330,130.0,1992900.0,15561.0,19745.0,20250911,245709071370,0.5688017809750988,0.909952606635071,40.0,0.2688244784976941
20250711,2025,036540,SFA반도체,반도체제조업,3135,637.0,1996995.0,3145.0,3571.0,20250917,515583049905,0.5317067454322357,0.9052132701421801,42.0,0.13546407126464577
20250711,2025,093320,케이아이엔엑스,"자료처리,호스팅,포털및기타인터넷정보매개서비스업",90200,22.0,1984400.0,90543.0,91511.0,20250911,440176000000,0.5540016541100414,0.9004739336492891,44.0,0.010689938771160534
20250711,2025,102710,이엔에프테크놀로지,기타화학제품제조업,40900,48.0,1963200.0,40355.0,44161.0,20250911,584372492400,0.5636322990942013,0.8625592417061612,60.0,0.09432337141879454
20250711,2025,271560,오리온,동물용사료및조제식품제조업,120700,16.0,1931200.0,121053.0,110432.0,20250911,4772011132400,0.5487241546786916,0.8623853211009175,61.0,-0.08774171186703694
20250711,2025,200130,콜마비앤에이치,기초의약물질및생물학적제제제조업,15070,132.0,1989240.0,15168.0,14607.0,20251016,443292459060,0.5495375449058575,0.8483412322274881,67.0,-0.03696780753791362
20250711,2025,025540,한국단자,"전동기,발전기및전기변환ㆍ공급ㆍ제어장치제조업",65600,30.0,1968000.0,66776.0,62093.0,20250911,663544000000,0.56258835061698,0.8394495412844036,70.0,-0.0701216890017603
20250711,2025,161890,한국콜마,기타화학제품제조업,105900,18.0,1906200.0,107940.0,78952.0,20250911,2499777654300,0.5501083528484687,0.8211009174311926,78.0,-0.26855989444239914
20250711,2025,456040,OCI,기초화학물질제조업,58200,34.0,1978800.0,57468.0,55261.0,20250911,521035209000,0.5344846664716105,0.8165137614678899,80.0,-0.038401543146734385
20250711,2025,036890,진성티이씨,특수목적용기계제조업,10830,184.0,1992720.0,10698.0,12879.0,20250912,243482962440,0.535623007837053,0.8056872037914692,85.0,0.20387570902365826
20250711,2025,241560,두산밥캣,특수목적용기계제조업,56600,35.0,1981000.0,57092.0,53987.0,20250911,5425453279000,0.5322320360041182,0.7981651376146789,88.0,-0.0543796445186987
20250711,2025,236200,슈프리마,통신및방송장비제조업,35350,56.0,1979600.0,33945.0,33802.0,20250917,256544600550,0.5311775625367048,0.7962085308056872,89.0,-0.004228545577296572
20250910,2025,000990,DB하이텍,반도체제조업,50400,39.0,1965600.0,51300.0,70412.0,20251117,2237688835200,0.601474476745087,1.0,1.0,0.37255630228463876
20250910,2025,054950,제이브이엠,일반목적용기계제조업,33300,60.0,1998000.0,33304.0,26099.0,20251117,402593403600,0.6226778067579619,1.0,2.0,-0.21632519065927003
20250910,2025,190510,나무가,전자부품제조업,17540,114.0,1999560.0,17295.0,16333.0,20251117,251433707500,0.6051984542299602,0.9959016393442623,3.0,-0.055612727490296776
20250910,2025,010140,삼성중공업,선박및보트건조업,21550,92.0,1982600.0,22337.0,26187.0,20251117,18964000000000,0.605142639146627,0.9955947136563876,4.0,0.17237069498850133
20250910,2025,372320,큐로셀,자연과학및공학연구개발업,39300,50.0,1965000.0,38879.0,42891.0,20251117,565145043300,0.573958176060078,0.9918032786885246,5.0,0.10318300069613673
20250910,2025,004800,효성,기타금융업,89500,22.0,1969000.0,88604.0,141053.0,20251117,1498266426500,0.59413238367509,0.9911894273127754,6.0,0.591954598119055
20250910,2025,256840,한국비엔씨,기초의약물질및생물학적제제제조업,5180,386.0,1999480.0,5103.0,5473.0,20251117,354285509480,0.5915221898781942,0.9877049180327869,7.0,0.07260108601197945
20250910,2025,002380,KCC,기타화학제품제조업,418000,4.0,1672000.0,417925.0,427924.0,20251117,3714544878000,0.5919584180391322,0.986784140969163,8.0,0.023925813167597454
20250910,2025,013030,하이록코리아,1차철강제조업,38600,51.0,1968600.0,38492.0,33850.0,20251117,474604061200,0.576470247893706,0.9836065573770492,9.0,-0.12059812464323205
20250910,2025,001390,KG케미칼,기초화학물질제조업,4840,413.0,1998920.0,4777.0,5420.0,20251117,331390153600,0.5790390311866195,0.9823788546255506,10.0,0.13464134495510982
20250910,2025,243070,휴온스,의약품제조업,31400,63.0,1978200.0,31333.0,27845.0,20251224,376161481000,0.598409498710955,0.9795081967213115,11.0,-0.11131092700614575
20250910,2025,003000,부광약품,의약품제조업,3520,568.0,1999360.0,3484.0,3849.0,20251117,347299641920,0.5828883673648672,0.9779735682819384,12.0,0.10492152730032056
20250910,2025,083450,GST,특수목적용기계제조업,21350,93.0,1985550.0,21451.0,29650.0,20251117,393480500000,0.5750842576802497,0.9754098360655737,13.0,0.3822267000498252
20250910,2025,009150,삼성전기,전자부품제조업,180500,11.0,1985500.0,188047.0,215572.0,20251117,13482212128000,0.5699102841725427,0.973568281938326,14.0,0.1463721800452853
20250910,2025,196170,알테오젠,자연과학및공학연구개발업,486000,4.0,1944000.0,473112.0,548047.0,20251117,25983974448000,0.5531443647880967,0.9713114754098361,15.0,0.15838759066629082
20250910,2025,023530,롯데쇼핑,종합소매업,68100,29.0,1974900.0,68008.0,73106.0,20251117,1926464215500,0.5489800883507383,0.9691629955947136,16.0,0.07495690384579712
20250910,2025,086450,동국제약,의약품제조업,18470,108.0,1994760.0,19767.0,19312.0,20251117,829002585450,0.5936338009166365,0.9672131147540983,17.0,-0.023004354955473483
20250910,2025,004490,세방전지,일차전지및축전지제조업,63200,31.0,1959200.0,63222.0,59008.0,20251117,884800000000,0.5602914632845162,0.9647577092511013,18.0,-0.0666529876120956
20250910,2025,032620,GC메디아이,소프트웨어개발및공급업,4190,477.0,1998630.0,4204.0,,,218706012410,0.5476121205361725,0.9631147540983607,19.0,-0.028680909052174908
20250910,2025,007310,오뚜기,동물용사료및조제식품제조업,394500,5.0,1972500.0,408881.0,389927.0,20251117,1581088935000,0.5609457763850018,0.960352422907489,20.0,-0.04635623810688361
20250910,2025,083310,엘오티베큠,특수목적용기계제조업,12400,161.0,1996400.0,12561.0,13203.0,20251117,220844409200,0.5717339595753617,0.9590163934426229,21.0,0.05108035062011185
20250910,2025,000430,대원강업,자동차신품부품제조업,3975,503.0,1999425.0,4280.0,,,246450000000,0.5710985147185008,0.9559471365638766,22.0,0.0011969142855416948
20250910,2025,099430,바이오플러스,기초의약물질및생물학적제제제조업,6160,324.0,1995840.0,6189.0,6100.0,20251117,372925229600,0.5795031757402325,0.9549180327868853,23.0,-0.0145096084459867
20250910,2025,025540,한국단자,"전동기,발전기및전기변환ㆍ공급ㆍ제어장치제조업",61400,32.0,1964800.0,62093.0,61499.0,20251120,621061000000,0.5648475698927671,0.9515418502202643,24.0,-0.00956989954001719
20250910,2025,036890,진성티이씨,특수목적용기계제조업,13080,152.0,1988160.0,12899.0,12280.0,20251117,294068065440,0.5652287662891715,0.9508196721311475,25.0,-0.04804800051003799
20250910,2025,293940,신한알파리츠,부동산임대및공급업,5650,353.0,1994450.0,5667.0,5528.0,20251117,683311694950,0.4869529954390956,0.947136563876652,26.0,-0.024653128915449796
20250910,2025,206640,바디텍메드,의료용품및기타의약관련제품제조업,14540,137.0,1991980.0,14399.0,,,341494582400,0.5662541281165301,0.9467213114754098,27.0,-0.06656226423776479
20250910,2025,137310,에스디바이오센서,의료용기기제조업,10270,194.0,1992380.0,10187.0,9506.0,20251117,1250363277540,0.5527470422510825,0.9427312775330396,28.0,-0.06686596231764019
20250910,2025,115310,인포바인,전기통신업,82700,24.0,1984800.0,80379.0,,,264051424100,0.5073278433116166,0.9426229508196722,29.0,-0.12960748830306723
20250910,2025,051370,인터플렉스,전자부품제조업,9130,219.0,1999470.0,8970.0,9599.0,20251117,212979819360,0.5690248320617664,0.9385245901639344,30.0,0.0701147372946691
20250910,2025,000640,동아쏘시오홀딩스,기타금융업,111700,17.0,1898900.0,105561.0,104576.0,20251117,730119677800,0.564693477904419,0.9383259911894273,31.0,-0.009330102140168717
20250910,2025,041020,폴라리스오피스,소프트웨어개발및공급업,5610,356.0,1997160.0,5612.0,4781.0,20251117,278960043780,0.5285951285750252,0.9344262295081968,32.0,-0.1479475368175064
20250910,2025,300720,한일시멘트,"시멘트,석회,플라스터및그제품제조업",20950,95.0,1990250.0,20942.0,17765.0,20251117,1451029263000,0.5940346120899784,0.933920704845815,33.0,-0.1516851390997258
20250910,2025,025320,시노펙스,전자부품제조업,6990,286.0,1999140.0,6677.0,6001.0,20251117,613201916040,0.5634834266314217,0.930327868852459,34.0,-0.10137681958342293
20250910,2025,002840,미원상사,기타화학제품제조업,152200,13.0,1978600.0,154964.0,,,722950000000,0.5580605864545739,0.9295154185022027,35.0,-0.039712944105652515
20250910,2025,340570,티앤엘,의료용품및기타의약관련제품제조업,53300,37.0,1972100.0,53197.0,45861.0,20251117,433222400000,0.5532366605736314,0.9221311475409836,38.0,-0.13791152279174757
20250910,2025,093320,케이아이엔엑스,"자료처리,호스팅,포털및기타인터넷정보매개서비스업",90800,22.0,1997600.0,91511.0,86086.0,20251117,443104000000,0.5426142118588088,0.9139344262295082,42.0,-0.0592832948035501
20250910,2025,352820,하이브,오디오물출판및원판녹음업,291500,6.0,1749000.0,285434.0,294517.0,20251117,12141586275500,0.5374582701447115,0.9074889867841409,45.0,0.031822901754635646
20250910,2025,002790,아모레퍼시픽홀딩스,기타화학제품제조업,27300,73.0,1992900.0,27245.0,27643.0,20251117,2169208314000,0.5530564792033961,0.8942731277533039,51.0,0.014624990959196671
20250910,2025,199820,제일일렉트릭,"전동기,발전기및전기변환ㆍ공급ㆍ제어장치제조업",10770,185.0,1992450.0,10597.0,9807.0,20251117,239309400000,0.5502672238097135,0.8852459016393442,56.0,-0.07454311643291689
20250910,2025,079370,제우스,특수목적용기계제조업,13070,153.0,1999710.0,13188.0,13788.0,20251117,405392059300,0.5452829529932068,0.8729508196721312,61.0,0.045482064897115704
20250910,2025,271560,오리온,동물용사료및조제식품제조업,108300,18.0,1949400.0,110432.0,105426.0,20251117,4281763095600,0.5415339069848648,0.8722466960352423,62.0,-0.045330522518547633
20250910,2025,028050,삼성E&A,"건축기술,엔지니어링및관련기술서비스업",28650,69.0,1976850.0,28911.0,26312.0,20251117,5615400000000,0.5676254572133934,0.8634361233480177,66.0,-0.08990095823610023
20250910,2025,310200,애니플러스,"영화,비디오물,방송프로그램제작및배급업",4180,478.0,1998040.0,4099.0,,,215400988660,0.5122145010036485,0.860655737704918,67.0,-0.06819594239617743
20250910,2025,036540,SFA반도체,반도체제조업,3475,575.0,1998125.0,3546.0,4356.0,20251117,571499552925,0.5408280742962004,0.8565573770491803,69.0,0.22845320930895752
20250910,2025,001120,LX인터내셔널,상품중개업,30700,65.0,1995500.0,30838.0,30995.0,20251117,1189932000000,0.5347531785815193,0.8546255506607929,70.0,0.005103931103039416
20250910,2025,078930,GS,기타금융업,46350,43.0,1993050.0,46539.0,59588.0,20251117,4306627770300,0.550682406718493,0.8458149779735683,74.0,0.2803899061229276
20250910,2025,056190,에스에프에이,특수목적용기계제조업,23550,84.0,1978200.0,23346.0,22299.0,20251117,845651298000,0.5413634932495586,0.8360655737704918,79.0,-0.04483642170367452
20250910,2025,241560,두산밥캣,특수목적용기계제조업,54500,36.0,1962000.0,53987.0,56680.0,20251117,5224155542500,0.5396155469468905,0.8325991189427313,80.0,0.04988137481518562
20250910,2025,456040,OCI,기초화학물질제조업,54900,36.0,1976400.0,55261.0,61358.0,20251117,491491975500,0.5345564968396024,0.8149779735682819,89.0,0.11032493173237556
20251114,2025,053610,프로텍,특수목적용기계제조업,35800,55.0,1969000.0,37403.0,36491.0,20260119,393800000000,0.6124382209892822,1.0,1.0,-0.024372827513481687
20251114,2025,234080,JW생명과학,의약품제조업,14990,133.0,1993670.0,15213.0,,,237359964460,0.6047564221404134,1.0,2.0,-0.15010147193856305
20251114,2025,099430,바이오플러스,기초의약물질및생물학적제제제조업,6420,311.0,1996620.0,6100.0,4970.0,20260119,395733435240,0.5835602204452353,0.9957805907172996,3.0,-0.18515818533977046
20251114,2025,282330,BGF리테일,종합소매업,110000,18.0,1980000.0,111078.0,114392.0,20260119,1901229660000,0.5723246698393912,0.9957081545064378,4.0,0.029835433320360316
20251114,2025,041020,폴라리스오피스,소프트웨어개발및공급업,4840,413.0,1998920.0,4781.0,4315.0,20260119,240671410320,0.5401756651911571,0.9915611814345991,5.0,-0.0975287594928439
20251114,2025,005850,에스엘,자동차신품부품제조업,34300,58.0,1989400.0,34817.0,52399.0,20260119,1593184236000,0.5703901769610441,0.9914163090128756,6.0,0.5050002170653833
20251114,2025,272110,케이엔제이,반도체제조업,27300,73.0,1992900.0,29253.0,35652.0,20260326,219093283500,0.5636150826333819,0.9873417721518988,7.0,0.21875997326376484
20251114,2025,014830,유니드,기초화학물질제조업,67500,29.0,1957500.0,66844.0,70125.0,20260119,456813000000,0.5758373193632764,0.9871244635193133,8.0,0.04909142830532365
20251114,2025,199820,제일일렉트릭,"전동기,발전기및전기변환ㆍ공급ㆍ제어장치제조업",9840,203.0,1997520.0,9807.0,10253.0,20260128,218644800000,0.5880680507858974,0.9831223628691983,9.0,0.0455436374135918
20251114,2025,001390,KG케미칼,기초화학물질제조업,5710,350.0,1998500.0,5420.0,4841.0,20260119,390958218400,0.567479725374582,0.9828326180257511,10.0,-0.10676043934892376
20251114,2025,340570,티앤엘,의료용품및기타의약관련제품제조업,45550,43.0,1958650.0,45861.0,43555.0,20260119,370230400000,0.5583407808582006,0.9789029535864979,11.0,-0.05029156219808584
20251114,2025,002900,TYM,특수목적용기계제조업,6350,314.0,1993900.0,6391.0,6132.0,20260119,286073570600,0.5760552912413561,0.9785407725321889,12.0,-0.04063959584077581
20251114,2025,030520,한글과컴퓨터,소프트웨어개발및공급업,24200,82.0,1984400.0,24095.0,22448.0,20260119,585149804800,0.5324285088272648,0.9746835443037974,13.0,-0.0683534493421456
20251114,2025,017800,현대엘리베이터,일반목적용기계제조업,81800,24.0,1963200.0,81914.0,90414.0,20260119,3197757093000,0.5539054402904131,0.9742489270386266,14.0,0.10376794238111908
20251114,2025,042370,비츠로테크,기타금융업,8520,234.0,1993680.0,8919.0,10727.0,20260119,223224213000,0.5807913979576523,0.9704641350210971,15.0,0.20273488691674602
20251114,2025,069260,TKG휴켐스,기타화학제품제조업,18240,109.0,1988160.0,17821.0,18421.0,20260119,745625445120,0.5571567142003283,0.9699570815450643,16.0,0.03366562753547164
20251114,2025,041510,에스엠,오디오물출판및원판녹음업,101500,19.0,1928500.0,102598.0,114005.0,20260119,2323811035000,0.5271454372827484,0.9662447257383966,17.0,0.11118553297716716
20251114,2025,001740,SK네트웍스,기타전문도매업,4610,433.0,1996130.0,4594.0,4474.0,20260119,1020091128220,0.5735714247452237,0.9656652360515021,18.0,-0.026036287815590753
20251114,2025,025320,시노펙스,전자부품제조업,5970,335.0,1999950.0,6001.0,5621.0,20260119,523769269620,0.5738205328840511,0.9620253164556962,19.0,-0.06331417220821423
20251114,2025,161890,한국콜마,기타화학제품제조업,64200,31.0,1990200.0,65377.0,64093.0,20260119,1515445943400,0.5560371303524321,0.9613733905579399,20.0,-0.019640226215829726
20251114,2025,352480,씨앤씨인터내셔널,기타화학제품제조업,33300,60.0,1998000.0,33260.0,32407.0,20260123,453875703300,0.5615129530733762,0.9578059071729957,21.0,-0.025637373085196646
20251114,2025,004490,세방전지,일차전지및축전지제조업,59800,33.0,1973400.0,59008.0,62890.0,20260119,837200000000,0.5659049805057015,0.9570815450643777,22.0,0.06579139506261011
20251114,2025,102120,어보브반도체,반도체제조업,11370,175.0,1989750.0,11556.0,11697.0,20260303,202167161610,0.5521406245291328,0.9535864978902954,23.0,0.012158582206858837
20251114,2025,326030,SK바이오팜,자연과학및공학연구개발업,128300,15.0,1924500.0,130330.0,118191.0,20260119,10047589975000,0.5344137650794119,0.9527896995708155,24.0,-0.09314357786972072
20251114,2025,054950,제이브이엠,일반목적용기계제조업,26050,76.0,1979800.0,26099.0,25156.0,20260119,314941686600,0.555811346614165,0.9493670886075949,25.0,-0.03616604042061511
20251114,2025,011780,금호석유화학,기초화학물질제조업,121900,16.0,1950400.0,120050.0,140672.0,20260119,3173269349800,0.5530747218005474,0.9484978540772532,26.0,0.17178327991342068
20251114,2025,190510,나무가,전자부품제조업,16350,122.0,1994700.0,16333.0,25453.0,20260119,234375206250,0.5679853887487001,0.9451476793248945,27.0,0.5583470363671519
20251114,2025,051900,LG생활건강,기타화학제품제조업,294000,6.0,1764000.0,289141.0,263582.0,20260119,4498922946000,0.551756298483382,0.944206008583691,28.0,-0.08839730569616067
20251114,2025,323990,박셀바이오,자연과학및공학연구개발업,10300,194.0,1998200.0,9929.0,9007.0,20260119,239550653500,0.5384203077910674,0.9409282700421941,29.0,-0.0928831331180987
20251114,2025,000640,동아쏘시오홀딩스,기타금융업,107500,18.0,1935000.0,104576.0,99235.0,20260119,702666655000,0.5656700878045882,0.9399141630901288,30.0,-0.051073052478476044
20251114,2025,196170,알테오젠,자연과학및공학연구개발업,554000,3.0,1662000.0,548047.0,496003.0,20260119,29642206552000,0.5379549594780071,0.9367088607594937,31.0,-0.09496298902094336
20251114,2025,003850,보령,의약품제조업,8750,228.0,1995000.0,8760.0,8769.0,20260119,750638061250,0.5625644858455074,0.9356223175965666,32.0,0.0010803807798001053
20251114,2025,036890,진성티이씨,특수목적용기계제조업,12460,160.0,1993600.0,12280.0,13729.0,20260119,274526482580,0.5692501624479469,0.9324894514767933,33.0,0.1180124628757373
20251114,2025,025540,한국단자,"전동기,발전기및전기변환ㆍ공급ㆍ제어장치제조업",61300,32.0,1961600.0,60595.0,75203.0,20260119,620049500000,0.561459907194549,0.9313304721030042,34.0,0.24107830422338417
20251114,2025,033640,네패스,반도체제조업,16870,118.0,1990660.0,18029.0,16310.0,20260119,389008737740,0.544287287925072,0.9282700421940928,35.0,-0.09536337318655863
20251114,2025,241560,두산밥캣,특수목적용기계제조업,57200,34.0,1944800.0,56680.0,60984.0,20260119,5482966918000,0.5607907229785032,0.927038626609442,36.0,0.07593031251321491
20251114,2025,001120,LX인터내셔널,상품중개업,30850,64.0,1974400.0,30995.0,36190.0,20260119,1195746000000,0.547957450428769,0.9227467811158798,38.0,0.16759856774633186
20251114,2025,243070,휴온스,의약품제조업,29350,68.0,1995800.0,29687.0,,,351603167750,0.5621363376994399,0.919831223628692,39.0,-0.11907490761605322
20251114,2025,372320,큐로셀,자연과학및공학연구개발업,40150,49.0,1967350.0,42891.0,46152.0,20260119,579469452100,0.5284081620535708,0.9113924050632911,43.0,0.07603457527547608
20251114,2025,002790,아모레퍼시픽홀딩스,기타화학제품제조업,27400,72.0,1972800.0,27643.0,25394.0,20260119,2177154132000,0.5483543087709446,0.9098712446351931,44.0,-0.08135366670713995
20251114,2025,003000,부광약품,의약품제조업,3900,512.0,1996800.0,3849.0,3809.0,20260119,384792216900,0.5590257472407074,0.9012875536480687,48.0,-0.010397572870849081
20251114,2025,051370,인터플렉스,전자부품제조업,8850,225.0,1991250.0,9599.0,10589.0,20260119,206448127200,0.5524076087687539,0.8860759493670886,55.0,0.10309552648960296
20251114,2025,093320,케이아이엔엑스,"자료처리,호스팅,포털및기타인터넷정보매개서비스업",86800,23.0,1996400.0,86086.0,120981.0,20260119,423584000000,0.5483630416275214,0.8734177215189873,61.0,0.40535271903515735
20251114,2025,009150,삼성전기,전자부품제조업,213000,9.0,1917000.0,215572.0,292012.0,20260119,15909757248000,0.5484620851042783,0.871244635193133,62.0,0.35458819794250895
20251114,2025,086450,동국제약,의약품제조업,18000,111.0,1998000.0,19312.0,16427.0,20260119,814147560000,0.5495422290977543,0.8607594936708861,67.0,-0.14942838750513643
20251114,2025,028050,삼성E&A,"건축기술,엔지니어링및관련기술서비스업",26050,76.0,1979800.0,26312.0,25054.0,20260119,5105800000000,0.5475519792765278,0.8540772532188842,70.0,-0.04782165876664246
20251114,2025,293940,신한알파리츠,부동산임대및공급업,5510,362.0,1994620.0,5528.0,5578.0,20260119,666380077730,0.49602147277986,0.8369098712446352,78.0,0.009149127439453064
20251114,2025,083310,엘오티베큠,특수목적용기계제조업,12960,154.0,1995840.0,13203.0,13330.0,20260202,230818027680,0.5422400647501981,0.8312236286919831,81.0,0.009633611965081945
20251114,2025,007310,오뚜기,동물용사료및조제식품제조업,386000,5.0,1930000.0,389927.0,381503.0,20260119,1547022380000,0.5365984053046473,0.8154506437768241,88.0,-0.021604611246009986
20251114,2025,079370,제우스,특수목적용기계제조업,13550,147.0,1991850.0,13788.0,15497.0,20260119,420280214500,0.5404786197735272,0.8143459915611815,89.0,0.12397103702235568
20260102,2026,196170,알테오젠,자연과학및공학연구개발업,457000,4.0,1828000.0,468542.0,375540.0,20260310,24452145116000,0.5670896317940917,1.0,1.0,-0.19849231281067015
20260102,2026,207940,삼성바이오로직스,기초의약물질및생물학적제제제조업,1683000,1.0,1683000.0,1713000.0,1592092.0,20260310,77907670533000,0.5840755325129434,1.0,2.0,-0.07058252722400327
20260102,2026,171090,선익시스템,특수목적용기계제조업,53000,37.0,1961000.0,53995.0,127572.0,20260310,506759712000,0.5997426037094125,0.996268656716418,3.0,1.3626627685772341
20260102,2026,234080,JW생명과학,의약품제조업,12810,156.0,1998360.0,12802.0,,,202840636740,0.5852592467994444,0.9960159362549801,4.0,0.03669371950225897
20260102,2026,033640,네패스,반도체제조업,16380,122.0,1998360.0,17218.0,16581.0,20260310,377709728760,0.5576537260047011,0.9925373134328358,5.0,-0.03697882222973803
20260102,2026,000640,동아쏘시오홀딩스,기타금융업,107700,18.0,1938600.0,104686.0,103011.0,20260316,703973941800,0.5712578452314376,0.9920318725099602,6.0,-0.016000585570263848
20260102,2026,065710,서호전기,"전동기,발전기및전기변환ㆍ공급ㆍ제어장치제조업",50300,39.0,1961700.0,52001.0,,,259045000000,0.562981857307995,0.9888059701492538,7.0,-0.06957939895016585
20260102,2026,017800,현대엘리베이터,일반목적용기계제조업,87800,22.0,1931600.0,87006.0,88903.0,20260310,3432311403000,0.5615714456544858,0.9880478087649402,8.0,0.021808907967809654
20260102,2026,095660,네오위즈,소프트웨어개발및공급업,25400,78.0,1981200.0,24958.0,26104.0,20260310,555163126400,0.5658956376625404,0.9850746268656716,9.0,0.045942534108417865
20260102,2026,293940,신한알파리츠,부동산임대및공급업,5620,355.0,1995100.0,5598.0,,,679683491260,0.5564281082212255,0.9840637450199203,10.0,-0.0068637090667793554
20260102,2026,190510,나무가,전자부품제조업,17140,116.0,1988240.0,22252.0,19061.0,20260310,245888297500,0.5704195154312001,0.9813432835820896,11.0,-0.14343197514818473
20260102,2026,002900,TYM,특수목적용기계제조업,6300,317.0,1997100.0,6591.0,6852.0,20260310,260820000000,0.5663740331382668,0.9800796812749004,12.0,0.039607721706402366
20260102,2026,236200,슈프리마,통신및방송장비제조업,39800,50.0,1990000.0,40495.0,47296.0,20260310,288839465400,0.5816019916073435,0.9776119402985075,13.0,0.1679634828208405
20260102,2026,066570,LG전자,통신및방송장비제조업,91400,21.0,1919400.0,93012.0,115904.0,20260310,14887815771800,0.5840981083909376,0.9760956175298805,14.0,0.2461122921046206
20260102,2026,053610,프로텍,특수목적용기계제조업,36350,55.0,1999250.0,37092.0,55403.0,20260310,399850000000,0.562885810706987,0.9738805970149254,15.0,0.49364780243818673
20260102,2026,004490,세방전지,일차전지및축전지제조업,62400,32.0,1996800.0,61895.0,60002.0,20260310,873600000000,0.5455441924450559,0.9721115537848606,16.0,-0.030581291172585234
20260102,2026,036890,진성티이씨,특수목적용기계제조업,12830,155.0,1988650.0,13698.0,15842.0,20260310,282678553090,0.562247957564163,0.9701492537313433,17.0,0.15646875699680374
20260102,2026,069260,TKG휴켐스,기타화학제품제조업,18260,109.0,1990340.0,18191.0,17900.0,20260310,746443016880,0.5661460998648804,0.9681274900398407,18.0,-0.016036167215116914
20260102,2026,340570,티앤엘,의료용품및기타의약관련제품제조업,47150,42.0,1980300.0,47259.0,50702.0,20260310,383235200000,0.5407917639013015,0.9664179104477612,19.0,0.07285598730547638
20260102,2026,007310,오뚜기,동물용사료및조제식품제조업,383000,5.0,1915000.0,381495.0,359989.0,20260310,1534998890000,0.5558056115284251,0.9641434262948207,20.0,-0.056371687191322795
20260102,2026,093320,케이아이엔엑스,"자료처리,호스팅,포털및기타인터넷정보매개서비스업",124600,16.0,1993600.0,117091.0,,,608048000000,0.539152676264814,0.9626865671641791,21.0,-0.13320978452432086
20260102,2026,001390,KG케미칼,기초화학물질제조업,5130,389.0,1995570.0,5150.0,4966.0,20260310,344905443900,0.5613724351616389,0.9601593625498008,22.0,-0.035859374796738286
20260102,2026,108380,대양전기공업,선박및보트건조업,26600,75.0,1995000.0,26449.0,28296.0,20260320,254491057800,0.5607512213879082,0.9589552238805971,23.0,0.06984553501486679
20260102,2026,029460,케이씨,"측정,시험,항해,제어및기타정밀기기제조업;광학기기제외",26550,75.0,1991250.0,27434.0,29995.0,20260403,351290032650,0.5600729216795856,0.9561752988047809,24.0,0.09336610224157305
20260102,2026,035900,JYP Ent.,오디오물출판및원판녹음업,77500,25.0,1937500.0,72707.0,62603.0,20260310,2753768130000,0.5813746392014051,0.9552238805970149,25.0,-0.13897347896424472
20260102,2026,007340,DN오토모티브,일차전지및축전지제조업,23600,84.0,1982400.0,23749.0,27747.0,20260310,1380856414000,0.5374836227875555,0.952191235059761,26.0,0.16834016227774984
20260102,2026,215000,골프존,소프트웨어개발및공급업,56700,35.0,1984500.0,55993.0,,,355816030500,0.5559514934132714,0.9514925373134329,27.0,-0.12427719567320572
20260102,2026,011780,금호석유화학,기초화학물질제조업,117200,17.0,1992400.0,118682.0,121807.0,20260310,3050920162400,0.555351178017651,0.9482071713147411,28.0,0.026331294130972127
20260102,2026,092730,네오팜,기타화학제품제조업,18990,105.0,1993950.0,18352.0,,,304371511110,0.5615523450917392,0.9477611940298507,29.0,-0.09651371351572458
20260102,2026,241560,두산밥캣,특수목적용기계제조업,56800,35.0,1988000.0,58984.0,59691.0,20260310,5444624492000,0.5525910765864676,0.9442231075697212,30.0,0.011980236834409963
20260102,2026,054950,제이브이엠,일반목적용기계제조업,25500,78.0,1989000.0,25402.0,,,308292246000,0.5562163491230526,0.9440298507462687,31.0,-0.04710095022508398
20260102,2026,372320,큐로셀,자연과학및공학연구개발업,46500,43.0,1999500.0,49002.0,47505.0,20260310,671116551000,0.5229461878947685,0.9402985074626866,32.0,-0.03055592160902887
20260102,2026,329180,HD현대중공업,선박및보트건조업,504000,3.0,1512000.0,512959.0,582904.0,20260310,52900457400000,0.5566484525228919,0.9402390438247012,33.0,0.1363572968202087
20260102,2026,144510,지씨셀,"그외기타전문,과학및기술서비스업",24850,80.0,1988000.0,25196.0,,,392638548400,0.5435463281519219,0.9365671641791045,34.0,-0.025968561821587466
20260102,2026,282330,BGF리테일,종합소매업,104200,19.0,1979800.0,103787.0,120493.0,20260310,1800983005200,0.5774280251931452,0.9362549800796812,35.0,0.16096423857895936
20260102,2026,060720,KH바텍,전자부품제조업,11390,175.0,1993250.0,11138.0,15089.0,20260310,269686064380,0.5542864648095744,0.9328358208955224,36.0,0.354723541209101
20260102,2026,051370,인터플렉스,전자부품제조업,10390,192.0,1994880.0,10349.0,12690.0,20260310,242372434080,0.5516783854775716,0.917910447761194,44.0,0.2261631999951763
20260102,2026,099430,바이오플러스,기초의약물질및생물학적제제제조업,5120,390.0,1996800.0,5120.0,5010.0,20260310,315600496640,0.5459192719435806,0.914179104477612,46.0,-0.021459768695080705
20260102,2026,086450,동국제약,의약품제조업,17080,117.0,1998360.0,17344.0,19274.0,20260310,772535573600,0.5610860009411472,0.9067164179104478,50.0,0.1112656652313051
20260102,2026,003850,보령,의약품제조업,9350,213.0,1991550.0,9300.0,9209.0,20260310,802110385450,0.5613746052807215,0.9043824701195219,51.0,-0.009793322126584902
20260102,2026,025320,시노펙스,전자부품제조업,6020,332.0,1998640.0,6021.0,5820.0,20260310,528155946920,0.5481955006303437,0.8992537313432836,54.0,-0.033408036955530296
20260102,2026,102120,어보브반도체,반도체제조업,12720,157.0,1997040.0,12889.0,11717.0,20260312,226171178160,0.517193551917956,0.8880597014925373,60.0,-0.09091246728168356
20260102,2026,009150,삼성전기,전자부품제조업,270000,7.0,1890000.0,270050.0,401987.0,20260310,20167297920000,0.5438669887130525,0.8804780876494024,64.0,0.4885646592532884
20260102,2026,014830,유니드,기초화학물질제조업,67000,29.0,1943000.0,67025.0,81614.0,20260310,453429200000,0.5425274332473654,0.8725099601593626,68.0,0.21766108480096213
20260102,2026,041020,폴라리스오피스,소프트웨어개발및공급업,4635,431.0,1997685.0,4661.0,5041.0,20260320,230477683230,0.5396641523254257,0.8582089552238806,75.0,0.08157332447341781
20260102,2026,001740,SK네트웍스,기타전문도매업,4440,450.0,1998000.0,4469.0,5270.0,20260310,982473884880,0.5615229661964103,0.8565737051792829,76.0,0.17919046509230108
20260102,2026,079370,제우스,특수목적용기계제조업,15090,132.0,1991880.0,15547.0,17587.0,20260310,468046379100,0.5385461755319512,0.8544776119402985,77.0,0.13122048724697488
20260102,2026,051900,LG생활건강,기타화학제품제조업,270000,7.0,1890000.0,267106.0,245056.0,20260310,4131663930000,0.545042673113306,0.848605577689243,80.0,-0.08254833883017054
20260102,2026,025540,한국단자,"전동기,발전기및전기변환ㆍ공급ㆍ제어장치제조업",66300,30.0,1989000.0,69899.0,71197.0,20260310,670624500000,0.5323512499891541,0.8446215139442231,82.0,0.018579058456345665
20260102,2026,030520,한글과컴퓨터,소프트웨어개발및공급업,23600,84.0,1982400.0,22799.0,20301.0,20260310,570641958400,0.5376132140566571,0.8432835820895522,83.0,-0.10954333775649194
20260309,2026,007310,오뚜기,동물용사료및조제식품제조업,357500,5.0,1787500.0,359989.0,,,1432799225000,0.5539337341385567,1.0,1.0,0.03919870901522038
20260309,2026,033640,네패스,반도체제조업,15550,128.0,1990400.0,16581.0,,,358570591100,0.5614283710220227,1.0,2.0,0.6815083733265472
20260309,2026,051370,인터플렉스,전자부품제조업,11220,178.0,1997160.0,12690.0,,,261734235840,0.5620587456708347,0.9961089494163424,3.0,0.16134421484044426
20260309,2026,282330,BGF리테일,종합소매업,115500,17.0,1963500.0,120493.0,,,1996291143000,0.5664316348285781,0.996078431372549,4.0,0.18969224661717643
20260309,2026,095660,네오위즈,소프트웨어개발및공급업,27800,71.0,1973800.0,26104.0,,,607619484800,0.5454852047962182,0.9922178988326849,5.0,-0.1314812675452247
20260309,2026,278470,에이피알,기타화학제품제조업,296500,6.0,1779000.0,301606.0,,,11098930457500,0.5749213074244334,0.9921568627450981,6.0,0.39753708711347624
20260309,2026,123410,코리아에프티,자동차신품부품제조업,7200,277.0,1994400.0,7567.0,,,200455660800,0.5601619102952305,0.9883268482490273,7.0,0.004524165655843904
20260309,2026,207940,삼성바이오로직스,기초의약물질및생물학적제제제조업,1579000,1.0,1579000.0,1592092.0,,,73093411629000,0.570792993540896,0.9882352941176471,8.0,0.023339587193532907
20260309,2026,236200,슈프리마,통신및방송장비제조업,44900,44.0,1975600.0,47296.0,,,313146563900,0.5516458203235759,0.9844357976653697,9.0,0.15827309073315332
20260309,2026,329180,HD현대중공업,선박및보트건조업,576000,3.0,1728000.0,582904.0,,,60457665600000,0.5796500719382403,0.984313725490196,10.0,-0.1430482915358562
20260309,2026,083930,아바코,특수목적용기계제조업,13750,145.0,1993750.0,14573.0,,,201812173750,0.5499150257586931,0.980544747081712,11.0,0.0702677142357866
20260309,2026,069620,대웅제약,의약품제조업,162100,12.0,1945200.0,164440.0,,,1878183807500,0.569577248740366,0.9803921568627451,12.0,-0.03476822936752855
20260309,2026,196170,알테오젠,자연과학및공학연구개발업,366500,5.0,1832500.0,375540.0,,,19609871302000,0.5291599799815446,0.9766536964980544,13.0,0.008120187387012257
20260309,2026,000640,동아쏘시오홀딩스,기타금융업,104900,19.0,1993100.0,104599.0,,,685671926600,0.5611908119693588,0.9764705882352941,14.0,-0.04494199849324232
20260309,2026,036890,진성티이씨,특수목적용기계제조업,13180,151.0,1990180.0,15842.0,,,290389971140,0.5427025197750126,0.9727626459143969,15.0,0.3374775564741743
20260309,2026,064960,SNT모티브,자동차신품부품제조업,32350,61.0,1973350.0,33247.0,,,858577799200,0.5526325669300313,0.9725490196078431,16.0,0.04643599126477893
20260309,2026,102940,코오롱생명과학,기초의약물질및생물학적제제제조업,56800,35.0,1988000.0,57100.0,,,741967210400,0.5609823182803139,0.9688715953307393,17.0,0.03875236291734274
20260309,2026,011200,HMM,해상운송업,20650,96.0,1982400.0,20898.0,,,19477864080500,0.5577821186750532,0.9686274509803922,18.0,0.02673942820290387
20260309,2026,340570,티앤엘,의료용품및기타의약관련제품제조업,49150,40.0,1966000.0,50702.0,,,399491200000,0.5576879135039426,0.9649805447470817,19.0,0.28982178800898417
20260309,2026,003850,보령,의약품제조업,9120,219.0,1997280.0,9209.0,,,782379327840,0.5659010644262373,0.9647058823529412,20.0,0.11862374185673441
20260309,2026,190510,나무가,전자부품제조업,17980,111.0,1995780.0,19061.0,,,253253999660,0.5454534859663889,0.9610894941634242,21.0,0.06784881089528794
20260309,2026,259960,크래프톤,소프트웨어개발및공급업,218500,9.0,1966500.0,236932.0,,,10357903133500,0.5325587276639541,0.9607843137254902,22.0,0.17428594402588082
20260309,2026,336570,원텍,의료용기기제조업,6940,288.0,1998720.0,7000.0,,,624384145180,0.5392419106061287,0.9571984435797666,23.0,0.09211925020106237
20260309,2026,025540,한국단자,"전동기,발전기및전기변환ㆍ공급ㆍ제어장치제조업",68100,29.0,1974900.0,71197.0,,,688831500000,0.5604848028787116,0.9568627450980393,24.0,0.2246912793010123
20260309,2026,160980,싸이맥스,특수목적용기계제조업,20000,100.0,2000000.0,21703.0,,,218484860000,0.5380958033556416,0.953307392996109,25.0,0.4572831999783393
20260309,2026,229640,LS에코에너지,기타금융업,39250,50.0,1962500.0,40860.0,,,1202026500750,0.5550742841551604,0.9529411764705882,26.0,0.43920283996444476
20260309,2026,067310,하나마이크론,반도체제조업,31950,62.0,1980900.0,34147.0,,,2122385015700,0.5401181369950839,0.9494163424124513,27.0,0.0846378166446724
20260309,2026,326030,SK바이오팜,자연과학및공학연구개발업,98100,20.0,1962000.0,99899.0,,,7682529825000,0.5191754270406349,0.9490196078431372,28.0,0.08457152692494119
20260309,2026,099430,바이오플러스,기초의약물질및생물학적제제제조업,4895,408.0,1997160.0,5010.0,,,301731334190,0.5556977890055645,0.9455252918287937,29.0,0.17866336591898357
20260309,2026,241560,두산밥캣,특수목적용기계제조업,56700,35.0,1984500.0,59691.0,,,5435038885500,0.5349701890844505,0.9450980392156862,30.0,0.24532527426079853
20260309,2026,030520,한글과컴퓨터,소프트웨어개발및공급업,19900,100.0,1990000.0,20301.0,,,481176905600,0.5320272029224085,0.9416342412451362,31.0,0.05772586386657097
20260309,2026,069260,TKG휴켐스,기타화학제품제조업,17350,115.0,1995250.0,17900.0,,,709243501800,0.5545106983775177,0.9411764705882353,32.0,0.04843644983440831
20260309,2026,166090,하나머티리얼즈,반도체제조업,61800,32.0,1977600.0,62592.0,,,1222260253200,0.538089507805926,0.9377431906614786,33.0,0.16515458218311618
20260309,2026,352820,하이브,오디오물출판및원판녹음업,346000,5.0,1730000.0,351542.0,,,14894836014000,0.5531698179104321,0.9372549019607843,34.0,-0.22552276257711323
20260309,2026,290740,액트로,전자부품제조업,21950,91.0,1997450.0,25947.0,,,220926991450,0.5412918486360456,0.933852140077821,35.0,-0.08428443539959907
20260309,2026,014830,유니드,기초화학물질제조업,84500,23.0,1943500.0,81614.0,,,571862200000,0.5532980321084945,0.9333333333333333,36.0,0.0022165243103484666
20260309,2026,183300,코미코,특수목적용기계제조업,97000,20.0,1940000.0,107996.0,,,1014686348000,0.5341467741776285,0.9299610894941635,37.0,0.5567497122567235
20260309,2026,000070,삼양홀딩스,기타금융업,68200,29.0,1977800.0,70001.0,,,529449626200,0.5516427907961594,0.9294117647058824,38.0,0.014662299851428084
20260309,2026,425420,티에프이,전자부품제조업,40550,49.0,1986950.0,50903.0,,,485006790500,0.5401023449899942,0.9260700389105059,39.0,0.4745901570845632
20260309,2026,001120,LX인터내셔널,상품중개업,41550,48.0,1994400.0,41083.0,,,1610478000000,0.5528291536955494,0.9254901960784314,40.0,0.19907449362975793
20260309,2026,140860,파크시스템스,"측정,시험,항해,제어및기타정밀기기제조업;광학기기제외",265500,7.0,1858500.0,286537.0,,,1857564643500,0.5495717617654151,0.9221789883268483,41.0,-0.03402097859912112
20260309,2026,030200,KT,전기통신업,59500,33.0,1963500.0,60802.0,,,14995290257500,0.5519088905656284,0.9215686274509803,42.0,0.06881277639702166
20260309,2026,025320,시노펙스,전자부품제조업,5600,357.0,1999200.0,5820.0,,,516065216800,0.5369612533386863,0.914396887159533,45.0,0.08579058189178124
20260309,2026,002900,TYM,특수목적용기계제조업,6500,307.0,1995500.0,6852.0,,,269100000000,0.5310393828446651,0.9137254901960784,46.0,0.11955722372999333
20260309,2026,086450,동국제약,의약품제조업,18860,106.0,1999160.0,19274.0,,,853045721200,0.5555793521110733,0.9105058365758755,47.0,0.4126984981864663
20260309,2026,001390,KG케미칼,기초화학물질제조업,5070,394.0,1997580.0,4966.0,,,340871462100,0.5516580466098446,0.9098039215686274,48.0,0.1734182622574827
20260309,2026,171090,선익시스템,특수목적용기계제조업,122200,16.0,1955200.0,127572.0,,,1223846930800,0.5275996781406027,0.8832684824902723,61.0,-0.20194764717632385
20260309,2026,372320,큐로셀,자연과학및공학연구개발업,48700,41.0,1996700.0,47505.0,,,704144923600,0.5101992880319939,0.867704280155642,69.0,0.2360587078854548
20260309,2026,017800,현대엘리베이터,일반목적용기계제조업,86200,23.0,1982600.0,88903.0,,,3369763587000,0.5488326101138463,0.8666666666666667,70.0,0.15422513186717635
20260309,2026,004490,세방전지,일차전지및축전지제조업,57900,34.0,1968600.0,60002.0,,,802494000000,0.5514718453316366,0.8627450980392157,72.0,0.0604420848683096
